session_date,open,high,low,close,volume,ma20,ma50,ma200,rsi14,atr14,vol_index
2002-01-02,698.0,725.0599975585938,690.3599853515625,724.9500122070312,618700,,,,,,
2002-01-03,726.760009765625,735.77001953125,722.3499755859375,727.6599731445312,752600,,,,,,
2002-01-04,744.4600219726562,750.8300170898438,739.1400146484375,747.719970703125,630700,,,,,,
2002-01-07,748.5399780273438,757.8099975585938,735.5499877929688,751.47998046875,753600,,,,,,
2002-01-08,747.2100219726562,750.8900146484375,734.760009765625,734.760009765625,799300,,,,,,
2002-01-09,732.3800048828125,751.6099853515625,729.3400268554688,751.6099853515625,942600,,,,,,
2002-01-10,747.4400024414062,751.8300170898438,728.219970703125,728.22998046875,1057100,,,,,,
2002-01-11,737.3099975585938,742.3400268554688,718.739990234375,727.3599853515625,798900,,,,,,
2002-01-14,721.4299926757812,744.030029296875,720.780029296875,744.030029296875,751500,,,,,,
2002-01-15,732.5800170898438,732.5800170898438,716.3400268554688,718.6400146484375,730800,,,,,,
2002-01-16,718.0800170898438,723.8900146484375,710.9500122070312,710.9500122070312,548400,,,,,,
2002-01-17,703.4299926757812,715.9000244140625,698.2999877929688,713.5,714700,,,,,,
2002-01-18,713.3499755859375,718.3900146484375,705.2100219726562,708.469970703125,537700,,,,,,
2002-01-21,704.72998046875,717.3499755859375,701.010009765625,717.3499755859375,522500,,,,,,
2002-01-22,721.6500244140625,731.0900268554688,717.77001953125,724.3599853515625,700500,,,,49.8,19.27,
2002-01-23,715.7899780273438,742.8400268554688,714.6099853515625,742.6199951171875,588800,,,,55.4,19.91,
2002-01-24,749.5999755859375,763.4199829101562,748.1799926757812,757.7100219726562,717400,,,,59.4,19.97,
2002-01-25,769.510009765625,784.1199951171875,766.5900268554688,774.6799926757812,760400,,,,63.4,20.43,
2002-01-28,787.6500244140625,787.6500244140625,773.489990234375,780.239990234375,705800,,,,64.6,19.99,
2002-01-29,780.469970703125,784.4600219726562,769.530029296875,774.030029296875,679200,738.02,,,62.1,19.62,
2002-01-30,748.780029296875,759.239990234375,745.77001953125,749.4500122070312,778500,739.24,,,53.3,20.24,
2002-01-31,761.1199951171875,762.219970703125,742.8900146484375,748.0700073242188,670600,740.26,,,52.9,20.18,
2002-02-01,757.0700073242188,761.8499755859375,739.1500244140625,742.4199829101562,758400,740.0,,,50.9,20.36,
2002-02-04,740.97998046875,747.3599853515625,728.5800170898438,730.2100219726562,554900,738.93,,,47.0,20.24,
2002-02-05,720.7000122070312,739.9099731445312,718.8599853515625,739.9099731445312,553700,739.19,,,50.3,20.3,
2002-02-06,736.4500122070312,745.6300048828125,736.4500122070312,741.5499877929688,585600,738.69,,,50.9,19.51,
2002-02-07,736.6199951171875,746.9600219726562,724.6900024414062,727.7100219726562,504400,738.66,,,46.2,19.7,
2002-02-08,730.8200073242188,739.6599731445312,722.530029296875,739.6599731445312,522900,739.28,,,50.4,19.52,
2002-02-14,764.1500244140625,796.1799926757812,762.4099731445312,796.1799926757812,759500,741.89,,,64.6,22.16,
2002-02-15,781.989990234375,793.6699829101562,781.6599731445312,783.5900268554688,747900,745.13,,,60.5,21.62,
2002-02-18,783.75,795.3699951171875,782.9299926757812,790.3699951171875,869400,749.1,,,61.9,20.96,
2002-02-19,794.3300170898438,797.72998046875,779.9500122070312,782.27001953125,677900,752.54,,,59.2,20.73,
2002-02-20,774.010009765625,780.5399780273438,769.7100219726562,776.8900146484375,589400,755.96,,,57.3,20.15,
2002-02-21,788.6300048828125,789.47998046875,772.5,787.6199951171875,639400,759.48,,,60.0,19.92,
2002-02-22,774.780029296875,792.6400146484375,773.4000244140625,792.0,683500,762.86,,,61.0,19.88,
2002-02-25,796.7999877929688,801.969970703125,786.72998046875,791.47998046875,479000,765.3,,,60.8,19.54,
2002-02-26,806.219970703125,810.4299926757812,795.4199829101562,801.1400146484375,591100,767.47,,,63.3,19.5,
2002-02-27,800.7000122070312,822.1099853515625,800.7000122070312,822.1099853515625,695100,769.85,,,68.0,19.64,
2002-02-28,825.1199951171875,826.5999755859375,815.52001953125,819.989990234375,676100,771.83,,,67.1,19.03,
2002-03-04,842.2100219726562,847.3900146484375,834.2100219726562,834.2100219726562,621800,774.84,,,70.1,19.62,
2002-03-05,847.8599853515625,847.8599853515625,834.9500122070312,841.9500122070312,763000,779.47,,,71.6,19.2,
2002-03-06,840.4500122070312,850.6099853515625,837.0499877929688,843.0599975585938,904900,784.22,,,71.8,18.8,
2002-03-07,847.8599853515625,850.0800170898438,826.2000122070312,829.4400024414062,734600,788.57,,,65.2,19.16,
2002-03-08,828.9000244140625,833.719970703125,815.5399780273438,825.27001953125,626600,793.32,,,63.2,19.09,
2002-03-11,828.219970703125,830.3800048828125,818.4299926757812,827.02001953125,541700,797.68,,,63.7,18.58,
2002-03-12,824.47998046875,846.030029296875,824.47998046875,846.030029296875,651600,802.9,,,68.6,18.79,
2002-03-13,841.9299926757812,854.47998046875,839.47998046875,849.1300048828125,593100,808.97,,,69.3,18.52,
2002-03-14,846.6400146484375,856.8599853515625,829.0499877929688,856.8599853515625,686300,814.83,,,71.1,19.18,
2002-03-15,847.5700073242188,868.02001953125,845.4000244140625,860.3599853515625,717100,818.04,,,71.9,19.43,
2002-03-18,877.1900024414062,878.3200073242188,863.6500244140625,869.7100219726562,753900,822.35,774.12,,74.0,19.32,
2002-03-19,872.6500244140625,890.4400024414062,869.8599853515625,889.97998046875,701800,827.33,777.42,,77.8,19.42,
2002-03-20,895.3300170898438,903.7899780273438,882.0999755859375,887.47998046875,760300,832.59,780.62,,76.3,19.59,
2002-03-21,875.6099853515625,891.5599975585938,875.6099853515625,885.6400146484375,648200,838.02,783.38,,75.1,19.33,
2002-03-22,890.3200073242188,908.4000244140625,883.260009765625,895.97998046875,664100,843.44,786.27,,77.2,19.74,
2002-03-25,901.4299926757812,903.77001953125,879.4099731445312,879.4099731445312,576100,847.81,789.16,,67.6,20.07,
2002-03-26,872.5700073242188,884.1799926757812,872.5700073242188,881.030029296875,465600,852.29,791.75,,68.0,19.47,
2002-03-27,888.3200073242188,903.97998046875,884.8400268554688,902.4600219726562,608000,857.36,795.23,,73.0,19.72,
2002-03-28,905.1900024414062,914.9299926757812,892.6699829101562,892.6699829101562,654100,860.88,798.54,,67.8,19.9,
2002-03-29,902.0499877929688,906.25,893.1799926757812,895.5800170898438,454900,864.66,801.57,,68.5,19.45,
2002-04-01,900.469970703125,900.469970703125,874.9000244140625,875.8300170898438,489800,866.74,804.71,,58.9,19.88,
2002-04-02,878.9000244140625,905.3400268554688,871.4500122070312,905.3400268554688,506200,869.91,808.6,,66.5,20.88,
2002-04-03,899.97998046875,919.8900146484375,898.280029296875,918.5900268554688,547800,873.69,812.7,,69.2,20.94,
2002-04-04,912.9400024414062,920.8699951171875,908.8200073242188,918.010009765625,500400,878.12,816.89,,68.9,20.3,
2002-04-08,920.8300170898438,926.22998046875,900.239990234375,900.6900024414062,556200,881.89,820.56,,61.4,20.71,
2002-04-09,903.7899780273438,905.260009765625,884.4299926757812,888.6699829101562,657000,884.97,823.85,,56.7,20.72,
2002-04-10,882.0800170898438,882.0800170898438,855.469970703125,856.030029296875,562300,885.47,826.11,,46.4,21.61,
2002-04-11,858.219970703125,873.25,853.1799926757812,862.8599853515625,726300,886.16,828.22,,48.5,21.5,
2002-04-12,855.0399780273438,875.719970703125,854.1199951171875,875.6900024414062,802900,887.1,830.24,,52.3,21.51,
2002-04-15,879.0399780273438,897.0999755859375,877.989990234375,894.280029296875,942700,888.8,832.52,,57.2,21.5,
2002-04-16,896.4099731445312,904.6099853515625,891.0,901.2899780273438,741700,890.38,835.06,,58.9,20.94,
2002-04-17,919.469970703125,932.6699829101562,918.6699829101562,930.510009765625,775600,892.4,838.68,,65.2,21.68,
2002-04-18,926.6900024414062,941.739990234375,925.0599975585938,937.6099853515625,884800,894.91,842.48,,66.6,21.32,
2002-04-19,936.8900146484375,941.4600219726562,922.1799926757812,923.9400024414062,851700,896.82,846.11,,61.6,21.18,
2002-04-22,930.0999755859375,943.5399780273438,912.5399780273438,920.8900146484375,804800,898.07,849.92,,60.6,21.88,
2002-04-23,918.0599975585938,927.0999755859375,909.0700073242188,925.7000122070312,803300,900.38,853.64,,61.7,21.6,
2002-04-24,921.75,927.1500244140625,906.010009765625,915.6900024414062,745400,902.12,857.12,,58.0,21.57,
2002-04-25,898.4400024414062,903.4000244140625,872.5800170898438,872.5800170898438,615700,900.62,860.02,,45.3,23.11,
2002-04-26,871.5399780273438,878.3200073242188,864.0599975585938,869.6500244140625,648900,899.47,862.62,,44.5,22.48,
2002-04-29,848.52001953125,863.0999755859375,833.4199829101562,838.510009765625,584400,896.62,863.46,,37.7,23.46,
2002-04-30,840.3099975585938,847.1900024414062,829.1599731445312,842.3400268554688,992300,894.94,864.64,,39.0,23.07,
2002-05-02,855.4099731445312,860.719970703125,844.2000122070312,859.8599853515625,695000,892.67,866.03,,44.4,22.74,
2002-05-03,852.0399780273438,859.3200073242188,836.7100219726562,856.719970703125,630200,889.58,867.52,,43.6,22.77,
2002-05-06,840.9299926757812,843.5700073242188,826.8699951171875,826.8699951171875,493900,885.02,868.52,,37.2,23.27,
2002-05-07,814.0599975585938,826.3400268554688,811.6599731445312,826.3400268554688,564500,881.3,869.29,,37.1,22.7,
2002-05-08,839.02001953125,850.9000244140625,837.260009765625,844.6699829101562,658800,879.1,870.34,,43.1,22.83,
2002-05-09,865.2999877929688,869.4500122070312,838.6699829101562,838.6699829101562,968400,878.23,871.29,,41.7,23.4,
2002-05-10,835.030029296875,842.3300170898438,812.7999877929688,817.9299926757812,447500,875.99,871.62,,37.2,23.84,
2002-05-13,808.969970703125,827.030029296875,804.9099731445312,821.8900146484375,414200,873.3,871.62,,38.6,23.71,
2002-05-14,834.489990234375,839.7999877929688,826.9600219726562,837.3699951171875,702600,870.45,871.97,,43.7,23.3,
2002-05-15,850.5800170898438,866.030029296875,850.5800170898438,862.6199951171875,625600,868.52,872.53,,50.9,23.68,
2002-05-16,861.9500122070312,867.2100219726562,856.7000122070312,858.0399780273438,881700,864.89,872.86,,49.6,22.74,
2002-05-17,867.4400024414062,878.3900146484375,866.7000122070312,875.030029296875,862100,861.77,873.5,,54.1,22.57,
2002-05-20,876.3699951171875,878.6799926757812,865.1099853515625,865.780029296875,620200,858.86,874.22,,51.4,21.93,
2002-05-21,858.4199829101562,862.9199829101562,836.6199951171875,837.5599975585938,740700,854.69,874.47,,44.2,22.44,
2002-05-22,837.5900268554688,863.0599975585938,829.5,863.0599975585938,664500,851.56,875.19,,50.9,23.24,
2002-05-23,858.5,863.1599731445312,844.1500244140625,845.510009765625,952300,848.05,875.18,,46.8,22.94,
2002-05-24,853.4099731445312,861.030029296875,851.010009765625,854.5700073242188,786300,847.15,875.29,,49.1,22.41,
2002-05-27,850.1199951171875,860.3699951171875,836.8900146484375,840.5700073242188,618500,845.7,874.96,,45.8,22.48,
2002-05-28,845.780029296875,849.3400268554688,834.6400146484375,848.7999877929688,806600,846.21,874.73,,48.0,21.93,
2002-05-29,838.72998046875,838.72998046875,821.8099975585938,835.1900024414062,839200,845.85,874.04,,44.7,22.29,
2002-05-30,825.8400268554688,831.52001953125,812.1199951171875,815.6099853515625,589200,843.64,872.55,,40.5,22.34,
2002-05-31,815.1400146484375,820.510009765625,794.9199829101562,796.4000244140625,686800,840.62,870.73,,36.8,22.58,
2002-06-03,793.530029296875,807.1500244140625,787.0399780273438,804.9299926757812,566900,839.53,869.12,,39.4,22.4,
2002-06-04,789.0,807.1900024414062,785.5800170898438,806.3300170898438,584300,838.53,867.32,,39.9,22.34,
2002-06-05,813.0399780273438,818.5499877929688,808.0800170898438,809.5900268554688,703400,836.77,865.93,,41.0,21.62,
2002-06-07,793.9000244140625,799.260009765625,788.1199951171875,795.1599731445312,833300,834.6,864.21,,37.7,21.61,
2002-06-10,803.1799926757812,814.6900024414062,802.02001953125,811.9000244140625,1128200,834.3,862.4,,43.3,21.46,
2002-06-11,810.0800170898438,816.1699829101562,803.2000122070312,815.3300170898438,952200,833.97,860.85,,44.4,20.85,
2002-06-12,809.530029296875,823.0599975585938,807.3699951171875,823.0599975585938,615800,833.25,859.4,,46.9,20.49,
2002-06-14,820.4299926757812,832.260009765625,820.2000122070312,822.010009765625,596600,831.22,858.32,,46.6,19.88,
2002-06-17,824.1799926757812,828.0700073242188,809.1599731445312,809.1599731445312,645300,828.78,856.4,,42.9,19.81,
2002-06-18,824.25,827.489990234375,809.3900146484375,809.4000244140625,661400,825.5,854.22,,43.0,19.71,
2002-06-19,806.3599853515625,814.25,770.47998046875,776.3699951171875,687800,821.03,851.38,,34.8,21.43,
2002-06-20,769.8300170898438,779.9299926757812,764.530029296875,776.8099975585938,834500,817.99,848.91,,34.9,21.0,
2002-06-21,767.5,783.3499755859375,758.9500122070312,778.530029296875,773200,813.76,846.7,,35.7,21.24,
2002-06-24,767.8300170898438,773.8300170898438,755.8099975585938,767.9199829101562,614300,809.88,844.94,,33.2,21.35,
2002-06-25,773.75,778.6799926757812,753.8200073242188,755.9199829101562,660800,804.95,842.8,,30.6,21.6,
2002-06-26,735.4400024414062,735.4400024414062,699.1500244140625,701.8699951171875,605400,798.01,839.33,,22.1,24.11,
2002-06-27,717.8900146484375,722.0599975585938,703.52001953125,710.4299926757812,894900,791.1,835.65,,25.6,23.83,
2002-06-28,723.72998046875,747.6199951171875,722.6300048828125,742.719970703125,641000,786.47,832.48,,37.1,24.78,
2002-07-02,722.5800170898438,750.5999755859375,720.7000122070312,746.22998046875,430100,783.0,828.79,,38.2,25.15,
2002-07-03,740.8599853515625,756.0599975585938,733.5700073242188,753.3599853515625,416000,780.85,825.11,,40.6,24.96,
2002-07-04,762.1599731445312,768.739990234375,754.4199829101562,768.739990234375,1420600,779.04,822.0,,45.3,24.27,
2002-07-05,768.510009765625,797.4199829101562,768.510009765625,787.8300170898438,989000,778.12,819.34,,50.6,24.61,
2002-07-08,807.1199951171875,807.3599853515625,778.780029296875,783.3499755859375,972600,776.8,816.5,,49.4,24.89,
2002-07-09,787.8300170898438,801.989990234375,784.1300048828125,801.989990234375,1480500,777.15,814.22,,54.3,24.44,
2002-07-10,795.02001953125,802.75,790.4500122070312,794.7100219726562,731600,776.29,812.66,,52.2,23.58,
2002-07-11,782.75,782.75,764.8800048828125,764.8800048828125,1136300,773.76,810.57,,44.5,24.02,
2002-07-12,780.489990234375,793.4400024414062,776.4500122070312,792.9299926757812,1805000,772.26,809.66,,51.7,24.35,
2002-07-15,787.6500244140625,799.8699951171875,780.2999877929688,783.52001953125,1763600,770.33,808.48,,49.4,24.01,
2002-07-16,785.280029296875,792.6099853515625,767.8699951171875,771.4500122070312,1977400,768.45,806.71,,46.5,24.06,
2002-07-18,774.25,780.280029296875,770.8599853515625,773.8499755859375,1804700,766.67,805.06,,47.2,23.01,
2002-07-19,759.4099731445312,761.6799926757812,744.3599853515625,754.6199951171875,2149100,765.58,803.61,,42.6,23.48,
2002-07-22,724.489990234375,736.5800170898438,719.3800048828125,720.9000244140625,1445400,762.79,801.5,,36.1,24.32,
2002-07-23,715.8099975585938,743.52001953125,709.3699951171875,743.52001953125,2379300,761.04,799.48,,42.5,25.02,
2002-07-24,723.760009765625,726.22998046875,715.0999755859375,721.4099731445312,1965400,758.71,797.13,,38.4,25.26,
2002-07-25,752.780029296875,752.780029296875,723.52001953125,723.52001953125,1359000,757.09,795.25,,39.0,25.7,
2002-07-26,716.969970703125,722.9199829101562,688.6799926757812,697.8400268554688,964900,756.89,792.76,,34.6,26.35,
2002-07-29,704.0800170898438,707.97998046875,694.9500122070312,700.3499755859375,1983900,756.39,790.02,,35.4,25.4,
2002-07-30,722.5800170898438,731.3099975585938,722.22998046875,724.0800170898438,1415800,755.45,787.25,,42.3,25.8,
2002-07-31,725.030029296875,727.5800170898438,717.4199829101562,717.989990234375,1956000,754.04,784.45,,41.1,24.68,
2002-08-01,720.989990234375,721.3099975585938,702.4400024414062,707.7999877929688,1385200,751.76,781.11,,39.1,24.26,
2002-08-02,693.9500122070312,704.0900268554688,689.3800048828125,700.6799926757812,1611200,748.36,777.81,,37.7,23.85,
2002-08-05,690.77001953125,692.1199951171875,672.5900268554688,675.760009765625,1645400,742.76,774.57,,33.2,24.15,
2002-08-06,660.9400024414062,674.760009765625,660.9400024414062,673.780029296875,1421800,737.28,770.78,,32.9,23.48,
2002-08-07,685.0599975585938,689.4500122070312,677.6300048828125,679.3699951171875,1028900,731.15,767.46,,34.9,22.93,
2002-08-08,684.4000244140625,687.530029296875,677.8499755859375,684.489990234375,981700,725.64,764.06,,36.7,21.98,
2002-08-09,699.0900268554688,705.75,691.8699951171875,692.4500122070312,1457200,722.02,761.1,,39.6,21.93,
2002-08-12,693.989990234375,702.8300170898438,692.47998046875,695.3900146484375,827100,717.14,758.03,,40.6,21.1,
2002-08-13,695.1400146484375,708.7100219726562,693.3099975585938,708.6300048828125,803000,713.39,755.5,,45.3,20.7,
2002-08-14,699.2899780273438,713.719970703125,697.739990234375,711.239990234375,862500,710.38,753.41,,46.2,20.36,
2002-08-16,724.3300170898438,729.2100219726562,715.97998046875,718.2899780273438,796100,707.61,751.85,,48.7,20.19,
2002-08-19,722.8499755859375,729.0499877929688,713.2999877929688,717.5800170898438,1144900,705.75,750.1,,48.5,19.87,
2002-08-20,732.6199951171875,740.25,730.6900024414062,736.7000122070312,1700700,706.54,748.71,,54.9,20.07,
2002-08-21,734.4199829101562,746.510009765625,731.4500122070312,745.1199951171875,1508200,706.62,747.42,,57.4,19.71,
2002-08-22,749.2999877929688,752.4299926757812,743.3400268554688,745.75,1315700,707.84,746.43,,57.6,18.95,
2002-08-23,748.0999755859375,753.5,738.8099975585938,740.510009765625,824200,708.69,745.0,,55.4,18.65,
2002-08-26,731.8200073242188,737.2999877929688,730.3699951171875,734.7899780273438,685200,710.54,743.39,,53.0,18.04,
2002-08-27,737.0900268554688,737.510009765625,723.489990234375,724.1699829101562,699600,711.73,741.41,,48.7,17.75,
2002-08-28,718.3499755859375,732.1099853515625,718.3499755859375,724.0499877929688,652800,711.73,739.45,,48.7,17.47,
2002-08-29,720.5599975585938,724.9400024414062,717.0399780273438,724.9400024414062,1105400,712.07,737.77,,49.1,16.79,
2002-08-30,726.25,736.4000244140625,721.02001953125,736.4000244140625,805500,713.5,736.31,,54.0,16.69,
2002-09-02,739.8400268554688,751.97998046875,738.0900268554688,751.97998046875,673300,716.07,735.82,,59.7,16.61,
2002-09-03,752.8599853515625,755.4400024414062,740.4099731445312,740.5900268554688,780400,719.31,735.1,,54.4,16.49,
2002-09-04,726.5800170898438,728.8699951171875,717.0900268554688,723.0499877929688,593300,721.77,733.99,,47.4,16.99,
2002-09-05,730.969970703125,731.260009765625,720.739990234375,720.97998046875,578400,723.85,733.05,,46.7,16.53,
2002-09-06,716.25,720.1500244140625,707.2100219726562,708.72998046875,655100,725.07,732.11,,42.3,16.33,
2002-09-09,714.5800170898438,716.719970703125,696.1500244140625,697.8900146484375,904300,725.34,732.03,,38.9,16.64,
2002-09-10,701.6699829101562,713.2999877929688,701.6699829101562,713.2999877929688,636400,726.23,732.08,,45.6,16.55,
2002-09-11,717.969970703125,726.260009765625,716.3400268554688,724.7100219726562,582400,727.04,731.72,,50.1,16.29,
2002-09-12,725.4299926757812,739.219970703125,722.8400268554688,739.219970703125,688100,728.44,731.58,,55.0,16.3,
2002-09-13,726.1300048828125,727.4299926757812,716.489990234375,718.1699829101562,1242200,728.43,730.88,,47.6,16.76,
2002-09-16,721.4500122070312,721.7100219726562,700.75,704.3800048828125,839600,727.77,729.59,,43.5,17.06,
2002-09-17,715.1599731445312,726.8400268554688,709.72998046875,726.7999877929688,662800,727.28,728.37,,50.9,17.44,
2002-09-18,708.0599975585938,710.0,699.77001953125,703.8699951171875,568600,725.21,726.78,,44.5,18.13,
2002-09-19,705.1099853515625,715.1599731445312,702.02001953125,704.1199951171875,439800,723.13,724.83,,44.5,17.77,
2002-09-23,692.1400146484375,693.260009765625,677.1699829101562,679.4299926757812,488600,720.08,722.52,,38.5,18.43,
2002-09-24,667.2100219726562,677.75,665.97998046875,672.280029296875,582700,716.95,720.67,,36.9,18.07,
2002-09-25,669.3599853515625,669.72998046875,651.9299926757812,657.9600219726562,504500,713.64,717.97,,33.9,18.24,
2002-09-26,672.9099731445312,676.4199829101562,659.2000122070312,662.4099731445312,624100,710.56,715.55,,35.6,18.25,
2002-09-27,665.2000122070312,672.260009765625,660.530029296875,663.719970703125,1083900,707.5,713.39,,36.2,17.79,
2002-09-30,645.280029296875,648.8400268554688,639.739990234375,646.4199829101562,505700,703.0,710.84,,32.3,18.23,
2002-10-01,637.8099975585938,652.239990234375,637.77001953125,652.1300048828125,481500,698.01,708.79,,34.8,17.96,
2002-10-02,666.77001953125,666.969970703125,646.4500122070312,648.0999755859375,755600,693.38,707.34,,33.9,18.14,
2002-10-04,642.4299926757812,654.7000122070312,638.0,650.9199829101562,777600,689.78,705.48,,35.2,18.04,
2002-10-07,644.3200073242188,644.3200073242188,627.1599731445312,627.4000244140625,605900,685.1,703.6,,29.9,18.45,
2002-10-08,626.0900268554688,634.8400268554688,623.0599975585938,634.8400268554688,581100,681.4,701.83,,33.3,17.97,
2002-10-09,637.010009765625,637.010009765625,618.75,619.9400024414062,568200,677.51,700.27,,30.1,17.99,
2002-10-10,610.6799926757812,613.969970703125,584.0399780273438,584.0399780273438,680100,671.04,697.95,,24.1,19.27,
2002-10-11,602.8800048828125,604.469970703125,576.489990234375,587.510009765625,690100,664.18,695.22,,25.7,19.89,
2002-10-14,604.4299926757812,617.1599731445312,603.7999877929688,614.27001953125,585700,657.94,693.14,,36.4,20.59,
2002-10-15,620.760009765625,634.4400024414062,613.0900268554688,629.5700073242188,793200,653.51,691.58,,41.5,20.64,
2002-10-16,641.1199951171875,641.5800170898438,631.3699951171875,636.25,1207400,650.1,690.29,,43.7,20.03,
2002-10-17,633.4600219726562,647.7899780273438,625.6699829101562,644.6599731445312,1290300,645.99,689.67,,46.4,20.18,
2002-10-18,660.6699829101562,674.1900024414062,657.030029296875,670.7899780273438,1160600,644.34,689.61,,53.7,20.85,
2002-10-21,666.510009765625,668.3099975585938,652.6699829101562,652.6699829101562,1622900,641.77,689.07,,48.7,20.65,
2002-10-22,665.5399780273438,665.8499755859375,632.4500122070312,639.27001953125,1094900,639.76,688.17,,45.4,21.56,
2002-10-23,640.5599975585938,657.5399780273438,631.239990234375,657.4299926757812,1703700,639.01,687.47,,50.4,21.9,
2002-10-24,661.469970703125,666.2100219726562,650.7000122070312,654.97998046875,1678900,638.87,686.66,,49.7,21.44,
2002-10-25,646.0999755859375,662.3200073242188,646.0900268554688,655.8800048828125,1017000,638.54,685.6,772.32,50.0,21.07,
2002-10-28,666.9600219726562,680.0700073242188,664.5399780273438,678.1400146484375,1248900,639.26,684.94,772.08,56.0,21.29,
2002-10-29,675.0900268554688,682.8099975585938,672.469970703125,673.1799926757812,1643500,640.6,684.04,771.81,54.4,20.51,
2002-10-30,672.4299926757812,672.8300170898438,651.8599853515625,658.030029296875,1356100,640.89,682.85,771.36,49.8,20.57,
2002-10-31,664.7999877929688,670.1799926757812,653.1099853515625,658.9199829101562,1038900,641.43,681.29,770.9,50.1,20.32,
2002-11-01,652.3400268554688,657.1199951171875,646.1500244140625,647.6500244140625,829000,641.27,679.34,770.46,46.7,19.78,
2002-11-04,661.239990234375,672.6799926757812,658.0,672.6799926757812,1720000,643.54,677.88,770.07,54.1,20.15,
2002-11-05,672.719970703125,674.6500244140625,660.969970703125,664.9000244140625,1264000,645.04,676.37,769.75,51.7,19.69,
2002-11-06,673.9400024414062,683.3599853515625,672.5,682.5599975585938,1257700,648.17,675.33,769.53,56.5,19.6,
2002-11-07,678.760009765625,688.469970703125,674.3400268554688,681.27001953125,852300,653.03,674.47,769.21,56.0,19.21,
2002-11-08,668.0599975585938,674.8699951171875,664.239990234375,674.8499755859375,693800,657.4,673.48,768.99,53.8,19.06,
2002-11-11,669.1599731445312,669.1599731445312,654.6500244140625,657.780029296875,672700,659.57,672.14,768.73,48.3,19.14,
2002-11-12,644.6699829101562,656.5999755859375,643.3900146484375,654.4299926757812,907900,660.82,670.5,768.43,47.3,18.8,
2002-11-13,656.1300048828125,658.5,646.760009765625,653.8499755859375,727400,661.7,668.54,768.16,47.1,18.3,
2002-11-14,656.4099731445312,659.72998046875,650.4500122070312,652.1500244140625,641000,662.07,666.77,767.83,46.6,17.65,
2002-11-15,669.1500244140625,673.5,665.3400268554688,672.9500122070312,1059500,662.18,665.77,767.58,54.0,17.92,
2002-11-18,672.9199829101562,678.1199951171875,665.6300048828125,667.1300048828125,671400,662.9,664.69,767.2,51.8,17.53,
2002-11-19,663.3499755859375,672.7000122070312,663.1300048828125,671.4400024414062,1511500,664.51,663.94,766.77,53.3,16.96,
2002-11-20,669.1799926757812,682.8300170898438,666.7100219726562,682.0,1134300,665.74,663.63,766.3,56.8,16.9,
2002-11-21,695.3699951171875,699.2899780273438,689.8599853515625,690.3800048828125,862100,667.51,663.17,765.86,59.4,16.93,
2002-11-22,703.97998046875,704.3800048828125,692.489990234375,692.8699951171875,737600,669.36,662.53,765.45,60.2,16.72,
2002-11-25,695.47998046875,706.8200073242188,694.97998046875,705.8599853515625,1486800,670.74,661.86,765.23,64.0,16.52,
2002-11-26,705.9400024414062,707.2100219726562,697.3900146484375,702.27001953125,1445100,672.2,661.55,765.0,62.3,16.04,
2002-11-27,694.6900024414062,709.1199951171875,694.510009765625,708.0700073242188,706900,674.7,661.62,764.83,64.0,15.94,
2002-11-28,719.3300170898438,725.5999755859375,713.6699829101562,714.5399780273438,796000,677.48,661.38,764.75,65.9,16.05,
2002-11-29,719.4600219726562,724.7999877929688,713.010009765625,724.7999877929688,713300,681.34,661.79,764.68,68.7,15.75,
2002-12-02,724.989990234375,731.469970703125,719.9500122070312,730.1599731445312,741200,684.21,662.31,764.62,70.1,15.45,
2002-12-03,730.739990234375,737.7000122070312,726.8900146484375,736.5700073242188,924600,687.8,663.46,764.66,71.7,15.12,
2002-12-04,724.719970703125,725.25,713.2000122070312,714.5,675200,689.39,664.3,764.54,59.7,15.71,
2002-12-05,715.72998046875,722.7899780273438,708.4500122070312,722.760009765625,572600,691.47,665.6,764.17,62.3,15.61,
2002-12-06,716.1300048828125,723.0900268554688,712.6199951171875,718.0900268554688,677400,693.63,666.71,763.84,60.0,15.24,
2002-12-09,720.219970703125,722.4500122070312,705.6699829101562,709.1099853515625,956300,696.2,667.62,763.44,55.7,15.35,
2002-12-10,696.6500244140625,705.4299926757812,695.3400268554688,702.4400024414062,742200,698.6,668.74,763.04,52.7,15.24,
2002-12-11,705.260009765625,707.530029296875,695.8599853515625,698.6099853515625,816300,700.84,669.67,762.65,51.0,14.98,
2002-12-12,702.9099731445312,715.3800048828125,701.5999755859375,715.3800048828125,1174500,704.0,671.01,762.29,57.5,15.11,
2002-12-13,709.8300170898438,711.5599975585938,701.5599975585938,708.1300048828125,579500,705.76,672.16,761.87,54.1,15.02,
2002-12-16,698.5399780273438,700.47998046875,690.8099975585938,692.4199829101562,859600,707.02,673.46,761.37,47.7,15.18,
2002-12-17,703.75,705.5599975585938,701.9500122070312,704.489990234375,1135800,708.67,674.85,760.89,52.4,15.04,
2002-12-18,698.75,711.8099975585938,695.5599975585938,709.219970703125,1236800,710.03,676.64,760.32,54.1,15.12,
2002-12-20,705.0499877929688,712.5,702.6199951171875,709.4400024414062,901100,710.99,679.15,759.77,54.2,14.75,
2002-12-23,711.719970703125,713.3200073242188,690.22998046875,691.3800048828125,742900,710.91,681.22,759.06,46.7,15.34,
2002-12-24,688.239990234375,692.0700073242188,673.97998046875,677.8200073242188,728600,709.51,682.49,758.24,42.0,15.54,
2002-12-26,674.4000244140625,679.469970703125,667.0999755859375,671.8900146484375,775600,707.99,683.34,757.38,40.1,15.31,
2002-12-27,658.22998046875,668.0999755859375,655.6900024414062,656.9199829101562,798000,705.43,683.75,756.52,35.7,15.38,
2002-12-30,652.0700073242188,652.0700073242188,613.760009765625,627.5499877929688,650400,701.08,683.41,755.53,29.0,17.36,
2003-01-02,633.030029296875,637.0999755859375,623.75,635.1699829101562,742900,696.6,682.7,754.57,32.5,17.08,
2003-01-03,651.5900268554688,662.4000244140625,649.6199951171875,661.0999755859375,1005800,693.15,682.87,753.64,43.0,17.8,
2003-01-06,665.0999755859375,667.7100219726562,657.6099853515625,666.7100219726562,721800,689.66,683.42,752.73,44.9,17.25,
2003-01-07,679.0,679.2999877929688,652.1400146484375,652.2000122070312,690100,686.54,683.31,751.71,41.0,17.96,
2003-01-08,655.969970703125,660.3900146484375,650.9299926757812,651.719970703125,604900,682.99,683.25,750.67,40.8,17.35,
2003-01-09,643.5,644.4299926757812,630.4000244140625,630.4000244140625,627200,678.6,682.74,749.47,35.5,17.64,
2003-01-10,643.280029296875,644.47998046875,618.6799926757812,628.3599853515625,700700,674.57,681.74,748.16,35.0,18.22,
2003-01-13,627.010009765625,648.0599975585938,624.4600219726562,648.0599975585938,847800,671.85,681.24,746.96,42.9,18.6,
2003-01-14,645.6599731445312,652.6300048828125,639.9099731445312,650.0499877929688,712900,669.42,681.08,745.79,43.7,18.18,
2003-01-15,656.22998046875,659.0499877929688,643.52001953125,648.2899780273438,582300,666.07,680.87,744.55,43.1,17.99,
2003-01-16,639.5599975585938,649.5399780273438,635.7899780273438,648.6900024414062,484300,663.09,680.89,743.39,43.3,17.69,
2003-01-17,640.3099975585938,649.0999755859375,636.4600219726562,636.4600219726562,640400,660.3,680.16,742.17,39.4,17.33,
2003-01-20,627.780029296875,634.9099731445312,626.4099731445312,634.5,480800,656.8,679.56,740.83,38.8,16.81,
2003-01-21,635.6699829101562,636.0399780273438,624.4600219726562,632.8599853515625,471000,652.98,678.56,739.53,38.3,16.44,
2003-01-22,627.1099853515625,631.6599731445312,617.4299926757812,622.489990234375,525300,648.63,677.39,738.17,35.1,16.36,
2003-01-23,622.5399780273438,626.97998046875,615.1099853515625,625.1799926757812,507600,645.32,676.39,736.91,36.6,16.04,
2003-01-24,625.6900024414062,629.7899780273438,604.739990234375,609.4299926757812,444600,641.9,675.43,735.43,31.9,16.69,
2003-01-27,597.8200073242188,597.8200073242188,587.719970703125,593.0900268554688,384200,637.96,674.2,733.81,28.0,17.05,
2003-01-28,590.5399780273438,600.5599975585938,589.510009765625,600.5599975585938,345200,635.14,673.13,732.22,32.1,16.62,
2003-01-29,601.25,602.1799926757812,581.1300048828125,583.3499755859375,562800,632.93,671.76,730.63,28.1,16.93,
2003-01-30,589.0700073242188,593.7000122070312,586.030029296875,591.8599853515625,510700,630.77,670.14,729.15,32.6,16.46,
2003-02-03,591.8800048828125,602.8499755859375,586.1400146484375,600.4099731445312,425300,627.73,668.8,727.87,36.8,16.48,
2003-02-04,602.2899780273438,605.5900268554688,596.780029296875,603.780029296875,709200,624.59,667.45,726.58,38.5,15.93,
2003-02-05,598.3400268554688,606.7000122070312,595.3900146484375,600.6799926757812,755800,622.01,665.82,725.2,37.5,15.6,
2003-02-06,601.739990234375,603.5499877929688,586.4299926757812,589.5,519900,618.9,663.8,723.68,34.2,15.71,
2003-02-07,587.6799926757812,587.7000122070312,571.2000122070312,577.47998046875,466700,616.25,661.5,722.06,31.0,15.9,
2003-02-10,573.0900268554688,579.7100219726562,571.9600219726562,577.25,459100,613.7,658.92,720.29,30.9,15.31,
2003-02-11,582.469970703125,585.7100219726562,561.6900024414062,575.97998046875,563300,610.09,656.4,718.48,30.6,15.94,
2003-02-12,572.8699951171875,583.2899780273438,572.4600219726562,583.2899780273438,353600,606.76,653.9,716.78,35.1,15.57,
2003-02-13,584.969970703125,585.739990234375,572.4199829101562,575.6699829101562,402000,603.13,651.12,715.05,32.7,15.41,
2003-02-14,574.8900146484375,577.0900268554688,567.4600219726562,575.239990234375,533900,599.45,648.13,713.3,32.6,15.0,
2003-02-17,590.3900146484375,602.22998046875,588.219970703125,601.8699951171875,648000,597.72,645.57,711.73,47.2,15.85,
2003-02-18,602.5700073242188,606.4000244140625,593.760009765625,603.4500122070312,547200,596.17,642.91,710.39,47.9,15.62,
2003-02-19,613.1500244140625,616.7899780273438,600.510009765625,600.8300170898438,531000,594.57,640.63,709.04,46.8,15.67,
2003-02-20,601.2899780273438,606.219970703125,597.969970703125,605.510009765625,1035900,593.72,638.29,707.88,49.1,15.14,
2003-02-21,605.260009765625,605.260009765625,597.0399780273438,603.5999755859375,798900,592.64,636.0,706.68,48.2,14.66,
2003-02-24,608.77001953125,619.4500122070312,608.77001953125,616.2899780273438,615300,592.98,634.14,705.47,54.4,14.75,
2003-02-25,604.6699829101562,605.3400268554688,592.25,592.25,524900,592.94,631.94,704.14,43.7,15.41,
2003-02-26,594.4199829101562,597.6900024414062,588.9400024414062,590.260009765625,567700,592.43,629.77,702.96,43.0,14.94,
2003-02-27,580.9099731445312,585.3300170898438,576.0700073242188,582.4600219726562,562700,592.38,627.11,701.74,40.1,14.88,
2003-02-28,586.0700073242188,587.9400024414062,573.2999877929688,575.4299926757812,596300,591.56,624.46,700.39,37.6,14.87,
2003-03-03,578.5,590.5499877929688,577.5399780273438,590.0399780273438,605600,591.04,622.41,699.15,45.2,14.88,
2003-03-04,581.0900268554688,581.6799926757812,573.1500244140625,576.5800170898438,584600,589.68,619.85,697.95,40.3,15.03,
2003-03-05,567.2999877929688,567.530029296875,557.6799926757812,560.260009765625,764000,587.66,616.87,696.64,35.4,15.3,
2003-03-06,564.739990234375,564.8699951171875,551.7999877929688,555.3300170898438,735600,585.95,613.79,695.23,34.0,15.14,
2003-03-07,547.8900146484375,555.3800048828125,544.0900268554688,546.02001953125,635100,584.38,610.88,693.64,31.6,14.87,
2003-03-10,545.5399780273438,548.2899780273438,541.2899780273438,544.239990234375,607100,582.73,608.21,692.07,31.1,14.31,
2003-03-11,531.780029296875,538.6199951171875,530.5499877929688,532.530029296875,657900,580.56,605.42,690.36,28.2,14.26,
2003-03-12,531.1699829101562,534.760009765625,524.530029296875,531.8099975585938,793800,577.98,602.92,688.69,28.0,13.98,
2003-03-13,530.8599853515625,531.780029296875,514.4299926757812,531.780029296875,679700,575.79,601.01,687.16,28.0,14.22,
2003-03-14,547.2899780273438,548.4500122070312,534.510009765625,537.6500244140625,758900,573.91,599.06,685.54,32.0,14.39,
2003-03-17,535.7899780273438,535.7899780273438,512.2999877929688,515.239990234375,640100,569.58,596.14,683.89,26.0,15.18,
2003-03-18,536.6900024414062,539.2999877929688,526.8599853515625,537.3099975585938,682900,566.27,593.55,682.3,38.2,15.81,
2003-03-19,534.8599853515625,546.6799926757812,534.6400146484375,541.780029296875,615600,563.32,591.34,680.8,40.3,15.54,
2003-03-20,553.6300048828125,568.6599731445312,548.4500122070312,568.4600219726562,1076200,561.47,589.68,679.4,51.2,16.35,
2003-03-21,569.6699829101562,576.9500122070312,565.3400268554688,575.77001953125,822500,560.07,588.59,678.11,53.7,16.01,
2003-03-24,579.0800170898438,579.0800170898438,568.27001953125,569.8499755859375,876100,557.75,587.41,676.88,51.4,15.64,
2003-03-25,550.5499877929688,558.4400024414062,550.280029296875,554.97998046875,882100,555.89,585.55,675.67,46.1,15.92,
2003-03-26,562.2000122070312,565.5,551.4099731445312,554.7899780273438,890700,554.12,583.65,674.42,46.0,15.79,
2003-03-27,550.5399780273438,551.7999877929688,546.4600219726562,549.260009765625,604600,552.46,581.67,673.13,44.1,15.26,
2003-03-28,552.1300048828125,556.3300170898438,544.6699829101562,556.3300170898438,484300,551.5,579.82,671.87,47.2,15.0,
2003-03-31,547.75,549.3200073242188,534.22998046875,535.7000122070312,545000,548.78,577.81,670.57,40.2,15.51,
2003-04-01,529.0700073242188,538.6799926757812,525.510009765625,538.5599975585938,525100,546.88,575.89,669.2,41.5,15.34,
2003-04-02,540.9199829101562,543.5399780273438,533.1300048828125,542.9199829101562,639600,546.02,574.09,667.84,43.5,14.99,
2003-04-03,555.72998046875,556.2100219726562,543.5800170898438,545.239990234375,626900,545.51,572.54,666.45,44.6,14.87,
2003-04-04,540.260009765625,558.8400268554688,536.7000122070312,558.010009765625,550500,546.11,571.2,665.13,50.3,15.39,
2003-04-07,566.9299926757812,589.3400268554688,563.260009765625,585.9000244140625,796900,548.19,570.73,664.02,59.9,16.53,
2003-04-08,576.4600219726562,593.0900268554688,574.1599731445312,587.3200073242188,861400,550.93,570.61,662.91,60.3,16.7,
2003-04-09,581.2999877929688,582.5999755859375,569.469970703125,569.469970703125,762000,552.82,569.99,661.87,52.8,16.78,
2003-04-10,569.510009765625,578.5599975585938,565.8300170898438,577.72998046875,741400,555.11,569.88,660.88,55.6,16.49,
2003-04-11,577.0900268554688,597.02001953125,574.2999877929688,582.969970703125,900300,557.38,569.7,659.9,57.3,16.94,
2003-04-14,590.0399780273438,603.4099731445312,588.9099731445312,594.4000244140625,719600,561.34,569.58,659.03,60.8,17.19,
2003-04-15,606.5999755859375,608.1900024414062,599.1500244140625,604.989990234375,789500,564.72,569.61,658.28,63.8,16.94,
2003-04-16,616.3200073242188,625.010009765625,614.4500122070312,621.3400268554688,894700,568.7,570.02,657.87,67.9,17.16,
2003-04-17,614.6699829101562,619.6199951171875,611.9400024414062,612.719970703125,789800,570.91,570.48,657.38,63.8,16.61,
2003-04-18,623.1699829101562,625.1300048828125,616.2899780273438,624.77001953125,839900,573.36,571.43,656.8,66.8,16.31,
2003-04-21,623.8900146484375,627.5,615.77001953125,620.8300170898438,752400,575.91,572.3,656.17,64.9,15.98,
2003-04-22,614.97998046875,614.97998046875,601.8499755859375,603.3200073242188,773200,578.33,572.85,655.42,57.1,16.2,
2003-04-23,609.2000122070312,611.9199829101562,597.9299926757812,598.0900268554688,747900,580.49,573.14,654.56,55.0,16.04,
2003-04-24,598.2000122070312,600.9299926757812,584.4299926757812,588.3499755859375,692400,582.45,573.4,653.57,51.2,16.07,
2003-04-25,578.2000122070312,578.2000122070312,560.530029296875,566.6300048828125,660800,582.96,573.22,652.48,43.9,16.91,
2003-04-28,559.030029296875,573.3400268554688,556.1500244140625,569.02001953125,467200,584.63,572.57,651.32,44.9,16.93,
2003-04-29,580.4400024414062,599.0999755859375,579.1099853515625,597.3599853515625,529800,587.57,572.45,650.33,54.5,17.87,
2003-04-30,597.22998046875,604.2100219726562,593.1599731445312,599.3499755859375,452100,590.39,572.42,649.5,55.1,17.38,
2003-05-02,600.469970703125,602.6199951171875,582.8699951171875,597.4400024414062,437600,593.0,572.25,648.53,54.4,17.55,
2003-05-06,603.0499877929688,609.719970703125,602.2899780273438,604.3300170898438,570700,595.32,572.27,647.63,56.6,17.18,
2003-05-07,610.8699951171875,618.47998046875,606.8800048828125,618.0800170898438,513400,596.93,572.31,646.86,60.8,16.96,
2003-05-09,612.25,619.25,608.4099731445312,619.1099853515625,588200,598.51,572.84,646.09,61.1,16.52,
2003-05-12,631.9000244140625,637.1900024414062,630.1400146484375,631.0399780273438,655900,601.59,573.66,645.47,64.5,16.63,
2003-05-13,631.8200073242188,633.8099975585938,613.25,614.0700073242188,614500,603.41,574.29,644.94,56.9,16.91,
2003-05-14,610.6300048828125,616.8200073242188,606.0599975585938,609.969970703125,484400,604.76,574.98,644.27,55.2,16.47,
2003-05-15,613.6300048828125,620.4500122070312,605.6199951171875,619.3499755859375,634700,606.01,575.57,643.76,58.2,16.36,
2003-05-16,619.1199951171875,622.6400146484375,607.739990234375,610.8099975585938,506400,606.3,576.25,643.2,54.6,16.25,
2003-05-19,603.77001953125,603.77001953125,592.8400268554688,596.3599853515625,350400,605.05,576.97,642.69,49.0,16.38,
2003-05-20,585.8599853515625,602.0900268554688,584.6199951171875,602.0800170898438,421500,604.52,577.91,642.2,51.1,16.45,
2003-05-21,599.5499877929688,603.239990234375,596.2899780273438,600.5700073242188,442300,603.31,579.0,641.58,50.5,15.77,
2003-05-22,599.0599975585938,607.97998046875,591.72998046875,595.3800048828125,449000,602.04,580.02,640.97,48.4,15.81,
2003-05-23,602.7999877929688,612.0700073242188,601.030029296875,611.510009765625,441200,602.44,581.6,640.49,54.7,15.87,
2003-05-26,611.1500244140625,621.6500244140625,607.760009765625,617.6500244140625,483800,603.42,583.32,640.07,56.9,15.73,
2003-05-27,619.8599853515625,620.0,609.0499877929688,614.2999877929688,470000,604.72,584.97,639.76,55.3,15.39,
2003-05-28,629.1900024414062,630.9199829101562,622.530029296875,628.3599853515625,603900,607.81,586.78,639.54,60.3,15.48,
2003-05-29,624.0999755859375,636.2000122070312,623.010009765625,632.4299926757812,454400,610.98,589.13,639.3,61.6,15.31,
2003-05-30,632.1500244140625,635.8099975585938,627.02001953125,633.4199829101562,470100,612.78,591.05,639.05,61.9,14.85,
2003-06-02,643.9299926757812,649.6900024414062,642.6099853515625,648.7100219726562,515000,615.25,593.19,638.83,66.7,14.95,
2003-06-03,641.739990234375,643.6900024414062,633.5599975585938,636.9400024414062,494600,617.22,594.56,638.54,60.4,14.96,
2003-06-04,642.3499755859375,642.7899780273438,632.469970703125,640.27001953125,442200,619.02,595.85,638.19,61.5,14.63,
2003-06-05,647.719970703125,648.3499755859375,641.5800170898438,642.3800048828125,521600,620.24,597.3,637.85,62.2,14.16,
2003-06-09,640.5800170898438,651.1599731445312,638.3099975585938,650.3499755859375,351400,621.8,599.21,637.51,64.9,14.07,
2003-06-10,645.4099731445312,652.9000244140625,644.1799926757812,649.75,361300,622.73,601.1,637.17,64.5,13.69,
2003-06-11,651.9299926757812,657.9199829101562,650.27001953125,651.2899780273438,497500,624.59,603.15,636.74,65.1,13.29,
2003-06-12,658.4299926757812,661.8900146484375,653.72998046875,657.9500122070312,612000,626.99,605.18,636.31,67.4,13.1,
2003-06-13,663.0999755859375,670.2000122070312,655.760009765625,665.239990234375,503100,629.29,607.77,635.9,69.8,13.2,
2003-06-16,661.5999755859375,664.010009765625,655.8599853515625,657.8200073242188,432700,631.64,610.15,635.49,64.6,12.92,
2003-06-17,673.760009765625,677.5800170898438,670.3300170898438,674.6599731445312,661600,635.55,612.79,635.19,70.1,13.41,
2003-06-18,673.8400268554688,681.3800048828125,672.52001953125,675.75,584100,639.24,615.4,634.95,70.4,13.09,
2003-06-19,681.030029296875,690.5900268554688,679.0599975585938,690.489990234375,588400,643.73,618.05,634.78,74.3,13.21,
2003-06-20,684.0399780273438,690.7000122070312,683.760009765625,686.219970703125,534500,648.27,620.05,634.59,71.4,12.76,
2003-06-23,685.969970703125,686.5999755859375,673.3300170898438,674.5900268554688,472000,651.43,621.8,634.28,63.9,12.8,
2003-06-24,664.4000244140625,665.6300048828125,659.77001953125,664.010009765625,451400,653.75,623.69,633.84,57.9,12.94,
2003-06-25,665.97998046875,674.9600219726562,665.8800048828125,674.030029296875,505200,656.73,625.62,633.51,61.5,12.8,
2003-06-26,668.3200073242188,679.5700073242188,667.719970703125,675.75,461900,659.1,627.47,633.27,62.2,12.73,
2003-06-27,682.1400146484375,686.1799926757812,675.47998046875,677.280029296875,486100,661.35,629.13,633.05,62.7,12.59,
2003-06-30,673.6599731445312,674.9000244140625,666.9099731445312,669.9299926757812,320700,663.17,630.43,632.86,58.2,12.43,
2003-07-01,666.4500122070312,674.75,663.3499755859375,674.75,344500,664.47,631.5,632.74,60.2,12.36,
2003-07-02,682.5700073242188,687.0399780273438,680.6799926757812,685.7999877929688,482600,666.92,632.96,632.6,64.5,12.35,
2003-07-03,696.5399780273438,699.3400268554688,684.9400024414062,686.8300170898438,544300,669.24,634.2,632.41,64.8,12.5,
2003-07-04,687.030029296875,693.9500122070312,684.6400146484375,693.25,442800,671.79,635.65,632.18,67.2,12.27,
2003-07-07,699.3200073242188,704.3099975585938,696.760009765625,704.2899780273438,439500,674.48,637.67,632.11,70.8,12.18,
2003-07-08,715.5399780273438,715.7999877929688,706.1199951171875,708.3400268554688,568600,677.41,639.87,632.13,72.0,12.14,
2003-07-09,708.5499877929688,710.280029296875,704.3400268554688,705.5,543900,680.12,642.22,632.03,69.8,11.69,
2003-07-10,701.4299926757812,710.260009765625,700.489990234375,700.510009765625,577900,682.25,644.89,632.01,66.0,11.56,
2003-07-11,694.1400146484375,704.5399780273438,691.5900268554688,704.1500244140625,560500,684.2,647.6,632.01,67.4,11.66,
2003-07-14,709.0900268554688,720.5900268554688,705.4000244140625,720.0999755859375,559500,687.31,650.05,632.21,72.7,12.0,
2003-07-15,723.0800170898438,724.530029296875,712.3599853515625,713.4500122070312,719800,689.25,652.33,632.42,67.7,12.01,
2003-07-16,720.8900146484375,722.8499755859375,709.5499877929688,716.47998046875,589400,691.29,654.71,632.71,68.8,12.1,
2003-07-18,700.52001953125,707.4299926757812,697.6699829101562,699.3499755859375,546300,691.73,656.61,632.9,57.5,12.58,
2003-07-21,699.1199951171875,702.8400268554688,692.1199951171875,693.5,662600,692.09,658.12,633.05,54.3,12.45,
2003-07-22,691.4299926757812,699.989990234375,691.4299926757812,699.7000122070312,707500,693.35,659.73,633.31,57.0,12.17,
2003-07-23,702.7100219726562,703.8200073242188,693.0399780273438,695.739990234375,571600,694.94,661.03,633.53,54.8,12.07,
2003-07-24,693.1500244140625,705.530029296875,690.5900268554688,702.9400024414062,732700,696.38,662.81,633.81,58.1,12.28,
2003-07-25,698.530029296875,705.5999755859375,696.6400146484375,705.0900268554688,489000,697.85,664.71,634.08,59.0,12.04,
2003-07-28,715.4400024414062,719.2100219726562,714.4199829101562,717.7999877929688,466900,699.88,666.68,634.53,64.2,12.19,
2003-07-29,718.4199829101562,722.469970703125,715.010009765625,722.3300170898438,566900,702.5,668.91,634.97,65.9,11.85,
2003-07-30,721.6599731445312,724.22998046875,714.0700073242188,714.1500244140625,502200,704.47,671.26,635.44,60.4,11.73,
2003-07-31,716.5,718.489990234375,710.010009765625,713.52001953125,388900,705.85,673.49,636.08,60.0,11.5,
2003-08-01,718.8400268554688,728.3800048828125,718.25,727.260009765625,457000,707.87,676.03,636.78,65.5,11.74,
2003-08-04,719.5700073242188,724.1699829101562,717.4600219726562,718.5399780273438,439400,709.14,678.49,637.3,59.9,11.6,
2003-08-05,723.1500244140625,726.2999877929688,720.6400146484375,721.8400268554688,481000,710.01,680.7,637.77,61.2,11.32,
2003-08-06,710.8699951171875,713.3200073242188,705.8599853515625,707.8800048828125,464500,709.99,682.5,638.12,53.0,11.66,
2003-08-07,709.5700073242188,709.8200073242188,703.0499877929688,709.8099975585938,412200,710.21,684.41,638.45,53.9,11.31,
2003-08-08,710.5399780273438,712.3099975585938,704.1400146484375,704.1400146484375,418300,710.39,685.93,638.62,50.8,11.08,
2003-08-11,700.4099731445312,704.5900268554688,693.7000122070312,704.5800170898438,398700,710.41,687.37,638.88,51.0,11.07,
2003-08-12,707.010009765625,708.0800170898438,699.9400024414062,701.2999877929688,366100,709.47,688.73,639.19,49.1,10.86,
2003-08-13,705.5800170898438,713.8099975585938,704.9299926757812,713.0800170898438,407900,709.45,690.01,639.46,55.6,10.98,
2003-08-14,714.2000122070312,727.010009765625,713.4600219726562,727.010009765625,482900,709.98,691.82,639.82,61.7,11.19,
2003-08-18,728.9199829101562,734.8099975585938,727.5599975585938,730.0999755859375,498400,711.52,693.61,640.2,63.0,10.95,
2003-08-19,745.6500244140625,745.77001953125,738.0,740.1300048828125,615000,713.85,695.57,640.51,66.7,11.28,
2003-08-20,740.4400024414062,745.030029296875,736.6400146484375,737.2000122070312,498000,715.72,697.3,640.83,64.7,11.08,
2003-08-21,741.7000122070312,754.3400268554688,741.7000122070312,754.3400268554688,534400,718.65,699.4,641.31,70.4,11.51,
2003-08-22,754.8800048828125,759.1500244140625,751.7000122070312,754.719970703125,506600,721.24,701.46,641.79,70.5,11.22,
2003-08-25,754.1699829101562,760.8499755859375,752.3400268554688,756.72998046875,419600,723.82,703.44,642.33,71.1,11.03,
2003-08-26,754.22998046875,755.6300048828125,749.2000122070312,753.0,426900,725.58,705.2,642.73,68.2,10.78,
2003-08-27,757.719970703125,763.989990234375,756.0399780273438,758.97998046875,497000,727.42,707.22,643.2,70.3,10.79,
2003-08-28,763.4600219726562,765.27001953125,749.3400268554688,752.8099975585938,461000,729.35,708.78,643.55,65.5,11.16,
2003-08-29,756.760009765625,760.0900268554688,746.9199829101562,759.469970703125,431300,731.65,710.46,643.95,68.0,11.3,
2003-09-01,763.219970703125,765.6400146484375,759.3599853515625,764.1099853515625,370500,733.49,711.93,644.39,69.7,10.94,
2003-09-02,768.4299926757812,768.9099731445312,763.3400268554688,766.5,493000,735.89,713.53,644.94,70.6,10.56,
2003-09-03,770.8699951171875,771.780029296875,763.3499755859375,766.3200073242188,424900,738.11,715.37,645.5,70.4,10.41,
2003-09-04,768.0999755859375,769.97998046875,763.8699951171875,764.1500244140625,407000,740.92,717.37,646.05,68.4,10.1,
2003-09-05,766.4299926757812,768.9000244140625,759.8099975585938,761.5499877929688,376800,743.51,719.12,646.59,65.9,10.03,
2003-09-08,759.489990234375,761.9099731445312,756.010009765625,760.25,343400,746.32,720.81,647.03,64.7,9.73,
2003-09-09,763.3599853515625,775.8800048828125,763.3599853515625,767.4600219726562,408500,749.46,722.62,647.53,68.3,10.16,
2003-09-15,764.6799926757812,767.27001953125,753.6099853515625,753.6099853515625,411200,752.08,724.29,647.94,56.4,10.42,
2003-09-16,751.9500122070312,764.1199951171875,751.530029296875,763.6300048828125,479500,754.6,726.07,648.35,61.6,10.57,
2003-09-17,771.6099853515625,772.3499755859375,764.4600219726562,766.5900268554688,469800,756.58,727.68,648.73,63.0,10.44,
2003-09-18,768.3900146484375,769.280029296875,756.72998046875,758.1799926757812,411500,757.99,729.11,649.06,56.6,10.59,
2003-09-19,766.22998046875,767.0499877929688,745.1599731445312,748.25,443000,758.39,730.21,649.27,50.2,11.4,
2003-09-22,741.5399780273438,741.6799926757812,714.75,714.8900146484375,426500,757.28,730.42,649.33,35.6,12.98,
2003-09-23,713.6699829101562,719.7100219726562,702.3099975585938,718.8400268554688,475500,755.5,730.63,649.39,37.9,13.29,
2003-09-24,721.0,725.489990234375,715.8599853515625,724.7000122070312,419800,754.0,731.02,649.44,41.3,13.03,
2003-09-25,707.5800170898438,714.5599975585938,699.8300170898438,713.52001953125,412800,751.84,731.28,649.38,37.1,13.88,
2003-09-26,704.010009765625,711.5,697.1300048828125,697.4000244140625,431800,749.06,731.14,649.22,32.1,14.06,
2003-09-29,697.260009765625,698.77001953125,688.0700073242188,696.0599975585938,380000,745.91,730.66,649.02,31.8,13.82,
2003-09-30,701.75,709.1599731445312,697.52001953125,697.52001953125,461300,743.15,730.34,648.93,32.7,13.77,
2003-10-01,690.469970703125,704.2899780273438,688.6199951171875,704.2899780273438,434300,740.39,730.1,648.84,37.0,13.9,
2003-10-02,716.27001953125,718.3599853515625,708.030029296875,715.239990234375,451400,737.95,730.42,648.82,43.4,13.91,
2003-10-06,723.469970703125,726.77001953125,719.3300170898438,723.1300048828125,393300,735.78,731.01,648.89,47.5,13.74,
2003-10-07,725.2100219726562,727.3699951171875,722.3800048828125,727.0900268554688,402800,733.82,731.56,649.02,49.5,13.12,
2003-10-08,731.1199951171875,731.4500122070312,721.2899780273438,722.760009765625,316700,731.75,732.1,649.14,47.4,12.91,
2003-10-09,723.1300048828125,736.1599731445312,722.9400024414062,736.1599731445312,603000,730.48,732.76,649.24,53.9,12.94,
2003-10-10,735.25,759.5999755859375,735.25,757.8900146484375,445800,730.36,733.82,649.49,62.1,13.76,
2003-10-13,754.5,764.3300170898438,747.02001953125,757.02001953125,453900,729.84,734.6,649.81,61.6,14.01,
2003-10-14,763.6199951171875,772.2899780273438,762.9600219726562,766.52001953125,529600,730.48,735.48,650.12,64.8,14.1,
2003-10-15,771.3800048828125,773.1300048828125,759.8599853515625,764.22998046875,462600,730.51,736.49,650.4,63.4,14.04,
2003-10-16,759.1199951171875,776.969970703125,758.0700073242188,776.969970703125,519700,731.03,737.76,650.74,67.5,14.39,
2003-10-17,776.989990234375,783.0800170898438,767.75,767.75,519200,731.51,738.56,651.12,62.1,14.46,
2003-10-20,766.3300170898438,777.969970703125,765.1300048828125,776.4400024414062,473200,732.92,739.72,651.61,65.0,14.34,
2003-10-21,780.5599975585938,785.02001953125,772.9099731445312,779.8900146484375,448300,736.17,740.88,652.15,66.0,14.18,
2003-10-22,780.5399780273438,784.1400146484375,773.2999877929688,779.280029296875,486400,739.19,742.31,652.76,65.7,13.94,
2003-10-23,764.3599853515625,768.3099975585938,750.1599731445312,754.1400146484375,428500,740.67,743.2,653.4,52.1,15.03,
2003-10-24,752.3099975585938,759.5499877929688,743.3800048828125,748.1699829101562,362700,742.4,744.08,653.96,49.5,15.11,
2003-10-27,752.8200073242188,761.6099853515625,750.5,761.6099853515625,412800,745.61,745.22,654.46,54.9,14.99,
2003-10-28,760.7999877929688,782.3099975585938,759.5599975585938,775.3599853515625,491600,749.57,746.7,655.01,59.8,15.54,
2003-10-29,787.6099853515625,793.3499755859375,779.6599731445312,779.6599731445312,567900,753.68,748.03,655.64,61.2,15.72,
2003-10-30,784.780029296875,787.8200073242188,778.4199829101562,785.9400024414062,471900,757.76,749.21,656.32,63.2,15.27,
2003-10-31,787.9500122070312,789.4600219726562,775.3800048828125,782.3599853515625,484300,761.12,750.26,657.08,61.2,15.18,
2003-11-03,783.0800170898438,793.530029296875,778.0399780273438,791.9600219726562,434400,764.56,751.29,657.89,64.4,15.2,
2003-11-04,800.4199829101562,802.6599731445312,790.989990234375,796.0599975585938,606400,768.01,752.47,658.63,65.7,14.95,
2003-11-05,796.3599853515625,806.7899780273438,794.5800170898438,805.510009765625,604300,772.15,753.49,659.41,68.5,14.76,
2003-11-06,809.9199829101562,811.969970703125,790.0399780273438,790.0399780273438,610700,774.84,754.2,660.12,59.8,15.27,
2003-11-07,796.5800170898438,804.0499877929688,789.969970703125,804.0499877929688,469100,777.15,755.15,660.9,64.2,15.18,
2003-11-10,800.97998046875,802.3200073242188,788.6500244140625,796.5599975585938,537200,779.12,756.02,661.7,60.4,15.2,
2003-11-11,788.3400268554688,790.1099853515625,782.030029296875,787.77001953125,504100,780.19,756.59,662.46,56.2,15.15,
2003-11-12,788.9099731445312,798.3300170898438,786.0,796.3099975585938,509100,781.79,757.46,663.28,59.2,14.95,
2003-11-13,805.7899780273438,813.1099853515625,803.9299926757812,813.1099853515625,510300,783.6,758.54,664.23,64.3,15.08,
2003-11-14,809.9400024414062,818.3400268554688,807.6699829101562,809.8900146484375,597500,785.71,759.45,665.16,62.7,14.77,
2003-11-17,803.47998046875,803.9500122070312,790.1400146484375,794.469970703125,504100,786.61,760.01,666.08,55.4,15.12,
2003-11-18,794.239990234375,801.2000122070312,787.5999755859375,800.969970703125,642400,787.66,760.7,667.12,57.7,15.01,
2003-11-19,785.280029296875,785.280029296875,769.4299926757812,771.7000122070312,717200,787.28,760.86,667.98,46.4,16.19,
2003-11-20,775.1900024414062,778.0999755859375,763.6699829101562,769.4500122070312,605300,788.05,761.01,668.91,45.7,16.07,
2003-11-21,764.1199951171875,777.9600219726562,762.3599853515625,770.780029296875,624900,789.18,761.22,669.8,46.2,16.03,
2003-11-24,765.8200073242188,769.5999755859375,752.1400146484375,753.6500244140625,577900,788.78,760.95,670.57,40.6,16.22,
2003-11-25,768.0999755859375,770.280029296875,761.97998046875,768.1099853515625,526400,788.42,761.24,671.39,46.5,16.25,
2003-11-26,769.760009765625,783.7999877929688,769.2999877929688,782.6500244140625,532100,788.57,761.62,672.3,51.7,16.21,
2003-11-27,783.1300048828125,784.8599853515625,776.4000244140625,781.6799926757812,502500,788.35,761.92,673.26,51.4,15.66,
2003-11-28,783.1699829101562,797.0700073242188,783.1699829101562,796.1799926757812,597500,789.05,762.68,674.35,56.3,15.64,
2003-12-01,796.3599853515625,811.489990234375,790.7999877929688,807.3900146484375,585000,789.82,763.86,675.51,59.7,16.0,
2003-12-02,813.489990234375,813.9500122070312,806.2999877929688,807.780029296875,532000,790.4,765.72,676.66,59.8,15.4,
2003-12-03,807.1699829101562,816.02001953125,801.0800170898438,808.3400268554688,440600,790.54,767.51,677.79,59.9,15.37,
2003-12-04,805.0999755859375,809.6799926757812,800.3099975585938,805.1300048828125,493900,791.3,769.12,678.94,58.3,14.94,
2003-12-05,802.7100219726562,802.8599853515625,789.4099731445312,789.4099731445312,426500,790.57,770.64,680.01,51.1,15.0,
2003-12-08,780.22998046875,791.77001953125,777.0800170898438,784.7999877929688,340000,789.98,772.38,680.92,49.2,14.97,
2003-12-09,790.52001953125,793.1300048828125,784.5999755859375,787.3499755859375,398100,789.96,774.21,681.84,50.3,14.51,
2003-12-10,774.530029296875,794.6400146484375,774.0399780273438,794.6400146484375,454600,789.87,776.15,682.81,53.5,14.95,
2003-12-11,797.1199951171875,805.8099975585938,791.1300048828125,791.1300048828125,424800,788.78,777.89,683.74,51.8,14.93,
2003-12-12,806.4199829101562,810.6799926757812,801.3300170898438,806.0800170898438,423400,788.58,779.71,684.75,57.9,15.26,
2003-12-15,821.6199951171875,824.260009765625,814.72998046875,822.1599731445312,404600,789.97,781.69,685.78,63.3,15.47,
2003-12-16,807.3200073242188,817.5599975585938,804.1699829101562,810.7899780273438,462700,790.46,783.36,686.87,57.7,15.65,
2003-12-17,816.97998046875,817.3900146484375,799.8200073242188,800.0900268554688,479500,791.88,784.91,687.92,52.9,15.79,
2003-12-18,803.5999755859375,808.9400024414062,797.4600219726562,807.5,493100,793.78,786.33,689.05,55.6,15.48,
2003-12-19,814.8900146484375,817.5,809.1699829101562,811.2000122070312,480500,795.8,787.4,690.23,57.0,15.09,
2003-12-22,809.5700073242188,815.5499877929688,804.530029296875,804.5399780273438,345000,798.35,788.35,691.3,53.8,14.8,
2003-12-23,809.9000244140625,812.75,801.6199951171875,801.8800048828125,406100,800.04,789.06,692.43,52.6,14.53,
2003-12-24,808.4099731445312,808.5800170898438,792.3699951171875,792.5499877929688,503700,800.53,789.62,693.59,48.3,14.65,
2003-12-26,791.3900146484375,794.780029296875,786.1099853515625,788.8499755859375,414300,800.89,789.86,694.75,46.7,14.23,
2003-12-29,779.239990234375,792.4400024414062,779.239990234375,792.4400024414062,282400,800.7,790.36,695.99,48.5,14.15,
2003-12-30,802.5,811.8900146484375,800.1500244140625,810.7100219726562,385900,800.87,791.04,697.32,56.5,14.53,
2004-01-02,816.260009765625,821.8699951171875,813.6300048828125,821.260009765625,307500,801.54,791.87,698.76,60.4,14.29,
2004-01-05,817.280029296875,825.4299926757812,816.5499877929688,824.0999755859375,408300,802.33,792.77,700.22,61.4,13.9,
2004-01-06,831.260009765625,831.260009765625,819.530029296875,823.4299926757812,484100,803.25,794.15,701.68,61.0,13.75,
2004-01-07,826.0800170898438,831.0700073242188,825.22998046875,827.0700073242188,404600,805.13,795.73,703.13,62.4,13.31,
2004-01-08,831.0999755859375,839.280029296875,824.1500244140625,824.1500244140625,428800,807.1,796.98,704.67,60.5,13.44,
2004-01-09,835.4199829101562,849.5,835.0499877929688,845.27001953125,543300,809.99,798.38,706.21,67.9,14.29,
2004-01-12,843.9600219726562,853.5,840.1099853515625,850.7899780273438,443900,812.8,799.8,707.76,69.6,14.23,
2004-01-13,855.4199829101562,855.4500122070312,844.8200073242188,848.4299926757812,400200,815.66,801.05,709.16,68.0,13.97,
2004-01-14,847.27001953125,855.2899780273438,844.5499877929688,849.6199951171875,453000,817.84,802.4,710.53,68.4,13.74,
2004-01-15,849.02001953125,852.1900024414062,841.8400268554688,845.6599731445312,388400,819.02,803.47,711.91,65.5,13.5,
2004-01-16,853.6699829101562,854.4600219726562,845.4000244140625,847.9500122070312,425000,820.87,804.51,713.37,66.4,13.18,
2004-01-19,854.9600219726562,859.3400268554688,851.3400268554688,856.7999877929688,404300,823.71,805.53,714.88,69.6,13.05,
2004-01-20,854.030029296875,864.260009765625,853.0499877929688,861.3699951171875,364500,826.4,806.96,716.44,71.1,12.92,
2004-01-26,867.6500244140625,871.9400024414062,861.8200073242188,869.0399780273438,494000,829.3,808.26,718.01,73.5,12.75,
2004-01-27,873.6099853515625,873.6099853515625,860.8800048828125,863.030029296875,437700,832.22,809.59,719.64,68.7,12.75,
2004-01-28,860.3699951171875,869.2100219726562,859.0800170898438,859.5900268554688,432900,835.11,811.03,721.25,66.0,12.56,
2004-01-29,851.7000122070312,854.8200073242188,847.97998046875,853.469970703125,365300,838.15,812.17,722.8,61.4,12.5,
2004-01-30,854.2100219726562,859.1300048828125,846.0499877929688,848.5,447400,841.13,812.88,724.32,57.9,12.54,
2004-02-02,850.280029296875,855.4299926757812,847.739990234375,854.8900146484375,425200,844.26,813.78,725.8,61.0,12.19,
2004-02-03,853.1300048828125,853.1300048828125,837.6300048828125,839.8699951171875,462000,845.71,814.68,727.07,51.4,12.55,
2004-02-04,838.52001953125,842.5999755859375,834.7000122070312,835.5,378600,846.43,815.38,728.31,49.0,12.22,
2004-02-05,835.77001953125,842.4400024414062,834.72998046875,840.9199829101562,635900,847.27,816.76,729.67,52.0,11.9,
2004-02-06,842.1599731445312,853.5800170898438,839.4299926757812,850.22998046875,541500,848.61,818.38,731.03,56.7,12.06,
2004-02-09,860.9000244140625,866.8699951171875,859.5800170898438,864.77001953125,475200,850.49,820.25,732.44,62.9,12.39,
2004-02-10,866.0599975585938,869.6199951171875,862.8499755859375,866.7999877929688,450000,852.62,822.52,733.8,63.7,11.99,
2004-02-11,870.5399780273438,877.719970703125,870.239990234375,876.3400268554688,475300,854.18,824.68,735.16,67.1,11.91,
2004-02-12,882.0399780273438,882.3900146484375,872.27001953125,877.9500122070312,444100,855.54,826.59,736.44,67.7,11.78,
2004-02-13,876.0599975585938,883.3499755859375,870.0800170898438,882.1799926757812,385300,857.22,828.6,737.79,69.2,11.89,
2004-02-16,879.22998046875,885.6500244140625,876.5599975585938,881.280029296875,438000,858.81,830.3,739.07,68.5,11.69,
2004-02-17,884.1500244140625,888.72998046875,880.8699951171875,884.7999877929688,435800,860.76,831.85,740.39,69.8,11.41,
2004-02-18,889.22998046875,890.510009765625,877.0999755859375,877.0999755859375,370500,862.22,833.23,741.76,63.5,11.56,
2004-02-19,880.6799926757812,884.8900146484375,874.75,881.6500244140625,734800,863.46,834.7,743.18,65.5,11.46,
2004-02-20,875.760009765625,879.6300048828125,872.4199829101562,877.489990234375,475500,864.27,836.15,744.62,62.1,11.3,
2004-02-23,874.9299926757812,881.4299926757812,867.989990234375,877.52001953125,476200,864.69,837.91,746.18,62.2,11.45,
2004-02-24,872.4500122070312,876.7100219726562,864.3400268554688,864.5900268554688,549400,864.77,839.51,747.66,52.5,11.57,
2004-02-25,865.219970703125,870.030029296875,862.969970703125,866.8699951171875,524700,865.14,841.1,749.0,53.9,11.25,
2004-02-26,870.3099975585938,873.1500244140625,861.77001953125,864.8599853515625,522900,865.71,842.5,750.33,52.5,11.26,
2004-02-27,865.510009765625,883.4199829101562,861.8599853515625,883.4199829101562,458700,867.45,844.35,751.76,62.3,12.0,
2004-03-02,892.5700073242188,899.989990234375,892.3800048828125,899.2100219726562,489100,869.67,846.21,753.24,68.4,12.32,
2004-03-03,897.489990234375,900.4400024414062,895.52001953125,895.8099975585938,554700,872.46,847.68,754.62,65.9,11.79,
2004-03-04,898.1599731445312,908.8200073242188,896.760009765625,907.4299926757812,589100,876.06,849.62,756.07,69.9,11.88,
2004-03-05,907.2100219726562,909.0800170898438,904.010009765625,905.3800048828125,515700,879.28,851.72,757.44,68.4,11.39,
2004-03-08,909.1500244140625,910.6699829101562,899.0700073242188,900.0999755859375,506500,881.78,853.57,758.87,64.5,11.41,
2004-03-09,891.0999755859375,893.72998046875,888.4600219726562,891.5800170898438,474400,883.12,855.18,760.28,58.7,11.43,
2004-03-10,887.1099853515625,890.3300170898438,874.5800170898438,876.02001953125,457300,883.58,856.61,761.56,49.9,11.82,
2004-03-11,869.6699829101562,878.0999755859375,866.3300170898438,869.9299926757812,468700,883.26,857.97,762.86,47.0,11.82,
2004-03-12,866.719970703125,867.3499755859375,822.0499877929688,848.7999877929688,655700,881.8,859.1,764.12,38.4,14.4,
2004-03-15,855.8400268554688,857.9600219726562,848.22998046875,852.260009765625,383700,880.31,860.36,765.37,40.4,14.06,
2004-03-16,843.8300170898438,850.1500244140625,838.1099853515625,850.1300048828125,440200,878.75,861.52,766.62,39.5,14.07,
2004-03-17,858.1500244140625,872.780029296875,857.2899780273438,872.3800048828125,524400,878.13,862.75,768.0,50.7,14.68,
2004-03-18,879.219970703125,879.5599975585938,869.0900268554688,872.8200073242188,488500,877.91,863.78,769.31,50.9,14.38,
2004-03-19,874.5700073242188,883.3300170898438,868.969970703125,883.3300170898438,425100,878.0,864.97,770.64,55.4,14.38,
2004-03-22,878.6199951171875,881.0,862.6300048828125,863.6900024414062,371600,877.31,865.77,771.88,46.8,14.83,
2004-03-23,854.9199829101562,868.989990234375,849.760009765625,866.1699829101562,383800,876.74,866.55,773.07,47.9,15.15,
2004-03-24,860.3900146484375,867.1500244140625,856.5399780273438,861.719970703125,311100,876.6,867.31,774.22,46.0,14.82,
2004-03-25,862.2999877929688,868.780029296875,849.5599975585938,853.3800048828125,357300,875.92,867.47,775.32,42.7,15.14,
2004-03-26,866.2899780273438,873.010009765625,861.6300048828125,863.9500122070312,304000,875.88,867.73,776.39,47.9,15.46,
2004-03-29,868.0999755859375,878.3699951171875,867.2100219726562,874.6699829101562,335600,875.44,868.26,777.58,52.5,15.38,
2004-03-30,879.4099731445312,879.4099731445312,870.8599853515625,873.4600219726562,287700,874.15,868.73,778.75,51.9,14.89,
2004-03-31,881.75,883.8800048828125,868.4099731445312,880.5,327700,873.39,869.43,779.94,55.0,14.94,
2004-04-01,878.780029296875,883.22998046875,875.0900268554688,882.75,294600,872.15,870.13,781.1,55.9,14.45,
2004-04-02,886.0900268554688,889.5999755859375,882.8200073242188,883.6900024414062,541800,871.07,870.66,782.27,56.3,13.91,
2004-04-06,899.4299926757812,906.4299926757812,898.0,906.1900024414062,491600,871.37,871.56,783.55,64.9,14.54,
2004-04-07,906.780029296875,915.1300048828125,903.239990234375,909.9299926757812,528200,872.29,872.38,784.81,66.1,14.35,
2004-04-08,913.52001953125,916.8599853515625,908.0700073242188,916.8599853515625,431800,874.33,873.45,786.06,68.2,13.95,
2004-04-09,910.47998046875,910.47998046875,901.239990234375,905.4400024414062,352100,876.11,874.37,787.3,61.3,14.07,
2004-04-12,905.4400024414062,926.0700073242188,905.4400024414062,918.8599853515625,366200,879.61,875.68,788.52,65.7,14.54,
2004-04-13,925.1900024414062,927.6699829101562,916.2000122070312,917.6300048828125,468900,882.88,877.06,789.73,65.0,14.32,
2004-04-14,909.9500122070312,919.3800048828125,907.3599853515625,916.3099975585938,407200,886.19,878.29,790.86,64.2,14.16,
2004-04-16,903.8400268554688,908.719970703125,897.72998046875,898.8800048828125,391700,887.51,879.47,791.92,54.4,14.47,
2004-04-19,900.47998046875,902.0999755859375,891.27001953125,902.0999755859375,476100,888.98,880.8,793.06,55.7,14.21,
2004-04-20,909.9099731445312,919.1300048828125,902.469970703125,918.9000244140625,456800,890.75,882.36,794.34,62.0,14.41,
2004-04-21,910.6799926757812,931.2100219726562,910.6799926757812,929.9500122070312,554000,894.07,883.96,795.62,65.5,14.85,
2004-04-22,931.0900268554688,933.8400268554688,921.969970703125,924.010009765625,519700,896.96,885.14,796.86,62.2,14.64,
2004-04-23,938.25,939.52001953125,929.7999877929688,936.0599975585938,480400,900.68,886.53,798.15,65.9,14.7,
2004-04-26,935.010009765625,935.280029296875,919.27001953125,919.739990234375,388000,903.99,887.39,799.4,57.6,14.85,
2004-04-27,918.8200073242188,921.4199829101562,911.5599975585938,915.469970703125,435500,906.57,888.14,800.6,55.7,14.49,
2004-04-28,917.3200073242188,919.8599853515625,901.8200073242188,901.8300170898438,373400,907.93,888.54,801.68,49.8,14.75,
2004-04-29,890.6099853515625,896.4500122070312,872.6300048828125,875.4099731445312,442800,908.03,888.42,802.63,40.8,15.78,
2004-04-30,867.989990234375,875.510009765625,854.3900146484375,862.8400268554688,378700,907.14,887.98,803.48,37.4,16.16,
2004-05-03,863.030029296875,867.25,856.8400268554688,866.1099853515625,331700,906.31,887.76,804.28,38.8,15.75,
2004-05-04,871.5700073242188,876.2999877929688,865.6799926757812,867.47998046875,376800,905.5,887.48,805.08,39.4,15.38,
2004-05-06,864.52001953125,865.0999755859375,836.1500244140625,837.6799926757812,359500,902.07,886.68,805.74,31.8,16.52,
2004-05-07,837.72998046875,843.010009765625,819.6099853515625,838.739990234375,372100,898.51,885.91,806.43,32.3,17.01,
2004-05-10,831.0999755859375,831.3699951171875,771.3099975585938,790.6799926757812,403000,892.21,884.43,806.86,23.7,20.61,
2004-05-11,789.5399780273438,802.2899780273438,776.719970703125,791.02001953125,362900,886.48,882.91,807.22,23.8,20.97,
2004-05-12,802.8800048828125,820.719970703125,801.280029296875,817.0900268554688,387200,881.4,881.96,807.74,34.7,21.59,
2004-05-13,815.280029296875,816.260009765625,790.1300048828125,790.1300048828125,395000,875.02,880.09,808.11,30.0,21.98,
2004-05-14,798.7999877929688,802.3200073242188,759.6500244140625,768.4600219726562,372300,867.63,877.48,808.45,26.8,23.45,
2004-05-17,766.5599975585938,774.3900146484375,723.510009765625,728.97998046875,371700,859.13,874.14,808.63,22.2,25.41,
2004-05-18,724.6799926757812,748.260009765625,716.9500122070312,741.989990234375,383600,851.13,870.83,808.84,26.6,25.83,
2004-05-19,752.5,784.1400146484375,751.5900268554688,777.9500122070312,379700,844.08,868.28,809.25,37.4,27.0,
2004-05-20,766.0399780273438,782.9199829101562,757.489990234375,767.7899780273438,357500,835.97,865.63,809.58,35.8,26.89,
2004-05-21,780.989990234375,786.3599853515625,768.6300048828125,786.3599853515625,324200,829.09,863.53,809.98,40.8,26.29,
2004-05-24,795.989990234375,802.0399780273438,790.72998046875,799.6400146484375,302800,822.27,862.0,810.39,44.1,25.54,
2004-05-25,791.3800048828125,791.6699829101562,776.7100219726562,784.0599975585938,331700,815.49,860.29,810.7,41.2,25.35,
2004-05-27,802.4000244140625,810.6900024414062,797.1099853515625,802.4600219726562,293100,809.84,859.36,811.14,45.8,25.44,
2004-05-28,811.5399780273438,816.6400146484375,805.2100219726562,816.510009765625,357700,805.57,858.64,811.66,49.0,24.64,
2004-05-31,811.4600219726562,811.5900268554688,793.77001953125,803.8400268554688,288500,801.99,857.72,812.04,46.3,24.5,
2004-06-01,807.5499877929688,817.0,804.3099975585938,815.77001953125,315900,799.64,856.59,812.53,49.2,23.69,
2004-06-02,808.8400268554688,811.5900268554688,797.6799926757812,804.3900146484375,263400,796.55,855.22,812.94,46.6,23.29,
2004-06-03,810.97998046875,812.5399780273438,770.0599975585938,770.0599975585938,465600,791.68,852.95,813.25,39.9,24.66,
2004-06-04,772.9400024414062,781.9600219726562,764.9299926757812,780.739990234375,421800,788.83,851.29,813.6,42.7,24.12,
2004-06-07,788.4099731445312,809.510009765625,788.4099731445312,809.4500122070312,390700,787.37,850.16,814.13,49.4,24.45,
2004-06-08,817.1099853515625,820.8699951171875,804.4299926757812,809.3099975585938,356000,788.3,849.11,814.65,49.4,23.88,
2004-06-09,816.9299926757812,820.6799926757812,794.0999755859375,794.530029296875,603600,788.48,847.93,815.12,46.2,24.07,
2004-06-10,785.8300170898438,794.1599731445312,776.6099853515625,782.2999877929688,444600,786.74,846.3,815.47,43.6,23.63,
2004-06-11,780.1599731445312,780.4099731445312,748.3400268554688,751.530029296875,458700,784.81,843.84,815.59,37.9,24.37,
2004-06-14,744.25,761.2899780273438,737.6500244140625,738.7899780273438,378000,783.32,841.14,815.63,35.9,24.32,
2004-06-15,747.5399780273438,752.5399780273438,729.0599975585938,752.0999755859375,481800,784.48,838.58,815.69,39.6,24.26,
2004-06-16,756.3300170898438,769.6599731445312,746.47998046875,752.3400268554688,369900,785.0,835.97,815.77,39.7,24.18,
2004-06-17,756.9199829101562,760.0999755859375,742.469970703125,760.0900268554688,361100,784.1,833.5,815.8,41.9,23.71,
2004-06-18,751.6900024414062,754.0499877929688,732.8900146484375,741.72998046875,379800,782.8,830.21,815.73,38.3,23.96,
2004-06-21,745.219970703125,758.5800170898438,743.6900024414062,749.2999877929688,376100,780.95,826.99,815.69,40.6,23.45,
2004-06-22,744.8599853515625,749.260009765625,732.7899780273438,746.47998046875,327200,778.29,823.59,815.66,40.0,22.96,
2004-06-23,753.280029296875,755.8800048828125,737.22998046875,738.9299926757812,368500,776.03,820.26,815.56,38.3,22.65,
2004-06-24,752.6400146484375,763.4199829101562,747.510009765625,763.1300048828125,373300,774.07,817.14,815.61,46.0,22.78,
2004-06-25,763.02001953125,780.0,760.5700073242188,779.030029296875,305400,772.19,814.37,815.71,50.3,22.54,
2004-06-28,777.8499755859375,780.3099975585938,764.2899780273438,770.9500122070312,279500,770.55,811.46,815.75,48.2,22.08,
2004-06-29,766.8200073242188,780.5700073242188,763.3400268554688,778.719970703125,295100,768.7,809.06,815.81,50.4,21.73,
2004-06-30,783.239990234375,787.5999755859375,777.72998046875,785.7899780273438,400200,767.76,806.73,815.9,52.3,20.88,
2004-07-01,784.8499755859375,792.77001953125,776.3499755859375,778.030029296875,315000,768.16,803.92,815.97,50.0,20.56,
2004-07-02,764.3800048828125,764.5399780273438,754.260009765625,755.4199829101562,431900,766.9,800.42,815.94,43.9,20.79,
2004-07-05,754.1599731445312,758.719970703125,744.3900146484375,756.719970703125,400900,764.26,797.08,815.92,44.3,20.33,
2004-07-06,753.1400146484375,763.9299926757812,751.260009765625,758.469970703125,400100,761.72,793.53,815.88,44.9,19.78,
2004-07-07,742.2100219726562,761.9299926757812,735.719970703125,761.8800048828125,395000,760.09,790.37,815.92,46.1,20.24,
2004-07-08,753.6799926757812,759.7100219726562,743.6400146484375,743.6400146484375,346300,758.15,786.93,815.82,40.9,20.1,
2004-07-09,745.0900268554688,751.9199829101562,741.260009765625,747.4600219726562,309500,757.95,783.85,815.73,42.4,19.43,
2004-07-12,752.7100219726562,757.9000244140625,740.97998046875,746.27001953125,334200,758.32,781.26,815.67,42.0,19.25,
2004-07-13,753.030029296875,753.2100219726562,740.1599731445312,750.9500122070312,397500,758.27,779.03,815.68,44.0,18.8,
2004-07-14,745.4299926757812,751.5999755859375,734.8499755859375,736.5700073242188,331100,757.48,776.43,815.79,39.5,18.66,
2004-07-15,735.8499755859375,739.0700073242188,720.9199829101562,732.739990234375,369200,756.11,773.74,815.86,38.4,18.62,
2004-07-16,728.3699951171875,741.4099731445312,717.77001953125,739.3900146484375,348200,755.99,771.77,815.93,41.5,18.98,
2004-07-19,730.5800170898438,750.4000244140625,729.5700073242188,750.4000244140625,267800,756.05,770.01,816.12,46.3,19.11,
2004-07-20,742.239990234375,745.4099731445312,737.0,737.0,335000,755.57,768.93,816.31,41.8,18.7,
2004-07-21,750.5900268554688,756.4400024414062,747.8900146484375,753.3200073242188,422700,756.29,768.18,816.6,48.4,18.76,
2004-07-22,738.97998046875,744.5,733.4099731445312,742.6300048828125,435100,755.27,766.69,816.83,44.8,18.84,
2004-07-23,742.510009765625,743.6500244140625,733.739990234375,737.510009765625,337100,753.19,765.64,816.99,43.2,18.2,
2004-07-26,730.1500244140625,739.5599975585938,729.7999877929688,736.2100219726562,307900,751.46,764.99,817.1,42.7,17.6,
2004-07-27,735.219970703125,739.5999755859375,726.7100219726562,738.510009765625,368900,749.45,765.18,817.17,43.8,17.26,
2004-07-28,747.02001953125,748.8200073242188,740.1900024414062,744.4199829101562,420800,747.38,765.23,817.26,46.5,16.77,
2004-07-29,742.5800170898438,742.5800170898438,730.469970703125,730.6099853515625,326300,745.01,764.29,817.3,41.4,16.56,
2004-07-30,737.9199829101562,741.3200073242188,734.1500244140625,735.3400268554688,288500,744.0,763.64,817.29,43.7,16.15,
2004-08-02,730.6099853515625,730.6400146484375,719.5900268554688,719.5900268554688,282300,742.15,762.3,817.1,38.4,16.12,
2004-08-03,726.8800048828125,728.1300048828125,722.4600219726562,726.4400024414062,301700,740.54,760.84,816.95,41.7,15.58,
2004-08-04,719.6099853515625,729.4099731445312,713.989990234375,729.4099731445312,283800,738.92,759.74,816.76,43.2,15.57,
2004-08-05,730.6400146484375,743.3699951171875,726.8699951171875,743.3499755859375,394300,738.91,758.56,816.66,49.4,15.63,
2004-08-06,733.760009765625,745.0499877929688,733.239990234375,733.9500122070312,312700,738.23,756.91,816.45,45.8,15.36,
2004-08-09,728.6599731445312,742.6099853515625,724.5,742.1300048828125,274600,738.02,755.68,816.32,49.3,15.56,
2004-08-10,738.9199829101562,748.6300048828125,738.3599853515625,748.6199951171875,338100,737.91,754.33,816.18,52.0,15.18,
2004-08-11,752.5999755859375,758.6099853515625,751.260009765625,753.0599975585938,378500,738.73,753.31,816.04,53.8,14.81,
2004-08-12,755.4299926757812,767.030029296875,753.6699829101562,766.7000122070312,321700,740.43,753.24,815.98,58.9,14.75,
2004-08-13,762.8099975585938,777.8400268554688,761.6099853515625,776.02001953125,372500,742.26,753.15,816.09,61.9,14.85,
2004-08-16,774.2899780273438,777.9600219726562,767.260009765625,773.8499755859375,307800,743.43,752.43,816.22,60.8,14.56,
2004-08-17,782.5900268554688,783.47998046875,768.760009765625,771.030029296875,302600,745.14,751.67,816.27,59.3,14.57,
2004-08-18,772.8400268554688,776.1500244140625,768.9400024414062,773.1900024414062,332500,746.13,751.24,816.26,60.1,14.04,
2004-08-19,780.260009765625,789.780029296875,780.260009765625,788.530029296875,383500,748.42,751.37,816.3,65.5,14.22,
2004-08-20,785.8200073242188,789.22998046875,783.0599975585938,787.6400146484375,295700,750.93,752.09,816.31,64.9,13.65,
2004-08-23,792.5,796.8400268554688,783.5,787.6500244140625,255400,753.5,753.06,816.33,64.9,13.63,
2004-08-24,791.3800048828125,793.5,781.4600219726562,792.3400268554688,267200,756.19,753.87,816.34,66.6,13.51,
2004-08-25,791.0,804.8300170898438,790.1699829101562,803.969970703125,262700,759.17,754.9,816.38,70.5,13.6,
2004-08-26,808.1099853515625,813.77001953125,808.1099853515625,810.2100219726562,285500,763.15,755.9,816.4,72.3,13.32,
2004-08-27,812.6500244140625,814.0499877929688,806.75,810.2999877929688,307400,766.9,757.28,816.5,72.3,12.89,
2004-08-30,811.5499877929688,815.0499877929688,802.75,805.1900024414062,333600,771.18,758.39,816.51,68.3,12.85,
2004-08-31,800.6199951171875,805.260009765625,797.6199951171875,803.5700073242188,346500,775.04,759.54,816.54,67.0,12.48,
2004-09-01,803.510009765625,817.3699951171875,801.5800170898438,817.3599853515625,345100,779.43,761.1,816.69,71.8,12.72,
2004-09-02,818.6900024414062,823.8300170898438,815.739990234375,823.8300170898438,394200,783.46,762.32,816.83,73.8,12.39,
2004-09-03,826.0,826.260009765625,814.0900268554688,820.6900024414062,398400,787.79,763.15,816.86,71.2,12.37,
2004-09-06,823.6400146484375,824.97998046875,817.1799926757812,824.2100219726562,357200,791.9,764.22,816.94,72.4,12.04,
2004-09-07,822.2899780273438,824.9600219726562,817.6799926757812,818.7999877929688,436800,795.41,765.02,817.06,67.9,11.7,
2004-09-08,820.1799926757812,828.3800048828125,815.3300170898438,815.8499755859375,391300,798.55,765.62,817.13,65.5,11.8,
2004-09-09,815.6500244140625,823.1900024414062,809.030029296875,821.8800048828125,452900,801.31,766.5,817.38,68.0,11.97,
2004-09-10,826.0599975585938,837.3699951171875,816.6400146484375,836.3400268554688,354400,804.32,768.11,817.72,73.0,12.59,
2004-09-13,842.1500244140625,852.0599975585938,841.4099731445312,851.9099731445312,396900,808.22,770.02,818.12,77.1,12.82,
2004-09-14,857.739990234375,859.9299926757812,848.0800170898438,851.4199829101562,439600,812.24,771.88,818.61,76.7,12.75,
2004-09-15,851.52001953125,856.3900146484375,848.7899780273438,850.6300048828125,429100,816.12,773.65,819.02,76.1,12.38,
2004-09-16,846.0800170898438,863.1199951171875,844.0599975585938,855.3800048828125,434900,819.46,775.89,819.39,77.4,12.86,
2004-09-17,854.3499755859375,859.5700073242188,846.0800170898438,848.1099853515625,317300,822.48,777.9,819.72,71.0,12.9,
2004-09-20,849.4600219726562,862.97998046875,849.4500122070312,856.8699951171875,332100,825.94,780.11,820.02,73.8,13.04,
2004-09-21,859.2000122070312,861.3099975585938,854.0999755859375,857.1500244140625,358400,829.18,782.24,820.27,73.9,12.63,
2004-09-22,861.7999877929688,863.1900024414062,835.0999755859375,835.0999755859375,362700,830.74,784.21,820.41,57.6,13.73,
2004-09-23,829.3200073242188,834.0,824.8499755859375,829.6799926757812,378900,831.71,786.15,820.52,54.5,13.48,
2004-09-24,828.780029296875,836.3800048828125,823.0499877929688,832.0999755859375,335400,832.8,788.0,820.65,55.6,13.47,
2004-09-30,829.9299926757812,836.5399780273438,827.1699829101562,835.0900268554688,290800,834.3,789.69,820.88,57.1,13.18,
2004-10-01,835.5,846.010009765625,834.75,846.010009765625,296500,836.42,791.87,821.19,62.0,13.04,
2004-10-04,859.1199951171875,880.8400268554688,858.9199829101562,880.8400268554688,358500,839.59,794.42,821.65,72.8,14.6,
2004-10-05,882.5,887.6099853515625,876.5599975585938,884.8400268554688,368900,842.65,797.27,822.1,73.7,14.34,
2004-10-06,885.9400024414062,896.239990234375,879.5800170898438,887.4500122070312,391300,845.98,800.27,822.59,74.4,14.51,
2004-10-07,887.3900146484375,891.25,878.7999877929688,885.3300170898438,344400,849.04,803.25,822.98,72.9,14.36,
2004-10-08,877.8900146484375,892.1199951171875,877.3400268554688,881.3800048828125,458800,852.17,806.11,823.28,70.1,14.39,
2004-10-11,876.5599975585938,882.0499877929688,873.1599731445312,881.1099853515625,370300,855.43,808.84,823.63,69.9,14.0,
2004-10-12,878.25,878.5599975585938,856.6699829101562,858.0900268554688,373000,857.24,811.39,823.92,55.5,14.75,
2004-10-13,863.260009765625,866.0700073242188,852.6500244140625,856.1799926757812,319000,858.23,813.81,824.16,54.5,14.65,
2004-10-14,849.0900268554688,852.5599975585938,839.8699951171875,846.6300048828125,267500,857.97,816.35,824.34,49.6,14.77,
2004-10-15,837.9600219726562,849.9199829101562,833.4500122070312,841.9400024414062,288600,857.5,818.66,824.53,47.4,14.89,
2004-10-18,845.0,851.969970703125,840.5999755859375,848.27001953125,296300,857.38,821.04,824.76,50.6,14.64,
2004-10-19,860.8699951171875,863.75,851.9199829101562,855.77001953125,322600,857.4,823.28,825.08,54.2,14.7,
2004-10-20,851.4199829101562,851.4299926757812,827.6799926757812,828.6099853515625,385400,856.42,825.18,825.27,42.3,15.66,
2004-10-21,830.239990234375,831.0499877929688,814.6400146484375,820.6300048828125,325400,854.61,826.75,825.41,39.5,15.71,
2004-10-22,824.1199951171875,832.0999755859375,822.2000122070312,828.1699829101562,272400,853.16,828.34,825.5,43.3,15.41,
2004-10-25,816.1099853515625,816.5399780273438,801.010009765625,808.1400146484375,274800,851.81,829.44,825.44,36.7,16.25,
2004-10-26,812.1799926757812,817.0,809.7899780273438,813.7000122070312,260600,851.01,830.38,825.38,39.5,15.72,
2004-10-27,820.72998046875,822.2999877929688,803.719970703125,809.9099731445312,303300,849.9,831.06,825.32,38.3,15.92,
2004-10-28,825.8499755859375,833.5399780273438,821.5399780273438,833.5399780273438,280800,849.83,832.25,825.35,48.8,16.47,
2004-10-29,826.8900146484375,835.260009765625,823.0700073242188,834.8400268554688,248700,849.27,833.53,825.4,49.3,16.17,
2004-11-01,832.52001953125,842.1599731445312,831.3200073242188,835.6599731445312,221500,847.01,834.78,825.35,49.7,15.79,
2004-11-02,839.5900268554688,849.7100219726562,838.3900146484375,846.6699829101562,272100,845.1,835.94,825.33,54.2,15.66,
2004-11-03,848.8300170898438,861.1599731445312,844.27001953125,861.0499877929688,255500,843.78,837.41,825.4,59.3,15.75,
2004-11-04,860.1900024414062,860.1900024414062,851.2000122070312,851.2000122070312,267200,842.07,838.68,825.41,54.8,15.33,
2004-11-05,862.4400024414062,865.3800048828125,857.739990234375,860.6799926757812,277600,841.04,840.05,825.48,58.1,15.25,
2004-11-08,865.6500244140625,865.9400024414062,845.7899780273438,846.1099853515625,269300,839.29,840.89,825.47,51.8,15.6,
2004-11-09,845.489990234375,850.1300048828125,840.239990234375,844.1500244140625,342600,838.59,841.57,825.41,51.0,15.19,
2004-11-10,847.530029296875,860.5399780273438,847.530029296875,860.5399780273438,291700,838.81,842.57,825.4,57.0,15.28,
2004-11-11,856.6599731445312,867.25,855.510009765625,861.260009765625,290900,839.54,843.69,825.36,57.2,15.02,
2004-11-12,875.47998046875,882.5900268554688,870.989990234375,876.6699829101562,298800,841.28,845.16,825.43,62.2,15.47,
2004-11-15,879.8800048828125,891.7100219726562,876.7000122070312,882.3300170898438,266400,842.98,846.45,825.55,63.9,15.44,
2004-11-16,882.969970703125,885.5499877929688,875.780029296875,876.6099853515625,300200,844.02,847.51,825.66,60.9,15.04,
2004-11-17,881.260009765625,889.7100219726562,876.75,885.4199829101562,279100,846.86,848.8,825.85,63.7,14.9,
2004-11-18,886.3800048828125,888.0700073242188,874.9600219726562,875.8400268554688,345300,849.62,849.84,825.95,58.8,14.77,
2004-11-19,878.5900268554688,882.1199951171875,863.52001953125,867.030029296875,360700,851.57,850.8,826.09,54.7,15.04,
2004-11-22,857.3300170898438,858.4600219726562,844.1099853515625,849.989990234375,247600,853.66,851.49,826.16,47.7,15.61,
2004-11-23,857.510009765625,862.4299926757812,851.1799926757812,860.4000244140625,285300,855.99,852.26,826.26,51.8,15.38,
2004-11-24,859.5,873.72998046875,855.3499755859375,872.5599975585938,317700,859.13,852.98,826.37,56.1,15.6,
2004-11-25,873.8699951171875,879.9199829101562,871.1199951171875,872.489990234375,257900,861.08,853.39,826.41,56.0,15.11,
2004-11-26,877.8200073242188,883.8499755859375,856.8900146484375,858.1199951171875,310300,862.24,853.53,826.36,49.9,15.96,
2004-11-29,861.1699829101562,867.3699951171875,855.8099975585938,865.4000244140625,315900,863.73,853.82,826.31,52.7,15.64,
2004-11-30,865.780029296875,878.0599975585938,857.8499755859375,878.0599975585938,333100,865.3,854.27,826.31,57.2,15.97,
2004-12-01,874.469970703125,878.9099731445312,871.1300048828125,876.7999877929688,316600,866.08,854.85,826.28,56.6,15.38,
2004-12-02,891.1400146484375,893.510009765625,882.5800170898438,884.0999755859375,335600,867.73,855.39,826.3,59.2,15.48,
2004-12-03,890.5900268554688,893.4199829101562,877.4600219726562,882.5499877929688,331000,868.82,855.9,826.29,58.4,15.51,
2004-12-06,875.530029296875,876.3800048828125,867.7000122070312,870.75,280900,870.05,856.61,826.25,52.7,15.47,
2004-12-07,867.8300170898438,872.3900146484375,861.0700073242188,861.0700073242188,336200,870.9,857.24,826.15,48.5,15.17,
2004-12-08,855.530029296875,871.739990234375,855.0700073242188,871.739990234375,346300,871.46,858.03,826.12,52.9,15.28,
2004-12-09,870.6099853515625,871.8699951171875,855.8800048828125,861.3099975585938,268400,871.46,858.56,826.04,48.5,15.33,
2004-12-10,862.1599731445312,862.77001953125,841.77001953125,844.8499755859375,259800,869.87,858.54,825.94,42.5,15.73,
2004-12-13,841.3400268554688,847.9199829101562,838.0999755859375,844.2000122070312,239800,867.96,857.8,825.83,42.2,15.31,
2004-12-14,846.02001953125,852.260009765625,842.7000122070312,849.4000244140625,277300,866.6,857.09,825.75,44.7,14.9,
2004-12-15,854.989990234375,868.8699951171875,853.6400146484375,868.8400268554688,311200,865.78,856.72,825.68,53.0,15.23,
2004-12-16,869.9199829101562,878.6699829101562,868.9000244140625,873.7000122070312,325700,865.67,856.49,825.55,54.8,14.84,
2004-12-17,874.22998046875,880.9500122070312,868.6099853515625,875.1300048828125,446400,866.07,856.36,825.45,55.3,14.66,
2004-12-20,872.2999877929688,884.489990234375,870.5999755859375,884.3099975585938,359900,867.79,856.43,825.33,58.8,14.61,
2004-12-21,882.9000244140625,887.3800048828125,876.3499755859375,882.8200073242188,350600,868.91,856.92,825.22,58.0,14.35,
2004-12-22,888.2000122070312,890.8099975585938,880.3800048828125,883.3800048828125,325400,869.45,857.47,825.14,58.2,14.07,
2004-12-23,890.3200073242188,890.3200073242188,873.1099853515625,876.8800048828125,272300,869.67,858.07,825.06,54.6,14.3,
2004-12-24,877.4000244140625,879.9199829101562,872.9199829101562,879.9199829101562,283200,870.76,858.83,825.08,55.9,13.77,
2004-12-27,881.8200073242188,882.780029296875,873.8400268554688,876.97998046875,229700,871.34,859.41,825.12,54.2,13.43,
2004-12-28,874.530029296875,881.280029296875,872.3300170898438,878.4299926757812,307700,871.36,859.86,825.27,55.0,13.11,
2004-12-29,869.22998046875,884.27001953125,868.0399780273438,884.27001953125,257900,871.73,860.97,825.43,57.9,13.33,
2004-12-30,886.2000122070312,896.0999755859375,885.4299926757812,895.9199829101562,248600,872.32,862.48,825.65,63.1,13.22,
2005-01-03,896.0,897.5900268554688,890.9299926757812,893.7100219726562,252600,872.88,863.79,825.76,61.5,12.76,
2005-01-04,890.5599975585938,895.4000244140625,884.9400024414062,886.9000244140625,331600,873.69,865.36,825.83,56.9,12.59,
2005-01-05,874.9199829101562,885.2000122070312,873.1799926757812,885.1900024414062,343100,874.89,866.79,825.84,55.8,12.67,
2005-01-06,878.22998046875,886.3099975585938,871.280029296875,871.280029296875,394700,874.87,868.02,825.88,47.5,12.84,
2005-01-07,876.3599853515625,878.8900146484375,866.719970703125,870.8400268554688,294800,875.35,868.77,825.9,47.2,12.79,
2005-01-10,872.8200073242188,875.0,866.1699829101562,874.1799926757812,276000,876.81,869.55,825.96,49.3,12.51,
2005-01-11,874.7899780273438,884.2899780273438,869.9099731445312,884.2899780273438,364400,878.82,870.53,826.12,55.1,12.64,
2005-01-12,884.469970703125,886.7899780273438,878.030029296875,880.030029296875,321600,880.35,871.19,826.2,52.4,12.37,
2005-01-13,881.3900146484375,886.72998046875,876.719970703125,885.5399780273438,290700,881.19,871.68,826.25,55.5,12.2,
2005-01-14,879.8300170898438,905.52001953125,877.4400024414062,905.0999755859375,356800,882.76,872.76,826.41,64.2,13.33,
2005-01-17,915.219970703125,925.010009765625,912.6799926757812,923.0800170898438,416700,885.15,874.01,826.63,70.1,13.8,
2005-01-18,923.52001953125,926.8499755859375,920.0800170898438,920.5700073242188,432800,886.97,875.5,826.81,68.4,13.3,
2005-01-19,923.3599853515625,926.7100219726562,914.2999877929688,916.27001953125,415600,888.64,876.94,826.98,65.5,13.24,
2005-01-20,910.4000244140625,914.9299926757812,907.510009765625,909.3699951171875,467100,889.94,877.92,826.99,61.0,12.92,
2005-01-21,910.0399780273438,920.3499755859375,906.22998046875,919.6099853515625,463500,892.07,879.08,827.04,64.9,13.0,
2005-01-24,918.2100219726562,928.52001953125,911.75,923.1099853515625,527600,894.23,880.01,827.07,66.1,13.27,
2005-01-25,915.9400024414062,918.0800170898438,911.260009765625,915.0999755859375,486500,896.14,880.67,827.12,60.9,13.17,
2005-01-26,918.75,930.2000122070312,917.0900268554688,927.0,492300,898.57,881.68,827.16,65.3,13.31,
2005-01-27,928.6699829101562,930.5900268554688,920.9299926757812,924.8699951171875,500500,900.6,882.47,827.2,63.9,13.05,
2005-01-28,924.0900268554688,924.9099731445312,915.739990234375,921.5900268554688,393200,901.88,883.38,827.22,61.7,12.77,
2005-01-31,920.989990234375,934.0999755859375,920.989990234375,932.7000122070312,466800,903.83,884.69,827.39,65.9,12.79,
2005-02-01,930.1599731445312,931.8599853515625,923.0800170898438,923.6900024414062,434700,905.67,886.17,827.5,60.1,12.57,
2005-02-02,925.97998046875,926.5399780273438,918.4400024414062,921.4400024414062,453700,907.48,887.39,827.51,58.7,12.25,
2005-02-03,922.4299926757812,930.72998046875,921.0399780273438,928.7899780273438,398300,910.36,888.51,827.51,61.8,12.07,
2005-02-04,928.2100219726562,936.4500122070312,926.0999755859375,933.5499877929688,385500,913.49,889.73,827.56,63.7,11.94,
2005-02-07,942.1500244140625,949.4500122070312,941.1400146484375,949.1900024414062,421400,917.24,891.56,827.62,69.2,12.23,
2005-02-11,944.280029296875,947.9400024414062,936.1699829101562,947.22998046875,382000,920.39,893.19,827.76,67.8,12.28,
2005-02-14,957.219970703125,967.7999877929688,954.3599853515625,964.7899780273438,537100,924.63,894.93,828.01,73.0,12.87,
2005-02-15,965.739990234375,968.8800048828125,961.0700073242188,968.8800048828125,547900,928.8,896.77,828.34,74.0,12.51,
2005-02-16,973.6099853515625,979.0,965.5800170898438,971.5599975585938,557300,932.12,898.52,828.82,74.7,12.58,
2005-02-17,972.9000244140625,974.77001953125,968.530029296875,972.5599975585938,511700,934.59,900.32,829.37,75.0,12.13,
2005-02-18,969.1300048828125,984.0999755859375,967.0399780273438,984.0999755859375,543700,937.77,902.59,829.96,77.9,12.48,
2005-02-21,992.4600219726562,992.4600219726562,982.9600219726562,988.7100219726562,629100,941.39,905.14,830.57,78.9,12.26,
2005-02-22,988.6300048828125,990.6199951171875,975.5700073242188,977.7999877929688,631000,944.81,907.26,831.27,70.4,12.46,
2005-02-23,968.1599731445312,971.7100219726562,963.9000244140625,968.4299926757812,483600,947.25,909.4,831.92,64.0,12.57,
2005-02-24,972.9500122070312,989.27001953125,971.5399780273438,987.0999755859375,581300,950.45,912.25,832.9,69.9,13.16,
2005-02-25,994.010009765625,1000.260009765625,990.2000122070312,996.9500122070312,531400,954.55,915.3,833.93,72.4,13.16,
2005-02-28,1003.6500244140625,1011.6500244140625,999.0999755859375,1011.3599853515625,534100,958.76,918.54,834.9,75.7,13.27,
2005-03-02,1015.1599731445312,1015.510009765625,1003.1099853515625,1007.47998046875,721300,962.89,921.31,835.99,73.2,13.21,
2005-03-03,1008.219970703125,1015.280029296875,999.8599853515625,1010.9199829101562,615900,967.36,924.06,837.2,74.0,13.36,
2005-03-04,1013.7899780273438,1016.1799926757812,1007.6799926757812,1012.9600219726562,587300,971.37,926.81,838.62,74.5,13.02,
2005-03-07,1021.6300048828125,1025.0799560546875,998.8900146484375,1007.5,599500,975.56,929.28,839.94,70.6,13.96,
2005-03-08,1010.6199951171875,1012.4000244140625,995.9199829101562,1000.280029296875,588700,979.51,931.63,841.06,65.7,14.14,
2005-03-09,996.8599853515625,1008.7899780273438,990.4400024414062,1008.7899780273438,532600,983.51,934.14,842.26,68.5,14.44,
2005-03-10,1007.2100219726562,1012.8099975585938,998.6599731445312,998.6599731445312,591300,986.76,936.57,843.32,62.0,14.42,
2005-03-11,1006.5,1022.7899780273438,1006.5,1022.7899780273438,699400,990.44,939.43,844.44,69.4,15.11,
2005-03-14,1018.3300170898438,1021.2999877929688,1015.1699829101562,1019.6900024414062,550400,994.07,942.28,845.62,67.6,14.58,
2005-03-15,1024.0799560546875,1024.3399658203125,992.4600219726562,993.1300048828125,741300,995.48,944.58,846.57,54.4,15.81,
2005-03-16,990.5399780273438,997.5700073242188,982.219970703125,993.1300048828125,669600,996.69,946.75,847.45,54.4,15.78,
2005-03-17,983.52001953125,988.3699951171875,972.9000244140625,980.0499877929688,745000,997.12,948.44,848.33,49.0,16.1,
2005-03-18,981.1300048828125,988.3699951171875,977.2899780273438,979.719970703125,664800,997.48,950.16,849.15,48.9,15.74,
2005-03-21,979.3099975585938,986.8800048828125,968.9500122070312,979.27001953125,530900,997.24,952.0,850.03,48.7,15.9,
2005-03-22,978.0900268554688,986.1500244140625,972.9400024414062,980.4099731445312,520600,996.82,953.91,851.08,49.2,15.7,
2005-03-23,974.219970703125,980.6500244140625,964.0800170898438,966.8099975585938,519700,996.27,955.82,852.01,43.3,15.77,
2005-03-24,970.2899780273438,972.8499755859375,949.97998046875,956.3300170898438,542400,995.67,957.53,852.75,39.3,16.27,
2005-03-25,960.6500244140625,965.4199829101562,956.4500122070312,965.2999877929688,594100,994.58,959.35,853.53,44.0,15.76,
2005-03-28,969.47998046875,981.5399780273438,969.47998046875,977.7000122070312,607900,993.61,961.22,854.44,49.8,15.79,
2005-03-29,977.97998046875,978.469970703125,956.3400268554688,958.9600219726562,524500,990.99,962.8,855.32,42.6,16.25,
2005-03-30,952.4000244140625,957.0800170898438,946.4099731445312,955.4500122070312,443000,988.39,964.2,856.34,41.4,15.98,
2005-03-31,969.8499755859375,970.3800048828125,961.5399780273438,965.6799926757812,435300,986.13,965.41,857.48,46.2,15.91,
2005-04-01,963.780029296875,982.489990234375,963.5700073242188,981.9000244140625,480900,984.58,966.58,858.63,52.8,16.12,
2005-04-04,981.0,984.0900268554688,976.280029296875,982.5,458800,983.33,967.82,859.78,53.0,15.53,
2005-04-06,985.6500244140625,990.3400268554688,975.280029296875,988.0,473800,982.71,969.26,860.92,55.1,15.5,
2005-04-07,991.3599853515625,993.030029296875,985.8699951171875,988.9000244140625,571300,981.72,970.85,862.15,55.5,14.9,
2005-04-08,995.8699951171875,996.9000244140625,989.5599975585938,992.1699829101562,489900,981.39,972.3,863.37,56.8,14.41,
2005-04-11,988.2100219726562,988.5,981.739990234375,985.9400024414062,411800,979.55,973.56,864.57,53.5,14.12,
2005-04-12,982.4400024414062,985.989990234375,979.72998046875,981.7899780273438,477500,977.66,974.89,865.78,51.4,13.56,
2005-04-13,985.8200073242188,986.8200073242188,979.3099975585938,981.3099975585938,438100,977.07,975.98,866.87,51.1,13.13,
2005-04-14,973.4000244140625,973.8599853515625,953.9199829101562,953.9199829101562,419600,975.11,976.56,867.74,39.1,14.15,
2005-04-15,954.6099853515625,955.3800048828125,940.0399780273438,947.219970703125,378300,973.46,977.07,868.63,36.9,14.23,
2005-04-18,930.8499755859375,934.3699951171875,917.4099731445312,925.0,367600,970.73,976.92,869.36,30.5,15.35,
2005-04-19,931.5999755859375,936.7000122070312,928.77001953125,932.4500122070312,360800,968.39,977.09,870.09,34.6,15.09,
2005-04-20,940.3599853515625,948.72998046875,930.0599975585938,937.3599853515625,410500,966.23,977.41,870.89,37.2,15.34,
2005-04-21,925.1699829101562,941.6300048828125,916.739990234375,939.1400146484375,443300,964.85,977.62,871.81,38.1,16.02,
2005-04-22,952.7999877929688,952.9600219726562,940.780029296875,940.7899780273438,438300,964.07,977.76,872.73,39.1,15.87,
2005-04-25,936.25,946.8699951171875,932.760009765625,946.1699829101562,387300,963.12,977.7,873.66,42.1,15.74,
2005-04-26,947.3099975585938,949.3300170898438,944.2999877929688,944.4600219726562,429900,961.46,977.65,874.58,41.4,14.98,
2005-04-27,936.3400268554688,936.3699951171875,924.4400024414062,930.1599731445312,398200,960.02,976.95,875.51,36.0,15.34,
2005-04-28,931.3400268554688,931.9600219726562,917.7100219726562,917.72998046875,369800,958.13,975.93,876.36,32.0,15.26,
2005-04-29,907.6300048828125,914.25,902.8800048828125,911.2999877929688,335600,955.41,974.72,877.19,30.1,15.23,
2005-05-02,916.47998046875,918.4500122070312,912.4299926757812,918.4199829101562,298900,952.24,973.64,878.02,34.6,14.65,
2005-05-03,920.9400024414062,923.530029296875,911.1400146484375,913.8200073242188,373000,948.8,972.24,878.91,33.2,14.49,
2005-05-04,916.2899780273438,931.1900024414062,916.2899780273438,929.3499755859375,330700,945.87,971.05,879.89,42.2,14.7,
2005-05-06,933.3800048828125,942.6699829101562,933.239990234375,940.8499755859375,314700,943.47,970.31,880.9,47.8,14.6,
2005-05-09,942.010009765625,942.3200073242188,926.47998046875,935.2000122070312,362500,940.62,969.65,881.82,45.5,14.69,
2005-05-10,939.1799926757812,941.4500122070312,933.5599975585938,934.280029296875,347700,938.04,968.59,882.81,45.1,14.2,
2005-05-11,927.3099975585938,928.4299926757812,921.010009765625,923.3800048828125,268600,935.12,967.12,883.66,40.7,14.13,
2005-05-12,923.260009765625,928.8699951171875,921.2100219726562,921.2100219726562,307800,932.11,965.31,884.55,39.8,13.67,
2005-05-13,918.77001953125,925.0800170898438,910.719970703125,923.1900024414062,295700,930.57,963.63,885.48,41.0,13.72,
2005-05-16,925.4099731445312,935.530029296875,925.0499877929688,929.0399780273438,405500,929.66,961.99,886.45,44.5,13.62,
2005-05-17,938.27001953125,940.7999877929688,921.77001953125,927.1599731445312,288200,929.77,960.28,887.39,43.6,14.01,
2005-05-18,935.1799926757812,937.0,926.969970703125,930.3599853515625,333300,929.67,958.73,888.32,45.6,13.72,
2005-05-19,941.3099975585938,952.739990234375,941.3099975585938,952.0900268554688,366600,930.4,957.77,889.43,56.8,14.34,
2005-05-20,954.6599731445312,956.0599975585938,948.3800048828125,952.1900024414062,341200,931.06,956.64,890.51,56.9,13.87,
2005-05-23,955.0499877929688,955.0499877929688,946.7999877929688,951.0499877929688,315700,931.57,955.68,891.67,56.2,13.47,
2005-05-24,954.9199829101562,955.7100219726562,947.5900268554688,951.6099853515625,321200,931.84,954.26,892.79,56.5,13.08,
2005-05-25,951.3699951171875,955.739990234375,939.6500244140625,941.2999877929688,279800,931.68,952.69,893.85,50.0,13.3,
2005-05-26,940.7100219726562,943.9400024414062,938.8800048828125,943.9099731445312,264500,932.37,951.71,894.86,51.5,12.71,
2005-05-27,953.7999877929688,962.9000244140625,950.739990234375,960.9099731445312,303200,934.53,951.06,895.99,60.0,13.16,
2005-05-30,962.25,969.0399780273438,959.97998046875,969.0399780273438,299300,937.42,950.84,897.13,63.3,12.87,
2005-05-31,968.780029296875,972.1699829101562,960.3900146484375,970.2100219726562,252400,940.01,950.65,898.23,63.8,12.79,
2005-06-01,964.0800170898438,972.5599975585938,963.780029296875,969.510009765625,256700,942.79,950.46,899.32,63.3,12.5,
2005-06-02,976.969970703125,979.3599853515625,970.8800048828125,970.8800048828125,312300,944.87,950.27,900.34,63.9,12.31,
2005-06-03,972.719970703125,976.0900268554688,970.010009765625,976.0900268554688,323000,946.63,950.45,901.34,66.2,11.87,
2005-06-07,975.3900146484375,975.3900146484375,968.280029296875,970.8800048828125,317600,948.41,950.74,902.32,61.9,11.58,
2005-06-08,968.4400024414062,977.5499877929688,968.3599853515625,976.219970703125,340300,950.51,950.96,903.35,64.4,11.41,
2005-06-09,972.75,987.5800170898438,970.969970703125,987.5800170898438,453800,953.72,951.16,904.42,69.2,11.78,
2005-06-10,987.02001953125,994.9000244140625,983.760009765625,990.7899780273438,517800,957.2,951.8,905.43,70.3,11.73,
2005-06-13,993.1400146484375,999.3599853515625,989.760009765625,990.489990234375,405800,960.57,952.5,906.45,70.1,11.58,
2005-06-14,989.6500244140625,994.0700073242188,982.5900268554688,983.75,345800,963.3,952.86,907.43,64.1,11.57,
2005-06-15,984.5800170898438,1001.9400024414062,981.9500122070312,1001.9400024414062,402700,967.04,953.26,908.47,71.2,12.17,
2005-06-16,1000.7100219726562,1006.3200073242188,999.530029296875,1003.1400146484375,475100,970.68,953.67,909.47,71.6,11.79,
2005-06-17,1006.6500244140625,1007.2000122070312,997.4400024414062,1003.6799926757812,451300,973.26,953.99,910.44,71.8,11.65,
2005-06-20,1003.7999877929688,1004.2100219726562,991.469970703125,994.6500244140625,367200,975.38,954.1,911.36,64.1,11.72,
2005-06-21,992.25,997.7999877929688,986.6099853515625,989.989990234375,408200,977.33,954.06,912.28,60.4,11.69,
2005-06-22,988.4600219726562,1003.3400268554688,986.6400146484375,1002.1500244140625,534700,979.86,954.38,913.28,65.9,12.04,
2005-06-23,1002.239990234375,1010.9099731445312,1001.1300048828125,1010.7999877929688,449200,983.33,954.96,914.24,69.1,11.88,
2005-06-24,1001.6199951171875,1007.9500122070312,995.5499877929688,1002.4299926757812,406100,986.26,955.38,915.14,62.9,12.12,
2005-06-27,996.72998046875,997.7100219726562,985.9299926757812,991.1099853515625,401800,987.77,956.13,915.99,55.6,12.44,
2005-06-28,989.5399780273438,995.4500122070312,987.780029296875,994.739990234375,430600,989.05,957.08,916.84,57.3,12.09,
2005-06-29,1000.27001953125,1006.1900024414062,994.2899780273438,999.0800170898438,408300,990.5,958.56,917.74,59.3,12.08,
2005-06-30,997.5900268554688,1009.9600219726562,997.5900268554688,1008.1599731445312,507100,992.43,960.07,918.7,63.2,12.1,
2005-07-01,1003.5599975585938,1018.0399780273438,1002.3800048828125,1018.02001953125,494700,994.78,961.69,919.69,67.0,12.36,
2005-07-04,1022.6699829101562,1024.050048828125,1018.5399780273438,1021.7100219726562,552700,997.07,963.34,920.61,68.2,11.9,
2005-07-05,1023.3200073242188,1025.25,1017.27001953125,1018.8099975585938,568700,999.46,964.9,921.45,66.1,11.62,
2005-07-06,1023.77001953125,1025.239990234375,1015.9400024414062,1019.010009765625,688000,1001.6,966.36,922.28,66.1,11.46,
2005-07-07,1015.760009765625,1029.199951171875,1014.8599853515625,1026.8199462890625,677400,1003.56,968.0,923.17,69.2,11.66,
2005-07-08,1027.0899658203125,1029.3699951171875,1020.4500122070312,1021.9500122070312,614200,1005.12,969.84,924.0,65.2,11.47,
2005-07-11,1034.5899658203125,1043.1800537109375,1033.280029296875,1040.4300537109375,770500,1007.62,972.29,924.96,71.9,12.16,
2005-07-12,1048.43994140625,1051.280029296875,1042.6700439453125,1043.8800048828125,781400,1010.63,974.95,925.9,72.9,12.07,
2005-07-13,1047.530029296875,1050.780029296875,1042.18994140625,1050.1600341796875,744600,1013.04,977.58,926.86,74.7,11.82,
2005-07-14,1056.0,1064.9200439453125,1052.52001953125,1061.9300537109375,599000,1015.98,980.54,927.99,77.7,12.03,
2005-07-15,1065.0899658203125,1066.969970703125,1057.489990234375,1059.5999755859375,567800,1018.77,983.15,929.14,75.8,11.85,
2005-07-18,1061.7099609375,1068.510009765625,1057.030029296875,1062.4300537109375,500600,1022.16,985.58,930.3,76.6,11.82,
2005-07-19,1062.3199462890625,1075.510009765625,1062.1500244140625,1075.47998046875,547700,1026.44,988.38,931.5,79.7,11.93,
2005-07-20,1077.2900390625,1086.949951171875,1068.6500244140625,1074.4000244140625,967800,1030.05,991.19,932.64,78.8,12.39,
2005-07-21,1083.550048828125,1086.0,1068.489990234375,1074.6500244140625,701800,1033.24,994.21,933.61,78.9,12.75,
2005-07-22,1067.5,1076.699951171875,1063.1199951171875,1074.219970703125,684900,1036.83,997.27,934.56,78.4,12.81,
2005-07-25,1075.5,1089.9599609375,1073.6600341796875,1089.699951171875,637500,1041.76,1000.6,935.57,82.2,13.06,
2005-07-26,1089.9599609375,1094.8199462890625,1085.8699951171875,1090.5999755859375,695000,1046.55,1003.83,936.59,82.4,12.77,
2005-07-27,1092.9100341796875,1098.6700439453125,1084.1199951171875,1093.030029296875,630500,1051.25,1007.15,937.65,82.9,12.9,
2005-07-28,1101.8399658203125,1106.43994140625,1097.3800048828125,1104.719970703125,651300,1056.08,1010.64,938.77,85.3,12.93,
2005-07-29,1113.4300537109375,1113.4300537109375,1101.3699951171875,1111.2900390625,546000,1060.74,1013.82,940.04,86.4,12.87,
2005-08-01,1113.9000244140625,1116.75,1107.780029296875,1115.97998046875,501100,1065.45,1017.1,941.33,87.1,12.59,
2005-08-02,1117.2099609375,1118.8499755859375,1110.31005859375,1118.8299560546875,565900,1070.46,1020.45,942.7,87.6,12.3,
2005-08-03,1126.9200439453125,1129.9200439453125,1116.949951171875,1117.1099853515625,656500,1075.36,1023.76,944.07,85.6,12.35,
2005-08-04,1119.760009765625,1122.4599609375,1105.0999755859375,1111.3900146484375,679100,1079.59,1027.17,945.39,79.3,12.71,
2005-08-05,1098.56005859375,1101.1500244140625,1084.22998046875,1089.3599853515625,556900,1082.96,1030.07,946.55,60.7,13.74,
2005-08-08,1081.68994140625,1088.52001953125,1079.6300048828125,1086.6400146484375,390200,1085.27,1032.59,947.84,58.9,13.45,
2005-08-09,1082.760009765625,1099.7900390625,1079.530029296875,1099.77001953125,462100,1088.06,1035.2,949.24,64.5,13.94,
2005-08-10,1103.6099853515625,1114.4000244140625,1100.199951171875,1104.8599853515625,448500,1090.8,1037.9,950.62,66.4,13.99,
2005-08-11,1104.68994140625,1123.77001953125,1104.3499755859375,1123.77001953125,438900,1093.89,1040.98,952.2,72.3,14.38,
2005-08-12,1127.3900146484375,1131.969970703125,1120.3900146484375,1130.219970703125,409300,1097.42,1044.17,953.78,74.0,14.18,
2005-08-16,1131.719970703125,1137.4599609375,1115.8499755859375,1116.9300537109375,407800,1100.15,1046.99,955.32,65.2,14.71,
2005-08-17,1107.27001953125,1114.4200439453125,1100.6800537109375,1113.25,452700,1102.04,1049.83,956.72,63.0,14.82,
2005-08-18,1115.489990234375,1115.8199462890625,1092.3699951171875,1092.7099609375,439400,1102.95,1052.16,958.01,52.2,15.43,
2005-08-19,1088.1500244140625,1092.5799560546875,1078.530029296875,1089.8800048828125,398100,1103.71,1054.21,959.28,50.9,15.35,
2005-08-22,1095.239990234375,1116.6800537109375,1091.760009765625,1116.6800537109375,383400,1105.84,1056.73,960.63,60.8,16.16,
2005-08-23,1118.1700439453125,1121.8900146484375,1108.5899658203125,1115.8399658203125,367000,1107.14,1059.23,961.9,60.4,15.96,
2005-08-24,1111.9000244140625,1111.9100341796875,1088.739990234375,1094.2099609375,339700,1107.32,1061.44,963.12,50.9,16.75,
2005-08-25,1085.5400390625,1104.25,1079.1400146484375,1097.2900390625,337900,1107.54,1063.35,964.3,52.0,17.35,
2005-08-26,1097.550048828125,1103.739990234375,1086.530029296875,1086.550048828125,385600,1106.63,1065.02,965.5,47.8,17.34,
2005-08-29,1068.1400146484375,1073.3699951171875,1059.2099609375,1063.1600341796875,369400,1104.22,1066.21,966.6,40.1,18.06,
2005-08-30,1074.6300048828125,1078.4200439453125,1055.5400390625,1072.6099853515625,331600,1102.05,1067.77,967.66,44.0,18.4,
2005-08-31,1068.8900146484375,1085.1400146484375,1067.300048828125,1083.3299560546875,344600,1100.28,1069.63,968.77,48.2,18.36,
2005-09-01,1093.469970703125,1106.3699951171875,1092.1400146484375,1106.3699951171875,401800,1099.74,1071.72,969.92,55.7,18.69,
2005-09-02,1110.1099853515625,1118.8699951171875,1108.949951171875,1115.8299560546875,362100,1099.96,1073.82,971.08,58.4,18.25,
2005-09-05,1120.3199462890625,1121.8399658203125,1111.949951171875,1114.5,337200,1101.22,1076.06,972.27,57.9,17.65,
2005-09-06,1120.1099853515625,1135.530029296875,1119.219970703125,1122.6500244140625,494900,1103.02,1078.69,973.46,60.3,17.9,
2005-09-07,1136.25,1143.0,1132.8199462890625,1142.989990234375,414600,1105.18,1081.66,974.8,65.5,18.07,
2005-09-08,1152.6800537109375,1153.6300048828125,1135.780029296875,1145.260009765625,464500,1107.2,1084.58,976.19,66.0,18.06,
2005-09-09,1145.47998046875,1152.510009765625,1139.1400146484375,1152.5,373900,1108.64,1087.47,977.7,67.8,17.72,
2005-09-12,1158.0899658203125,1166.800048828125,1156.68994140625,1158.3599853515625,487800,1110.05,1090.27,979.19,69.1,17.48,
2005-09-13,1160.27001953125,1166.219970703125,1150.760009765625,1158.1199951171875,379800,1112.1,1093.0,980.62,69.0,17.33,
2005-09-14,1154.72998046875,1170.77001953125,1152.6099853515625,1170.77001953125,532400,1114.98,1096.04,982.11,72.0,17.39,
2005-09-15,1164.0999755859375,1178.6099853515625,1160.4599609375,1169.5899658203125,516600,1118.82,1099.05,983.67,71.3,17.45,
2005-09-16,1172.4200439453125,1176.06005859375,1164.1300048828125,1174.1300048828125,386000,1123.04,1102.0,985.21,72.4,17.05,
2005-09-20,1192.1099853515625,1192.25,1179.27001953125,1190.9300537109375,422300,1126.75,1105.38,986.77,76.0,17.13,
2005-09-21,1187.949951171875,1199.9100341796875,1185.6199951171875,1196.6700439453125,503500,1130.79,1108.5,988.37,77.1,16.93,
2005-09-22,1190.68994140625,1200.22998046875,1187.4300537109375,1199.969970703125,485700,1136.08,1111.62,989.95,77.8,16.63,
2005-09-23,1198.8900146484375,1199.77001953125,1175.8299560546875,1175.8800048828125,445900,1140.01,1114.14,991.42,63.8,17.17,
2005-09-26,1181.93994140625,1206.4100341796875,1181.93994140625,1206.4100341796875,400000,1146.0,1117.03,993.1,70.9,18.12,
2005-09-27,1209.77001953125,1211.9000244140625,1200.72998046875,1209.6300048828125,488100,1153.33,1120.03,994.84,71.6,17.62,
2005-09-28,1212.489990234375,1228.5699462890625,1209.5699462890625,1228.5699462890625,470400,1161.12,1123.35,996.62,75.0,17.72,
2005-09-29,1230.6400146484375,1232.97998046875,1220.2099609375,1231.219970703125,422800,1168.52,1126.47,998.47,75.5,17.37,
2005-09-30,1237.75,1238.719970703125,1217.699951171875,1221.010009765625,403100,1174.25,1129.4,1000.36,70.2,17.63,
2005-10-04,1228.030029296875,1244.3699951171875,1228.030029296875,1242.780029296875,439400,1180.6,1132.76,1002.35,74.3,18.04,
2005-10-05,1242.489990234375,1246.4100341796875,1222.5699462890625,1227.4000244140625,514800,1186.24,1135.83,1004.24,67.3,18.45,
2005-10-06,1213.4300537109375,1214.5999755859375,1198.4599609375,1202.489990234375,512700,1190.23,1138.08,1005.91,57.7,19.2,
2005-10-07,1195.2900390625,1215.25,1193.739990234375,1201.010009765625,498300,1193.14,1140.29,1007.54,57.2,19.37,
2005-10-10,1210.1099853515625,1228.43994140625,1209.3699951171875,1227.1800537109375,443600,1197.23,1142.97,1009.3,63.5,19.94,
2005-10-11,1221.6800537109375,1244.27001953125,1218.449951171875,1244.27001953125,504000,1201.82,1145.76,1011.1,66.9,20.36,
2005-10-12,1243.22998046875,1245.8499755859375,1214.949951171875,1217.06005859375,598700,1204.75,1147.88,1012.77,57.7,21.12,
2005-10-13,1206.25,1208.0,1186.300048828125,1193.43994140625,615100,1206.52,1149.43,1014.32,51.1,21.8,
2005-10-14,1202.3299560546875,1207.239990234375,1177.6800537109375,1190.1700439453125,576200,1207.49,1150.85,1015.89,50.2,22.36,
2005-10-17,1195.6199951171875,1199.9100341796875,1170.9000244140625,1176.3599853515625,482100,1207.83,1152.04,1017.37,46.7,22.83,
2005-10-18,1182.02001953125,1191.9100341796875,1180.449951171875,1186.219970703125,524500,1208.43,1153.54,1018.92,49.4,22.31,
2005-10-19,1174.68994140625,1174.68994140625,1147.9000244140625,1153.1300048828125,564400,1206.54,1154.81,1020.29,41.7,23.46,
2005-10-20,1169.8499755859375,1173.6800537109375,1157.6700439453125,1162.22998046875,510900,1204.82,1156.32,1021.68,44.3,23.25,
2005-10-21,1146.7099609375,1183.489990234375,1144.780029296875,1183.47998046875,532300,1204.0,1158.0,1023.12,49.9,24.35,
2005-10-24,1188.8599853515625,1193.0799560546875,1176.3299560546875,1184.5999755859375,426300,1204.43,1159.59,1024.57,50.1,23.81,
2005-10-25,1199.6800537109375,1204.3399658203125,1178.5899658203125,1181.280029296875,447700,1203.18,1160.74,1026.05,49.3,23.95,
2005-10-26,1184.5999755859375,1186.219970703125,1170.969970703125,1179.0,405800,1201.65,1161.72,1027.52,48.6,23.33,
2005-10-27,1174.949951171875,1185.699951171875,1165.18994140625,1166.3599853515625,445800,1198.53,1162.71,1028.99,45.1,23.13,
2005-10-28,1148.8800048828125,1149.3499755859375,1137.22998046875,1140.719970703125,341200,1194.01,1163.26,1030.34,39.0,23.56,
2005-10-31,1152.949951171875,1159.6700439453125,1143.199951171875,1158.1099853515625,320500,1190.86,1164.56,1031.76,44.5,23.23,
2005-11-01,1165.77001953125,1191.2900390625,1165.31005859375,1188.949951171875,427200,1188.17,1166.55,1033.28,52.7,23.94,
2005-11-02,1195.010009765625,1208.6600341796875,1191.18994140625,1208.3800048828125,328600,1187.22,1168.38,1034.93,57.0,23.64,
2005-11-03,1220.510009765625,1220.68994140625,1211.9200439453125,1217.969970703125,382100,1188.0,1170.42,1036.59,58.9,22.83,
2005-11-04,1223.3699951171875,1229.1700439453125,1215.030029296875,1221.97998046875,400000,1189.04,1172.98,1038.17,59.8,22.21,
2005-11-07,1226.9599609375,1227.06005859375,1205.47998046875,1218.469970703125,345100,1188.61,1175.4,1039.65,58.6,22.16,
2005-11-08,1219.780029296875,1226.719970703125,1215.0,1226.7099609375,411800,1187.73,1178.2,1041.18,60.5,21.42,
2005-11-09,1224.530029296875,1238.72998046875,1218.97998046875,1227.5899658203125,393700,1188.26,1181.49,1042.74,60.7,21.3,
2005-11-10,1226.780029296875,1235.0799560546875,1224.77001953125,1234.4300537109375,456500,1190.31,1184.73,1044.36,62.4,20.51,
2005-11-11,1246.7099609375,1257.25,1246.7099609375,1256.1199951171875,586800,1193.6,1188.18,1046.04,67.0,20.68,
2005-11-14,1260.280029296875,1262.239990234375,1253.6700439453125,1257.6300048828125,458100,1197.67,1191.21,1047.72,67.3,19.81,
2005-11-15,1254.9200439453125,1257.550048828125,1236.8199462890625,1253.8599853515625,434000,1201.05,1193.97,1049.41,65.7,19.88,
2005-11-16,1248.3399658203125,1267.199951171875,1245.9000244140625,1267.1600341796875,555800,1206.75,1197.02,1051.11,68.6,19.98,
2005-11-17,1266.469970703125,1272.800048828125,1259.9200439453125,1269.3499755859375,489600,1212.11,1199.96,1052.83,69.1,19.48,
2005-11-18,1277.3599853515625,1281.1800537109375,1263.9000244140625,1272.25,559600,1216.55,1202.54,1054.59,69.7,19.32,
2005-11-21,1276.260009765625,1277.8499755859375,1259.0899658203125,1268.800048828125,452400,1220.76,1205.01,1056.27,67.9,19.28,
2005-11-22,1266.22998046875,1266.22998046875,1241.27001953125,1244.5,502500,1223.92,1206.85,1057.87,56.8,19.87,
2005-11-23,1251.9000244140625,1283.5699462890625,1250.469970703125,1282.02001953125,575400,1229.07,1209.33,1059.67,66.0,21.24,
2005-11-24,1290.3499755859375,1297.9599609375,1281.3699951171875,1291.7099609375,556600,1235.34,1212.0,1061.49,67.9,20.91,
2005-11-25,1294.7900390625,1298.25,1285.239990234375,1293.219970703125,527900,1242.96,1214.45,1063.29,68.2,20.34,
2005-11-28,1297.3499755859375,1298.8299560546875,1287.9000244140625,1293.739990234375,469700,1249.74,1216.93,1065.01,68.4,19.67,
2005-11-29,1286.1099853515625,1295.0799560546875,1271.9100341796875,1279.3800048828125,512400,1254.26,1219.04,1066.67,62.0,19.92,
2005-11-30,1283.5799560546875,1300.8800048828125,1283.469970703125,1297.43994140625,493100,1258.72,1221.17,1068.33,66.3,20.03,
2005-12-01,1295.56005859375,1306.02001953125,1288.97998046875,1305.97998046875,465400,1263.12,1223.35,1070.02,68.1,19.82,
2005-12-02,1318.93994140625,1319.280029296875,1309.8599853515625,1310.1199951171875,565200,1267.52,1225.56,1071.71,68.9,19.35,
2005-12-05,1312.56005859375,1315.4100341796875,1306.4300537109375,1315.1500244140625,440600,1272.36,1228.34,1073.43,70.0,18.61,
2005-12-06,1311.9000244140625,1324.219970703125,1304.8800048828125,1321.06005859375,534900,1277.08,1230.63,1075.11,71.3,18.67,
2005-12-07,1319.9599609375,1328.949951171875,1314.3599853515625,1324.75,542800,1281.93,1232.94,1076.79,72.1,18.37,
2005-12-08,1321.510009765625,1328.6400146484375,1310.3399658203125,1324.199951171875,512000,1286.42,1234.85,1078.52,71.7,18.37,
2005-12-09,1319.010009765625,1332.6400146484375,1313.3299560546875,1317.4200439453125,436800,1289.49,1236.57,1080.27,67.8,18.44,
2005-12-12,1321.0699462890625,1337.8199462890625,1321.0699462890625,1333.22998046875,462700,1293.27,1238.82,1082.0,71.7,18.58,
2005-12-13,1337.25,1339.68994140625,1328.239990234375,1336.47998046875,484900,1297.4,1240.69,1083.7,72.4,18.07,
2005-12-14,1346.52001953125,1349.8699951171875,1325.760009765625,1334.27001953125,466000,1300.75,1242.83,1085.31,71.1,18.5,
2005-12-15,1338.1600341796875,1343.050048828125,1326.010009765625,1337.6800537109375,688600,1304.17,1245.53,1086.96,72.0,18.39,
2005-12-16,1322.4000244140625,1330.4599609375,1314.52001953125,1321.0400390625,621700,1306.61,1247.93,1088.51,62.1,18.74,
2005-12-19,1325.6099853515625,1339.47998046875,1320.8800048828125,1339.4000244140625,514000,1310.14,1250.18,1090.14,67.4,18.73,
2005-12-20,1333.0699462890625,1344.31005859375,1331.56005859375,1341.0,523400,1314.96,1252.11,1091.81,67.8,18.3,
2005-12-21,1345.0899658203125,1356.3900146484375,1343.4599609375,1354.1600341796875,498100,1318.57,1254.85,1093.58,71.1,18.09,
2005-12-22,1361.3499755859375,1364.47998046875,1342.0799560546875,1350.8699951171875,532900,1321.53,1258.0,1095.29,69.2,18.4,
2005-12-23,1358.510009765625,1360.0,1347.1400146484375,1359.530029296875,418700,1324.85,1261.39,1097.1,71.4,18.0,
2005-12-26,1363.81005859375,1371.6300048828125,1362.31005859375,1367.5699462890625,382100,1328.54,1265.21,1098.82,73.3,17.58,
2005-12-27,1371.3499755859375,1376.77001953125,1370.030029296875,1373.550048828125,423800,1333.25,1268.96,1100.59,74.7,16.98,
2005-12-28,1357.2900390625,1369.4200439453125,1353.239990234375,1368.1600341796875,368800,1336.78,1273.26,1102.46,71.2,17.22,
2005-12-29,1371.8599853515625,1383.1400146484375,1370.3800048828125,1379.3699951171875,445900,1340.45,1277.6,1104.4,73.9,17.06,
2006-01-02,1383.3199462890625,1389.27001953125,1370.6099853515625,1389.27001953125,396300,1344.41,1281.72,1106.44,76.1,17.17,
2006-01-03,1393.1400146484375,1394.9200439453125,1376.1700439453125,1394.8699951171875,541300,1348.39,1285.93,1108.52,77.2,17.29,
2006-01-04,1408.18994140625,1412.1500244140625,1400.0799560546875,1402.1099853515625,528000,1352.45,1290.34,1110.63,78.6,17.29,
2006-01-05,1405.31005859375,1405.31005859375,1378.9599609375,1395.510009765625,538100,1355.98,1294.67,1112.71,74.1,17.93,
2006-01-06,1399.22998046875,1412.7900390625,1395.260009765625,1412.780029296875,587900,1360.41,1299.6,1114.94,77.7,17.91,
2006-01-09,1421.9000244140625,1421.9000244140625,1405.050048828125,1408.3299560546875,531500,1364.96,1304.95,1117.2,74.8,17.83,
2006-01-10,1413.1400146484375,1417.8399658203125,1388.699951171875,1396.2900390625,476500,1368.11,1309.72,1119.35,67.4,18.64,
2006-01-11,1394.6500244140625,1400.300048828125,1384.27001953125,1394.0899658203125,534600,1370.99,1313.82,1121.43,66.2,18.45,
2006-01-12,1399.6400146484375,1411.8199462890625,1399.0400390625,1402.5799560546875,447900,1374.41,1317.7,1123.65,68.6,18.4,
2006-01-13,1397.1500244140625,1416.280029296875,1388.1500244140625,1416.280029296875,418900,1378.34,1321.67,1125.96,72.2,19.09,
2006-01-16,1423.0799560546875,1425.050048828125,1409.530029296875,1421.7900390625,402100,1383.38,1325.67,1128.24,73.5,18.84,
2006-01-17,1423.760009765625,1426.2099609375,1389.510009765625,1389.5799560546875,473700,1385.88,1329.09,1130.27,56.8,20.12,
2006-01-18,1378.72998046875,1379.4599609375,1333.75,1352.9100341796875,567100,1386.48,1331.61,1132.13,44.5,22.67,
2006-01-19,1357.3199462890625,1367.530029296875,1347.969970703125,1360.6400146484375,408100,1386.8,1334.27,1133.99,47.1,22.44,
2006-01-20,1368.8499755859375,1377.5899658203125,1321.9599609375,1324.780029296875,528400,1385.5,1336.08,1135.67,38.1,24.81,
2006-01-23,1307.4000244140625,1327.260009765625,1285.6300048828125,1297.4300537109375,534800,1382.39,1336.91,1137.2,33.0,26.02,
2006-01-24,1307.3599853515625,1328.3199462890625,1292.8399658203125,1326.8299560546875,540100,1380.36,1338.29,1138.9,42.0,26.69,
2006-01-25,1339.3599853515625,1353.3199462890625,1335.800048828125,1342.5899658203125,510700,1378.81,1340.06,1140.7,46.2,26.68,
2006-01-26,1349.47998046875,1352.8399658203125,1329.6500244140625,1352.75,367800,1378.04,1341.78,1142.56,48.8,26.43,
2006-01-27,1369.0,1384.56005859375,1363.1199951171875,1384.56005859375,469500,1378.3,1344.08,1144.71,55.9,26.81,
2006-01-31,1391.510009765625,1403.300048828125,1381.75,1399.8299560546875,406500,1378.83,1346.63,1146.98,58.9,26.44,
2006-02-01,1390.4300537109375,1398.18994140625,1366.56005859375,1375.969970703125,469700,1377.88,1348.78,1149.23,52.9,26.92,
2006-02-02,1387.5,1389.550048828125,1357.7099609375,1374.43994140625,449600,1376.5,1351.37,1151.44,52.5,27.28,
2006-02-03,1357.1700439453125,1362.3699951171875,1330.6800537109375,1333.5,444600,1373.4,1352.4,1153.42,43.8,28.45,
2006-02-06,1326.22998046875,1342.2099609375,1307.77001953125,1341.6400146484375,378500,1369.84,1353.4,1155.44,45.7,28.88,
2006-02-07,1340.8399658203125,1348.239990234375,1329.5999755859375,1332.280029296875,349800,1366.04,1354.18,1157.39,43.8,28.15,
2006-02-08,1325.6800537109375,1344.3800048828125,1308.8699951171875,1310.989990234375,357000,1361.77,1354.53,1159.22,39.8,28.68,
2006-02-09,1326.8699951171875,1329.4599609375,1313.8199462890625,1321.6600341796875,348000,1358.15,1355.37,1161.1,42.7,27.95,
2006-02-10,1328.4100341796875,1338.3299560546875,1314.93994140625,1335.22998046875,356400,1354.78,1356.13,1163.13,46.1,27.62,
2006-02-13,1338.699951171875,1338.9599609375,1310.3699951171875,1320.7900390625,351500,1350.01,1356.43,1165.14,43.1,27.69,
2006-02-14,1315.1400146484375,1330.050048828125,1303.18994140625,1328.2099609375,286700,1345.33,1356.79,1167.23,45.1,27.63,
2006-02-15,1342.280029296875,1342.4000244140625,1300.760009765625,1303.8399658203125,420000,1341.04,1356.56,1169.16,40.2,28.63,
2006-02-16,1308.0,1320.0999755859375,1299.72998046875,1314.3199462890625,312800,1339.11,1356.43,1171.16,43.1,28.04,
2006-02-17,1325.489990234375,1333.8299560546875,1315.25,1332.72998046875,283800,1337.72,1356.59,1173.17,47.8,27.43,
2006-02-20,1336.010009765625,1357.72998046875,1329.449951171875,1348.25,385400,1338.89,1357.07,1175.21,51.5,27.49,
2006-02-21,1350.449951171875,1352.1700439453125,1339.199951171875,1346.489990234375,385000,1341.34,1357.65,1177.27,51.0,26.46,
2006-02-22,1344.9000244140625,1356.760009765625,1324.4000244140625,1340.5799560546875,363800,1342.03,1357.8,1179.3,49.5,26.88,
2006-02-23,1348.510009765625,1362.030029296875,1346.68994140625,1361.22998046875,342000,1342.96,1358.29,1181.49,54.6,26.49,
2006-02-24,1363.72998046875,1366.7099609375,1352.760009765625,1365.8199462890625,329400,1343.62,1358.92,1183.71,55.7,25.59,
2006-02-27,1365.4100341796875,1374.8900146484375,1360.4599609375,1374.8800048828125,302300,1343.13,1359.67,1185.97,57.8,24.8,
2006-02-28,1377.43994140625,1379.7099609375,1363.9300537109375,1371.5899658203125,296100,1341.72,1360.68,1188.18,56.7,24.15,
2006-03-02,1377.4599609375,1379.300048828125,1367.6800537109375,1367.699951171875,405500,1341.31,1361.24,1190.39,55.5,23.26,
2006-03-03,1365.3499755859375,1367.1700439453125,1325.5899658203125,1328.949951171875,339800,1339.03,1361.0,1192.38,44.5,24.6,
2006-03-06,1332.7099609375,1344.77001953125,1324.3900146484375,1344.760009765625,300000,1339.6,1360.81,1194.34,49.0,24.3,
2006-03-07,1336.469970703125,1336.469970703125,1314.27001953125,1316.6700439453125,297300,1338.35,1360.13,1196.16,42.5,24.74,
2006-03-08,1303.5799560546875,1322.510009765625,1296.780029296875,1314.050048828125,316700,1337.44,1359.22,1197.98,41.9,24.81,
2006-03-09,1313.75,1324.2099609375,1310.5799560546875,1311.2099609375,278400,1337.45,1358.09,1199.78,41.3,24.02,
2006-03-10,1315.1300048828125,1328.719970703125,1308.739990234375,1320.0699462890625,282800,1337.37,1357.02,1201.67,44.1,23.73,
2006-03-13,1332.280029296875,1338.5,1328.56005859375,1338.280029296875,317900,1337.52,1356.43,1203.64,49.5,23.35,
2006-03-14,1339.68994140625,1340.3499755859375,1316.469970703125,1326.300048828125,348700,1337.8,1355.36,1205.47,46.3,23.39,
2006-03-15,1337.2099609375,1342.43994140625,1332.530029296875,1333.97998046875,356100,1338.08,1354.26,1207.29,48.6,22.87,
2006-03-16,1340.5799560546875,1347.1300048828125,1332.550048828125,1335.97998046875,314000,1339.69,1353.08,1209.12,49.2,22.28,
2006-03-17,1331.3800048828125,1342.8299560546875,1320.5400390625,1341.1199951171875,277200,1341.03,1351.86,1210.98,50.8,22.28,
2006-03-20,1339.72998046875,1350.02001953125,1335.219970703125,1346.68994140625,320800,1341.73,1350.88,1212.86,52.5,21.74,
2006-03-21,1347.300048828125,1348.199951171875,1335.449951171875,1336.6500244140625,289600,1341.15,1349.36,1214.66,49.2,21.1,
2006-03-22,1326.739990234375,1326.739990234375,1306.0699462890625,1309.8299560546875,306300,1339.32,1347.39,1216.36,41.5,21.78,
2006-03-23,1321.4000244140625,1327.4200439453125,1300.43994140625,1312.260009765625,333000,1337.9,1345.71,1218.04,42.4,22.15,
2006-03-24,1311.8800048828125,1321.22998046875,1302.469970703125,1321.22998046875,368500,1335.9,1344.25,1219.71,45.6,21.91,
2006-03-27,1317.4599609375,1335.25,1317.25,1330.3399658203125,323600,1334.13,1342.81,1221.4,48.8,21.63,
2006-03-28,1327.6600341796875,1334.1199951171875,1322.1199951171875,1331.31005859375,359700,1331.95,1341.11,1223.11,49.1,20.94,
2006-03-29,1319.239990234375,1337.0799560546875,1314.6300048828125,1332.719970703125,388500,1330.0,1339.33,1224.85,49.6,21.05,
2006-03-30,1339.1099853515625,1342.6600341796875,1332.1800537109375,1338.1400146484375,295000,1328.53,1338.3,1226.53,51.7,20.29,
2006-03-31,1338.5,1360.1300048828125,1337.3499755859375,1359.5999755859375,314800,1330.06,1338.43,1228.32,58.8,20.47,
2006-04-03,1362.3499755859375,1381.6700439453125,1361.1400146484375,1379.75,347100,1331.81,1338.82,1230.2,64.2,20.59,
2006-04-04,1380.489990234375,1388.989990234375,1374.8399658203125,1385.6400146484375,392000,1335.26,1340.03,1232.15,65.6,20.13,
2006-04-05,1390.27001953125,1395.6400146484375,1383.3900146484375,1388.77001953125,387900,1338.99,1341.86,1234.15,66.3,19.56,
2006-04-06,1397.510009765625,1406.030029296875,1388.739990234375,1397.0,425100,1343.28,1343.26,1236.12,68.3,19.4,
2006-04-07,1397.0400390625,1402.3599853515625,1390.6300048828125,1402.3599853515625,336300,1347.4,1344.46,1238.08,69.5,18.85,
2006-04-10,1394.6400146484375,1402.300048828125,1391.6600341796875,1398.2900390625,316200,1350.4,1345.37,1240.06,67.4,18.27,
2006-04-11,1395.27001953125,1397.4599609375,1373.25,1386.0799560546875,314800,1353.39,1345.4,1242.03,61.2,18.75,
2006-04-12,1375.8399658203125,1384.2099609375,1372.239990234375,1383.5899658203125,294000,1355.87,1345.08,1243.98,60.0,18.4,
2006-04-13,1384.030029296875,1405.719970703125,1382.550048828125,1405.719970703125,306700,1359.35,1345.67,1246.01,66.3,18.74,
2006-04-14,1410.489990234375,1434.6800537109375,1405.4599609375,1432.719970703125,339400,1363.93,1346.84,1248.13,72.2,19.49,
2006-04-17,1435.1600341796875,1436.6500244140625,1416.9200439453125,1422.6300048828125,336600,1367.73,1348.62,1250.16,67.5,19.51,
2006-04-18,1415.760009765625,1432.9000244140625,1415.1400146484375,1427.0,321900,1372.25,1350.33,1252.18,68.4,19.38,
2006-04-19,1445.77001953125,1450.9300537109375,1434.8699951171875,1437.8399658203125,409400,1378.65,1352.44,1254.28,70.7,19.71,
2006-04-20,1439.780029296875,1445.199951171875,1430.9200439453125,1434.1500244140625,368800,1384.74,1354.9,1256.35,68.9,19.32,
2006-04-21,1441.1099853515625,1458.3499755859375,1437.699951171875,1451.31005859375,381800,1391.25,1357.49,1258.48,72.5,19.67,
2006-04-24,1448.0400390625,1448.0400390625,1425.75,1430.93994140625,291200,1396.28,1359.41,1260.52,63.2,20.09,
2006-04-25,1426.6800537109375,1441.719970703125,1419.6400146484375,1431.1500244140625,314000,1401.27,1361.61,1262.47,63.2,20.23,
2006-04-26,1433.3800048828125,1451.219970703125,1430.739990234375,1451.219970703125,312300,1407.19,1364.07,1264.51,67.9,20.25,
2006-04-27,1455.0899658203125,1458.6700439453125,1446.3699951171875,1452.530029296875,363500,1412.91,1367.05,1266.52,68.2,19.68,
2006-04-28,1443.6300048828125,1443.6300048828125,1413.699951171875,1419.72998046875,328100,1415.92,1369.16,1268.31,55.0,21.05,
2006-05-02,1419.6400146484375,1435.0,1408.800048828125,1434.9000244140625,296700,1418.68,1371.2,1270.19,59.0,21.42,
2006-05-03,1440.8499755859375,1453.5,1435.1600341796875,1435.1700439453125,301900,1421.15,1372.94,1272.05,59.0,21.22,
2006-05-04,1436.5999755859375,1441.4599609375,1424.719970703125,1441.02001953125,266800,1423.77,1374.83,1273.88,60.6,20.9,
2006-05-08,1459.3900146484375,1461.050048828125,1449.75,1452.22998046875,257200,1426.53,1377.06,1275.77,63.4,20.83,
2006-05-09,1452.010009765625,1461.199951171875,1446.800048828125,1450.43994140625,275900,1428.93,1378.85,1277.65,62.6,20.38,
2006-05-10,1449.719970703125,1455.8299560546875,1441.81005859375,1451.0899658203125,270600,1431.57,1380.55,1279.53,62.8,19.92,
2006-05-11,1448.300048828125,1464.699951171875,1445.8599853515625,1464.699951171875,273400,1435.5,1382.35,1281.41,66.4,19.84,
2006-05-12,1448.5699462890625,1454.1400146484375,1429.9200439453125,1445.199951171875,260800,1438.58,1383.82,1283.18,57.8,20.91,
2006-05-15,1424.5799560546875,1424.5799560546875,1406.8800048828125,1413.97998046875,250700,1439.0,1384.75,1284.78,47.1,22.15,
2006-05-16,1415.81005859375,1416.449951171875,1373.52001953125,1382.1099853515625,285900,1436.47,1385.81,1286.17,39.2,23.64,
2006-05-17,1386.9300537109375,1403.6800537109375,1386.9300537109375,1401.469970703125,270200,1435.41,1386.94,1287.62,45.2,23.49,
2006-05-18,1360.760009765625,1366.780029296875,1356.0400390625,1365.1500244140625,355800,1432.32,1387.91,1288.87,37.7,25.06,
2006-05-19,1364.1800537109375,1372.2900390625,1346.31005859375,1372.2900390625,291400,1429.04,1389.08,1290.14,39.8,25.12,
2006-05-22,1375.949951171875,1376.0799560546875,1338.3699951171875,1338.5899658203125,244400,1424.26,1389.63,1291.24,33.9,26.02,
2006-05-23,1323.97998046875,1334.8499755859375,1314.5899658203125,1329.8599853515625,256200,1418.19,1389.82,1292.34,32.6,25.88,
2006-05-24,1325.93994140625,1335.0899658203125,1303.6700439453125,1333.3800048828125,249800,1413.31,1389.72,1293.56,33.7,26.27,
2006-05-25,1333.6300048828125,1333.6500244140625,1295.469970703125,1295.760009765625,213600,1406.54,1389.11,1294.6,28.2,27.12,
2006-05-26,1315.0999755859375,1326.3399658203125,1312.75,1322.4300537109375,235600,1400.1,1388.88,1295.71,36.2,27.37,
2006-05-29,1333.5899658203125,1340.3299560546875,1327.530029296875,1329.219970703125,224000,1393.94,1388.75,1296.84,38.1,26.69,
2006-05-30,1329.4000244140625,1330.5999755859375,1311.300048828125,1317.699951171875,219700,1388.83,1388.28,1297.81,36.1,26.17,
2006-06-01,1308.43994140625,1319.050048828125,1294.9200439453125,1295.0899658203125,238000,1381.84,1387.25,1298.63,32.6,26.02,
2006-06-02,1312.77001953125,1314.77001953125,1285.4300537109375,1309.0400390625,248500,1375.54,1386.69,1299.59,36.7,26.26,
2006-06-05,1315.77001953125,1315.77001953125,1295.5899658203125,1301.6199951171875,207500,1368.57,1386.53,1300.53,35.5,25.82,
2006-06-07,1273.0699462890625,1279.27001953125,1262.8699951171875,1266.8399658203125,243200,1359.3,1385.62,1301.4,30.3,26.75,
2006-06-08,1259.3900146484375,1262.3599853515625,1223.1300048828125,1223.1300048828125,272300,1347.93,1383.66,1302.07,25.3,27.96,
2006-06-09,1236.800048828125,1240.050048828125,1217.760009765625,1235.6500244140625,230400,1337.16,1381.76,1302.66,28.9,27.55,
2006-06-12,1229.9599609375,1239.8399658203125,1219.1800537109375,1239.8399658203125,194900,1325.92,1379.94,1303.28,30.1,27.06,
2006-06-13,1215.550048828125,1218.3900146484375,1201.5999755859375,1203.8599853515625,189700,1313.85,1377.36,1303.83,26.0,27.86,
2006-06-14,1194.4599609375,1230.02001953125,1192.0899658203125,1221.72998046875,210700,1304.24,1375.03,1304.45,31.1,28.58,
2006-06-15,1232.719970703125,1239.8599853515625,1213.0899658203125,1219.4000244140625,196300,1296.1,1372.23,1305.12,30.8,28.45,
2006-06-16,1246.1099853515625,1264.8699951171875,1245.81005859375,1262.18994140625,234000,1289.14,1369.87,1306.11,41.7,29.67,
2006-06-19,1254.5899658203125,1260.219970703125,1242.199951171875,1251.6700439453125,166300,1283.46,1367.2,1307.01,40.0,28.97,
2006-06-20,1244.5,1244.56005859375,1221.1300048828125,1225.8299560546875,201100,1276.14,1363.94,1307.72,36.2,29.09,
2006-06-21,1229.2900390625,1232.6300048828125,1216.0999755859375,1227.18994140625,188200,1270.57,1360.54,1308.33,36.5,28.19,
2006-06-22,1246.18994140625,1248.280029296875,1236.1500244140625,1238.8299560546875,228000,1266.02,1357.27,1308.94,39.5,27.68,
2006-06-23,1226.27001953125,1228.9599609375,1210.989990234375,1228.6199951171875,187600,1260.78,1353.88,1309.51,37.8,27.69,
2006-06-26,1227.0,1239.5400390625,1221.6500244140625,1238.050048828125,226000,1257.9,1350.92,1310.09,40.4,26.99,
2006-06-27,1245.43994140625,1253.4100341796875,1242.6800537109375,1247.5400390625,196500,1254.15,1348.19,1310.61,42.9,26.16,
2006-06-28,1226.5899658203125,1238.739990234375,1223.1099853515625,1238.7099609375,166000,1249.63,1344.85,1311.08,41.2,26.04,
2006-06-29,1247.800048828125,1267.9000244140625,1247.800048828125,1263.02001953125,205100,1246.89,1341.46,1311.63,47.5,26.26,
2006-06-30,1290.3699951171875,1295.4300537109375,1287.1500244140625,1295.1500244140625,227000,1246.9,1338.91,1312.32,54.5,26.7,
2006-07-03,1294.5699462890625,1298.0400390625,1284.6300048828125,1294.6099853515625,181000,1246.17,1336.26,1313.0,54.4,25.75,
2006-07-04,1304.449951171875,1305.6700439453125,1285.260009765625,1285.9200439453125,190700,1245.39,1333.22,1313.57,52.2,25.37,
2006-07-05,1260.68994140625,1286.469970703125,1259.6199951171875,1279.8499755859375,192700,1246.04,1330.14,1314.12,50.7,25.48,
2006-07-06,1270.8199462890625,1277.3199462890625,1255.02001953125,1263.9599609375,180400,1248.08,1326.39,1314.57,46.8,25.43,
2006-07-07,1274.25,1278.93994140625,1267.989990234375,1273.9300537109375,191900,1249.99,1323.25,1314.99,49.4,24.68,
2006-07-10,1265.5799560546875,1299.4100341796875,1260.75,1299.2900390625,215400,1252.97,1320.61,1315.5,55.4,25.68,
2006-07-11,1296.06005859375,1301.949951171875,1289.1199951171875,1300.43994140625,185900,1257.8,1317.6,1316.0,55.6,24.76,
2006-07-12,1302.989990234375,1311.27001953125,1291.6099853515625,1296.68994140625,200700,1261.54,1314.48,1316.61,54.5,24.4,
2006-07-13,1283.8299560546875,1299.0699462890625,1273.1300048828125,1285.02001953125,186900,1264.83,1311.79,1317.0,51.2,24.51,
2006-07-14,1261.239990234375,1261.239990234375,1246.6500244140625,1255.1300048828125,197500,1264.47,1308.19,1317.23,43.7,25.5,
2006-07-18,1241.5699462890625,1243.5799560546875,1233.0799560546875,1233.4200439453125,188800,1263.56,1304.16,1317.25,39.2,25.25,
2006-07-19,1236.260009765625,1244.5799560546875,1231.050048828125,1233.6500244140625,178600,1263.95,1300.01,1317.27,39.3,24.42,
2006-07-20,1264.030029296875,1273.4200439453125,1260.8900146484375,1273.300048828125,212500,1266.26,1296.43,1317.53,50.1,25.51,
2006-07-21,1260.25,1271.5799560546875,1259.3199462890625,1271.3299560546875,180800,1267.88,1292.85,1317.67,49.6,24.69,
2006-07-24,1258.8699951171875,1267.6300048828125,1245.97998046875,1263.3499755859375,155800,1269.62,1289.09,1317.85,47.7,24.74,
2006-07-25,1278.27001953125,1287.47998046875,1276.5899658203125,1279.77001953125,195200,1271.7,1285.4,1318.24,51.9,24.69,
2006-07-26,1284.5899658203125,1286.219970703125,1277.0799560546875,1279.0799560546875,152800,1273.28,1282.07,1318.63,51.7,23.58,
2006-07-27,1280.6500244140625,1299.800048828125,1277.18994140625,1296.27001953125,208600,1276.16,1279.72,1318.97,56.0,23.51,
2006-07-28,1293.02001953125,1301.68994140625,1292.52001953125,1297.0699462890625,194400,1277.86,1278.02,1319.24,56.2,22.49,
2006-07-31,1313.9100341796875,1316.1199951171875,1297.8199462890625,1297.8199462890625,173400,1277.99,1275.95,1319.64,56.4,22.24,
2006-08-01,1296.7099609375,1306.9100341796875,1286.4300537109375,1287.3599853515625,186800,1277.63,1274.39,1320.11,52.8,22.12,
2006-08-02,1281.9200439453125,1295.1099853515625,1277.31005859375,1295.1099853515625,156700,1278.09,1272.85,1320.63,55.1,21.81,
2006-08-03,1302.449951171875,1304.77001953125,1288.030029296875,1292.050048828125,182400,1278.7,1271.92,1321.21,54.0,21.45,
2006-08-04,1296.5,1305.800048828125,1296.5,1304.510009765625,189500,1280.73,1271.41,1321.8,57.7,20.9,
2006-08-07,1308.3599853515625,1308.5899658203125,1289.22998046875,1289.5400390625,161900,1281.51,1270.53,1322.49,52.3,20.79,
2006-08-08,1290.56005859375,1311.0999755859375,1290.56005859375,1311.0999755859375,198000,1282.1,1270.84,1323.23,58.3,20.84,
2006-08-09,1306.989990234375,1321.550048828125,1297.280029296875,1314.9300537109375,195800,1282.83,1270.69,1323.89,59.3,21.09,
2006-08-10,1310.93994140625,1314.760009765625,1293.530029296875,1304.31005859375,224400,1283.21,1270.19,1324.49,55.4,21.11,
2006-08-11,1312.1800537109375,1317.18994140625,1291.9000244140625,1292.0999755859375,226700,1283.56,1269.68,1325.04,51.2,21.41,
2006-08-14,1295.4300537109375,1303.8900146484375,1287.6500244140625,1295.1099853515625,176500,1285.56,1269.68,1325.62,52.2,21.04,
2006-08-16,1311.56005859375,1319.47998046875,1306.449951171875,1315.6099853515625,231700,1289.67,1269.81,1326.37,58.2,21.28,
2006-08-17,1325.739990234375,1335.4100341796875,1325.739990234375,1327.780029296875,225500,1294.38,1270.33,1327.3,61.3,21.17,
2006-08-18,1330.06005859375,1336.3800048828125,1324.6199951171875,1331.0999755859375,192900,1297.26,1271.62,1328.17,62.2,20.5,
2006-08-21,1333.260009765625,1337.699951171875,1316.510009765625,1321.6700439453125,189300,1299.78,1273.59,1328.83,58.3,20.55,
2006-08-22,1321.760009765625,1336.1099853515625,1321.760009765625,1334.9599609375,185500,1303.36,1275.58,1329.46,61.9,20.11,
2006-08-23,1332.52001953125,1333.1300048828125,1319.949951171875,1324.949951171875,208100,1305.62,1277.28,1330.0,57.9,19.75,
2006-08-24,1322.1600341796875,1322.219970703125,1309.550048828125,1315.72998046875,192300,1307.45,1279.51,1330.47,54.4,19.44,
2006-08-25,1317.6500244140625,1333.8900146484375,1317.1600341796875,1329.3499755859375,201700,1309.11,1281.67,1331.02,58.4,19.35,
2006-08-28,1329.9000244140625,1335.6400146484375,1325.0400390625,1327.8900146484375,189900,1310.65,1283.84,1331.53,57.8,18.72,
2006-08-29,1336.4000244140625,1345.300048828125,1336.4000244140625,1344.6099853515625,261300,1312.99,1285.49,1332.11,62.4,18.63,
2006-08-30,1346.68994140625,1346.989990234375,1337.9599609375,1341.3499755859375,257200,1315.69,1287.28,1332.65,61.0,17.94,
2006-08-31,1348.050048828125,1361.47998046875,1344.5699462890625,1352.739990234375,279300,1318.57,1289.82,1333.13,64.1,18.1,
2006-09-01,1354.77001953125,1357.010009765625,1349.6300048828125,1356.6700439453125,215900,1321.8,1292.41,1333.63,65.1,17.33,
2006-09-04,1363.68994140625,1365.0799560546875,1359.0400390625,1359.06005859375,238700,1324.53,1294.81,1334.15,65.7,16.7,
2006-09-05,1360.969970703125,1362.469970703125,1356.2900390625,1361.239990234375,235700,1328.11,1297.46,1334.62,66.3,15.94,
2006-09-06,1362.449951171875,1364.8599853515625,1353.550048828125,1357.010009765625,219100,1330.41,1299.84,1335.06,64.0,15.61,
2006-09-07,1351.550048828125,1353.6700439453125,1342.5699462890625,1351.1700439453125,251100,1332.22,1301.92,1335.45,60.8,15.53,
2006-09-08,1345.6099853515625,1358.0999755859375,1344.6800537109375,1354.8900146484375,260000,1334.75,1304.24,1335.88,62.1,15.38,
2006-09-11,1357.2900390625,1357.2900390625,1333.8399658203125,1334.0799560546875,248100,1336.85,1305.66,1336.33,51.8,15.96,
2006-09-12,1334.3499755859375,1339.31005859375,1323.9000244140625,1328.0400390625,266800,1338.5,1306.32,1336.56,49.2,15.92,
2006-09-13,1341.6199951171875,1342.3800048828125,1332.8699951171875,1333.1300048828125,249300,1339.37,1307.09,1336.77,51.4,15.8,
2006-09-14,1333.6600341796875,1358.75,1329.1099853515625,1358.75,288800,1340.92,1308.55,1337.1,60.6,16.79,
2006-09-15,1355.0799560546875,1361.199951171875,1351.260009765625,1361.0999755859375,342900,1342.42,1310.17,1337.43,61.3,16.3,
2006-09-18,1360.6600341796875,1378.0400390625,1358.5699462890625,1374.300048828125,305500,1345.05,1312.38,1337.91,65.1,16.53,
2006-09-19,1375.22998046875,1378.989990234375,1370.43994140625,1373.949951171875,237300,1347.0,1314.38,1338.29,65.0,15.96,
2006-09-20,1366.510009765625,1369.1800537109375,1355.0400390625,1366.43994140625,233700,1349.08,1315.72,1338.59,61.0,16.17,
2006-09-21,1373.3499755859375,1378.7900390625,1363.47998046875,1366.7900390625,237500,1351.63,1317.05,1338.88,61.1,16.11,
2006-09-22,1358.449951171875,1360.1800537109375,1343.27001953125,1348.3800048828125,250100,1352.58,1318.08,1339.04,52.0,16.64,
2006-09-25,1347.8800048828125,1357.68994140625,1345.56005859375,1355.2099609375,202000,1353.95,1319.49,1339.21,54.7,16.32,
2006-09-26,1360.8800048828125,1361.56005859375,1338.97998046875,1343.969970703125,241600,1353.91,1321.26,1339.31,49.7,16.76,
2006-09-27,1352.219970703125,1361.1199951171875,1351.8299560546875,1360.030029296875,242700,1354.85,1323.79,1339.49,55.9,16.79,
2006-09-28,1362.719970703125,1372.219970703125,1359.469970703125,1371.4300537109375,228200,1355.78,1326.55,1339.76,59.6,16.5,
2006-09-29,1375.3800048828125,1377.3699951171875,1367.780029296875,1371.4100341796875,248300,1356.52,1328.51,1339.95,59.6,16.01,
2006-10-02,1370.27001953125,1380.9100341796875,1367.739990234375,1374.219970703125,231200,1357.28,1330.57,1340.14,60.6,15.81,
2006-10-04,1366.1600341796875,1371.719970703125,1345.8299560546875,1352.0,223100,1356.82,1332.34,1340.23,50.4,16.7,
2006-10-09,1356.5899658203125,1365.010009765625,1303.6199951171875,1319.4000244140625,400300,1354.93,1333.14,1340.14,39.8,19.9,
2006-10-10,1322.43994140625,1334.4100341796875,1322.43994140625,1328.3699951171875,251500,1353.79,1334.12,1340.17,43.3,19.55,
2006-10-11,1317.6800537109375,1332.280029296875,1315.8399658203125,1325.489990234375,198400,1352.32,1334.71,1340.1,42.5,19.33,
2006-10-12,1325.699951171875,1337.699951171875,1323.800048828125,1331.780029296875,257000,1352.21,1335.4,1340.06,45.0,18.94,
2006-10-13,1349.5,1353.9300537109375,1345.969970703125,1348.5999755859375,305300,1353.24,1336.42,1340.03,51.3,19.17,
2006-10-16,1356.5899658203125,1358.8800048828125,1350.800048828125,1356.719970703125,208600,1354.42,1337.8,1340.06,54.0,18.53,
2006-10-17,1360.56005859375,1360.56005859375,1339.8900146484375,1351.300048828125,308600,1354.04,1338.93,1340.02,51.9,18.69,
2006-10-18,1345.5999755859375,1355.9200439453125,1338.0,1354.260009765625,279700,1353.7,1340.17,1339.95,53.0,18.63,
2006-10-19,1356.6099853515625,1358.949951171875,1350.3599853515625,1354.06005859375,295200,1352.69,1341.16,1339.85,52.9,17.91,
2006-10-20,1357.3699951171875,1366.93994140625,1357.1400146484375,1364.239990234375,269200,1352.21,1342.66,1339.83,56.7,17.55,
2006-10-23,1367.1400146484375,1369.8499755859375,1358.9300537109375,1364.949951171875,240400,1352.13,1343.73,1339.76,57.0,17.08,
2006-10-24,1373.5699462890625,1374.4300537109375,1364.0699462890625,1366.5,244700,1352.12,1344.76,1339.65,57.6,16.6,
2006-10-25,1368.3599853515625,1375.010009765625,1365.800048828125,1371.4300537109375,231800,1353.27,1346.11,1339.53,59.6,16.07,
2006-10-26,1373.989990234375,1377.4000244140625,1369.6600341796875,1373.6500244140625,241700,1354.19,1347.74,1339.39,60.4,15.48,
2006-10-27,1378.06005859375,1379.510009765625,1362.43994140625,1369.0899658203125,205000,1355.45,1349.22,1339.26,57.7,15.59,
2006-10-30,1363.3399658203125,1363.3399658203125,1353.4599609375,1356.1099853515625,159700,1355.25,1350.03,1338.97,50.5,15.59,
2006-10-31,1356.9100341796875,1364.8299560546875,1351.0799560546875,1364.550048828125,255800,1354.91,1350.76,1338.75,54.5,15.46,
2006-11-01,1372.030029296875,1378.1099853515625,1366.5999755859375,1374.3499755859375,233300,1355.05,1351.63,1338.64,58.6,15.33,
2006-11-02,1371.510009765625,1383.72998046875,1370.300048828125,1383.72998046875,218300,1355.53,1352.87,1338.59,62.1,15.19,
2006-11-03,1385.1700439453125,1385.3900146484375,1379.260009765625,1383.8800048828125,215300,1357.12,1353.85,1338.5,62.2,14.54,
2006-11-06,1379.3699951171875,1379.3699951171875,1363.7099609375,1379.18994140625,209600,1360.11,1354.93,1338.31,59.3,14.95,
2006-11-07,1389.1199951171875,1392.510009765625,1385.4100341796875,1387.43994140625,213100,1363.07,1356.37,1338.14,62.6,14.83,
2006-11-08,1391.22998046875,1393.510009765625,1379.3399658203125,1380.0699462890625,197700,1365.79,1357.38,1338.09,58.0,14.78,
2006-11-09,1382.4000244140625,1399.43994140625,1382.1099853515625,1399.43994140625,197500,1369.18,1358.81,1338.33,65.2,15.11,
2006-11-10,1393.8800048828125,1399.8699951171875,1391.68994140625,1395.72998046875,168500,1371.53,1359.83,1338.5,63.0,14.61,
2006-11-13,1399.510009765625,1399.97998046875,1386.760009765625,1396.68994140625,178600,1373.53,1360.94,1338.86,63.3,14.52,
2006-11-14,1402.9200439453125,1407.5400390625,1400.739990234375,1407.3699951171875,205400,1376.34,1362.03,1339.41,67.1,14.25,
2006-11-15,1412.0699462890625,1413.68994140625,1406.8599853515625,1412.5400390625,236700,1379.25,1363.15,1339.84,68.7,13.72,
2006-11-16,1417.6800537109375,1417.6800537109375,1409.219970703125,1410.75,259300,1382.08,1364.18,1340.18,67.5,13.35,
2006-11-17,1414.1700439453125,1416.4000244140625,1407.260009765625,1412.219970703125,250400,1384.48,1365.2,1340.48,68.0,13.05,
2006-11-20,1413.739990234375,1413.8800048828125,1400.8299560546875,1402.2099609375,232500,1386.35,1366.11,1340.57,60.8,13.05,
2006-11-21,1402.75,1406.5799560546875,1399.969970703125,1405.9000244140625,277300,1388.32,1367.2,1340.6,62.4,12.59,
2006-11-22,1405.3399658203125,1422.5400390625,1405.2099609375,1422.5400390625,247200,1390.87,1368.56,1340.83,68.5,12.93,
2006-11-23,1419.510009765625,1424.3299560546875,1414.800048828125,1419.22998046875,237500,1393.15,1370.26,1341.05,66.2,12.68,
2006-11-24,1419.989990234375,1424.8199462890625,1411.27001953125,1421.72998046875,314600,1395.78,1372.13,1341.5,67.1,12.75,
2006-11-27,1419.800048828125,1425.1300048828125,1415.219970703125,1425.1300048828125,297900,1399.23,1373.97,1341.91,68.4,12.54,
2006-11-28,1407.52001953125,1413.7099609375,1404.6700439453125,1411.469970703125,252400,1401.58,1375.03,1342.31,58.8,13.11,
2006-11-29,1413.9100341796875,1424.9100341796875,1413.5400390625,1422.550048828125,254300,1403.99,1376.26,1342.87,63.3,13.13,
2006-11-30,1427.6700439453125,1434.8499755859375,1427.6700439453125,1432.2099609375,252200,1406.41,1377.41,1343.42,66.7,13.07,
2006-12-01,1433.4000244140625,1436.800048828125,1428.239990234375,1434.3599853515625,231100,1408.94,1378.62,1343.91,67.4,12.75,
2006-12-04,1431.010009765625,1433.280029296875,1426.3399658203125,1426.4599609375,197300,1411.3,1379.82,1344.44,62.1,12.41,
2006-12-05,1432.969970703125,1436.68994140625,1420.4000244140625,1420.5899658203125,300800,1412.96,1380.9,1344.9,58.4,12.69,
2006-12-06,1422.75,1423.0699462890625,1399.6800537109375,1413.72998046875,237500,1414.64,1382.21,1345.45,54.3,13.45,
2006-12-07,1411.72998046875,1416.1300048828125,1407.6600341796875,1410.300048828125,237400,1415.19,1383.31,1345.93,52.3,13.1,
2006-12-08,1400.97998046875,1400.97998046875,1386.260009765625,1390.4300537109375,221700,1414.92,1384.24,1346.22,42.7,13.88,
2006-12-11,1390.260009765625,1396.1500244140625,1389.6500244140625,1390.72998046875,213300,1414.62,1384.85,1346.44,42.8,13.35,
2006-12-12,1392.219970703125,1392.9000244140625,1373.030029296875,1376.97998046875,195300,1413.1,1384.96,1346.59,37.3,13.82,
2006-12-13,1375.31005859375,1386.68994140625,1373.52001953125,1383.280029296875,186900,1411.64,1385.2,1346.8,41.1,13.77,
2006-12-14,1385.5,1418.3800048828125,1376.8699951171875,1418.3800048828125,250200,1412.02,1386.08,1347.09,56.6,15.75,
2006-12-15,1418.530029296875,1425.780029296875,1412.1700439453125,1421.8699951171875,319500,1412.5,1387.48,1347.37,57.8,15.6,
2006-12-18,1427.1400146484375,1437.6400146484375,1427.1400146484375,1433.22998046875,244600,1414.05,1389.76,1347.66,61.5,15.61,
2006-12-19,1431.0699462890625,1436.4000244140625,1425.5999755859375,1427.760009765625,215400,1415.15,1391.74,1347.94,58.8,15.27,
2006-12-20,1429.77001953125,1445.5,1429.77001953125,1442.280029296875,240500,1416.13,1394.08,1348.31,63.4,15.44,
2006-12-21,1444.4100341796875,1445.510009765625,1434.469970703125,1436.469970703125,193000,1417.0,1396.17,1348.85,60.5,15.13,
2006-12-22,1432.030029296875,1439.27001953125,1432.030029296875,1437.489990234375,218300,1417.78,1397.95,1349.31,60.8,14.57,
2006-12-26,1434.5799560546875,1441.2099609375,1422.3699951171875,1433.9200439453125,218700,1418.22,1399.5,1349.9,58.9,14.87,
2006-12-27,1426.800048828125,1427.719970703125,1418.77001953125,1425.0999755859375,175900,1418.91,1400.97,1350.46,54.4,14.89,
2006-12-28,1433.6300048828125,1437.47998046875,1425.8399658203125,1434.4599609375,160600,1419.5,1402.58,1351.07,58.1,14.71,
2007-01-02,1438.8900146484375,1439.7099609375,1430.06005859375,1435.260009765625,147700,1419.65,1404.2,1351.65,58.4,14.35,
2007-01-03,1436.4200439453125,1437.7900390625,1409.31005859375,1409.3499755859375,203200,1418.4,1405.1,1352.0,46.5,15.36,
2007-01-04,1410.550048828125,1411.1199951171875,1388.5,1397.2900390625,241200,1416.95,1405.75,1352.36,42.2,15.88,
2007-01-05,1398.5999755859375,1400.5899658203125,1372.3599853515625,1385.760009765625,277300,1415.2,1406.13,1352.62,38.5,16.76,
2007-01-08,1376.760009765625,1384.6500244140625,1366.47998046875,1370.81005859375,177600,1413.06,1406.12,1352.79,34.3,16.94,
2007-01-09,1376.7099609375,1381.989990234375,1367.739990234375,1374.3399658203125,216800,1411.26,1406.13,1352.96,36.1,16.75,
2007-01-10,1372.52001953125,1372.52001953125,1345.0799560546875,1355.7900390625,225500,1409.53,1405.87,1353.0,31.3,17.64,
2007-01-11,1357.5699462890625,1375.31005859375,1355.6300048828125,1365.31005859375,211800,1408.26,1406.05,1353.15,36.0,17.79,
2007-01-12,1379.0,1389.0,1372.8699951171875,1388.3699951171875,213800,1408.83,1406.53,1353.54,45.6,18.21,
2007-01-15,1396.8699951171875,1397.6400146484375,1385.81005859375,1390.9599609375,163900,1409.21,1406.86,1353.93,46.6,17.75,
2007-01-16,1392.0,1393.4200439453125,1385.199951171875,1389.7099609375,171300,1407.78,1406.98,1354.27,46.2,17.07,
2007-01-17,1391.75,1391.75,1369.0799560546875,1379.47998046875,205400,1405.66,1406.89,1354.52,42.7,17.47,
2007-01-18,1378.3699951171875,1385.219970703125,1372.9300537109375,1383.2099609375,181200,1403.16,1406.97,1354.78,44.3,17.1,
2007-01-19,1369.0899658203125,1372.6300048828125,1356.219970703125,1360.56005859375,222700,1399.8,1406.44,1354.92,37.3,17.81,
2007-01-22,1363.8399658203125,1364.6700439453125,1348.4599609375,1363.4100341796875,191000,1395.85,1406.1,1355.05,38.7,17.69,
2007-01-23,1353.06005859375,1367.030029296875,1352.5,1363.0899658203125,184000,1392.18,1405.38,1355.06,38.6,17.47,
2007-01-24,1369.9599609375,1383.75,1369.02001953125,1383.06005859375,197900,1389.46,1405.12,1355.08,47.5,17.7,
2007-01-25,1392.550048828125,1392.550048828125,1379.6600341796875,1382.3599853515625,157000,1386.88,1404.84,1355.06,47.2,17.35,
2007-01-26,1372.3599853515625,1378.47998046875,1366.0999755859375,1371.3299560546875,160900,1384.2,1404.12,1354.98,43.2,17.27,
2007-01-29,1376.47998046875,1378.280029296875,1361.22998046875,1363.0999755859375,136300,1380.63,1403.13,1354.81,40.5,17.26,
2007-01-30,1365.0,1371.5899658203125,1360.4200439453125,1370.719970703125,161300,1377.4,1402.33,1354.65,44.0,16.82,
2007-01-31,1374.760009765625,1374.760009765625,1357.8699951171875,1360.22998046875,192300,1374.94,1401.29,1354.46,40.4,16.83,
2007-02-01,1367.0699462890625,1382.9000244140625,1362.0400390625,1382.9000244140625,168200,1374.22,1400.9,1354.44,49.9,17.25,
2007-02-02,1386.780029296875,1413.3399658203125,1386.06005859375,1413.1400146484375,219200,1375.59,1401.04,1354.59,59.2,18.19,
2007-02-05,1413.77001953125,1420.4200439453125,1409.7099609375,1417.949951171875,181600,1377.95,1400.95,1354.65,60.5,17.65,
2007-02-06,1416.6500244140625,1428.9100341796875,1414.5799560546875,1428.5799560546875,188900,1380.66,1401.14,1354.63,63.2,17.42,
2007-02-07,1430.8499755859375,1431.25,1419.47998046875,1426.2900390625,193200,1384.19,1401.23,1354.65,62.2,17.01,
2007-02-08,1424.989990234375,1431.010009765625,1416.050048828125,1423.5799560546875,189000,1387.1,1401.2,1354.63,61.0,16.87,
2007-02-09,1424.489990234375,1432.2900390625,1422.969970703125,1427.6800537109375,227600,1389.07,1401.52,1354.58,62.2,16.33,
2007-02-12,1416.8399658203125,1416.8399658203125,1403.75,1414.2900390625,209300,1390.23,1401.36,1354.48,56.1,16.87,
2007-02-13,1412.719970703125,1424.6600341796875,1410.81005859375,1418.43994140625,219300,1391.67,1401.08,1354.32,57.5,16.65,
2007-02-14,1430.02001953125,1440.510009765625,1430.010009765625,1436.0999755859375,214700,1394.5,1401.12,1354.34,62.9,17.04,
2007-02-15,1450.550048828125,1450.8399658203125,1441.7900390625,1443.6300048828125,216100,1397.52,1401.46,1354.4,64.9,16.88,
2007-02-16,1444.4599609375,1448.9599609375,1439.030029296875,1448.81005859375,207200,1401.93,1402.03,1354.39,66.3,16.38,
2007-02-20,1450.9599609375,1453.25,1443.969970703125,1452.9599609375,220500,1406.41,1402.81,1354.39,67.4,15.87,
2007-02-21,1455.1800537109375,1457.3699951171875,1444.8399658203125,1451.3800048828125,258200,1410.83,1403.63,1354.55,66.5,15.64,
2007-02-22,1452.7099609375,1471.0400390625,1452.6199951171875,1465.4100341796875,310300,1414.94,1405.13,1354.71,70.3,15.92,
2007-02-23,1470.43994140625,1471.0400390625,1459.81005859375,1469.8800048828125,310600,1419.32,1406.71,1354.88,71.4,15.59,
2007-02-26,1466.9200439453125,1470.949951171875,1462.18994140625,1470.030029296875,261800,1424.25,1408.58,1355.02,71.4,15.1,
2007-02-27,1468.280029296875,1468.280029296875,1453.8499755859375,1454.5999755859375,261600,1428.83,1410.0,1355.04,62.2,15.18,
2007-02-28,1396.43994140625,1417.3399658203125,1393.9599609375,1417.3399658203125,324100,1431.16,1409.98,1354.87,46.6,18.42,
2007-03-05,1400.800048828125,1404.22998046875,1375.8399658203125,1376.1500244140625,232600,1431.96,1409.07,1354.5,35.8,20.07,
2007-03-06,1382.699951171875,1403.75,1382.699951171875,1402.9300537109375,239200,1432.96,1408.46,1354.19,44.7,20.61,
2007-03-07,1415.3499755859375,1415.5,1397.8299560546875,1410.949951171875,254200,1432.85,1408.12,1354.02,47.1,20.4,
2007-03-08,1409.02001953125,1433.1500244140625,1408.3399658203125,1423.8900146484375,285800,1433.15,1407.76,1354.07,50.8,20.72,
2007-03-09,1433.27001953125,1434.699951171875,1415.7099609375,1423.5799560546875,227400,1432.9,1407.5,1354.27,50.7,20.59,
2007-03-12,1429.6800537109375,1441.8299560546875,1429.6800537109375,1441.3299560546875,245100,1433.65,1407.58,1354.47,55.6,20.42,
2007-03-13,1441.5999755859375,1442.0400390625,1433.6700439453125,1436.050048828125,256400,1434.27,1407.62,1354.83,53.9,19.56,
2007-03-14,1409.6600341796875,1416.800048828125,1405.1300048828125,1407.3699951171875,259300,1433.26,1407.26,1355.0,45.6,20.37,
2007-03-15,1418.77001953125,1429.3800048828125,1414.97998046875,1426.9300537109375,254400,1433.89,1407.11,1355.44,51.1,20.49,
2007-03-16,1428.6300048828125,1431.75,1416.300048828125,1427.8800048828125,304100,1434.36,1406.97,1355.93,51.4,20.13,
2007-03-19,1425.219970703125,1444.760009765625,1420.8900146484375,1443.3900146484375,280800,1434.72,1407.65,1356.48,55.5,20.4,
2007-03-20,1449.4300537109375,1449.7900390625,1440.4200439453125,1444.1700439453125,364500,1434.75,1408.58,1357.23,55.7,19.61,
2007-03-21,1446.0699462890625,1452.050048828125,1435.3599853515625,1442.8499755859375,343000,1434.45,1409.73,1357.83,55.2,19.4,
2007-03-22,1452.1300048828125,1456.1800537109375,1447.7900390625,1448.530029296875,301000,1434.23,1411.28,1358.42,56.9,18.97,
2007-03-23,1449.989990234375,1454.3399658203125,1443.0400390625,1447.3800048828125,278900,1434.03,1412.74,1359.07,56.4,18.42,
2007-03-26,1451.1199951171875,1455.510009765625,1444.25,1449.77001953125,312600,1433.25,1414.62,1359.85,57.2,17.91,
2007-03-27,1450.02001953125,1456.3900146484375,1442.489990234375,1453.22998046875,259900,1432.42,1416.38,1360.57,58.3,17.62,
2007-03-28,1451.469970703125,1456.780029296875,1433.1199951171875,1439.739990234375,298000,1430.9,1417.41,1361.26,52.5,18.05,
2007-03-29,1434.5799560546875,1453.1099853515625,1432.800048828125,1450.949951171875,283100,1430.72,1418.61,1362.18,56.4,18.22,
2007-03-30,1457.5799560546875,1459.68994140625,1447.8499755859375,1452.550048828125,288400,1432.48,1419.86,1363.33,56.9,17.76,
2007-04-02,1456.18994140625,1464.9300537109375,1456.06005859375,1459.530029296875,303500,1436.65,1421.46,1364.44,59.3,17.38,
2007-04-03,1463.4100341796875,1464.47998046875,1452.56005859375,1463.75,340700,1439.69,1423.08,1365.56,60.7,16.99,
2007-04-04,1474.6500244140625,1484.8599853515625,1471.050048828125,1483.4100341796875,354000,1443.31,1425.53,1366.96,66.6,17.28,
2007-04-05,1485.530029296875,1485.77001953125,1478.449951171875,1482.0400390625,328400,1446.22,1427.9,1368.26,65.8,16.57,
2007-04-06,1487.72998046875,1488.5799560546875,1477.68994140625,1484.1500244140625,313700,1449.25,1430.33,1369.59,66.5,16.16,
2007-04-09,1489.7900390625,1501.06005859375,1489.1300048828125,1501.06005859375,388200,1452.24,1432.69,1370.78,71.0,16.22,
2007-04-10,1500.7900390625,1502.3399658203125,1492.3499755859375,1499.1600341796875,359300,1455.39,1435.02,1372.02,69.8,15.77,
2007-04-11,1508.6800537109375,1519.31005859375,1507.5699462890625,1513.4200439453125,386800,1460.69,1437.86,1373.46,73.3,16.08,
2007-04-12,1510.27001953125,1525.6099853515625,1507.56005859375,1525.6099853515625,360200,1465.63,1441.11,1374.95,75.8,16.23,
2007-04-13,1523.8199462890625,1526.0899658203125,1512.3599853515625,1520.780029296875,426200,1470.27,1444.12,1376.36,72.9,16.05,
2007-04-16,1523.8900146484375,1533.0899658203125,1519.300048828125,1532.0400390625,462200,1474.71,1447.55,1377.88,75.3,15.89,
2007-04-17,1538.8900146484375,1538.8900146484375,1524.3299560546875,1528.6600341796875,422600,1478.93,1450.47,1379.33,73.2,15.79,
2007-04-18,1532.5699462890625,1538.2900390625,1530.02001953125,1534.5799560546875,352500,1483.52,1452.9,1380.76,74.5,15.35,
2007-04-19,1536.8900146484375,1537.4300537109375,1506.1400146484375,1513.6600341796875,363700,1486.77,1454.81,1382.14,62.5,16.49,
2007-04-20,1518.5799560546875,1533.0899658203125,1518.5799560546875,1533.0799560546875,397500,1491.06,1456.9,1383.49,67.7,16.7,
2007-04-23,1545.449951171875,1554.5,1538.3299560546875,1544.3499755859375,387000,1495.79,1459.26,1384.74,70.3,17.04,
2007-04-24,1545.6099853515625,1557.6500244140625,1538.1099853515625,1556.7099609375,393500,1500.96,1461.92,1386.05,72.9,17.22,
2007-04-25,1558.199951171875,1558.719970703125,1536.1199951171875,1545.550048828125,445500,1506.25,1464.28,1387.34,67.2,17.6,
2007-04-26,1560.219970703125,1565.030029296875,1553.1300048828125,1553.1300048828125,391600,1511.36,1467.06,1388.71,69.0,17.73,
2007-04-27,1547.199951171875,1553.22998046875,1537.3699951171875,1542.52001953125,356400,1515.86,1469.54,1390.1,63.8,17.6,
2007-04-30,1538.68994140625,1542.25,1530.6700439453125,1542.239990234375,316000,1520.0,1471.66,1391.44,63.7,17.19,
2007-05-02,1550.3900146484375,1555.6199951171875,1546.5999755859375,1553.300048828125,274300,1524.47,1473.86,1392.72,66.7,16.92,
2007-05-03,1563.4200439453125,1564.010009765625,1555.280029296875,1559.8599853515625,249700,1528.3,1476.08,1394.01,68.4,16.47,
2007-05-04,1563.1600341796875,1567.739990234375,1556.6199951171875,1567.739990234375,254500,1532.58,1478.37,1395.37,70.3,16.09,
2007-05-07,1574.8599853515625,1585.699951171875,1574.8599853515625,1584.4599609375,434500,1537.6,1481.03,1396.86,73.9,16.23,
2007-05-08,1585.52001953125,1589.0699462890625,1577.1800537109375,1582.6500244140625,384000,1541.68,1483.38,1398.5,72.9,15.92,
2007-05-09,1582.9100341796875,1593.4200439453125,1578.5799560546875,1593.4200439453125,358500,1546.39,1485.85,1400.3,75.1,15.84,
2007-05-10,1602.56005859375,1616.06005859375,1599.6800537109375,1599.6800537109375,408600,1550.7,1488.44,1402.13,76.3,16.32,
2007-05-11,1588.0899658203125,1604.6300048828125,1582.760009765625,1603.56005859375,373600,1554.6,1491.42,1403.78,77.1,16.72,
2007-05-14,1612.72998046875,1622.1600341796875,1599.8699951171875,1605.77001953125,477800,1558.85,1495.19,1405.46,77.5,17.12,
2007-05-15,1600.9100341796875,1611.9300537109375,1589.239990234375,1589.3699951171875,480300,1561.71,1499.45,1407.09,67.3,17.52,
2007-05-16,1591.0699462890625,1600.719970703125,1586.0,1600.5999755859375,417100,1565.31,1503.41,1408.69,70.2,17.32,
2007-05-17,1614.0,1616.0,1608.2099609375,1615.5799560546875,450600,1569.36,1507.5,1410.37,73.6,17.18,
2007-05-18,1613.1199951171875,1617.77001953125,1600.239990234375,1612.25,454800,1574.29,1511.27,1411.95,71.6,17.2,
2007-05-21,1602.6400146484375,1628.6800537109375,1602.6400146484375,1628.199951171875,512800,1579.05,1515.36,1413.61,75.0,17.84,
2007-05-22,1634.0899658203125,1643.1099853515625,1627.010009765625,1642.8800048828125,529300,1583.97,1519.39,1415.33,77.7,17.71,
2007-05-23,1647.43994140625,1651.6099853515625,1638.3599853515625,1646.5899658203125,447300,1588.47,1523.6,1417.13,78.3,17.39,
2007-05-25,1629.1800537109375,1645.0799560546875,1627.5899658203125,1644.56005859375,375000,1593.42,1528.35,1418.88,77.0,17.51,
2007-05-28,1650.530029296875,1658.4300537109375,1646.1500244140625,1657.9100341796875,379300,1598.66,1532.97,1420.71,79.4,17.25,
2007-05-29,1663.3199462890625,1666.8499755859375,1653.239990234375,1661.800048828125,495100,1604.62,1537.64,1422.49,80.0,16.99,
2007-05-30,1661.8299560546875,1662.719970703125,1638.030029296875,1662.719970703125,488600,1610.65,1542.03,1424.36,80.2,17.54,
2007-05-31,1683.3499755859375,1702.010009765625,1677.780029296875,1700.9100341796875,497100,1618.03,1547.16,1426.31,85.4,19.09,
2007-06-01,1712.969970703125,1745.3900146484375,1707.75,1716.239990234375,615400,1625.84,1552.63,1428.31,86.9,20.91,
2007-06-04,1734.27001953125,1744.02001953125,1713.5,1737.5899658203125,465200,1634.34,1558.41,1430.48,88.6,21.59,
2007-06-05,1735.8699951171875,1745.989990234375,1721.02001953125,1742.18994140625,488000,1642.22,1564.31,1432.73,89.0,21.83,
2007-06-07,1722.469970703125,1753.239990234375,1717.300048828125,1753.0400390625,496200,1650.74,1570.38,1435.02,89.7,22.84,
2007-06-08,1735.9599609375,1739.1400146484375,1717.1800537109375,1727.280029296875,503200,1657.44,1575.86,1437.08,76.0,23.77,
2007-06-11,1740.4599609375,1742.8599853515625,1709.9599609375,1716.56005859375,475900,1663.28,1581.39,1439.02,71.2,24.42,
2007-06-12,1714.5400390625,1730.6300048828125,1712.1300048828125,1729.8800048828125,431700,1669.6,1586.97,1441.02,73.5,24.0,
2007-06-13,1721.3699951171875,1732.5699462890625,1714.760009765625,1721.989990234375,715300,1675.41,1592.36,1443.02,69.9,23.56,
2007-06-14,1742.1199951171875,1769.1800537109375,1740.699951171875,1769.1800537109375,580500,1684.4,1598.55,1445.19,77.0,25.25,
2007-06-15,1772.030029296875,1776.800048828125,1762.219970703125,1772.260009765625,540000,1692.98,1604.72,1447.43,77.4,24.48,
2007-06-18,1786.2900390625,1807.510009765625,1784.43994140625,1806.8800048828125,613200,1702.55,1611.19,1449.88,81.1,25.25,
2007-06-19,1813.530029296875,1813.8399658203125,1797.1800537109375,1807.8499755859375,650900,1712.33,1617.71,1452.27,81.2,24.64,
2007-06-20,1812.8199462890625,1813.050048828125,1778.260009765625,1783.7900390625,686000,1720.11,1623.7,1454.55,71.7,25.36,
2007-06-21,1775.47998046875,1802.9100341796875,1770.1700439453125,1794.239990234375,579500,1727.67,1629.57,1456.8,73.2,25.89,
2007-06-22,1801.199951171875,1802.4300537109375,1759.949951171875,1770.97998046875,531600,1733.89,1635.0,1458.95,65.1,27.08,
2007-06-25,1754.199951171875,1785.8699951171875,1747.8599853515625,1757.72998046875,394500,1739.55,1639.89,1460.97,61.0,27.86,
2007-06-26,1762.47998046875,1768.68994140625,1732.43994140625,1749.550048828125,401000,1744.13,1644.37,1462.94,58.5,28.46,
2007-06-27,1749.010009765625,1749.010009765625,1724.8199462890625,1733.0999755859375,306900,1747.7,1648.61,1464.81,53.8,28.19,
2007-06-28,1745.8199462890625,1752.239990234375,1737.9300537109375,1751.75,282800,1752.15,1653.01,1466.76,57.9,27.54,
2007-06-29,1755.8399658203125,1766.25,1742.8800048828125,1743.5999755859375,281700,1754.28,1657.31,1468.7,55.6,27.25,
2007-07-02,1741.4100341796875,1771.3900146484375,1736.6300048828125,1771.3499755859375,302300,1757.04,1662.04,1470.8,61.3,27.78,
2007-07-03,1791.68994140625,1806.06005859375,1787.449951171875,1805.5,402000,1760.44,1667.88,1473.05,67.0,28.28,
2007-07-04,1815.77001953125,1838.8199462890625,1814.43994140625,1838.4100341796875,417000,1765.25,1673.99,1475.57,71.3,28.64,
2007-07-05,1841.56005859375,1865.52001953125,1836.9300537109375,1847.7900390625,534000,1769.98,1680.05,1478.17,72.4,28.63,
2007-07-06,1855.030029296875,1863.010009765625,1838.75,1861.010009765625,414400,1776.67,1686.14,1480.81,74.0,28.32,
2007-07-09,1870.3499755859375,1890.8299560546875,1865.7900390625,1883.5899658203125,430600,1785.02,1692.9,1483.43,76.4,28.43,
2007-07-10,1887.3499755859375,1895.97998046875,1881.3599853515625,1894.530029296875,406300,1793.25,1699.73,1486.1,77.5,27.44,
2007-07-11,1880.7099609375,1904.3499755859375,1875.4300537109375,1889.9599609375,473900,1801.65,1706.68,1488.68,75.9,27.55,
2007-07-12,1897.5899658203125,1922.25,1897.5899658203125,1909.75,445500,1808.68,1714.03,1491.36,78.0,27.89,
2007-07-13,1946.0799560546875,1962.93994140625,1941.550048828125,1962.9300537109375,507600,1818.21,1722.22,1494.34,82.4,29.69,
2007-07-16,1965.6600341796875,1972.3299560546875,1932.8599853515625,1949.510009765625,519500,1825.35,1730.01,1497.25,78.2,30.39,
2007-07-18,1953.25,1956.8199462890625,1930.510009765625,1930.699951171875,635000,1831.49,1737.27,1500.17,72.5,30.1,
2007-07-19,1935.0999755859375,1950.8599853515625,1922.1400146484375,1937.9000244140625,586300,1839.19,1744.34,1503.08,73.3,30.0,
2007-07-20,1949.5,1983.5400390625,1939.68994140625,1983.5400390625,638800,1848.66,1752.36,1506.28,77.7,31.12,
2007-07-23,1978.050048828125,1993.969970703125,1968.550048828125,1993.050048828125,538600,1859.76,1760.35,1509.44,78.5,30.71,
2007-07-24,2001.52001953125,2005.02001953125,1975.75,1992.260009765625,589400,1871.49,1768.2,1512.55,78.3,30.61,
2007-07-25,1992.1600341796875,2011.1700439453125,1962.1600341796875,2004.219970703125,588400,1884.22,1776.22,1515.71,79.3,31.92,
2007-07-26,2012.0400390625,2015.47998046875,1963.4599609375,1963.5400390625,617000,1895.74,1783.37,1518.66,67.2,33.36,
2007-07-27,1924.010009765625,1924.1099853515625,1863.3900146484375,1883.219970703125,517200,1902.32,1789.25,1521.31,50.7,38.13,
2007-07-30,1874.0799560546875,1906.7099609375,1859.1199951171875,1906.7099609375,386200,1910.47,1795.37,1524.25,54.2,38.81,
2007-07-31,1915.449951171875,1933.27001953125,1899.56005859375,1933.27001953125,373800,1918.57,1801.72,1527.27,57.9,38.44,
2007-08-01,1920.0699462890625,1920.0699462890625,1836.280029296875,1856.449951171875,389600,1921.12,1806.61,1529.93,46.3,42.62,
2007-08-02,1874.97998046875,1890.81005859375,1810.6199951171875,1853.0699462890625,371800,1921.85,1811.11,1532.53,45.9,45.31,
2007-08-03,1875.0699462890625,1890.6300048828125,1865.75,1876.800048828125,350300,1923.3,1815.78,1535.18,49.5,44.75,
2007-08-06,1832.5400390625,1855.3599853515625,1829.219970703125,1855.050048828125,325200,1923.0,1819.95,1537.67,46.4,44.96,
2007-08-07,1888.5799560546875,1888.760009765625,1849.6800537109375,1859.8199462890625,315700,1921.81,1824.26,1540.21,47.2,44.54,
2007-08-08,1879.6099853515625,1905.219970703125,1873.989990234375,1903.4100341796875,382000,1922.26,1829.17,1542.96,53.7,44.6,
2007-08-09,1923.989990234375,1928.6400146484375,1899.3199462890625,1908.6800537109375,413900,1923.19,1834.11,1545.73,54.4,43.51,
2007-08-10,1853.219970703125,1854.6199951171875,1814.300048828125,1828.489990234375,388000,1919.13,1837.42,1548.05,43.2,47.14,
2007-08-13,1840.8900146484375,1849.31005859375,1820.9599609375,1849.260009765625,330100,1913.45,1840.39,1550.47,46.3,45.8,
2007-08-14,1841.1500244140625,1857.1300048828125,1801.0699462890625,1817.8900146484375,405700,1906.87,1842.42,1552.73,42.5,46.53,
2007-08-16,1754.18994140625,1755.3199462890625,1681.7099609375,1691.97998046875,508200,1894.93,1841.51,1554.33,31.5,52.93,
2007-08-17,1702.6600341796875,1705.1700439453125,1626.8699951171875,1638.0699462890625,493200,1879.94,1839.43,1555.65,28.1,54.75,
2007-08-20,1700.47998046875,1732.3900146484375,1693.4200439453125,1731.27001953125,366700,1867.33,1838.99,1557.46,40.1,57.57,
2007-08-21,1740.8499755859375,1764.25,1721.1800537109375,1736.1800537109375,458900,1854.48,1839.17,1559.36,40.6,56.54,
2007-08-22,1741.9300537109375,1764.6099853515625,1737.06005859375,1759.5,402600,1842.84,1840.03,1561.34,43.3,54.53,
2007-08-23,1801.47998046875,1816.18994140625,1795.0699462890625,1799.719970703125,394700,1832.62,1841.43,1563.47,47.8,54.68,
2007-08-24,1793.1700439453125,1802.7099609375,1775.0699462890625,1791.3299560546875,376000,1824.01,1842.81,1565.5,46.9,52.75,
2007-08-27,1825.969970703125,1834.6500244140625,1802.5799560546875,1803.030029296875,366000,1820.0,1843.49,1567.6,48.3,52.08,
2007-08-28,1806.5799560546875,1829.4300537109375,1792.0699462890625,1829.31005859375,414100,1816.13,1844.63,1569.85,51.2,51.03,
2007-08-29,1773.5899658203125,1831.22998046875,1773.050048828125,1826.18994140625,385900,1810.78,1845.02,1572.04,50.9,51.54,
2007-08-30,1859.449951171875,1866.3199462890625,1836.0899658203125,1841.699951171875,423300,1810.04,1845.69,1574.35,52.7,50.72,
2007-08-31,1844.280029296875,1873.3499755859375,1844.0899658203125,1873.239990234375,360400,1811.05,1847.48,1576.72,56.3,49.36,
2007-09-03,1876.9200439453125,1881.9200439453125,1863.2099609375,1881.81005859375,385700,1811.3,1849.23,1579.15,57.3,47.17,
2007-09-04,1881.1700439453125,1899.6600341796875,1871.8699951171875,1874.739990234375,425700,1812.28,1851.31,1581.54,56.2,45.79,
2007-09-05,1883.8299560546875,1898.6700439453125,1859.52001953125,1865.5899658203125,382900,1812.57,1853.47,1583.83,54.7,45.31,
2007-09-06,1862.0,1889.06005859375,1844.6400146484375,1888.81005859375,447300,1811.84,1856.25,1586.21,57.7,45.25,
2007-09-07,1886.5999755859375,1899.0400390625,1869.56005859375,1884.9000244140625,392500,1810.65,1859.29,1588.59,57.0,44.12,
2007-09-10,1845.5899658203125,1846.8199462890625,1811.3399658203125,1835.8699951171875,360200,1811.02,1860.97,1590.7,49.2,46.23,
2007-09-11,1844.6800537109375,1851.3499755859375,1827.9000244140625,1847.3599853515625,420500,1810.92,1863.05,1592.93,50.9,44.6,
2007-09-12,1853.93994140625,1855.31005859375,1813.3299560546875,1813.52001953125,433900,1810.71,1863.89,1594.97,46.0,44.41,
2007-09-13,1817.8699951171875,1848.989990234375,1805.8800048828125,1848.02001953125,338400,1818.51,1864.74,1597.09,51.2,44.32,
2007-09-14,1856.1700439453125,1875.949951171875,1849.3699951171875,1870.02001953125,373100,1830.11,1865.37,1599.35,54.2,43.15,
2007-09-17,1873.6500244140625,1876.0400390625,1853.449951171875,1871.6800537109375,315800,1837.13,1865.85,1601.6,54.4,41.68,
2007-09-18,1867.6099853515625,1870.8299560546875,1837.219970703125,1838.6099853515625,403800,1842.25,1865.4,1603.67,49.1,41.16,
2007-09-19,1892.780029296875,1905.75,1886.949951171875,1902.6500244140625,480100,1849.41,1865.78,1606.12,57.7,43.02,
2007-09-20,1902.22998046875,1915.18994140625,1894.760009765625,1908.969970703125,441900,1854.87,1866.07,1608.55,58.4,41.41,
2007-09-21,1909.3699951171875,1921.22998046875,1902.1099853515625,1919.260009765625,440100,1861.26,1866.66,1610.99,59.6,39.81,
2007-09-27,1944.8699951171875,1952.3900146484375,1935.02001953125,1945.280029296875,394500,1868.38,1867.37,1613.54,62.7,39.34,
2007-09-28,1950.989990234375,1951.1800537109375,1936.8599853515625,1946.47998046875,541700,1874.24,1867.04,1616.14,62.8,37.55,
2007-10-01,1948.780029296875,1970.1099853515625,1946.1300048828125,1962.6700439453125,436100,1881.06,1867.3,1618.85,64.7,36.58,
2007-10-02,1991.0,2014.9599609375,1981.6400146484375,2014.0899658203125,473900,1889.68,1868.97,1621.86,69.9,37.7,
2007-10-04,1998.56005859375,2013.2099609375,1992.010009765625,2003.5999755859375,462600,1896.2,1870.28,1624.82,67.7,36.59,
2007-10-05,2007.8399658203125,2009.6800537109375,1990.8199462890625,1996.030029296875,380400,1901.91,1870.53,1627.85,66.1,35.32,
2007-10-08,2020.3399658203125,2022.010009765625,2002.4300537109375,2012.8199462890625,504200,1908.81,1870.93,1630.96,67.9,34.65,
2007-10-09,2014.93994140625,2022.8699951171875,1995.050048828125,2014.1300048828125,471500,1916.24,1871.37,1634.15,68.1,34.17,
2007-10-10,2033.68994140625,2044.780029296875,2026.9000244140625,2041.1199951171875,368700,1923.85,1872.1,1637.44,71.0,33.91,
2007-10-11,2040.3499755859375,2058.8701171875,2033.449951171875,2058.85009765625,519200,1932.55,1874.01,1640.64,72.8,33.31,
2007-10-12,2047.6700439453125,2057.389892578125,2020.800048828125,2026.43994140625,456900,1942.08,1876.87,1643.66,65.0,33.65,
2007-10-15,2043.9300537109375,2047.02001953125,2012.0400390625,2035.3900146484375,383900,1951.48,1879.45,1646.67,66.1,33.74,
2007-10-16,2014.3599853515625,2042.8399658203125,2001.300048828125,2005.760009765625,548700,1961.09,1880.9,1649.56,59.5,34.3,
2007-10-17,2000.3900146484375,2009.6700439453125,1933.8199462890625,1983.93994140625,507300,1967.89,1883.45,1652.27,55.2,37.27,
2007-10-18,1989.5999755859375,2012.3199462890625,1977.5,2005.0899658203125,426900,1974.64,1886.49,1655.11,58.4,37.09,
2007-10-19,2003.27001953125,2003.27001953125,1970.0999755859375,1970.0999755859375,390300,1979.56,1888.35,1657.78,51.8,36.94,
2007-10-22,1901.1500244140625,1910.18994140625,1875.22998046875,1903.81005859375,354500,1982.82,1889.33,1660.13,42.2,41.08,
2007-10-23,1936.9200439453125,1952.3199462890625,1909.6099853515625,1947.97998046875,371200,1985.09,1891.09,1662.74,49.0,41.61,
2007-10-24,1966.550048828125,2003.199951171875,1923.0699462890625,1933.3599853515625,481100,1986.31,1891.69,1665.23,47.0,44.36,
2007-10-25,1967.0799560546875,1982.18994140625,1941.050048828125,1976.75,453600,1989.18,1893.05,1667.94,53.1,44.68,
2007-10-26,1987.199951171875,2028.0699462890625,1968.8199462890625,2028.06005859375,438900,1993.32,1897.04,1671.04,59.0,45.72,
2007-10-29,2051.6201171875,2070.860107421875,2044.0899658203125,2062.919921875,481200,1999.15,1901.32,1674.36,62.5,45.51,
2007-10-30,2058.780029296875,2066.0,2037.75,2052.3701171875,402200,2003.63,1906.01,1677.7,60.8,44.28,
2007-10-31,2052.60009765625,2065.530029296875,2043.9300537109375,2064.85009765625,365400,2006.17,1913.46,1681.17,62.1,42.66,
2007-11-01,2085.330078125,2085.449951171875,2048.679931640625,2063.139892578125,402000,2009.15,1921.97,1684.61,61.8,42.24,
2007-11-02,2014.6500244140625,2049.6201171875,2014.6500244140625,2019.3399658203125,388400,2010.31,1927.73,1687.93,54.5,42.69,
2007-11-05,2025.0400390625,2027.2099609375,1992.239990234375,2015.760009765625,300200,2010.46,1933.32,1691.18,53.9,42.13,
2007-11-06,2023.4100341796875,2055.530029296875,2020.239990234375,2054.239990234375,312200,2012.46,1939.21,1694.51,58.8,41.97,
2007-11-07,2074.179931640625,2085.030029296875,2043.18994140625,2043.18994140625,339600,2012.57,1944.08,1697.77,57.0,41.96,
2007-11-08,2009.6400146484375,2022.6099853515625,1971.949951171875,1979.56005859375,330600,2008.6,1947.85,1700.72,47.6,44.05,
2007-11-09,2001.1099853515625,2017.3699951171875,1968.8599853515625,1990.469970703125,366600,2006.8,1951.6,1703.78,49.1,44.37,
2007-11-12,1957.780029296875,1957.780029296875,1901.8699951171875,1923.4200439453125,312700,2001.21,1953.48,1706.48,41.1,47.53,
2007-11-13,1928.780029296875,1935.9300537109375,1887.760009765625,1932.8900146484375,394900,1997.56,1955.61,1709.34,42.5,47.57,
2007-11-14,1982.9300537109375,1984.8399658203125,1956.9000244140625,1972.5799560546875,362100,1996.99,1958.23,1712.38,48.2,47.89,
2007-11-15,1970.1300048828125,1985.3800048828125,1932.030029296875,1947.739990234375,367700,1994.13,1959.72,1715.31,45.2,48.28,
2007-11-16,1916.8800048828125,1928.9300537109375,1890.25,1926.199951171875,304300,1991.93,1960.61,1718.02,42.7,48.93,
2007-11-19,1936.3800048828125,1936.5,1892.8699951171875,1893.469970703125,292300,1991.41,1960.98,1720.58,39.1,48.55,
2007-11-20,1853.4100341796875,1875.4599609375,1819.1800537109375,1872.239990234375,331800,1987.63,1961.12,1723.08,37.0,50.39,
2007-11-21,1865.9100341796875,1875.97998046875,1803.77001953125,1806.989990234375,307500,1981.31,1959.48,1725.3,31.3,51.95,
2007-11-22,1790.25,1815.3299560546875,1771.3900146484375,1799.02001953125,306200,1972.42,1957.76,1727.44,30.7,51.38,
2007-11-23,1806.02001953125,1820.6099853515625,1745.260009765625,1772.8800048828125,326700,1959.66,1956.5,1729.51,28.7,53.09,
2007-11-26,1803.760009765625,1855.3299560546875,1795.0,1855.3299560546875,290900,1949.28,1956.66,1731.87,41.6,55.19,
2007-11-27,1813.0899658203125,1865.68994140625,1787.949951171875,1859.7900390625,338300,1939.65,1957.59,1734.1,42.3,56.8,
2007-11-28,1881.8599853515625,1883.989990234375,1833.800048828125,1834.68994140625,324800,1928.15,1957.32,1736.19,39.7,56.33,
2007-11-29,1885.3199462890625,1891.449951171875,1871.5899658203125,1877.56005859375,347700,1918.87,1957.47,1738.43,45.7,56.36,
2007-11-30,1886.5799560546875,1918.1199951171875,1884.9200439453125,1906.0,339300,1913.2,1958.16,1740.83,49.3,55.23,
2007-12-03,1907.949951171875,1912.7099609375,1888.0799560546875,1902.4300537109375,291600,1907.53,1959.43,1743.22,48.8,53.04,
2007-12-04,1904.3299560546875,1921.8299560546875,1901.510009765625,1917.8299560546875,288600,1900.71,1959.74,1745.68,50.9,50.71,
2007-12-05,1911.9200439453125,1945.030029296875,1905.6500244140625,1938.199951171875,310300,1895.46,1960.32,1748.29,53.5,49.9,
2007-12-06,1965.8900146484375,1972.3699951171875,1946.1300048828125,1953.1700439453125,339200,1894.14,1961.0,1750.97,55.3,48.77,
2007-12-07,1969.489990234375,1969.56005859375,1934.3199462890625,1934.3199462890625,361200,1891.34,1960.78,1753.46,52.5,47.81,
2007-12-10,1930.3599853515625,1935.8599853515625,1900.949951171875,1906.4200439453125,284800,1890.49,1959.98,1755.77,48.5,46.89,
2007-12-11,1922.6600341796875,1929.7099609375,1904.2099609375,1925.0699462890625,264500,1890.1,1959.23,1758.15,51.1,45.36,
2007-12-12,1887.5,1928.77001953125,1887.22998046875,1927.449951171875,314500,1887.84,1957.5,1760.53,51.5,45.09,
2007-12-13,1921.6500244140625,1937.5,1897.25,1915.9000244140625,328600,1886.25,1955.74,1762.85,49.6,44.74,
2007-12-14,1914.469970703125,1921.530029296875,1877.27001953125,1895.050048828125,301500,1884.69,1953.72,1765.0,46.4,44.71,
2007-12-17,1873.1500244140625,1886.3900146484375,1839.5799560546875,1839.8199462890625,282500,1882.01,1950.26,1766.85,39.1,45.47,
2007-12-18,1821.300048828125,1869.7099609375,1808.8599853515625,1861.469970703125,277000,1881.47,1947.21,1768.8,42.9,46.57,
2007-12-20,1878.5899658203125,1882.6099853515625,1843.72998046875,1844.3699951171875,401800,1883.34,1943.27,1770.75,40.8,46.02,
2007-12-21,1855.06005859375,1878.3199462890625,1832.3399658203125,1878.3199462890625,362600,1887.3,1939.66,1773.06,46.5,46.02,
2007-12-24,1899.199951171875,1921.3900146484375,1894.7900390625,1919.469970703125,317100,1894.63,1937.52,1775.78,52.5,45.81,
2007-12-26,1924.9100341796875,1926.0899658203125,1901.9100341796875,1906.719970703125,261000,1897.2,1934.95,1778.29,50.6,44.26,
2007-12-27,1901.9300537109375,1915.18994140625,1891.2900390625,1908.6199951171875,235900,1899.64,1933.01,1780.78,50.9,42.81,
2007-12-28,1892.56005859375,1911.6700439453125,1890.81005859375,1897.1300048828125,229400,1902.77,1931.27,1783.15,49.1,41.24,
2008-01-02,1891.449951171875,1892.5,1852.780029296875,1853.449951171875,247100,1901.56,1928.24,1785.3,42.7,41.46,
2008-01-03,1834.43994140625,1858.0799560546875,1821.6099853515625,1852.72998046875,253700,1898.9,1925.89,1787.36,42.6,41.11,
2008-01-04,1853.5400390625,1869.760009765625,1824.4100341796875,1863.9000244140625,299100,1896.97,1925.09,1789.49,44.7,41.41,
2008-01-07,1815.72998046875,1840.989990234375,1814.3499755859375,1831.1400146484375,268100,1892.64,1922.76,1791.61,40.1,41.99,
2008-01-08,1838.6400146484375,1840.6199951171875,1818.68994140625,1826.22998046875,296600,1887.04,1920.61,1793.61,39.4,40.56,
2008-01-09,1802.06005859375,1844.469970703125,1794.1500244140625,1844.469970703125,277700,1881.6,1917.97,1795.69,43.2,41.26,
2008-01-10,1847.93994140625,1855.0699462890625,1824.780029296875,1824.780029296875,315500,1876.13,1913.9,1797.6,40.3,40.47,
2008-01-11,1844.5699462890625,1847.1099853515625,1776.260009765625,1782.27001953125,280800,1869.92,1908.29,1799.29,34.8,42.64,
2008-01-14,1781.0,1790.68994140625,1754.1300048828125,1765.8800048828125,249300,1861.96,1902.56,1800.91,33.0,42.21,
2008-01-15,1781.530029296875,1781.530029296875,1723.1400146484375,1746.949951171875,295500,1852.93,1896.2,1802.4,30.9,43.36,
2008-01-16,1715.969970703125,1735.510009765625,1701.3199462890625,1704.969970703125,295600,1842.39,1889.04,1803.69,27.0,43.53,
2008-01-17,1726.030029296875,1732.6400146484375,1687.0999755859375,1723.550048828125,296000,1833.81,1883.12,1805.05,31.2,43.67,
2008-01-18,1689.280029296875,1737.4200439453125,1684.3900146484375,1734.719970703125,287700,1828.56,1877.5,1806.46,33.7,44.34,
2008-01-21,1723.949951171875,1724.3900146484375,1673.4200439453125,1683.56005859375,286100,1819.66,1870.09,1807.68,28.6,45.55,
2008-01-22,1628.9200439453125,1636.06005859375,1578.3699951171875,1609.02001953125,316900,1807.89,1861.4,1808.47,23.1,49.81,
2008-01-23,1652.6199951171875,1659.280029296875,1604.5400390625,1628.4200439453125,272100,1795.4,1854.38,1809.35,27.0,50.16,
2008-01-24,1663.3599853515625,1675.68994140625,1649.0,1663.0,270600,1782.58,1847.83,1810.37,33.5,49.96,
2008-01-25,1682.9300537109375,1692.6600341796875,1674.2099609375,1692.4100341796875,272600,1771.86,1843.21,1811.51,38.5,48.51,
2008-01-28,1668.0699462890625,1674.469970703125,1620.9000244140625,1627.18994140625,259300,1757.79,1837.1,1812.23,32.7,50.15,
2008-01-29,1657.9000244140625,1662.9000244140625,1622.52001953125,1637.9100341796875,275300,1744.83,1830.4,1813.01,34.4,49.45,
2008-01-30,1653.0,1653.199951171875,1578.2900390625,1589.06005859375,380500,1731.61,1823.23,1813.53,30.5,51.27,
2008-01-31,1582.18994140625,1630.1199951171875,1570.8699951171875,1624.6800537109375,334100,1720.21,1817.2,1814.15,36.2,51.84,
2008-02-01,1645.050048828125,1648.969970703125,1619.6500244140625,1634.530029296875,308100,1708.74,1812.02,1814.83,37.8,50.23,
2008-02-04,1655.780029296875,1696.56005859375,1655.780029296875,1690.1300048828125,333100,1701.69,1808.38,1815.71,45.7,51.07,
2008-02-05,1686.199951171875,1697.989990234375,1680.3900146484375,1696.5699462890625,253900,1695.2,1806.17,1816.57,46.5,48.68,
2008-02-11,1648.510009765625,1651.719970703125,1633.4599609375,1640.6700439453125,234300,1685.01,1803.0,1817.17,40.6,49.71,
2008-02-12,1653.5999755859375,1654.6199951171875,1641.050048828125,1643.2900390625,291300,1675.94,1800.41,1817.72,41.0,47.16,
2008-02-13,1663.2900390625,1663.949951171875,1629.5699462890625,1631.780029296875,319000,1668.41,1795.94,1818.24,39.8,46.25,
2008-02-14,1660.449951171875,1697.449951171875,1660.449951171875,1697.449951171875,503900,1664.99,1792.69,1819.05,49.0,47.63,
2008-02-15,1672.3900146484375,1696.3699951171875,1668.4100341796875,1694.77001953125,485500,1662.38,1789.9,1819.96,48.6,46.31,
2008-02-18,1701.75,1714.199951171875,1681.02001953125,1696.239990234375,374000,1661.95,1786.27,1820.77,48.8,45.37,
2008-02-19,1717.0999755859375,1722.7099609375,1708.9300537109375,1720.52001953125,362800,1661.8,1782.56,1821.66,52.2,44.02,
2008-02-20,1704.6600341796875,1718.1500244140625,1683.699951171875,1687.9100341796875,321600,1659.46,1778.27,1822.31,47.7,43.5,
2008-02-21,1708.010009765625,1713.6400146484375,1694.5799560546875,1704.3599853515625,241900,1660.5,1774.0,1823.11,50.0,42.23,
2008-02-22,1687.6300048828125,1687.6300048828125,1670.68994140625,1686.449951171875,281400,1664.37,1768.97,1823.77,47.5,41.62,
2008-02-25,1701.75,1715.0,1701.6400146484375,1709.1300048828125,299200,1668.4,1764.08,1824.6,50.9,40.69,
2008-02-26,1724.550048828125,1726.469970703125,1704.5,1709.1300048828125,283700,1670.71,1759.58,1825.44,50.9,39.35,
2008-02-27,1725.9599609375,1732.800048828125,1715.81005859375,1720.8900146484375,306600,1672.13,1755.87,1826.28,52.7,38.23,
2008-02-28,1726.0799560546875,1739.5999755859375,1713.25,1736.1700439453125,257400,1677.58,1752.09,1827.16,55.0,37.38,
2008-02-29,1717.68994140625,1721.8499755859375,1708.2099609375,1711.6199951171875,315800,1681.27,1747.78,1827.88,50.7,36.71,
2008-03-03,1676.300048828125,1676.300048828125,1657.7900390625,1671.72998046875,237100,1685.4,1742.89,1828.31,44.6,37.93,
2008-03-04,1677.0999755859375,1686.5899658203125,1665.0999755859375,1676.1800537109375,278600,1687.98,1738.51,1828.78,45.4,36.76,
2008-03-05,1680.6300048828125,1687.199951171875,1667.8699951171875,1677.0999755859375,263600,1690.1,1735.26,1829.2,45.6,35.51,
2008-03-06,1681.3900146484375,1705.969970703125,1680.1099853515625,1697.43994140625,359700,1690.47,1731.98,1829.69,49.4,35.04,
2008-03-07,1682.1700439453125,1682.1700439453125,1650.739990234375,1663.969970703125,304200,1688.84,1728.37,1829.99,43.9,35.87,
2008-03-10,1634.4200439453125,1650.56005859375,1621.4000244140625,1625.1700439453125,318100,1688.07,1723.31,1830.09,38.6,36.35,
2008-03-11,1605.31005859375,1643.6600341796875,1602.3499755859375,1641.47998046875,279800,1687.97,1717.75,1830.35,41.8,36.7,
2008-03-12,1685.43994140625,1687.6300048828125,1658.1700439453125,1658.8299560546875,325300,1689.33,1712.79,1830.64,45.1,37.38,
2008-03-13,1657.2099609375,1657.2099609375,1609.1700439453125,1615.6199951171875,309600,1685.24,1706.93,1830.64,39.2,38.26,
2008-03-14,1637.780029296875,1638.6600341796875,1578.449951171875,1600.260009765625,297700,1680.51,1700.99,1830.58,37.3,39.82,
2008-03-17,1588.530029296875,1588.530029296875,1537.530029296875,1574.43994140625,298700,1674.42,1695.41,1830.31,34.3,41.46,
2008-03-18,1585.3199462890625,1590.280029296875,1566.9599609375,1588.75,243100,1667.83,1690.13,1830.04,37.3,40.16,
2008-03-19,1626.280029296875,1632.6800537109375,1614.9599609375,1622.22998046875,280400,1664.55,1685.3,1829.92,43.7,40.43,
2008-03-20,1602.2900390625,1624.47998046875,1592.93994140625,1623.3900146484375,243400,1660.5,1681.15,1829.81,43.9,39.8,
2008-03-21,1644.050048828125,1645.780029296875,1634.510009765625,1645.68994140625,283900,1658.46,1677.53,1829.75,48.0,38.56,
2008-03-24,1653.8199462890625,1663.5699462890625,1645.8900146484375,1655.300048828125,258100,1655.77,1673.75,1829.72,49.7,37.08,
2008-03-25,1676.739990234375,1680.77001953125,1667.9300537109375,1674.9300537109375,320000,1654.06,1670.75,1829.78,53.1,36.25,
2008-03-26,1676.81005859375,1681.9100341796875,1670.31005859375,1679.6700439453125,280400,1652.0,1668.7,1829.67,53.9,34.49,
2008-03-27,1671.97998046875,1677.31005859375,1660.449951171875,1676.239990234375,257900,1649.0,1666.91,1829.47,53.2,33.4,
2008-03-28,1671.06005859375,1704.280029296875,1670.8900146484375,1701.8299560546875,350500,1648.51,1666.01,1829.3,57.7,33.4,
2008-03-31,1705.1700439453125,1709.31005859375,1685.18994140625,1703.989990234375,291700,1650.13,1665.99,1829.1,58.1,32.73,
2008-04-01,1701.6400146484375,1717.8299560546875,1694.530029296875,1702.25,320400,1651.43,1665.56,1828.85,57.7,32.06,
2008-04-02,1738.6400146484375,1743.5400390625,1734.4200439453125,1742.18994140625,326500,1654.68,1665.71,1828.93,64.2,32.72,
2008-04-03,1745.719970703125,1765.530029296875,1742.4300537109375,1763.6300048828125,253800,1657.99,1667.31,1829.16,67.2,32.05,
2008-04-04,1762.93994140625,1768.06005859375,1756.739990234375,1766.489990234375,256800,1663.12,1670.46,1829.34,67.6,30.57,
2008-04-07,1769.739990234375,1786.5699462890625,1763.3800048828125,1773.56005859375,275300,1670.54,1673.36,1829.6,68.6,30.04,
2008-04-08,1770.97998046875,1770.97998046875,1749.6400146484375,1754.7099609375,267200,1676.2,1675.2,1829.53,63.1,29.6,
2008-04-10,1745.5999755859375,1764.6400146484375,1735.780029296875,1764.6400146484375,214900,1681.49,1676.64,1829.49,64.7,29.55,
2008-04-11,1768.1300048828125,1779.9200439453125,1759.2900390625,1779.7099609375,272400,1689.69,1679.69,1829.36,67.0,28.91,
2008-04-14,1746.8800048828125,1755.280029296875,1739.030029296875,1746.7099609375,223500,1697.02,1681.87,1829.05,58.0,29.75,
2008-04-15,1749.2900390625,1754.300048828125,1734.1300048828125,1742.1700439453125,238500,1705.4,1684.93,1828.84,56.8,29.07,
2008-04-16,1757.8299560546875,1765.81005859375,1753.7900390625,1758.56005859375,286300,1713.89,1687.61,1828.66,59.9,28.68,
2008-04-17,1782.510009765625,1783.8499755859375,1765.5899658203125,1768.6700439453125,265000,1721.22,1690.29,1828.65,61.7,28.44,
2008-04-18,1772.8900146484375,1778.81005859375,1762.93994140625,1771.9000244140625,237600,1728.64,1691.93,1828.72,62.3,27.54,
2008-04-21,1793.18994140625,1802.81005859375,1791.4000244140625,1800.47998046875,299000,1736.38,1694.01,1828.98,67.1,27.78,
2008-04-22,1799.719970703125,1803.3499755859375,1785.469970703125,1787.489990234375,346700,1742.99,1696.94,1829.25,63.1,27.08,
2008-04-23,1784.22998046875,1809.02001953125,1784.22998046875,1800.7900390625,340400,1749.28,1700.09,1829.49,65.4,26.91,
2008-04-24,1808.8800048828125,1812.6199951171875,1794.6400146484375,1799.3399658203125,497200,1755.27,1703.44,1829.77,64.9,26.27,
2008-04-25,1809.0,1825.8299560546875,1809.0,1824.6800537109375,328000,1762.69,1705.99,1830.04,69.0,26.29,
2008-04-28,1829.449951171875,1831.8399658203125,1814.199951171875,1823.1700439453125,371600,1768.76,1708.56,1830.13,68.5,25.67,
2008-04-29,1829.010009765625,1831.22998046875,1803.0799560546875,1811.510009765625,272400,1774.13,1710.86,1829.99,64.5,25.85,
2008-04-30,1808.739990234375,1825.5799560546875,1803.489990234375,1825.469970703125,245000,1780.29,1712.96,1829.88,67.0,25.58,
2008-05-02,1851.6400146484375,1851.6400146484375,1843.1400146484375,1848.27001953125,267800,1785.6,1716.17,1829.82,70.6,25.62,
2008-05-06,1849.81005859375,1859.27001953125,1843.3599853515625,1859.06005859375,303700,1790.37,1719.26,1829.7,72.2,24.93,
2008-05-07,1863.77001953125,1868.0899658203125,1839.760009765625,1854.010009765625,384100,1794.75,1722.61,1829.49,70.3,25.17,
2008-05-08,1831.1700439453125,1854.550048828125,1830.4599609375,1848.0,319200,1798.47,1725.39,1829.28,68.0,25.09,
2008-05-09,1854.72998046875,1854.72998046875,1818.27001953125,1823.699951171875,280100,1801.92,1727.68,1828.85,59.7,25.91,
2008-05-13,1829.3699951171875,1842.800048828125,1813.97998046875,1842.800048828125,265300,1805.82,1730.12,1828.25,63.5,26.11,
2008-05-14,1841.43994140625,1848.02001953125,1828.0699462890625,1843.75,297700,1809.03,1732.27,1827.72,63.6,25.67,
2008-05-15,1852.739990234375,1886.949951171875,1852.6700439453125,1885.7099609375,414800,1815.98,1735.75,1827.5,70.7,26.93,
2008-05-16,1893.989990234375,1899.5699462890625,1882.68994140625,1888.8800048828125,301700,1823.31,1740.1,1827.25,71.1,26.21,
2008-05-19,1893.5400390625,1901.1300048828125,1875.050048828125,1885.3699951171875,356000,1829.65,1744.28,1826.76,69.8,26.2,
2008-05-20,1886.52001953125,1889.8499755859375,1857.050048828125,1873.1500244140625,336300,1834.88,1748.2,1826.16,65.4,26.67,
2008-05-21,1848.969970703125,1861.5799560546875,1844.949951171875,1847.510009765625,316000,1838.66,1751.2,1825.44,57.2,26.78,
2008-05-22,1826.06005859375,1836.6300048828125,1810.6800537109375,1835.4200439453125,357300,1840.4,1754.63,1824.6,53.7,27.5,
2008-05-23,1836.4200439453125,1840.780029296875,1826.1600341796875,1827.93994140625,299100,1842.43,1758.69,1823.92,51.7,26.58,
2008-05-26,1813.6300048828125,1820.739990234375,1791.4000244140625,1800.5799560546875,281800,1842.42,1761.87,1823.5,44.9,27.29,
2008-05-27,1806.199951171875,1825.47998046875,1806.199951171875,1825.22998046875,260300,1843.71,1765.2,1823.1,51.1,27.12,
2008-05-28,1835.3800048828125,1835.7099609375,1802.010009765625,1805.6400146484375,299600,1842.76,1769.0,1822.46,46.6,27.59,
2008-05-29,1819.3299560546875,1842.56005859375,1819.3299560546875,1841.219970703125,299000,1843.66,1773.82,1822.38,54.5,28.26,
2008-05-30,1846.97998046875,1852.3599853515625,1833.4200439453125,1852.02001953125,287600,1845.69,1779.37,1822.38,56.6,27.59,
2008-06-02,1848.300048828125,1853.5,1831.6600341796875,1847.530029296875,234500,1846.79,1784.54,1822.23,55.4,27.18,
2008-06-03,1832.31005859375,1836.7099609375,1814.5,1819.3900146484375,258900,1845.35,1788.49,1822.05,48.8,27.6,
2008-06-04,1821.300048828125,1836.1300048828125,1813.1199951171875,1833.81005859375,235900,1844.08,1792.7,1821.92,52.0,27.27,
2008-06-05,1830.1400146484375,1832.8199462890625,1816.3499755859375,1832.31005859375,275000,1843.0,1796.43,1821.57,51.6,26.57,
2008-06-09,1787.9000244140625,1810.2099609375,1785.1600341796875,1808.9599609375,249300,1841.05,1799.5,1821.07,46.3,28.04,
2008-06-10,1813.3599853515625,1814.06005859375,1765.3499755859375,1774.3800048828125,322800,1838.58,1801.49,1820.8,39.7,29.52,
2008-06-11,1781.1400146484375,1786.97998046875,1760.6600341796875,1781.6700439453125,282800,1835.52,1803.53,1820.46,41.6,29.29,
2008-06-12,1755.9000244140625,1761.2900390625,1739.3599853515625,1739.3599853515625,379800,1830.3,1804.79,1820.07,34.8,30.22,
2008-06-13,1753.6700439453125,1760.719970703125,1730.25,1747.3499755859375,402000,1823.39,1805.7,1820.34,36.9,30.24,
2008-06-16,1763.8599853515625,1768.6300048828125,1755.550048828125,1760.8199462890625,375400,1816.98,1806.84,1820.96,40.4,29.6,
2008-06-17,1766.3399658203125,1767.5,1738.7099609375,1750.7099609375,334900,1810.25,1807.81,1821.05,38.6,29.54,
2008-06-18,1745.5,1775.1099853515625,1742.6800537109375,1774.1300048828125,343000,1805.3,1808.45,1821.24,44.5,29.74,
2008-06-19,1756.3599853515625,1757.260009765625,1731.510009765625,1740.719970703125,401500,1799.96,1807.99,1821.15,38.8,30.66,
2008-06-20,1752.949951171875,1755.5999755859375,1723.4100341796875,1731.0,331000,1794.74,1807.28,1820.81,37.3,30.77,
2008-06-23,1705.6099853515625,1720.739990234375,1694.7900390625,1715.5899658203125,303200,1789.12,1806.12,1820.43,35.0,31.16,
2008-06-24,1706.9200439453125,1717.22998046875,1699.81005859375,1710.8399658203125,364200,1784.63,1805.24,1819.97,34.3,30.18,
2008-06-25,1710.449951171875,1717.81005859375,1695.010009765625,1717.7900390625,345400,1779.26,1804.31,1819.41,36.3,29.65,
2008-06-26,1717.5699462890625,1734.8599853515625,1714.3800048828125,1717.6600341796875,328800,1774.86,1803.06,1818.87,36.3,29.0,
2008-06-27,1673.27001953125,1685.8800048828125,1669.68994140625,1684.449951171875,285300,1767.02,1801.82,1818.08,31.0,30.35,
2008-06-30,1682.8599853515625,1689.6099853515625,1671.1099853515625,1674.9200439453125,261900,1758.17,1800.47,1817.09,29.7,29.51,
2008-07-01,1675.699951171875,1681.449951171875,1652.030029296875,1666.4599609375,278000,1749.12,1798.63,1816.01,28.5,29.5,
2008-07-02,1665.52001953125,1667.969970703125,1607.8800048828125,1623.5999755859375,336000,1739.33,1795.73,1814.76,23.4,31.69,
2008-07-03,1591.2099609375,1616.6500244140625,1580.8299560546875,1606.5400390625,352000,1727.96,1792.42,1813.46,21.8,32.48,
2008-07-04,1604.469970703125,1610.6500244140625,1574.5999755859375,1577.93994140625,247000,1715.24,1787.97,1811.91,19.3,32.73,
2008-07-07,1568.25,1583.489990234375,1560.0,1579.719970703125,250000,1703.78,1783.82,1810.38,19.9,32.07,
2008-07-08,1577.0400390625,1577.0400390625,1509.199951171875,1533.469970703125,332000,1691.74,1778.47,1808.87,16.4,34.82,
2008-07-09,1557.0699462890625,1563.0699462890625,1519.050048828125,1519.3800048828125,328800,1678.62,1772.87,1807.23,15.6,35.48,
2008-07-10,1498.780029296875,1542.3399658203125,1495.43994140625,1537.4300537109375,354200,1668.53,1767.13,1805.85,21.4,36.29,
2008-07-11,1543.010009765625,1573.06005859375,1526.6700439453125,1567.510009765625,326500,1659.53,1762.01,1804.45,30.1,37.01,
2008-07-14,1562.8800048828125,1581.699951171875,1554.010009765625,1558.6199951171875,257100,1649.42,1756.96,1802.89,29.1,36.35,
2008-07-15,1550.949951171875,1550.949951171875,1506.4100341796875,1509.3299560546875,297900,1637.35,1750.63,1801.08,24.2,37.48,
2008-07-16,1518.5699462890625,1529.8699951171875,1488.75,1507.4000244140625,296900,1624.02,1743.82,1799.42,24.0,37.74,
2008-07-17,1541.3800048828125,1546.8399658203125,1524.8499755859375,1525.56005859375,319700,1613.26,1737.15,1797.54,29.1,37.86,
2008-07-18,1542.72998046875,1542.9100341796875,1504.0,1509.989990234375,304100,1602.21,1730.27,1795.54,27.4,37.94,
2008-07-21,1530.6800537109375,1569.449951171875,1530.050048828125,1562.9200439453125,296100,1594.58,1724.56,1793.76,40.1,39.47,
2008-07-22,1551.0899658203125,1563.75,1549.0,1561.22998046875,252500,1587.1,1719.31,1791.84,39.9,37.71,
2008-07-23,1586.27001953125,1598.8900146484375,1577.93994140625,1591.760009765625,351600,1580.79,1714.29,1790.07,46.2,37.7,
2008-07-24,1603.52001953125,1627.8699951171875,1603.239990234375,1626.1400146484375,347700,1576.22,1709.94,1788.38,52.2,37.59,
2008-07-25,1595.280029296875,1610.449951171875,1589.47998046875,1597.9300537109375,266600,1571.89,1704.19,1786.3,47.5,37.52,
2008-07-28,1609.5699462890625,1611.1500244140625,1588.56005859375,1598.2900390625,252300,1568.06,1698.37,1784.28,47.6,36.46,
2008-07-29,1572.1600341796875,1573.6199951171875,1542.8900146484375,1567.199951171875,261600,1563.1,1692.01,1782.13,42.7,37.81,
2008-07-30,1594.0400390625,1595.8399658203125,1572.1700439453125,1577.699951171875,265700,1560.8,1686.1,1779.96,44.7,37.16,
2008-07-31,1583.989990234375,1600.1500244140625,1577.81005859375,1594.6700439453125,233000,1560.21,1681.04,1777.86,48.0,36.1,
2008-08-01,1578.550048828125,1587.489990234375,1562.2900390625,1573.77001953125,231200,1560.0,1675.81,1775.52,44.5,35.84,
2008-08-04,1567.010009765625,1571.22998046875,1531.52001953125,1543.050048828125,246500,1558.17,1670.11,1772.94,39.9,36.3,
2008-08-05,1540.3199462890625,1556.9599609375,1533.4300537109375,1535.5400390625,244800,1558.27,1664.81,1770.49,38.8,35.38,
2008-08-06,1567.300048828125,1580.25,1560.8800048828125,1578.7099609375,276600,1561.24,1659.88,1768.21,47.5,36.05,
2008-08-07,1577.3599853515625,1582.510009765625,1553.2099609375,1564.0,219000,1562.57,1655.05,1766.0,45.1,35.57,
2008-08-08,1547.699951171875,1573.1800537109375,1544.0999755859375,1568.719970703125,221300,1562.63,1649.6,1763.92,46.1,35.11,
2008-08-11,1592.300048828125,1597.31005859375,1581.0899658203125,1581.0899658203125,254500,1563.75,1644.18,1761.8,48.5,34.64,
2008-08-12,1581.0999755859375,1590.1199951171875,1570.8800048828125,1577.1199951171875,251600,1567.14,1638.77,1759.84,47.7,33.54,
2008-08-13,1572.8699951171875,1581.4599609375,1553.93994140625,1562.719970703125,231600,1569.91,1633.64,1758.13,45.0,33.11,
2008-08-14,1553.6500244140625,1578.300048828125,1553.6500244140625,1572.18994140625,247600,1572.24,1628.41,1756.25,47.2,32.51,
2008-08-18,1579.1300048828125,1582.760009765625,1561.5699462890625,1567.7099609375,260800,1575.12,1623.12,1754.42,46.3,31.7,
2008-08-19,1554.2099609375,1554.9200439453125,1528.31005859375,1541.4100341796875,261100,1574.05,1617.76,1752.25,41.2,32.25,
2008-08-20,1531.8699951171875,1549.530029296875,1524.8699951171875,1540.7099609375,243700,1573.02,1613.09,1749.81,41.1,31.71,
2008-08-21,1539.550048828125,1540.449951171875,1511.68994140625,1512.5899658203125,259500,1569.06,1607.71,1747.06,36.2,31.51,
2008-08-22,1508.6700439453125,1508.6700439453125,1477.550048828125,1496.9100341796875,226300,1562.6,1602.86,1744.28,33.8,31.77,
2008-08-25,1505.1300048828125,1510.97998046875,1496.6300048828125,1502.1099853515625,198300,1557.81,1597.96,1741.47,35.4,30.52,
2008-08-26,1477.0400390625,1502.3299560546875,1474.6400146484375,1490.25,213100,1552.41,1592.54,1738.6,33.5,30.32,
2008-08-27,1487.780029296875,1498.3800048828125,1466.4599609375,1493.9200439453125,241600,1548.74,1587.41,1735.97,34.6,30.43,
2008-08-28,1503.260009765625,1503.739990234375,1473.0,1474.1500244140625,216100,1543.57,1581.41,1733.27,31.4,30.46,
2008-08-29,1488.25,1496.1400146484375,1470.8699951171875,1474.239990234375,242100,1537.55,1576.08,1730.37,31.5,30.09,
2008-09-01,1453.1400146484375,1456.68994140625,1413.4300537109375,1414.4300537109375,316600,1529.58,1569.75,1727.22,23.7,32.28,
2008-09-02,1418.260009765625,1430.4300537109375,1392.550048828125,1407.1400146484375,373400,1522.78,1563.58,1724.36,23.0,32.68,
2008-09-03,1403.8900146484375,1430.93994140625,1396.1300048828125,1426.8900146484375,367100,1517.35,1557.9,1721.54,29.4,32.83,
2008-09-04,1421.1600341796875,1436.6199951171875,1409.3299560546875,1426.4300537109375,372900,1509.74,1552.07,1719.06,29.4,32.44,
2008-09-05,1394.3900146484375,1415.239990234375,1393.3299560546875,1404.3800048828125,298500,1501.76,1545.81,1716.42,26.5,32.48,
2008-09-08,1437.5899658203125,1481.4100341796875,1437.5899658203125,1476.6500244140625,399100,1497.15,1541.65,1713.94,45.3,35.67,
2008-09-09,1469.5400390625,1469.5400390625,1446.530029296875,1454.5,443700,1490.82,1537.24,1711.47,41.8,35.27,
2008-09-10,1432.9000244140625,1466.260009765625,1430.050048828125,1464.97998046875,421200,1485.22,1533.21,1709.16,44.0,35.34,
2008-09-11,1459.68994140625,1467.9000244140625,1439.3800048828125,1443.239990234375,363000,1479.24,1529.61,1706.91,40.5,34.85,
2008-09-12,1468.4100341796875,1480.77001953125,1463.5799560546875,1477.9200439453125,311700,1474.53,1527.03,1704.94,47.6,35.04,
2008-09-16,1381.239990234375,1401.7900390625,1372.550048828125,1387.75,392800,1465.53,1523.23,1702.84,35.7,40.06,
2008-09-17,1420.489990234375,1441.239990234375,1412.5999755859375,1425.260009765625,398300,1459.72,1520.14,1700.98,42.2,41.02,
2008-09-18,1385.469970703125,1400.3499755859375,1366.8800048828125,1392.4200439453125,413400,1452.31,1517.32,1699.07,38.5,42.26,
2008-09-19,1441.31005859375,1464.5899658203125,1435.719970703125,1455.780029296875,468700,1449.47,1516.05,1697.08,47.9,44.4,
2008-09-22,1472.0799560546875,1488.93994140625,1457.0999755859375,1460.3399658203125,354300,1447.64,1514.51,1695.08,48.5,43.6,
2008-09-23,1447.9000244140625,1484.010009765625,1445.5,1481.3699951171875,470400,1446.6,1512.78,1693.31,51.3,43.23,
2008-09-24,1479.0400390625,1501.0899658203125,1472.31005859375,1495.97998046875,498500,1446.89,1511.53,1691.4,53.3,42.2,
2008-09-25,1487.72998046875,1503.8299560546875,1469.22998046875,1501.6300048828125,419100,1447.27,1511.38,1689.38,54.0,41.66,
2008-09-26,1492.4200439453125,1498.739990234375,1469.8299560546875,1476.3299560546875,405900,1447.38,1510.75,1687.25,50.1,40.95,
2008-09-29,1491.1099853515625,1496.300048828125,1449.3299560546875,1456.3599853515625,365900,1446.49,1509.37,1684.94,47.2,41.38,
2008-09-30,1383.969970703125,1448.06005859375,1376.719970703125,1448.06005859375,412800,1448.17,1508.13,1682.49,46.0,44.12,
2008-10-01,1453.4000244140625,1453.4000244140625,1429.5699462890625,1439.6700439453125,314200,1449.8,1505.67,1679.93,44.8,42.67,
2008-10-02,1450.1600341796875,1458.6800537109375,1410.3499755859375,1419.6500244140625,317900,1449.44,1502.84,1677.35,41.9,43.07,
2008-10-06,1389.6800537109375,1389.6800537109375,1351.719970703125,1358.75,312400,1446.05,1498.18,1674.61,34.6,44.85,
2008-10-07,1340.9200439453125,1371.239990234375,1321.81005859375,1366.0999755859375,349600,1444.14,1492.97,1671.82,36.1,45.17,
2008-10-08,1323.9599609375,1334.3399658203125,1281.469970703125,1286.68994140625,431500,1434.64,1486.75,1668.62,28.7,47.99,
2008-10-09,1289.6700439453125,1324.3599853515625,1274.4599609375,1294.8900146484375,451800,1426.66,1480.68,1665.51,30.3,48.13,
2008-10-10,1248.530029296875,1248.530029296875,1178.510009765625,1241.469970703125,461300,1415.48,1474.17,1662.24,26.2,53.0,
2008-10-13,1272.949951171875,1294.18994140625,1252.43994140625,1288.530029296875,384700,1407.75,1468.38,1659.49,34.6,52.98,
2008-10-14,1342.31005859375,1367.699951171875,1339.8599853515625,1367.68994140625,460900,1402.24,1463.84,1657.02,45.7,54.85,
2008-10-15,1338.4599609375,1353.43994140625,1327.4200439453125,1340.280029296875,347700,1399.86,1459.17,1654.5,43.0,53.81,
2008-10-16,1258.3800048828125,1265.8499755859375,1205.1400146484375,1213.780029296875,409100,1389.29,1452.59,1651.17,33.1,59.62,
2008-10-17,1245.1500244140625,1245.1500244140625,1166.8800048828125,1180.6700439453125,420200,1378.7,1445.49,1647.48,31.1,60.95,
2008-10-20,1195.9000244140625,1211.0899658203125,1149.3900146484375,1207.6300048828125,373000,1366.29,1438.07,1643.99,34.6,61.01,
2008-10-21,1223.75,1232.72998046875,1181.8800048828125,1196.0999755859375,389200,1353.08,1430.71,1640.42,33.8,60.28,
2008-10-22,1190.5,1195.280029296875,1095.56005859375,1134.5899658203125,374900,1335.74,1422.03,1636.61,29.9,63.16,
2008-10-23,1089.5699462890625,1089.5699462890625,1028.5,1049.7099609375,401500,1313.43,1411.4,1632.59,25.5,66.22,
2008-10-24,1051.5799560546875,1051.9200439453125,925.5700073242188,938.75,443200,1285.28,1398.63,1628.02,21.2,70.52,
2008-10-27,937.1799926757812,966.4099731445312,892.1599731445312,946.4500122070312,540700,1258.79,1386.31,1623.43,22.2,70.78,
2008-10-28,916.8499755859375,1012.72998046875,901.489990234375,999.1599731445312,649400,1235.93,1374.85,1619.27,28.8,73.67,
2008-10-29,1047.47998046875,1078.3299560546875,920.3499755859375,968.969970703125,763400,1211.98,1362.87,1614.99,27.3,79.7,
2008-10-30,1036.8299560546875,1094.8900146484375,992.8900146484375,1084.719970703125,621600,1194.23,1353.74,1611.19,39.8,83.0,
2008-10-31,1083.1400146484375,1158.6600341796875,1061.4599609375,1113.06005859375,864800,1178.9,1345.19,1607.63,42.4,84.01,
2008-11-03,1117.1300048828125,1158.8699951171875,1109.3199462890625,1129.0799560546875,568200,1167.42,1337.52,1604.36,43.8,81.55,
2008-11-04,1135.530029296875,1154.449951171875,1114.4100341796875,1153.3499755859375,603600,1156.78,1330.65,1601.3,46.1,78.59,
2008-11-05,1184.9200439453125,1217.8199462890625,1159.6700439453125,1181.5,790200,1151.52,1324.23,1598.47,48.6,77.58,
2008-11-06,1133.780029296875,1140.8499755859375,1081.7900390625,1092.219970703125,657600,1141.39,1316.27,1595.41,41.8,79.16,
2008-11-07,1054.3499755859375,1134.5,1038.719970703125,1134.489990234375,846300,1136.04,1309.08,1592.47,45.7,80.35,
2008-11-10,1152.260009765625,1165.5699462890625,1124.1300048828125,1152.4599609375,717500,1129.23,1302.65,1589.55,47.3,77.57,
2008-11-11,1133.3399658203125,1160.300048828125,1114.5,1128.72998046875,600700,1117.28,1295.74,1586.78,45.4,75.3,
2008-11-12,1103.8800048828125,1143.1800537109375,1096.6300048828125,1123.8599853515625,605700,1106.46,1289.93,1584.35,45.0,73.24,
2008-11-13,1074.75,1088.4599609375,1040.3399658203125,1088.43994140625,566800,1100.2,1283.55,1581.65,42.1,73.98,
2008-11-14,1126.93994140625,1129.4000244140625,1078.43994140625,1088.260009765625,440500,1095.58,1276.78,1578.78,42.1,72.33,
2008-11-17,1074.3299560546875,1104.6600341796875,1050.4000244140625,1078.3199462890625,413400,1089.11,1269.82,1575.71,41.2,71.04,
2008-11-18,1053.2900390625,1075.6800537109375,1036.0999755859375,1036.1600341796875,377400,1081.11,1262.45,1572.75,37.7,68.98,
2008-11-19,1038.739990234375,1038.739990234375,994.5700073242188,1016.8200073242188,404600,1075.23,1253.26,1569.65,36.1,67.21,
2008-11-20,967.4600219726562,984.510009765625,947.4400024414062,948.6900024414062,424100,1070.17,1243.14,1566.45,31.3,67.37,
2008-11-21,929.739990234375,1013.1199951171875,914.02001953125,1003.72998046875,602100,1073.42,1233.92,1563.34,38.5,69.63,
2008-11-24,996.22998046875,1014.489990234375,969.489990234375,970.1400146484375,464200,1074.61,1224.46,1560.02,36.0,67.87,
2008-11-25,1016.0900268554688,1029.4599609375,966.280029296875,983.3200073242188,486200,1073.82,1214.56,1556.49,37.7,67.54,
2008-11-26,993.0700073242188,1030.699951171875,993.0700073242188,1029.780029296875,515500,1076.86,1207.4,1553.15,43.4,66.1,
2008-11-27,1058.6300048828125,1070.6700439453125,1046.4599609375,1063.47998046875,563600,1075.79,1200.17,1550.27,47.1,64.3,
2008-11-28,1066.8399658203125,1084.030029296875,1061.52001953125,1076.0699462890625,555200,1073.94,1193.84,1547.43,48.5,61.31,
2008-12-01,1074.0,1083.010009765625,1058.6199951171875,1058.6199951171875,627300,1070.42,1185.9,1544.57,46.7,58.68,
2008-12-02,1007.7100219726562,1038.4100341796875,1007.260009765625,1023.2000122070312,421100,1063.91,1177.16,1541.19,43.2,58.15,
2008-12-03,1038.4100341796875,1038.4100341796875,1013.5599975585938,1022.6699829101562,478700,1055.97,1167.98,1537.83,43.1,55.77,
2008-12-04,1042.1600341796875,1042.1600341796875,997.0,1006.5399780273438,402200,1051.69,1158.19,1534.38,41.5,55.02,
2008-12-05,1017.47998046875,1032.6800537109375,1008.2999877929688,1028.1300048828125,401600,1046.37,1148.72,1530.92,44.5,52.95,
2008-12-08,1041.4100341796875,1111.27001953125,1037.6400146484375,1105.050048828125,541800,1044.0,1141.3,1528.01,53.8,55.11,
2008-12-09,1116.0899658203125,1120.6600341796875,1092.489990234375,1105.8399658203125,486500,1042.86,1134.29,1525.02,53.9,53.19,
2008-12-10,1112.43994140625,1155.0799560546875,1105.7099609375,1145.8699951171875,562100,1043.96,1128.24,1522.31,58.1,52.91,
2008-12-11,1145.06005859375,1166.27001953125,1135.5,1154.4300537109375,576700,1047.26,1122.54,1519.54,59.0,51.33,
2008-12-12,1128.6600341796875,1152.989990234375,1089.93994140625,1103.8199462890625,622300,1048.03,1116.22,1516.51,52.1,52.27,
2008-12-15,1138.4200439453125,1164.719970703125,1138.4200439453125,1158.18994140625,485400,1052.03,1112.21,1513.7,57.8,52.89,
2008-12-16,1148.6800537109375,1165.2900390625,1137.050048828125,1161.56005859375,626700,1058.3,1108.12,1510.83,58.1,51.13,
2008-12-17,1190.0899658203125,1196.3699951171875,1146.0400390625,1169.75,647800,1065.94,1105.78,1508.12,59.0,51.07,
2008-12-18,1183.3800048828125,1189.8299560546875,1164.5999755859375,1175.9100341796875,557800,1077.3,1103.4,1505.64,59.6,49.22,
2008-12-19,1174.239990234375,1194.52001953125,1171.3800048828125,1180.969970703125,685000,1086.17,1102.19,1503.16,60.2,47.36,
2008-12-22,1189.8499755859375,1201.1400146484375,1167.6300048828125,1179.6099853515625,450600,1096.64,1100.01,1500.67,60.0,46.37,
2008-12-23,1168.1500244140625,1175.3199462890625,1140.1300048828125,1144.31005859375,436400,1104.69,1095.54,1497.91,53.9,45.88,
2008-12-24,1140.0799560546875,1143.6800537109375,1113.1700439453125,1128.510009765625,407800,1109.63,1091.31,1495.23,51.4,44.83,
2008-12-26,1128.5400390625,1134.5699462890625,1108.8599853515625,1117.8599853515625,345500,1112.35,1089.39,1492.7,49.7,43.46,
2008-12-29,1109.4000244140625,1118.3499755859375,1084.260009765625,1117.5899658203125,312500,1114.42,1088.13,1490.08,49.6,42.79,
2008-12-30,1124.5999755859375,1144.239990234375,1121.3199462890625,1124.469970703125,357900,1117.71,1086.47,1487.4,50.8,41.64,
2009-01-02,1132.8699951171875,1157.4000244140625,1118.8399658203125,1157.4000244140625,340800,1124.42,1085.69,1485.11,56.2,41.42,
2009-01-05,1180.97998046875,1185.219970703125,1166.6600341796875,1173.5699462890625,414800,1131.97,1086.47,1482.98,58.6,40.45,
2009-01-06,1183.52001953125,1203.5899658203125,1179.93994140625,1194.280029296875,444200,1141.36,1089.36,1481.08,61.5,39.7,
2009-01-07,1198.8499755859375,1228.56005859375,1195.199951171875,1228.1700439453125,568600,1151.36,1095.15,1479.28,65.8,39.32,
2009-01-08,1212.699951171875,1218.4300537109375,1195.1500244140625,1205.699951171875,472300,1156.39,1100.34,1477.19,61.0,38.87,
2009-01-09,1214.5,1220.5899658203125,1179.06005859375,1180.9599609375,443500,1160.15,1103.97,1474.98,56.1,39.06,
2009-01-12,1170.68994140625,1177.18994140625,1150.4100341796875,1156.75,352700,1160.69,1107.73,1472.54,51.8,38.45,
2009-01-13,1147.989990234375,1168.0400390625,1133.93994140625,1167.7099609375,381500,1161.35,1109.39,1470.1,53.5,38.14,
2009-01-14,1161.010009765625,1184.52001953125,1151.800048828125,1182.6800537109375,358900,1165.3,1110.78,1467.64,55.9,37.75,
2009-01-15,1138.469970703125,1145.4100341796875,1108.1500244140625,1111.3399658203125,366500,1162.95,1110.43,1464.8,44.3,40.38,
2009-01-16,1120.68994140625,1135.7900390625,1109.68994140625,1135.199951171875,335700,1161.64,1110.06,1462.09,48.2,39.36,
2009-01-19,1146.0899658203125,1159.8800048828125,1141.31005859375,1150.6500244140625,370300,1160.68,1109.45,1459.33,50.6,38.31,
2009-01-20,1136.1600341796875,1136.47998046875,1115.0699462890625,1126.81005859375,319500,1158.23,1110.14,1456.45,47.0,38.11,
2009-01-21,1087.4300537109375,1118.4000244140625,1085.719970703125,1103.6099853515625,334600,1154.36,1109.52,1453.45,43.7,38.33,
2009-01-22,1125.219970703125,1127.3499755859375,1106.739990234375,1116.22998046875,346800,1151.19,1108.8,1450.33,45.9,37.29,
2009-01-23,1105.4300537109375,1105.4300537109375,1087.6600341796875,1093.4000244140625,268200,1148.64,1108.09,1446.97,42.7,36.66,
2009-01-28,1123.22998046875,1160.18994140625,1122.3299560546875,1157.97998046875,345300,1150.12,1108.77,1443.93,52.8,38.81,
2009-01-29,1165.8199462890625,1179.1500244140625,1160.75,1166.56005859375,384700,1152.55,1110.33,1440.9,54.0,37.55,
2009-01-30,1147.5699462890625,1163.760009765625,1144.52001953125,1162.1099853515625,377000,1154.78,1111.81,1437.93,53.3,36.45,
2009-02-02,1145.8699951171875,1170.699951171875,1136.3699951171875,1146.949951171875,374600,1155.9,1113.18,1434.85,50.7,36.3,
2009-02-03,1152.93994140625,1174.280029296875,1137.8299560546875,1163.199951171875,347700,1156.19,1115.72,1431.76,53.3,36.31,
2009-02-04,1183.219970703125,1195.52001953125,1176.0999755859375,1195.3699951171875,450200,1157.28,1119.29,1429.01,58.0,36.02,
2009-02-05,1187.050048828125,1206.72998046875,1177.8800048828125,1177.8800048828125,463600,1156.46,1123.88,1426.18,54.8,35.51,
2009-02-06,1199.1700439453125,1210.260009765625,1190.6700439453125,1210.260009765625,570800,1155.57,1128.01,1423.44,59.3,35.29,
2009-02-09,1224.43994140625,1227.72998046875,1199.9300537109375,1202.68994140625,476000,1155.42,1132.66,1420.61,57.8,34.75,
2009-02-10,1215.050048828125,1219.760009765625,1186.3299560546875,1198.8699951171875,468800,1156.31,1136.97,1417.75,57.1,34.66,
2009-02-11,1168.4200439453125,1193.550048828125,1162.5699462890625,1190.1800537109375,469800,1157.98,1140.18,1414.7,55.3,34.77,
2009-02-12,1183.6800537109375,1187.3499755859375,1162.5799560546875,1179.8399658203125,488100,1158.59,1142.51,1411.66,53.2,34.26,
2009-02-13,1179.6300048828125,1192.47998046875,1165.25,1192.43994140625,574800,1159.08,1144.83,1408.62,55.4,33.76,
2009-02-16,1183.52001953125,1199.5,1174.72998046875,1175.469970703125,509500,1162.28,1147.17,1405.5,51.8,33.12,
2009-02-17,1167.219970703125,1167.219970703125,1121.4100341796875,1127.18994140625,546400,1161.88,1149.25,1402.01,43.2,34.61,
2009-02-18,1111.3499755859375,1120.6500244140625,1096.0,1113.18994140625,598200,1160.01,1151.06,1398.46,41.1,34.37,
2009-02-19,1109.989990234375,1121.27001953125,1092.9599609375,1107.0999755859375,641500,1159.03,1153.07,1394.94,40.2,33.94,
2009-02-20,1095.25,1102.43994140625,1056.3399658203125,1065.949951171875,587400,1157.14,1153.83,1391.14,34.5,35.14,
2009-02-23,1058.5400390625,1099.550048828125,1051.52001953125,1099.550048828125,396100,1156.31,1153.72,1387.4,41.7,36.06,
2009-02-24,1061.56005859375,1071.9300537109375,1055.8599853515625,1063.8800048828125,576300,1154.83,1152.88,1383.42,37.1,36.6,
2009-02-25,1094.699951171875,1095.72998046875,1061.5999755859375,1067.0799560546875,735400,1150.29,1151.3,1379.49,37.7,36.43,
2009-02-26,1077.7099609375,1100.449951171875,1036.6700439453125,1054.7900390625,575100,1144.7,1149.31,1375.52,36.1,38.38,
2009-02-27,1056.7099609375,1076.81005859375,1048.050048828125,1063.030029296875,498300,1139.75,1148.49,1371.72,38.0,37.69,
2009-03-02,1044.280029296875,1044.280029296875,1010.8699951171875,1018.8099975585938,413900,1133.34,1145.71,1367.6,32.5,38.73,
2009-03-03,993.8499755859375,1029.1800537109375,992.6900024414062,1025.5699462890625,543400,1126.46,1142.99,1363.51,34.0,38.57,
2009-03-04,1018.9000244140625,1062.68994140625,1008.6699829101562,1059.260009765625,490800,1119.65,1140.78,1359.37,41.4,39.67,
2009-03-05,1068.25,1074.56005859375,1050.9000244140625,1058.1800537109375,509900,1113.67,1138.42,1355.22,41.3,38.53,
2009-03-06,1036.2900390625,1059.3299560546875,1036.2900390625,1055.030029296875,465700,1105.9,1135.9,1351.07,40.8,37.42,
2009-03-09,1068.97998046875,1077.1300048828125,1052.4100341796875,1071.72998046875,457900,1099.36,1133.75,1347.06,44.6,36.51,
2009-03-10,1060.6099853515625,1096.5899658203125,1060.6099853515625,1092.199951171875,614100,1094.02,1132.7,1343.28,48.9,36.48,
2009-03-11,1122.9100341796875,1127.8800048828125,1118.1199951171875,1127.510009765625,574400,1090.89,1132.68,1339.74,55.4,36.42,
2009-03-12,1126.5999755859375,1132.300048828125,1107.5999755859375,1128.3900146484375,536900,1088.32,1132.9,1336.25,55.5,35.58,
2009-03-13,1137.3499755859375,1147.8299560546875,1124.7099609375,1126.030029296875,506200,1085.0,1133.06,1332.87,55.0,34.69,
2009-03-16,1126.0899658203125,1142.5799560546875,1119.3299560546875,1125.4599609375,436000,1082.5,1133.08,1329.38,54.8,33.87,
2009-03-17,1140.3199462890625,1166.5999755859375,1132.75,1163.8800048828125,727000,1084.33,1133.21,1326.17,61.8,34.39,
2009-03-18,1176.8599853515625,1176.8599853515625,1157.1099853515625,1169.949951171875,520400,1087.17,1133.14,1322.81,62.8,33.35,
2009-03-19,1180.3900146484375,1186.9100341796875,1158.18994140625,1161.81005859375,532600,1089.9,1132.49,1319.36,60.5,33.02,
2009-03-20,1165.030029296875,1180.3800048828125,1163.5899658203125,1170.93994140625,374700,1095.15,1131.35,1315.98,62.2,31.98,
2009-03-23,1179.5999755859375,1201.22998046875,1179.1300048828125,1199.5,461600,1100.15,1131.22,1312.88,66.8,31.86,
2009-03-24,1225.93994140625,1225.93994140625,1205.0799560546875,1221.699951171875,512500,1108.04,1132.04,1309.82,69.8,31.48,
2009-03-25,1216.2900390625,1229.02001953125,1211.199951171875,1229.02001953125,495100,1116.14,1133.48,1306.8,70.8,30.5,
2009-03-26,1226.510009765625,1243.969970703125,1216.489990234375,1243.800048828125,588100,1125.59,1135.0,1303.97,72.7,30.29,
2009-03-27,1248.699951171875,1256.699951171875,1233.949951171875,1237.510009765625,702300,1134.31,1136.1,1301.29,70.6,29.75,
2009-03-30,1239.800048828125,1244.780029296875,1196.3199462890625,1197.4599609375,527800,1143.25,1137.82,1298.37,59.0,31.08,
2009-03-31,1205.97998046875,1228.2099609375,1203.1600341796875,1206.260009765625,503600,1152.28,1139.25,1295.7,60.5,31.06,
2009-04-01,1214.06005859375,1238.0400390625,1201.7099609375,1233.3599853515625,586100,1160.99,1140.9,1293.13,64.9,31.44,
2009-04-02,1254.3800048828125,1278.56005859375,1249.93994140625,1276.969970703125,732200,1171.93,1143.9,1290.71,70.5,32.42,
2009-04-03,1288.56005859375,1292.5999755859375,1274.449951171875,1283.75,618700,1183.36,1147.51,1288.38,71.3,31.4,
2009-04-06,1292.4200439453125,1315.300048828125,1292.4200439453125,1297.8499755859375,726400,1194.67,1151.14,1286.0,72.9,31.41,
2009-04-07,1296.3199462890625,1304.280029296875,1282.4100341796875,1300.0999755859375,686800,1205.06,1155.27,1283.79,73.2,30.73,
2009-04-08,1284.97998046875,1287.5899658203125,1260.72998046875,1262.0699462890625,751400,1211.79,1157.35,1281.45,62.4,31.35,
2009-04-09,1274.030029296875,1317.2900390625,1272.02001953125,1316.3499755859375,933700,1221.19,1160.35,1279.45,69.3,33.05,
2009-04-10,1340.8699951171875,1355.68994140625,1319.52001953125,1336.0400390625,920400,1231.69,1163.83,1277.58,71.4,33.5,
2009-04-13,1341.739990234375,1353.27001953125,1328.989990234375,1338.260009765625,815400,1242.33,1167.65,1275.68,71.6,32.84,
2009-04-14,1353.25,1356.31005859375,1323.6400146484375,1342.6300048828125,933400,1251.27,1171.24,1273.81,72.1,32.83,
2009-04-15,1321.5999755859375,1341.3199462890625,1305.1600341796875,1333.0899658203125,815700,1259.42,1174.0,1272.05,69.4,33.16,
2009-04-16,1356.8800048828125,1371.280029296875,1334.6500244140625,1336.719970703125,746700,1268.17,1177.17,1270.36,69.8,33.52,
2009-04-17,1354.9300537109375,1360.9000244140625,1316.1099853515625,1329.0,794000,1276.07,1179.55,1268.67,67.5,34.33,
2009-04-20,1331.760009765625,1338.9000244140625,1311.72998046875,1336.3900146484375,566900,1282.92,1182.22,1267.24,68.6,33.81,
2009-04-21,1307.949951171875,1338.47998046875,1303.219970703125,1336.81005859375,639600,1288.67,1184.98,1265.89,68.6,33.92,
2009-04-22,1347.7900390625,1360.4100341796875,1336.4100341796875,1356.02001953125,730200,1295.02,1188.3,1264.78,71.5,33.21,
2009-04-23,1367.300048828125,1371.949951171875,1353.1600341796875,1368.800048828125,747000,1301.27,1192.08,1263.72,73.3,32.18,
2009-04-24,1371.81005859375,1375.800048828125,1343.550048828125,1354.0999755859375,683400,1307.1,1195.31,1262.83,68.1,32.18,
2009-04-27,1358.199951171875,1366.6600341796875,1334.02001953125,1339.8299560546875,547300,1314.22,1198.6,1261.93,63.3,32.22,
2009-04-28,1344.77001953125,1353.800048828125,1298.8599853515625,1300.239990234375,759000,1318.92,1202.06,1260.74,52.4,33.84,
2009-04-29,1310.6199951171875,1338.4300537109375,1299.97998046875,1338.4200439453125,599300,1324.17,1206.56,1259.6,59.6,34.17,
2009-04-30,1353.6700439453125,1377.8199462890625,1350.4599609375,1369.3599853515625,811800,1328.79,1211.81,1258.65,64.4,34.54,
2009-05-04,1386.02001953125,1397.9200439453125,1381.1199951171875,1397.9200439453125,749100,1334.5,1218.45,1258.09,68.1,34.12,
2009-05-06,1399.8199462890625,1408.5699462890625,1385.3499755859375,1393.449951171875,738900,1339.28,1224.33,1257.52,66.9,33.34,
2009-05-07,1414.550048828125,1415.47998046875,1389.8199462890625,1401.0799560546875,770600,1344.33,1231.07,1256.9,67.9,32.79,
2009-05-08,1400.469970703125,1412.1400146484375,1390.8299560546875,1412.1300048828125,732200,1351.83,1237.97,1256.41,69.4,31.97,
2009-05-11,1416.4200439453125,1420.31005859375,1405.4200439453125,1415.1600341796875,681600,1356.77,1245.18,1255.67,69.8,30.75,
2009-05-12,1406.43994140625,1411.2099609375,1395.9100341796875,1403.510009765625,770700,1360.15,1251.99,1254.88,66.1,29.93,
2009-05-13,1409.5899658203125,1414.6300048828125,1400.3499755859375,1414.52001953125,714000,1363.96,1259.9,1254.0,67.8,28.81,
2009-05-14,1395.5999755859375,1400.3800048828125,1380.9100341796875,1380.949951171875,700900,1365.88,1267.01,1252.77,58.2,29.15,
2009-05-15,1395.1500244140625,1399.8399658203125,1385.8299560546875,1391.72998046875,702800,1368.81,1273.66,1251.74,60.2,28.42,
2009-05-18,1385.7099609375,1387.199951171875,1366.5799560546875,1386.6800537109375,552500,1371.31,1280.23,1250.68,58.8,28.19,
2009-05-19,1416.949951171875,1428.2099609375,1411.8900146484375,1428.2099609375,767800,1376.27,1287.69,1249.99,65.8,29.14,
2009-05-20,1427.97998046875,1436.9200439453125,1424.5999755859375,1435.699951171875,698900,1381.23,1294.97,1249.28,66.9,27.94,
2009-05-21,1431.030029296875,1433.0699462890625,1412.72998046875,1421.6500244140625,867600,1385.47,1301.56,1248.41,62.8,27.58,
2009-05-22,1406.27001953125,1431.3199462890625,1402.800048828125,1403.75,676800,1387.86,1307.09,1247.56,58.0,27.65,
2009-05-25,1393.989990234375,1414.1400146484375,1315.2099609375,1400.9000244140625,825400,1389.46,1312.54,1246.85,57.2,32.74,
2009-05-26,1407.5799560546875,1409.2900390625,1361.5799560546875,1372.0400390625,684600,1390.36,1317.46,1246.04,50.1,33.81,
2009-05-27,1394.739990234375,1396.77001953125,1360.300048828125,1362.02001953125,786700,1391.47,1322.19,1244.95,47.9,34.0,
2009-05-28,1355.8900146484375,1392.1700439453125,1345.0999755859375,1392.1700439453125,657900,1396.07,1326.75,1244.09,54.5,34.93,
2009-05-29,1393.25,1398.43994140625,1380.6800537109375,1395.8900146484375,549700,1398.94,1331.27,1243.23,55.2,33.71,
2009-06-01,1394.9200439453125,1415.0999755859375,1384.449951171875,1415.0999755859375,559000,1401.23,1336.34,1242.4,59.0,33.49,
2009-06-02,1437.1500244140625,1437.760009765625,1411.6199951171875,1412.8499755859375,705300,1401.97,1341.18,1241.58,58.3,32.96,
2009-06-03,1423.800048828125,1427.050048828125,1402.760009765625,1414.8900146484375,731500,1403.05,1345.48,1240.84,58.8,32.34,
2009-06-04,1410.239990234375,1411.1099853515625,1375.93994140625,1378.1400146484375,583300,1401.9,1348.61,1239.87,49.1,32.82,
2009-06-05,1392.6300048828125,1394.7099609375,1373.239990234375,1394.7099609375,511500,1401.03,1351.93,1239.0,52.9,32.01,
2009-06-08,1394.22998046875,1411.27001953125,1387.4100341796875,1393.300048828125,516700,1399.94,1354.92,1238.26,52.5,31.42,
2009-06-09,1406.6600341796875,1410.0,1371.52001953125,1371.8399658203125,485700,1398.35,1357.6,1237.42,47.3,31.93,
2009-06-10,1379.6099853515625,1414.8800048828125,1376.4599609375,1414.8800048828125,501900,1398.37,1361.95,1236.93,56.6,32.72,
2009-06-11,1411.9200439453125,1435.280029296875,1407.5,1419.3900146484375,490800,1400.29,1366.21,1236.54,57.5,32.37,
2009-06-12,1428.8699951171875,1436.22998046875,1416.5,1428.5899658203125,508600,1402.14,1370.12,1236.17,59.2,31.47,
2009-06-15,1427.75,1427.75,1401.18994140625,1412.4200439453125,434600,1403.42,1372.83,1235.79,54.9,31.18,
2009-06-16,1394.699951171875,1410.010009765625,1389.3299560546875,1399.1500244140625,473900,1401.97,1375.14,1235.31,51.6,30.6,
2009-06-17,1391.969970703125,1397.2099609375,1384.1300048828125,1391.1700439453125,456100,1399.74,1377.0,1234.9,49.7,29.49,
2009-06-18,1390.219970703125,1396.75,1371.3800048828125,1375.760009765625,502200,1397.45,1378.52,1234.4,46.1,29.19,
2009-06-19,1386.52001953125,1388.75,1369.760009765625,1383.3399658203125,471000,1396.43,1380.94,1234.25,48.1,28.46,
2009-06-22,1381.8499755859375,1399.9200439453125,1379.75,1399.7099609375,410200,1396.37,1382.61,1234.21,52.2,27.87,
2009-06-23,1369.8699951171875,1374.43994140625,1354.97998046875,1360.5400390625,509200,1395.79,1383.1,1233.88,43.4,29.07,
2009-06-24,1366.010009765625,1370.0,1350.31005859375,1363.7900390625,436500,1395.88,1383.61,1233.57,44.2,28.4,
2009-06-25,1366.780029296875,1402.3499755859375,1366.780029296875,1392.72998046875,449200,1395.91,1384.61,1233.51,51.2,29.13,
2009-06-26,1401.5699462890625,1404.010009765625,1388.3800048828125,1394.530029296875,425900,1395.84,1385.84,1233.1,51.6,28.17,
2009-06-29,1399.6400146484375,1408.93994140625,1386.030029296875,1388.449951171875,426300,1394.51,1386.87,1232.77,50.1,27.79,
2009-06-30,1402.300048828125,1409.0999755859375,1385.760009765625,1390.0699462890625,473100,1393.37,1388.1,1232.39,50.5,27.47,
2009-07-01,1386.3299560546875,1414.7900390625,1381.0899658203125,1411.6600341796875,505500,1393.21,1389.6,1232.23,55.8,27.92,
2009-07-02,1419.1500244140625,1419.1500244140625,1403.1800537109375,1411.47998046875,464100,1394.88,1391.09,1231.9,55.7,27.06,
2009-07-03,1389.9300537109375,1420.0400390625,1389.3900146484375,1420.0400390625,398600,1396.14,1392.37,1232.06,57.8,27.32,
2009-07-06,1419.1700439453125,1434.31005859375,1416.199951171875,1428.93994140625,384600,1397.92,1393.58,1232.08,59.9,26.66,
2009-07-07,1434.469970703125,1439.5699462890625,1426.949951171875,1434.199951171875,456800,1401.04,1395.18,1232.29,61.1,25.66,
2009-07-08,1424.9200439453125,1431.02001953125,1412.6800537109375,1431.02001953125,435400,1401.85,1397.0,1232.17,59.9,25.36,
2009-07-09,1428.739990234375,1443.81005859375,1426.4100341796875,1430.8900146484375,437300,1402.42,1399.62,1232.02,59.9,24.79,
2009-07-10,1435.52001953125,1436.5,1415.989990234375,1428.6199951171875,456500,1402.43,1401.42,1231.76,58.9,24.49,
2009-07-13,1426.31005859375,1426.31005859375,1378.1199951171875,1378.1199951171875,446700,1400.71,1401.6,1231.17,42.6,26.35,
2009-07-14,1400.530029296875,1402.0,1377.5999755859375,1385.56005859375,426800,1400.03,1401.35,1230.59,45.0,26.21,
2009-07-15,1402.760009765625,1422.4100341796875,1402.280029296875,1420.8599853515625,398400,1401.52,1401.9,1230.31,54.8,26.97,
2009-07-16,1438.02001953125,1442.0999755859375,1426.510009765625,1432.219970703125,424000,1404.34,1402.52,1230.19,57.4,26.56,
2009-07-17,1443.489990234375,1445.5999755859375,1432.800048828125,1440.0999755859375,403700,1407.18,1403.08,1230.15,59.1,25.62,
2009-07-20,1447.8499755859375,1480.489990234375,1447.1099853515625,1478.510009765625,505000,1411.12,1404.35,1230.34,66.4,26.67,
2009-07-21,1489.449951171875,1496.8699951171875,1480.6400146484375,1488.989990234375,514700,1417.54,1406.06,1230.69,68.1,26.08,
2009-07-22,1492.3699951171875,1496.489990234375,1485.0400390625,1494.0400390625,506900,1424.05,1407.65,1231.37,68.9,25.03,
2009-07-23,1495.3900146484375,1504.699951171875,1484.8299560546875,1496.489990234375,642900,1429.24,1409.96,1232.02,69.3,24.66,
2009-07-24,1508.3199462890625,1510.8199462890625,1496.8900146484375,1502.5899658203125,533000,1434.64,1412.17,1233.1,70.3,23.93,
2009-07-27,1510.75,1529.260009765625,1505.8499755859375,1524.050048828125,504100,1441.42,1414.92,1234.24,73.7,24.12,
2009-07-28,1521.489990234375,1528.550048828125,1518.5,1526.030029296875,431400,1448.22,1416.88,1235.67,74.0,23.12,
2009-07-29,1524.0799560546875,1529.800048828125,1516.030029296875,1524.3199462890625,486400,1453.85,1418.65,1236.85,73.2,22.45,
2009-07-30,1524.56005859375,1535.3599853515625,1511.1300048828125,1534.739990234375,431300,1460.02,1420.91,1237.68,74.9,22.58,
2009-07-31,1543.050048828125,1559.0699462890625,1536.8599853515625,1557.2900390625,466500,1466.88,1423.98,1238.77,78.1,22.7,
2009-08-03,1561.93994140625,1570.010009765625,1554.77001953125,1564.97998046875,490200,1473.68,1427.26,1240.52,79.1,22.17,
2009-08-04,1576.949951171875,1586.1199951171875,1558.469970703125,1566.3699951171875,589900,1480.29,1431.15,1242.45,79.3,22.56,
2009-08-05,1571.7099609375,1575.030029296875,1557.7900390625,1559.469970703125,494900,1486.71,1435.1,1244.21,75.8,22.18,
2009-08-06,1555.6400146484375,1572.1700439453125,1546.5,1565.0400390625,492300,1493.42,1438.56,1246.05,76.7,22.43,
2009-08-07,1563.1300048828125,1576.800048828125,1559.1800537109375,1576.0,477600,1500.79,1442.16,1248.26,78.4,22.09,
2009-08-10,1585.3499755859375,1588.1500244140625,1573.219970703125,1576.1099853515625,490600,1510.69,1445.38,1250.89,78.4,21.58,
2009-08-11,1572.3299560546875,1580.43994140625,1570.510009765625,1579.2099609375,574000,1520.37,1448.71,1254.1,78.9,20.74,
2009-08-12,1571.739990234375,1571.739990234375,1552.510009765625,1565.3499755859375,510500,1527.59,1451.72,1257.19,70.9,21.17,
2009-08-13,1578.949951171875,1581.3399658203125,1564.6400146484375,1564.6400146484375,562800,1534.22,1455.45,1260.02,70.5,20.85,
2009-08-14,1582.2099609375,1594.4599609375,1579.1700439453125,1591.4100341796875,606500,1541.78,1459.38,1263.13,75.9,21.49,
2009-08-17,1588.72998046875,1588.72998046875,1541.739990234375,1547.06005859375,594900,1545.21,1462.46,1265.44,57.2,23.5,
2009-08-18,1534.219970703125,1560.72998046875,1530.6500244140625,1550.239990234375,598300,1548.27,1466.02,1267.63,58.0,23.97,
2009-08-19,1555.030029296875,1564.9000244140625,1545.9300537109375,1545.9599609375,521600,1550.87,1468.64,1269.71,56.5,23.62,
2009-08-20,1559.989990234375,1577.0799560546875,1544.5,1576.3900146484375,454900,1554.86,1471.78,1271.83,63.8,24.26,
2009-08-21,1582.6099853515625,1590.1500244140625,1564.449951171875,1580.97998046875,514700,1558.78,1474.83,1273.82,64.8,24.36,
2009-08-24,1604.31005859375,1614.050048828125,1602.3399658203125,1612.219970703125,541300,1563.19,1478.83,1276.42,70.5,24.98,
2009-08-25,1603.030029296875,1610.3299560546875,1596.0,1601.3800048828125,461100,1566.96,1482.87,1278.76,66.5,24.36,
2009-08-26,1607.699951171875,1615.050048828125,1602.4000244140625,1614.1199951171875,451600,1571.45,1487.33,1281.07,68.7,23.59,
2009-08-27,1608.8299560546875,1614.0699462890625,1590.97998046875,1599.3299560546875,426300,1574.68,1491.8,1283.42,63.4,23.56,
2009-08-28,1612.9300537109375,1616.2900390625,1599.6800537109375,1607.93994140625,455500,1577.21,1496.3,1285.84,65.1,23.09,
2009-08-31,1607.6099853515625,1611.6500244140625,1580.280029296875,1591.8499755859375,443600,1578.55,1500.14,1288.36,59.5,23.68,
2009-09-01,1592.2900390625,1624.3399658203125,1583.1099853515625,1623.06005859375,444400,1581.39,1505.39,1291.03,65.6,24.93,
2009-09-02,1598.6600341796875,1622.8199462890625,1592.47998046875,1613.1600341796875,561700,1584.07,1510.38,1293.71,62.4,25.34,
2009-09-03,1614.530029296875,1620.06005859375,1605.9599609375,1613.530029296875,493300,1586.5,1514.79,1296.59,62.5,24.53,
2009-09-04,1623.0699462890625,1623.0699462890625,1597.199951171875,1608.9000244140625,594800,1588.14,1519.08,1299.55,60.9,24.63,
2009-09-07,1618.7900390625,1619.97998046875,1601.0400390625,1608.5699462890625,411200,1589.76,1523.48,1302.85,60.7,24.22,
2009-09-08,1616.47998046875,1622.72998046875,1610.9100341796875,1619.68994140625,523900,1591.79,1528.07,1305.93,63.4,23.5,
2009-09-09,1622.25,1622.81005859375,1602.68994140625,1607.77001953125,518400,1593.91,1532.0,1309.12,58.8,23.26,
2009-09-10,1615.7099609375,1644.6800537109375,1613.760009765625,1644.6800537109375,581100,1597.91,1536.66,1312.43,66.8,24.24,
2009-09-11,1644.31005859375,1653.77001953125,1639.8299560546875,1651.699951171875,514700,1600.93,1541.29,1315.54,68.1,23.5,
2009-09-14,1653.1700439453125,1653.5899658203125,1628.9599609375,1634.9100341796875,432400,1605.32,1545.41,1318.39,62.0,23.58,
2009-09-15,1646.2900390625,1654.9200439453125,1640.8699951171875,1653.4000244140625,550500,1610.48,1549.8,1321.28,65.6,23.33,
2009-09-16,1660.4300537109375,1693.8399658203125,1660.4300537109375,1683.3299560546875,568400,1617.35,1554.84,1324.4,70.6,24.55,
2009-09-17,1700.18994140625,1704.8800048828125,1682.0400390625,1695.469970703125,527900,1623.3,1560.13,1327.77,72.3,24.43,
2009-09-18,1695.1700439453125,1713.219970703125,1691.6400146484375,1699.7099609375,500100,1629.24,1565.56,1331.15,72.9,24.22,
2009-09-21,1700.56005859375,1709.3399658203125,1691.9200439453125,1695.5,517300,1633.4,1571.9,1334.6,71.2,23.74,
2009-09-22,1701.9599609375,1720.72998046875,1701.5699462890625,1718.8800048828125,448400,1639.27,1578.57,1338.05,74.7,23.84,
2009-09-23,1723.030029296875,1723.1700439453125,1705.97998046875,1711.469970703125,503200,1644.14,1584.38,1341.08,71.8,23.37,
2009-09-24,1706.18994140625,1715.550048828125,1680.9599609375,1693.8800048828125,421200,1648.87,1589.62,1344.02,65.2,24.17,
2009-09-25,1686.4100341796875,1691.7099609375,1662.52001953125,1691.47998046875,391900,1653.05,1594.64,1346.75,64.4,24.68,
2009-09-28,1678.5699462890625,1685.3399658203125,1668.969970703125,1675.550048828125,351400,1657.23,1598.58,1349.35,58.8,24.53,
2009-09-29,1695.93994140625,1696.7099609375,1680.68994140625,1690.050048828125,343700,1660.58,1602.61,1352.29,62.0,24.29,
2009-09-30,1688.5999755859375,1704.239990234375,1665.9000244140625,1673.1400146484375,369900,1663.58,1606.19,1354.86,56.5,25.29,
2009-10-01,1680.4599609375,1685.010009765625,1629.550048828125,1644.6300048828125,337400,1665.14,1609.15,1357.28,48.6,27.45,
2009-10-05,1622.0999755859375,1629.010009765625,1603.7099609375,1606.9000244140625,319000,1665.04,1611.24,1359.46,40.6,28.41,
2009-10-06,1620.31005859375,1626.02001953125,1590.469970703125,1598.43994140625,390400,1664.53,1612.72,1361.57,39.0,28.92,
2009-10-07,1619.0699462890625,1625.1099853515625,1598.0,1598.0,411300,1663.44,1614.16,1363.66,38.9,28.79,
2009-10-08,1607.8599853515625,1615.4599609375,1591.1500244140625,1615.4599609375,377000,1663.83,1615.99,1365.84,44.1,28.47,
2009-10-09,1622.1199951171875,1648.97998046875,1614.6099853515625,1646.7900390625,440500,1663.93,1618.23,1368.35,51.9,28.89,
2009-10-12,1660.18994140625,1661.3699951171875,1631.5899658203125,1639.81005859375,413700,1663.34,1619.88,1370.91,50.2,28.95,
2009-10-13,1634.489990234375,1642.780029296875,1614.4599609375,1628.9300537109375,420300,1663.04,1621.16,1373.46,47.6,28.91,
2009-10-14,1642.0999755859375,1653.219970703125,1637.780029296875,1649.0899658203125,412100,1662.83,1622.81,1376.12,52.5,28.58,
2009-10-15,1661.68994140625,1672.0799560546875,1653.3299560546875,1658.989990234375,374200,1661.61,1624.8,1378.79,54.7,28.18,
2009-10-16,1656.0699462890625,1667.489990234375,1638.489990234375,1640.3599853515625,373000,1658.85,1626.31,1381.21,50.0,28.24,
2009-10-19,1633.3399658203125,1649.68994140625,1614.8499755859375,1649.0699462890625,279900,1656.32,1627.77,1383.59,52.1,28.71,
2009-10-20,1663.949951171875,1665.6500244140625,1649.27001953125,1659.1500244140625,402300,1654.5,1629.43,1385.91,54.5,27.84,
2009-10-21,1649.81005859375,1664.52001953125,1645.56005859375,1653.8599853515625,366300,1651.25,1630.92,1388.04,53.0,27.21,
2009-10-22,1638.010009765625,1650.030029296875,1623.9599609375,1630.3299560546875,386900,1647.2,1632.22,1390.16,46.8,27.4,
2009-10-23,1643.6199951171875,1647.27001953125,1633.1099853515625,1640.1700439453125,331300,1644.51,1633.73,1392.46,49.5,26.65,
2009-10-26,1634.3299560546875,1663.030029296875,1633.9200439453125,1657.1099853515625,314200,1642.79,1635.05,1394.96,53.7,26.83,
2009-10-27,1646.760009765625,1651.6300048828125,1637.1500244140625,1649.530029296875,334700,1641.49,1637.1,1397.37,51.6,26.34,
2009-10-28,1648.800048828125,1652.4599609375,1604.010009765625,1609.7099609375,370000,1637.47,1638.29,1399.5,42.3,27.92,
2009-10-29,1584.52001953125,1587.18994140625,1564.4100341796875,1585.8499755859375,372500,1633.11,1639.08,1401.88,37.9,29.16,
2009-10-30,1605.1199951171875,1605.1199951171875,1580.68994140625,1580.68994140625,272700,1629.91,1639.17,1404.1,37.0,28.82,
2009-11-02,1543.239990234375,1570.1500244140625,1543.239990234375,1559.0899658203125,289900,1627.52,1638.73,1406.15,33.4,29.44,
2009-11-03,1562.0999755859375,1565.010009765625,1549.0999755859375,1549.9200439453125,274500,1625.1,1637.49,1408.26,32.0,28.47,
2009-11-04,1556.02001953125,1579.9300537109375,1550.72998046875,1579.9300537109375,267400,1624.19,1637.06,1410.64,40.8,28.58,
2009-11-05,1568.6700439453125,1571.800048828125,1551.93994140625,1552.239990234375,204400,1621.03,1635.82,1412.82,36.2,28.54,
2009-11-06,1577.6400146484375,1577.6400146484375,1565.47998046875,1572.4599609375,254300,1617.31,1635.28,1415.22,41.4,28.32,
2009-11-09,1577.9200439453125,1592.0999755859375,1573.3599853515625,1576.7900390625,246200,1614.16,1634.66,1417.31,42.5,27.7,
2009-11-10,1595.3299560546875,1600.4100341796875,1580.030029296875,1582.300048828125,276900,1611.83,1634.47,1419.39,43.9,27.4,
2009-11-11,1590.43994140625,1594.8199462890625,1574.780029296875,1594.8199462890625,263300,1609.12,1633.9,1421.55,47.2,26.88,
2009-11-12,1598.550048828125,1603.010009765625,1572.719970703125,1572.72998046875,282800,1604.81,1633.1,1423.68,42.5,27.12,
2009-11-13,1581.5999755859375,1587.0699462890625,1561.9300537109375,1571.989990234375,260000,1601.39,1632.26,1425.73,42.4,26.98,
2009-11-16,1577.6300048828125,1592.47998046875,1566.8299560546875,1592.469970703125,246300,1598.56,1631.94,1427.71,47.9,26.89,
2009-11-17,1599.7900390625,1602.6700439453125,1585.969970703125,1585.97998046875,296000,1594.9,1631.48,1429.75,46.4,26.16,
2009-11-18,1595.8800048828125,1612.6300048828125,1594.8599853515625,1603.969970703125,280000,1592.4,1631.17,1431.72,51.0,26.19,
2009-11-19,1608.93994140625,1625.3499755859375,1608.5799560546875,1620.5400390625,281500,1591.91,1631.42,1433.81,54.8,25.85,
2009-11-20,1613.280029296875,1624.9000244140625,1612.3199462890625,1620.5999755859375,262300,1590.94,1630.94,1435.92,54.9,24.9,
2009-11-23,1623.800048828125,1630.4100341796875,1611.72998046875,1619.050048828125,257000,1589.03,1630.29,1438.06,54.4,24.46,
2009-11-24,1626.9300537109375,1627.1099853515625,1601.1400146484375,1606.4200439453125,397900,1586.88,1629.72,1440.2,50.6,24.57,
2009-11-25,1608.8299560546875,1614.9000244140625,1599.0799560546875,1611.8800048828125,287000,1586.99,1628.89,1442.29,52.2,23.94,
2009-11-26,1606.72998046875,1621.2099609375,1599.510009765625,1599.52001953125,282600,1587.67,1627.21,1444.41,48.5,23.78,
2009-11-27,1574.56005859375,1581.43994140625,1519.4000244140625,1524.5,390000,1584.86,1623.79,1446.4,33.2,27.8,
2009-11-30,1547.6500244140625,1566.510009765625,1547.6500244140625,1555.5999755859375,311500,1584.69,1620.91,1448.61,41.4,28.82,
2009-12-01,1550.3499755859375,1569.719970703125,1541.0899658203125,1569.719970703125,304900,1585.68,1618.4,1450.93,44.8,28.81,
2009-12-02,1582.6199951171875,1597.1199951171875,1579.989990234375,1591.6300048828125,329400,1586.26,1615.85,1453.55,49.6,28.71,
2009-12-03,1597.31005859375,1615.0,1594.5,1615.0,282300,1589.4,1613.92,1456.13,54.1,28.32,
2009-12-04,1609.0699462890625,1629.800048828125,1608.3900146484375,1624.760009765625,281900,1592.01,1612.54,1458.94,55.9,27.83,
2009-12-07,1633.300048828125,1635.719970703125,1625.43994140625,1632.6500244140625,267000,1594.81,1611.36,1461.76,57.4,26.63,
2009-12-08,1630.780029296875,1638.219970703125,1622.31005859375,1627.780029296875,355500,1597.08,1610.41,1464.63,56.2,25.86,
2009-12-09,1615.6500244140625,1634.1700439453125,1609.81005859375,1634.1700439453125,354600,1599.05,1609.29,1467.48,57.5,25.75,
2009-12-10,1635.5799560546875,1652.72998046875,1612.7099609375,1652.72998046875,470000,1603.05,1608.88,1470.65,61.0,26.77,
2009-12-11,1650.5699462890625,1664.050048828125,1641.5400390625,1656.9000244140625,438800,1607.29,1609.13,1473.81,61.8,26.47,
2009-12-14,1662.739990234375,1664.8499755859375,1644.75,1664.77001953125,412000,1610.91,1610.29,1476.84,63.3,26.01,
2009-12-15,1659.77001953125,1667.72998046875,1657.8499755859375,1665.8499755859375,366100,1614.9,1611.63,1479.88,63.5,24.86,
2009-12-16,1666.1600341796875,1670.0999755859375,1652.0999755859375,1664.239990234375,370500,1617.92,1612.96,1482.92,63.0,24.37,
2009-12-17,1663.6500244140625,1664.6500244140625,1647.6600341796875,1647.8399658203125,376800,1619.28,1613.61,1485.8,57.2,23.84,
2009-12-18,1639.25,1651.02001953125,1632.0899658203125,1647.0400390625,264000,1620.6,1613.61,1488.58,56.9,23.49,
2009-12-21,1646.3199462890625,1650.8900146484375,1637.22998046875,1644.22998046875,288600,1621.86,1613.7,1491.16,55.9,22.79,
2009-12-22,1656.1800537109375,1658.0999755859375,1647.2099609375,1655.5400390625,472100,1624.32,1614.23,1493.8,59.1,22.15,
2009-12-23,1661.43994140625,1661.6800537109375,1654.8699951171875,1661.3499755859375,371800,1626.79,1614.48,1496.47,60.6,21.06,
2009-12-24,1663.6600341796875,1687.0799560546875,1662.31005859375,1682.3399658203125,330900,1630.93,1614.94,1499.26,65.7,21.39,
2009-12-28,1695.18994140625,1695.3299560546875,1679.56005859375,1685.5899658203125,389500,1638.99,1615.85,1501.87,66.4,20.99,
2009-12-29,1674.9599609375,1683.050048828125,1662.0699462890625,1672.47998046875,318000,1644.83,1616.32,1504.38,60.9,21.17,
2009-12-30,1670.18994140625,1682.77001953125,1661.1099853515625,1682.77001953125,326500,1650.48,1616.79,1506.98,63.4,21.2,
2010-01-04,1681.7099609375,1696.1400146484375,1681.7099609375,1696.1400146484375,296500,1655.71,1617.63,1509.61,66.5,20.72,
2010-01-05,1701.6199951171875,1702.3900146484375,1686.449951171875,1690.6199951171875,408900,1659.49,1618.84,1512.07,64.1,20.38,
2010-01-06,1697.8800048828125,1706.8900146484375,1696.0999755859375,1705.3199462890625,426000,1663.52,1620.14,1514.48,67.5,20.09,
2010-01-07,1702.9200439453125,1707.9000244140625,1683.449951171875,1683.449951171875,462400,1666.06,1620.67,1516.76,58.7,20.4,
2010-01-08,1694.06005859375,1695.260009765625,1668.8399658203125,1695.260009765625,380000,1669.43,1621.58,1519.01,61.6,20.83,
2010-01-11,1700.7900390625,1705.72998046875,1694.1199951171875,1694.1199951171875,407700,1672.43,1623.27,1521.3,61.1,20.17,
2010-01-12,1695.8299560546875,1701.1600341796875,1683.2900390625,1698.6400146484375,383800,1674.72,1625.53,1523.8,62.3,20.01,
2010-01-13,1683.510009765625,1687.5799560546875,1671.1099853515625,1671.4100341796875,361900,1675.45,1627.34,1526.13,52.1,20.54,
2010-01-14,1680.6800537109375,1692.780029296875,1677.4599609375,1685.77001953125,433800,1676.5,1629.88,1528.39,56.2,20.6,
2010-01-15,1694.6500244140625,1704.4300537109375,1686.1199951171875,1701.800048828125,415900,1678.3,1632.91,1530.51,60.2,20.46,
2010-01-18,1696.1400146484375,1716.6199951171875,1688.8900146484375,1711.780029296875,420800,1680.67,1635.55,1532.65,62.6,20.98,
2010-01-19,1719.4100341796875,1723.219970703125,1706.72998046875,1710.219970703125,384400,1683.79,1638.71,1534.72,62.0,20.66,
2010-01-20,1723.010009765625,1723.010009765625,1708.5799560546875,1714.3800048828125,695700,1687.16,1641.55,1536.79,63.0,20.22,
2010-01-21,1700.530029296875,1722.010009765625,1695.1800537109375,1722.010009765625,543500,1691.05,1644.45,1539.09,64.9,20.69,
2010-01-22,1696.2099609375,1706.0899658203125,1665.5999755859375,1684.3499755859375,615100,1692.49,1646.49,1540.93,51.0,23.24,
2010-01-25,1662.77001953125,1681.8299560546875,1660.5799560546875,1670.199951171875,585000,1692.93,1648.0,1542.6,47.0,23.28,
2010-01-26,1670.469970703125,1671.6600341796875,1626.97998046875,1637.3399658203125,576900,1690.68,1649.29,1544.09,39.2,24.81,
2010-01-27,1641.8800048828125,1643.6400146484375,1620.550048828125,1625.47998046875,446500,1687.68,1650.36,1545.51,36.8,24.68,
2010-01-28,1632.5799560546875,1649.4599609375,1619.260009765625,1642.4300537109375,479600,1686.17,1651.36,1547.05,42.2,25.08,
2010-01-29,1621.0,1626.5699462890625,1595.3900146484375,1602.4300537109375,473900,1682.16,1651.69,1548.38,34.7,26.65,
2010-02-01,1603.8699951171875,1611.989990234375,1590.800048828125,1606.43994140625,382200,1677.67,1651.74,1549.77,35.9,26.26,
2010-02-02,1618.5999755859375,1618.5999755859375,1591.239990234375,1595.81005859375,435000,1672.93,1651.25,1551.07,34.1,26.34,
2010-02-03,1614.1600341796875,1618.8599853515625,1602.550048828125,1615.02001953125,438200,1668.42,1651.14,1552.46,40.0,26.1,
2010-02-04,1615.47998046875,1619.3699951171875,1607.8699951171875,1616.4200439453125,396800,1665.07,1651.08,1553.76,40.4,25.06,
2010-02-05,1567.5899658203125,1575.1600341796875,1560.989990234375,1567.1199951171875,460800,1658.66,1650.3,1554.75,31.9,27.23,
2010-02-08,1565.239990234375,1566.300048828125,1548.780029296875,1552.7900390625,445700,1651.59,1649.12,1555.75,29.9,26.59,
2010-02-09,1550.800048828125,1571.9599609375,1549.1099853515625,1570.489990234375,433900,1645.18,1648.53,1556.9,35.3,26.33,
2010-02-10,1578.8299560546875,1581.56005859375,1565.7900390625,1570.1199951171875,436100,1640.12,1649.45,1558.25,35.2,25.57,
2010-02-11,1574.949951171875,1600.4100341796875,1574.77001953125,1597.81005859375,393800,1635.72,1650.29,1559.55,43.1,25.91,
2010-02-12,1595.949951171875,1598.4100341796875,1577.8900146484375,1593.6600341796875,292300,1630.32,1650.77,1560.67,42.2,25.52,
2010-02-16,1589.969970703125,1608.8599853515625,1586.8699951171875,1601.050048828125,275300,1624.78,1650.96,1561.68,44.3,25.27,
2010-02-17,1619.0400390625,1628.31005859375,1618.27001953125,1627.4300537109375,383600,1620.64,1651.21,1562.85,51.0,25.41,
2010-02-18,1630.8900146484375,1631.7099609375,1618.81005859375,1621.18994140625,314000,1615.98,1651.14,1563.95,49.5,24.52,
2010-02-19,1611.0899658203125,1623.25,1592.9200439453125,1593.9000244140625,345800,1609.57,1650.36,1564.86,43.4,24.93,
2010-02-22,1617.1600341796875,1630.510009765625,1617.1600341796875,1627.0999755859375,307200,1606.71,1650.35,1565.92,51.2,25.77,
2010-02-23,1626.75,1630.449951171875,1616.0400390625,1628.9000244140625,352000,1604.65,1650.24,1567.05,51.6,24.96,
2010-02-24,1616.550048828125,1618.4599609375,1606.239990234375,1612.8299560546875,390700,1603.42,1649.44,1568.04,47.9,24.79,
2010-02-25,1620.25,1621.8399658203125,1582.219970703125,1587.510009765625,403200,1601.52,1648.06,1569.07,42.7,25.85,
2010-02-26,1593.72998046875,1596.550048828125,1580.699951171875,1594.5799560546875,331800,1599.13,1646.65,1570.09,44.5,25.14,
2010-03-02,1612.4300537109375,1620.1500244140625,1608.969970703125,1615.1199951171875,415100,1599.76,1645.64,1571.23,49.5,25.17,
2010-03-03,1615.25,1622.6300048828125,1611.3499755859375,1622.43994140625,403500,1600.56,1644.8,1572.2,51.2,24.18,
2010-03-04,1625.3499755859375,1631.0999755859375,1612.469970703125,1618.199951171875,383000,1601.68,1644.21,1573.11,50.2,23.78,
2010-03-05,1624.800048828125,1634.5699462890625,1624.739990234375,1634.5699462890625,344100,1602.66,1643.96,1574.18,54.1,23.25,
2010-03-08,1653.5400390625,1660.280029296875,1649.6700439453125,1660.0400390625,367800,1604.84,1644.28,1575.46,59.4,23.43,
2010-03-09,1657.93994140625,1661.260009765625,1653.97998046875,1660.8299560546875,634700,1609.53,1644.38,1576.76,59.5,22.27,
2010-03-10,1662.0,1662.8800048828125,1653.68994140625,1662.239990234375,500100,1615.0,1644.4,1578.21,59.8,21.34,
2010-03-11,1670.8199462890625,1672.47998046875,1656.47998046875,1656.6199951171875,529000,1619.31,1643.88,1579.68,58.0,20.96,
2010-03-12,1666.5899658203125,1666.8599853515625,1653.030029296875,1662.739990234375,369500,1623.94,1643.43,1581.04,59.4,20.45,
2010-03-15,1663.8599853515625,1667.43994140625,1643.510009765625,1649.5,343800,1626.52,1642.97,1582.3,55.0,20.7,
2010-03-16,1654.52001953125,1655.27001953125,1642.8599853515625,1648.010009765625,512600,1629.24,1642.27,1583.47,54.5,20.11,
2010-03-17,1663.300048828125,1682.8599853515625,1659.6400146484375,1682.8599853515625,606000,1633.33,1642.01,1584.82,62.9,21.16,
2010-03-18,1679.2099609375,1687.699951171875,1675.0999755859375,1675.1700439453125,434500,1635.72,1641.7,1586.12,60.3,20.55,
2010-03-19,1682.52001953125,1687.6800537109375,1677.6199951171875,1686.1099853515625,441800,1638.96,1641.31,1587.66,62.7,19.97,
2010-03-22,1678.510009765625,1680.93994140625,1664.8800048828125,1672.6700439453125,347600,1642.9,1641.1,1589.05,58.0,20.06,
2010-03-23,1685.0699462890625,1689.4599609375,1677.9100341796875,1681.8199462890625,414300,1645.64,1640.83,1590.49,60.2,19.83,
2010-03-24,1693.56005859375,1695.030029296875,1678.0699462890625,1681.010009765625,371500,1648.24,1640.57,1592.04,59.9,19.62,
2010-03-25,1680.4200439453125,1688.3900146484375,1677.050048828125,1688.3900146484375,389700,1652.02,1640.36,1593.4,61.7,19.03,
2010-03-26,1683.9599609375,1699.93994140625,1680.9100341796875,1697.719970703125,397600,1657.53,1640.89,1594.8,64.0,19.03,
2010-03-29,1681.989990234375,1699.81005859375,1681.43994140625,1691.989990234375,339600,1662.4,1641.01,1596.11,61.6,18.98,
2010-03-30,1705.510009765625,1705.5699462890625,1693.8299560546875,1700.18994140625,321000,1666.66,1640.98,1597.55,63.7,18.6,
2010-03-31,1702.5799560546875,1704.81005859375,1689.9200439453125,1692.8499755859375,328300,1670.18,1640.6,1599.02,60.5,18.33,
2010-04-01,1695.300048828125,1719.739990234375,1695.300048828125,1719.1700439453125,297000,1675.22,1640.78,1600.66,66.9,18.95,
2010-04-02,1723.2900390625,1725.3900146484375,1715.56005859375,1723.489990234375,355100,1679.67,1640.96,1602.4,67.8,18.29,
2010-04-05,1728.27001953125,1731.0,1711.1600341796875,1724.989990234375,426900,1682.92,1641.02,1604.11,68.1,18.4,
2010-04-06,1732.97998046875,1732.97998046875,1719.1400146484375,1726.0899658203125,420900,1686.18,1641.86,1605.74,68.4,18.08,
2010-04-07,1725.31005859375,1729.22998046875,1722.18994140625,1726.5999755859375,399700,1689.4,1642.99,1607.57,68.5,17.29,
2010-04-08,1722.1300048828125,1733.780029296875,1719.510009765625,1733.780029296875,362600,1693.26,1644.91,1609.42,70.3,17.07,
2010-04-09,1735.0,1737.449951171875,1710.1099853515625,1724.469970703125,452500,1696.34,1646.89,1611.08,65.1,17.81,
2010-04-12,1730.3699951171875,1733.300048828125,1707.9200439453125,1710.300048828125,416600,1699.38,1648.25,1612.66,58.1,18.35,
2010-04-13,1714.9599609375,1716.0899658203125,1699.5799560546875,1710.5899658203125,369600,1702.51,1650.41,1614.27,58.2,18.22,
2010-04-14,1720.4200439453125,1735.3299560546875,1720.4200439453125,1735.3299560546875,431600,1705.14,1652.99,1615.99,65.7,18.68,
2010-04-15,1745.52001953125,1747.3800048828125,1729.5899658203125,1743.9100341796875,464900,1708.57,1655.95,1617.66,67.8,18.62,
2010-04-16,1742.239990234375,1743.6500244140625,1723.280029296875,1734.489990234375,381100,1710.99,1658.34,1619.27,63.1,18.76,
2010-04-19,1708.3900146484375,1720.030029296875,1700.68994140625,1705.300048828125,367600,1712.62,1660.12,1620.7,51.3,19.84,
2010-04-20,1715.8299560546875,1721.3599853515625,1710.1800537109375,1718.030029296875,522300,1714.43,1663.14,1622.14,55.3,19.57,
2010-04-21,1730.3699951171875,1748.18994140625,1729.77001953125,1747.5799560546875,535000,1717.76,1667.04,1623.71,62.8,20.32,
2010-04-22,1737.2900390625,1740.0400390625,1727.6099853515625,1739.52001953125,528100,1720.32,1670.42,1625.25,59.8,20.3,
2010-04-23,1747.9200439453125,1748.4599609375,1732.8800048828125,1737.030029296875,463200,1722.28,1673.75,1626.78,58.9,19.96,
2010-04-26,1745.97998046875,1757.760009765625,1745.800048828125,1752.199951171875,420600,1725.3,1676.84,1628.4,62.7,20.02,
2010-04-27,1748.8399658203125,1756.1500244140625,1742.27001953125,1749.550048828125,432400,1727.76,1679.96,1630.26,61.6,19.58,
2010-04-28,1716.1700439453125,1733.9100341796875,1714.530029296875,1733.9100341796875,399800,1729.82,1682.62,1632.0,55.6,20.68,
2010-04-29,1738.77001953125,1738.77001953125,1720.6700439453125,1728.4200439453125,446700,1730.28,1684.64,1633.54,53.6,20.5,
2010-04-30,1742.3199462890625,1749.68994140625,1739.81005859375,1741.56005859375,412100,1731.18,1687.04,1635.08,57.5,20.55,
2010-05-03,1735.6800537109375,1740.1500244140625,1709.81005859375,1721.2099609375,414100,1730.99,1689.59,1636.49,50.5,21.35,
2010-05-04,1730.5699462890625,1734.469970703125,1714.1700439453125,1718.75,381000,1730.63,1691.42,1637.69,49.7,21.28,
2010-05-06,1679.7900390625,1689.1600341796875,1674.1099853515625,1684.7099609375,448600,1728.53,1692.54,1638.67,40.2,22.95,
2010-05-07,1632.449951171875,1658.300048828125,1625.8299560546875,1647.5,456400,1724.22,1693.23,1639.44,32.9,25.51,
2010-05-10,1661.6099853515625,1679.5799560546875,1654.4100341796875,1677.6300048828125,383500,1721.88,1695.04,1640.34,42.1,25.98,
2010-05-11,1692.4000244140625,1692.4000244140625,1661.7099609375,1670.239990234375,457100,1719.87,1696.55,1641.18,40.6,26.32,
2010-05-12,1678.7900390625,1680.1600341796875,1657.6700439453125,1663.030029296875,453200,1717.5,1697.51,1641.88,39.2,26.04,
2010-05-13,1683.760009765625,1700.0,1682.9100341796875,1694.5799560546875,400400,1715.46,1698.95,1642.72,47.9,26.82,
2010-05-14,1685.75,1699.5899658203125,1677.43994140625,1695.6300048828125,432900,1713.04,1700.5,1643.57,48.2,26.49,
2010-05-17,1668.5699462890625,1673.010009765625,1644.7099609375,1651.510009765625,402500,1708.89,1700.84,1644.16,39.1,28.24,
2010-05-18,1662.31005859375,1663.1500244140625,1629.3499755859375,1643.239990234375,493300,1705.79,1700.5,1644.59,37.7,28.63,
2010-05-19,1621.3199462890625,1630.31005859375,1601.5400390625,1630.0799560546875,417500,1701.39,1699.89,1644.91,35.5,29.57,
2010-05-20,1624.1700439453125,1640.469970703125,1591.9300537109375,1600.1800537109375,358200,1694.02,1698.64,1645.08,31.0,30.92,
2010-05-24,1589.8299560546875,1612.9100341796875,1585.6199951171875,1604.9300537109375,270800,1687.29,1697.61,1645.31,32.5,30.66,
2010-05-25,1585.1700439453125,1585.5999755859375,1532.6800537109375,1560.8299560546875,475200,1678.48,1695.57,1645.29,26.8,33.63,
2010-05-26,1575.2900390625,1582.1199951171875,1549.6500244140625,1582.1199951171875,358200,1669.98,1694.23,1645.32,32.9,33.55,
2010-05-27,1565.5899658203125,1611.5899658203125,1565.4000244140625,1607.5,357600,1662.88,1693.42,1645.48,39.4,34.45,
2010-05-28,1630.1400146484375,1630.1800537109375,1606.760009765625,1622.780029296875,315900,1657.32,1692.21,1645.69,42.9,33.66,
2010-05-31,1625.0799560546875,1641.25,1621.0899658203125,1641.25,299400,1652.96,1691.54,1646.07,47.0,32.7,
2010-06-01,1634.550048828125,1643.0799560546875,1623.4000244140625,1630.4000244140625,314100,1647.4,1690.42,1646.4,45.0,31.77,
2010-06-03,1643.739990234375,1663.6700439453125,1641.77001953125,1661.8399658203125,308800,1644.44,1690.2,1646.76,51.5,31.88,
2010-06-04,1660.989990234375,1670.93994140625,1658.52001953125,1664.1300048828125,286100,1641.71,1689.85,1647.34,51.9,30.49,
2010-06-07,1628.06005859375,1638.8800048828125,1618.5699462890625,1637.969970703125,300900,1639.37,1688.99,1647.78,46.6,31.56,
2010-06-08,1635.010009765625,1656.3699951171875,1630.4300537109375,1651.47998046875,280300,1639.57,1688.25,1648.31,49.5,31.16,
2010-06-09,1653.1199951171875,1655.6099853515625,1638.3800048828125,1647.219970703125,315100,1638.05,1687.24,1648.66,48.6,30.17,
2010-06-10,1651.9200439453125,1662.3199462890625,1643.7099609375,1651.699951171875,307900,1637.12,1686.44,1649.01,49.6,29.34,
2010-06-11,1674.6099853515625,1681.699951171875,1662.75,1675.3399658203125,369400,1637.74,1685.94,1649.33,54.7,29.39,
2010-06-14,1683.2900390625,1698.2099609375,1681.949951171875,1690.5999755859375,373900,1637.54,1685.89,1649.78,57.7,28.92,
2010-06-15,1687.8499755859375,1696.739990234375,1684.52001953125,1690.030029296875,347800,1637.26,1685.31,1650.16,57.6,27.73,
2010-06-16,1707.97998046875,1710.5699462890625,1694.9200439453125,1705.3299560546875,380000,1639.95,1684.95,1650.69,60.6,27.22,
2010-06-17,1707.2900390625,1711.47998046875,1701.280029296875,1707.9200439453125,369800,1643.18,1684.61,1651.19,61.1,26.0,
2010-06-18,1710.4000244140625,1712.3499755859375,1701.9200439453125,1711.949951171875,293700,1647.27,1684.32,1651.79,61.9,24.89,
2010-06-21,1728.3699951171875,1741.47998046875,1723.77001953125,1739.6800537109375,391900,1654.25,1684.59,1652.37,67.0,25.22,
2010-06-22,1727.9599609375,1734.4200439453125,1723.9599609375,1731.47998046875,404700,1660.58,1684.54,1652.96,64.2,24.54,
2010-06-23,1722.52001953125,1731.780029296875,1721.4100341796875,1725.8199462890625,371800,1668.83,1684.57,1653.52,62.3,23.53,
2010-06-24,1724.8499755859375,1739.8699951171875,1721.719970703125,1739.8699951171875,313800,1676.71,1685.16,1654.18,65.1,23.15,
2010-06-25,1721.530029296875,1733.699951171875,1719.0799560546875,1729.8399658203125,303700,1682.83,1685.54,1654.78,61.6,22.98,
2010-06-28,1734.530029296875,1735.27001953125,1726.25,1732.030029296875,347000,1688.29,1685.48,1655.35,62.1,21.98,
2010-06-29,1735.31005859375,1739.969970703125,1703.469970703125,1707.760009765625,381300,1691.62,1684.75,1655.85,54.1,23.02,
2010-06-30,1678.5400390625,1699.550048828125,1675.469970703125,1698.2900390625,341700,1695.01,1684.03,1656.11,51.3,23.68,
2010-07-01,1687.0,1693.9000244140625,1664.5400390625,1686.239990234375,327700,1696.23,1683.65,1656.29,48.0,24.4,
2010-07-02,1688.949951171875,1693.75,1667.3800048828125,1671.8199462890625,344900,1696.62,1682.72,1656.47,44.2,24.54,
2010-07-05,1675.4300537109375,1680.3900146484375,1664.219970703125,1675.3699951171875,356600,1698.49,1681.28,1656.58,45.4,23.94,
2010-07-06,1664.8699951171875,1684.93994140625,1650.300048828125,1684.93994140625,337500,1700.16,1680.19,1656.59,48.4,24.71,
2010-07-07,1685.77001953125,1685.77001953125,1668.6099853515625,1675.6500244140625,345700,1701.58,1678.96,1656.49,45.7,24.17,
2010-07-08,1699.1700439453125,1702.6500244140625,1692.9300537109375,1698.6400146484375,330700,1703.93,1677.89,1656.48,52.7,24.37,
2010-07-09,1708.719970703125,1723.1400146484375,1697.6099853515625,1723.010009765625,471800,1706.31,1677.36,1656.62,58.7,24.45,
2010-07-12,1731.72998046875,1734.050048828125,1724.5999755859375,1734.050048828125,345900,1708.49,1677.36,1656.7,61.1,23.49,
2010-07-13,1737.9200439453125,1750.47998046875,1732.8499755859375,1735.0799560546875,412100,1710.74,1677.49,1656.82,61.3,23.08,
2010-07-14,1754.4300537109375,1764.81005859375,1754.1199951171875,1758.010009765625,534500,1713.37,1677.82,1657.14,66.1,23.55,
2010-07-15,1754.7099609375,1759.18994140625,1748.97998046875,1751.2900390625,392900,1715.54,1678.43,1657.43,63.6,22.6,
2010-07-16,1751.199951171875,1754.280029296875,1736.6600341796875,1738.449951171875,376500,1716.87,1678.82,1657.75,59.1,22.24,
2010-07-19,1719.1400146484375,1737.9000244140625,1717.969970703125,1731.949951171875,282100,1716.48,1679.76,1657.96,56.9,22.12,
2010-07-20,1727.3800048828125,1740.8199462890625,1724.5999755859375,1736.77001953125,308000,1716.74,1681.55,1658.28,58.1,21.7,
2010-07-21,1752.68994140625,1755.6600341796875,1740.1099853515625,1748.780029296875,375900,1717.89,1682.97,1658.8,61.1,21.49,
2010-07-22,1744.699951171875,1752.5799560546875,1732.489990234375,1735.530029296875,405200,1717.67,1684.28,1659.44,56.3,21.39,
2010-07-23,1756.3800048828125,1760.6199951171875,1745.0400390625,1758.06005859375,372800,1719.09,1686.18,1660.24,61.8,21.66,
2010-07-26,1760.0999755859375,1774.050048828125,1758.989990234375,1769.0699462890625,320600,1720.94,1687.67,1661.09,64.2,21.25,
2010-07-27,1775.469970703125,1778.719970703125,1765.4200439453125,1768.31005859375,361500,1723.97,1689.12,1661.86,63.9,20.69,
2010-07-28,1773.68994140625,1775.8199462890625,1764.5400390625,1773.469970703125,325700,1727.72,1691.56,1662.49,65.1,20.01,
2010-07-29,1770.43994140625,1776.9599609375,1767.9599609375,1770.8800048828125,348600,1731.96,1694.11,1663.15,64.0,19.23,
2010-07-30,1768.239990234375,1774.739990234375,1754.5799560546875,1759.3299560546875,370900,1736.33,1696.7,1663.8,59.0,19.29,
2010-08-02,1771.3800048828125,1784.0999755859375,1767.5999755859375,1782.27001953125,332900,1741.68,1700.34,1664.47,64.8,19.68,
2010-08-03,1796.0,1796.280029296875,1784.5699462890625,1790.5999755859375,349300,1746.96,1704.05,1665.12,66.7,19.28,
2010-08-04,1795.22998046875,1795.22998046875,1774.47998046875,1789.260009765625,335400,1752.64,1708.62,1665.87,66.1,19.38,
2010-08-05,1796.6300048828125,1797.4200439453125,1773.489990234375,1783.8599853515625,338100,1756.9,1712.66,1666.54,63.6,19.71,
2010-08-06,1782.469970703125,1785.97998046875,1769.4599609375,1783.8299560546875,336300,1759.94,1716.18,1667.17,63.6,19.48,
2010-08-09,1779.3800048828125,1790.2099609375,1776.719970703125,1790.1700439453125,290700,1762.75,1719.53,1667.85,65.3,19.05,
2010-08-10,1792.1199951171875,1794.550048828125,1779.5699462890625,1781.1300048828125,301100,1765.05,1722.33,1668.6,60.8,18.76,
2010-08-11,1775.3399658203125,1776.989990234375,1754.1800537109375,1758.18994140625,380400,1765.06,1724.89,1669.19,51.1,19.35,
2010-08-12,1731.3399658203125,1742.800048828125,1721.75,1721.75,359800,1763.58,1726.08,1669.51,40.2,20.57,
2010-08-13,1731.1500244140625,1747.1099853515625,1725.239990234375,1746.239990234375,278600,1763.97,1727.73,1670.0,48.2,20.91,
2010-08-16,1735.3599853515625,1746.02001953125,1716.8599853515625,1743.31005859375,314500,1764.54,1729.83,1670.67,47.4,21.52,
2010-08-17,1737.3599853515625,1757.219970703125,1734.510009765625,1755.030029296875,427000,1765.45,1731.9,1671.51,51.0,21.6,
2010-08-18,1763.8399658203125,1765.010009765625,1753.6800537109375,1761.989990234375,371500,1766.11,1734.2,1672.42,53.0,20.87,
2010-08-19,1763.5999755859375,1781.0699462890625,1762.97998046875,1779.6400146484375,344900,1768.32,1736.76,1673.52,57.8,20.74,
2010-08-20,1769.02001953125,1776.3499755859375,1765.5799560546875,1775.5400390625,362000,1769.19,1738.76,1674.65,56.4,20.26,
2010-08-23,1780.5899658203125,1788.7099609375,1766.77001953125,1767.7099609375,330300,1769.13,1740.3,1675.59,53.6,20.38,
2010-08-24,1757.0999755859375,1771.760009765625,1749.1099853515625,1760.530029296875,401700,1768.74,1741.71,1676.63,51.2,20.54,
2010-08-25,1745.77001953125,1753.5699462890625,1734.7900390625,1734.7900390625,346300,1766.8,1742.3,1677.44,43.4,20.92,
2010-08-26,1744.0799560546875,1744.4000244140625,1729.760009765625,1729.760009765625,303000,1764.75,1742.74,1678.21,42.1,20.47,
2010-08-27,1724.0,1732.8399658203125,1719.199951171875,1729.56005859375,245600,1763.26,1743.09,1678.94,42.0,19.98,
2010-08-30,1749.02001953125,1760.3499755859375,1746.2099609375,1760.1300048828125,247400,1762.15,1743.5,1679.77,52.4,20.75,
2010-08-31,1746.8499755859375,1752.0699462890625,1736.22998046875,1742.75,289500,1759.76,1743.73,1680.62,47.2,20.98,
2010-09-01,1751.9599609375,1767.2099609375,1748.300048828125,1764.68994140625,305300,1758.53,1744.5,1681.58,53.4,21.23,
2010-09-02,1783.219970703125,1783.8499755859375,1767.6700439453125,1775.72998046875,292800,1758.12,1745.22,1682.5,56.2,21.08,
2010-09-03,1780.800048828125,1786.0400390625,1774.949951171875,1780.02001953125,312000,1757.93,1746.23,1683.47,57.3,20.36,
2010-09-06,1791.760009765625,1794.0699462890625,1784.489990234375,1792.4200439453125,328100,1758.05,1747.43,1684.41,60.3,19.91,
2010-09-07,1792.0699462890625,1796.5,1786.3699951171875,1787.739990234375,316900,1758.38,1749.03,1685.25,58.7,19.21,
2010-09-08,1780.47998046875,1785.47998046875,1770.780029296875,1779.219970703125,322500,1759.43,1750.65,1686.04,55.6,19.05,
2010-09-09,1786.8299560546875,1790.469970703125,1775.0699462890625,1784.3599853515625,367900,1762.56,1752.61,1686.87,57.0,18.79,
2010-09-10,1792.75,1808.1800537109375,1791.949951171875,1802.5799560546875,340700,1765.38,1755.23,1687.85,61.8,19.15,
2010-09-13,1812.030029296875,1819.1199951171875,1807.5899658203125,1818.8599853515625,386800,1769.15,1758.1,1688.88,65.5,18.97,
2010-09-14,1824.780029296875,1827.030029296875,1810.780029296875,1815.25,387000,1772.16,1760.7,1689.96,64.0,18.77,
2010-09-15,1817.300048828125,1827.0,1813.0899658203125,1823.8800048828125,338900,1775.26,1763.67,1691.46,66.0,18.42,
2010-09-16,1822.3499755859375,1824.6099853515625,1811.8499755859375,1811.8499755859375,336300,1776.87,1765.93,1692.74,61.0,18.02,
2010-09-17,1823.6400146484375,1828.5400390625,1812.050048828125,1827.3499755859375,317400,1779.46,1768.02,1694.03,64.7,17.92,
2010-09-20,1821.52001953125,1833.780029296875,1818.5999755859375,1832.6300048828125,242700,1782.7,1769.99,1695.23,65.9,17.73,
2010-09-24,1830.219970703125,1846.5999755859375,1825.800048828125,1846.5999755859375,274200,1787.01,1772.22,1696.39,68.9,17.95,
2010-09-27,1856.4200439453125,1862.030029296875,1851.969970703125,1860.8299560546875,383600,1793.31,1774.28,1697.57,71.6,17.77,
2010-09-28,1859.0400390625,1862.719970703125,1852.52001953125,1855.969970703125,357100,1799.62,1776.37,1698.69,69.4,17.23,
2010-09-29,1865.27001953125,1873.7900390625,1864.4300537109375,1866.449951171875,359900,1806.47,1778.93,1699.88,71.5,17.27,
2010-09-30,1870.2099609375,1872.81005859375,1861.1800537109375,1872.81005859375,353500,1812.1,1781.75,1701.07,72.7,16.87,
2010-10-01,1872.3900146484375,1884.0,1868.9000244140625,1876.72998046875,366200,1818.8,1784.55,1702.19,73.4,16.74,
2010-10-04,1884.489990234375,1889.5,1875.9300537109375,1879.2900390625,392500,1824.53,1787.16,1703.31,73.9,16.51,
2010-10-05,1874.0999755859375,1885.0,1868.8900146484375,1878.93994140625,342700,1829.69,1790.03,1704.38,73.7,16.49,
2010-10-06,1897.0699462890625,1905.72998046875,1894.02001953125,1903.949951171875,392100,1835.89,1792.94,1705.57,78.4,17.22,
2010-10-07,1901.199951171875,1906.02001953125,1893.1400146484375,1900.8499755859375,399000,1841.31,1795.58,1706.75,76.6,16.91,
2010-10-08,1900.8599853515625,1900.8599853515625,1887.97998046875,1897.0699462890625,374100,1846.77,1798.16,1708.0,74.3,16.62,
2010-10-11,1908.550048828125,1909.010009765625,1885.0799560546875,1889.9100341796875,341200,1852.31,1800.48,1709.21,70.1,17.15,
2010-10-12,1892.27001953125,1893.1300048828125,1857.9300537109375,1868.0400390625,315500,1856.49,1802.43,1710.33,59.2,18.43,
2010-10-13,1878.5799560546875,1881.199951171875,1866.4100341796875,1876.1500244140625,318800,1860.17,1804.76,1711.43,61.6,18.17,
2010-10-14,1886.6800537109375,1899.760009765625,1884.449951171875,1899.760009765625,375100,1864.22,1807.11,1712.62,67.5,18.56,
2010-10-15,1898.8499755859375,1903.25,1893.760009765625,1902.2900390625,369300,1868.57,1809.35,1713.72,68.1,17.91,
2010-10-18,1904.5699462890625,1904.7900390625,1875.4200439453125,1875.4200439453125,372200,1871.14,1811.07,1714.67,56.7,18.73,
2010-10-19,1878.97998046875,1885.22998046875,1857.3199462890625,1857.3199462890625,426800,1873.42,1812.54,1715.6,50.5,19.39,
2010-10-20,1844.4100341796875,1875.760009765625,1837.0799560546875,1870.43994140625,367900,1875.57,1814.27,1716.54,54.4,20.77,
2010-10-21,1878.510009765625,1879.0799560546875,1858.3800048828125,1874.68994140625,414900,1877.68,1815.96,1717.43,55.6,20.76,
2010-10-22,1882.0799560546875,1897.31005859375,1880.25,1897.31005859375,348400,1880.21,1818.29,1718.46,61.5,20.89,
2010-10-25,1902.510009765625,1918.8699951171875,1899.0799560546875,1915.7099609375,408200,1882.95,1821.44,1719.51,65.5,20.94,
2010-10-26,1913.25,1919.56005859375,1909.27001953125,1919.4100341796875,351900,1886.13,1825.39,1720.69,66.2,20.18,
2010-10-27,1919.47998046875,1924.6099853515625,1902.1800537109375,1909.5400390625,392900,1888.28,1828.66,1721.77,62.3,20.34,
2010-10-28,1909.3800048828125,1914.8900146484375,1901.800048828125,1907.8699951171875,348400,1890.03,1831.95,1722.83,61.6,19.82,
2010-10-29,1913.6099853515625,1913.949951171875,1875.31005859375,1882.949951171875,375800,1890.35,1834.51,1723.76,52.6,21.17,
2010-11-01,1889.5699462890625,1914.739990234375,1880.25,1914.739990234375,343300,1892.12,1837.56,1724.97,60.5,22.12,
2010-11-02,1912.280029296875,1920.2900390625,1907.1800537109375,1918.0400390625,340800,1894.07,1840.33,1726.13,61.3,21.48,
2010-11-03,1931.1300048828125,1943.22998046875,1930.1099853515625,1935.969970703125,359000,1895.67,1843.54,1727.3,65.0,21.74,
2010-11-04,1941.56005859375,1945.5799560546875,1936.0400390625,1942.5,324800,1897.76,1847.03,1728.46,66.3,20.87,
2010-11-05,1962.3399658203125,1966.989990234375,1938.5699462890625,1938.9599609375,401400,1899.85,1850.6,1729.6,64.9,21.41,
2010-11-08,1946.760009765625,1948.43994140625,1930.2900390625,1942.4100341796875,312700,1902.48,1854.75,1730.74,65.7,21.18,
2010-11-09,1943.56005859375,1947.6600341796875,1935.3800048828125,1947.4599609375,298800,1906.45,1859.11,1731.87,66.8,20.54,
2010-11-10,1945.72998046875,1967.8499755859375,1945.280029296875,1967.8499755859375,366000,1911.03,1863.87,1733.29,71.0,20.69,
2010-11-11,1966.5,1976.4599609375,1914.72998046875,1914.72998046875,373200,1911.78,1866.97,1734.51,52.5,23.62,
2010-11-12,1951.3499755859375,1958.219970703125,1899.489990234375,1913.1199951171875,465500,1912.32,1870.37,1735.89,52.1,26.13,
2010-11-15,1918.68994140625,1925.4300537109375,1900.25,1913.81005859375,303800,1914.24,1873.36,1737.33,52.3,26.06,
2010-11-16,1912.1099853515625,1916.0699462890625,1890.0,1899.1300048828125,336300,1916.33,1875.82,1738.61,48.0,26.06,
2010-11-17,1877.22998046875,1908.1700439453125,1875.3399658203125,1897.1099853515625,293300,1917.67,1878.17,1740.09,47.4,26.54,
2010-11-18,1908.3800048828125,1929.239990234375,1904.3699951171875,1927.8599853515625,271400,1920.32,1880.87,1741.69,56.0,26.94,
2010-11-19,1936.739990234375,1940.9599609375,1927.81005859375,1940.9599609375,292700,1922.51,1883.94,1743.42,59.1,25.96,
2010-11-22,1947.010009765625,1954.780029296875,1939.510009765625,1944.3399658203125,330600,1923.94,1887.24,1745.07,59.9,25.2,
2010-11-23,1938.9100341796875,1943.47998046875,1919.1500244140625,1928.93994140625,377800,1924.41,1890.13,1746.63,54.8,25.19,
2010-11-24,1883.9200439453125,1928.449951171875,1882.52001953125,1925.97998046875,451500,1925.24,1892.6,1748.42,53.8,26.71,
2010-11-25,1934.969970703125,1935.5899658203125,1916.1600341796875,1927.6800537109375,323400,1926.23,1894.78,1750.3,54.3,26.19,
2010-11-26,1932.780029296875,1936.719970703125,1893.93994140625,1901.800048828125,459200,1927.17,1896.51,1751.95,46.3,27.38,
2010-11-29,1904.949951171875,1912.530029296875,1880.5799560546875,1895.5400390625,299800,1926.21,1897.94,1753.58,44.5,27.7,
2010-11-30,1889.8900146484375,1917.5699462890625,1889.8599853515625,1904.6300048828125,443700,1925.54,1899.8,1755.12,47.6,27.7,
2010-12-01,1907.699951171875,1929.3199462890625,1904.7099609375,1929.3199462890625,339200,1925.21,1901.84,1756.79,54.8,27.49,
2010-12-02,1943.7099609375,1950.260009765625,1940.22998046875,1950.260009765625,439000,1925.59,1904.19,1758.54,59.9,27.02,
2010-12-03,1960.6099853515625,1960.6099853515625,1948.510009765625,1957.260009765625,438600,1926.51,1906.4,1760.19,61.5,25.95,
2010-12-06,1961.22998046875,1961.469970703125,1946.3499755859375,1953.6400146484375,460300,1927.07,1908.26,1761.85,60.2,25.18,
2010-12-07,1955.6300048828125,1964.6400146484375,1952.56005859375,1962.52001953125,639200,1927.82,1910.39,1763.69,62.3,24.24,
2010-12-08,1960.300048828125,1970.9100341796875,1953.969970703125,1955.719970703125,496400,1927.22,1912.17,1765.34,59.7,23.72,
2010-12-09,1963.8800048828125,1988.9599609375,1961.6800537109375,1988.9599609375,448300,1930.93,1914.5,1767.14,67.0,24.4,
2010-12-10,1984.1099853515625,1991.9599609375,1979.72998046875,1986.1400146484375,373900,1934.58,1916.69,1769.0,65.9,23.53,
2010-12-13,1993.4200439453125,1997.3599853515625,1983.9300537109375,1996.5899658203125,385600,1938.72,1919.03,1771.05,67.9,22.81,
2010-12-14,2000.5999755859375,2009.050048828125,1996.8199462890625,2009.050048828125,396600,1944.21,1921.63,1773.12,70.3,22.07,
2010-12-15,2009.199951171875,2017.47998046875,2004.06005859375,2017.47998046875,490300,1950.23,1923.9,1775.13,71.8,21.45,
2010-12-16,2009.8599853515625,2019.489990234375,2002.3299560546875,2009.239990234375,362500,1954.3,1926.07,1777.07,68.2,21.15,
2010-12-17,2018.280029296875,2027.550048828125,2010.75,2026.300048828125,503500,1958.57,1928.66,1779.11,71.4,20.94,
2010-12-20,2008.1400146484375,2021.699951171875,1996.43994140625,2020.280029296875,409200,1962.37,1931.26,1781.04,68.7,21.58,
2010-12-21,2035.1099853515625,2043.81005859375,2032.6600341796875,2037.0899658203125,370500,1967.77,1934.65,1782.92,71.9,21.72,
2010-12-22,2039.3499755859375,2045.3900146484375,2035.25,2038.1099853515625,335400,1973.38,1937.88,1784.81,72.0,20.89,
2010-12-23,2042.4100341796875,2043.6199951171875,2028.780029296875,2037.530029296875,341100,1978.87,1940.64,1786.69,71.7,20.46,
2010-12-24,2040.6400146484375,2042.8900146484375,2027.9599609375,2029.5999755859375,317400,1985.26,1943.19,1788.55,67.8,20.07,
2010-12-27,2024.56005859375,2034.6199951171875,2018.75,2022.18994140625,282900,1991.6,1946.12,1790.35,64.3,19.77,
2010-12-28,2028.4100341796875,2041.8299560546875,2026.5699462890625,2033.3199462890625,360200,1998.03,1949.64,1792.27,67.0,19.76,
2010-12-29,2028.5699462890625,2043.489990234375,2027.52001953125,2043.489990234375,282600,2003.74,1953.1,1794.24,69.4,19.49,
2010-12-30,2047.8199462890625,2052.969970703125,2041.6600341796875,2051.0,305900,2008.78,1956.63,1796.08,71.0,18.9,
2011-01-03,2063.68994140625,2070.090087890625,2054.830078125,2070.080078125,354100,2014.42,1960.08,1798.06,74.8,18.92,
2011-01-04,2074.56005859375,2085.139892578125,2069.1201171875,2085.139892578125,415900,2020.99,1963.47,1800.05,77.2,18.71,
2011-01-05,2083.10009765625,2087.139892578125,2076.919921875,2082.550048828125,386100,2026.99,1966.74,1802.1,75.9,18.1,
2011-01-06,2094.35009765625,2096.64990234375,2066.10009765625,2077.610107421875,407800,2033.09,1970.1,1804.08,73.2,18.99,
2011-01-07,2073.679931640625,2086.199951171875,2068.659912109375,2086.199951171875,335600,2037.95,1973.66,1806.11,74.8,18.89,
2011-01-10,2082.2900390625,2088.639892578125,2069.300048828125,2080.81005859375,342600,2042.68,1977.62,1808.07,71.8,18.92,
2011-01-11,2079.85009765625,2088.320068359375,2059.669921875,2088.320068359375,410900,2047.27,1981.09,1810.02,73.4,19.62,
2011-01-12,2091.699951171875,2098.0,2085.989990234375,2094.949951171875,433300,2051.56,1984.63,1812.04,74.8,19.07,
2011-01-13,2097.0400390625,2109.340087890625,2083.800048828125,2089.47998046875,424200,2055.16,1987.7,1813.98,71.5,19.53,
2011-01-14,2089.699951171875,2108.169921875,2076.43994140625,2108.169921875,424700,2060.11,1991.01,1816.06,75.5,20.41,
2011-01-17,2112.3701171875,2118.860107421875,2099.840087890625,2099.85009765625,428400,2063.79,1994.23,1817.96,70.8,20.31,
2011-01-18,2095.85009765625,2111.39990234375,2093.320068359375,2096.47998046875,454900,2067.6,1997.31,1819.83,68.9,20.15,
2011-01-19,2106.530029296875,2119.239990234375,2084.080078125,2115.68994140625,425500,2071.53,2000.68,1821.78,73.2,21.22,
2011-01-20,2111.409912109375,2114.199951171875,2102.610107421875,2106.659912109375,335500,2074.96,2003.45,1823.69,68.4,20.64,
2011-01-21,2103.739990234375,2104.389892578125,2066.820068359375,2069.919921875,395400,2076.58,2006.56,1825.4,53.1,22.01,
2011-01-24,2067.320068359375,2082.969970703125,2064.0,2082.159912109375,340200,2079.2,2009.94,1827.14,56.6,21.79,
2011-01-25,2092.27001953125,2105.330078125,2083.800048828125,2086.669921875,421000,2082.43,2013.4,1828.96,57.8,21.89,
2011-01-26,2093.590087890625,2112.330078125,2092.409912109375,2110.4599609375,369400,2086.28,2017.62,1830.96,63.7,22.16,
2011-01-27,2115.0400390625,2121.06005859375,2108.530029296875,2115.010009765625,358900,2089.86,2021.98,1832.98,64.7,21.47,
2011-01-28,2115.68994140625,2119.489990234375,2095.360107421875,2107.8701171875,413000,2092.7,2025.58,1834.84,61.8,21.66,
2011-01-31,2080.60009765625,2089.719970703125,2069.72998046875,2069.72998046875,320900,2092.69,2028.16,1836.47,49.0,22.84,
2011-02-01,2079.919921875,2086.56005859375,2071.72998046875,2072.030029296875,290800,2092.03,2030.71,1838.16,49.7,22.41,
2011-02-07,2102.760009765625,2107.830078125,2081.72998046875,2081.739990234375,285900,2091.99,2033.77,1840.04,52.6,23.37,
2011-02-08,2090.469970703125,2092.429931640625,2066.7099609375,2069.699951171875,300300,2091.59,2036.64,1841.8,48.9,23.53,
2011-02-09,2077.1201171875,2077.1201171875,2037.300048828125,2045.5799560546875,333200,2089.56,2039.0,1843.29,42.4,24.7,
2011-02-10,2041.0699462890625,2043.0699462890625,2008.5,2008.5,309800,2085.95,2041.13,1844.63,34.8,25.58,
2011-02-11,2010.2900390625,2021.4200439453125,1975.469970703125,1977.18994140625,317300,2080.39,2042.77,1845.83,29.9,27.04,
2011-02-14,1999.0899658203125,2015.8399658203125,1986.93994140625,2014.5899658203125,279500,2076.37,2044.96,1847.15,40.6,27.87,
2011-02-15,2018.4000244140625,2029.989990234375,2003.5799560546875,2010.52001953125,275000,2072.43,2046.59,1848.45,39.9,27.76,
2011-02-16,2007.0799560546875,2021.68994140625,1989.1099853515625,1989.1099853515625,297600,2066.47,2047.37,1849.73,36.3,28.11,
2011-02-17,2002.0,2006.5899658203125,1959.7099609375,1977.219970703125,340300,2060.34,2047.76,1850.97,34.4,29.45,
2011-02-18,1989.239990234375,2015.780029296875,1981.75,2013.1400146484375,494000,2056.17,2048.95,1852.33,43.8,30.1,
2011-02-21,2014.1500244140625,2014.97998046875,1991.699951171875,2005.300048828125,324200,2050.65,2049.81,1853.75,42.4,29.61,
2011-02-22,1978.3399658203125,1982.699951171875,1958.77001953125,1969.9200439453125,346100,2043.82,2050.09,1855.01,36.6,30.82,
2011-02-23,1962.699951171875,1977.989990234375,1951.75,1961.6300048828125,308600,2038.4,2049.55,1856.39,35.4,30.49,
2011-02-24,1957.6300048828125,1970.6600341796875,1945.4100341796875,1949.8800048828125,281600,2031.79,2048.82,1857.9,33.7,30.12,
2011-02-25,1956.02001953125,1965.47998046875,1941.1500244140625,1963.4300537109375,306900,2025.63,2048.16,1859.33,37.4,29.7,
2011-02-28,1954.4000244140625,1958.5899658203125,1935.9300537109375,1939.300048828125,263900,2017.07,2046.76,1860.68,33.8,29.55,
2011-03-02,1922.3800048828125,1940.780029296875,1921.3399658203125,1928.239990234375,207700,2007.73,2044.98,1862.0,32.2,28.83,
2011-03-03,1942.239990234375,1970.6600341796875,1941.22998046875,1970.6600341796875,284800,2000.87,2044.21,1863.38,43.1,29.8,
2011-03-04,1989.8800048828125,2008.8900146484375,1984.1500244140625,2004.6800537109375,334600,1997.62,2043.78,1864.93,50.0,30.4,
2011-03-07,1996.47998046875,2005.4300537109375,1978.1300048828125,1980.27001953125,255900,1993.03,2042.98,1866.57,45.7,30.18,
2011-03-08,1984.0799560546875,2007.239990234375,1974.72998046875,1996.3199462890625,304800,1988.76,2042.16,1868.34,48.8,30.34,
2011-03-09,2007.7900390625,2016.6800537109375,1991.52001953125,2001.469970703125,315400,1985.35,2041.43,1870.19,49.8,29.97,
2011-03-10,1999.3800048828125,2001.27001953125,1973.8800048828125,1981.5799560546875,288400,1982.15,2040.31,1872.1,46.1,29.8,
2011-03-11,1956.3399658203125,1970.699951171875,1949.3199462890625,1955.5400390625,267200,1979.5,2038.83,1873.85,41.7,29.98,
2011-03-14,1949.0799560546875,1971.22998046875,1928.989990234375,1971.22998046875,388600,1979.2,2037.81,1875.91,45.1,30.85,
2011-03-15,1966.8199462890625,1985.8199462890625,1882.0899658203125,1923.9200439453125,403900,1974.67,2035.62,1877.61,37.9,36.06,
2011-03-16,1951.6800537109375,1965.1500244140625,1931.3800048828125,1957.969970703125,284400,1972.04,2033.91,1879.37,44.7,36.43,
2011-03-17,1921.5899658203125,1961.0899658203125,1919.1300048828125,1959.030029296875,305700,1970.54,2032.07,1881.05,44.9,36.82,
2011-03-18,1963.1700439453125,1988.0400390625,1960.489990234375,1981.1300048828125,291300,1970.73,2030.29,1882.75,49.1,36.27,
2011-03-21,1985.469970703125,2005.3199462890625,1985.1500244140625,2003.4200439453125,292300,1970.25,2028.66,1884.61,53.0,35.4,
2011-03-22,2012.47998046875,2016.27001953125,2004.3599853515625,2013.6600341796875,304100,1970.66,2027.28,1886.37,54.7,33.79,
2011-03-23,2019.1800537109375,2022.1400146484375,2005.5899658203125,2012.1800537109375,312600,1972.78,2025.97,1888.11,54.4,32.56,
2011-03-24,2022.260009765625,2036.9300537109375,2022.0799560546875,2036.780029296875,295500,1976.53,2024.98,1890.11,58.6,32.0,
2011-03-25,2058.35009765625,2060.2900390625,2041.719970703125,2054.0400390625,311200,1981.74,2024.45,1892.12,61.3,31.4,
2011-03-28,2054.280029296875,2059.919921875,2043.989990234375,2056.389892578125,285400,1986.39,2023.81,1894.17,61.6,30.29,
2011-03-29,2052.8701171875,2072.1298828125,2050.090087890625,2072.1298828125,250500,1993.03,2023.35,1896.27,64.1,29.7,
2011-03-30,2075.909912109375,2100.199951171875,2074.260009765625,2091.3798828125,316900,2001.19,2023.39,1898.35,66.8,29.59,
2011-03-31,2098.090087890625,2106.739990234375,2089.1201171875,2106.699951171875,317900,2007.99,2023.36,1900.43,68.9,28.73,
2011-04-01,2107.669921875,2121.02001953125,2101.830078125,2121.010009765625,337900,2013.81,2023.78,1902.58,70.7,28.05,
2011-04-04,2124.3701171875,2125.530029296875,2103.820068359375,2115.8701171875,301800,2020.59,2024.17,1904.64,69.1,27.6,
2011-04-05,2118.080078125,2130.429931640625,2107.780029296875,2130.429931640625,327700,2027.29,2024.47,1906.75,71.1,27.24,
2011-04-06,2129.1298828125,2136.2900390625,2119.659912109375,2126.7099609375,423000,2033.55,2024.87,1908.82,69.9,26.49,
2011-04-07,2133.31005859375,2135.72998046875,2111.5400390625,2122.139892578125,382800,2040.58,2025.91,1910.73,68.3,26.32,
2011-04-08,2119.010009765625,2135.97998046875,2118.719970703125,2127.969970703125,392800,2049.2,2026.83,1912.72,69.3,25.67,
2011-04-11,2127.199951171875,2135.330078125,2115.889892578125,2122.389892578125,316100,2056.76,2027.54,1914.7,67.2,25.23,
2011-04-12,2117.2099609375,2117.2099609375,2088.669921875,2089.39990234375,311100,2065.04,2027.12,1916.45,56.6,25.84,
2011-04-13,2091.679931640625,2121.929931640625,2081.97998046875,2121.919921875,348100,2073.23,2027.26,1918.41,62.8,26.84,
2011-04-14,2116.489990234375,2141.070068359375,2109.6298828125,2141.06005859375,371700,2082.34,2027.92,1920.45,65.9,27.17,
2011-04-15,2136.27001953125,2142.7099609375,2126.590087890625,2140.5,356700,2090.3,2029.34,1922.62,65.8,26.38,
2011-04-18,2146.830078125,2149.449951171875,2128.02001953125,2137.719970703125,358300,2097.02,2030.65,1924.81,64.8,26.03,
2011-04-19,2117.93994140625,2136.949951171875,2111.60009765625,2122.679931640625,375000,2102.47,2031.47,1927.0,60.0,26.04,
2011-04-20,2146.3798828125,2169.93994140625,2138.800048828125,2169.909912109375,374300,2110.36,2033.47,1929.49,68.1,27.55,
2011-04-21,2190.639892578125,2211.360107421875,2183.52001953125,2198.5400390625,416000,2118.44,2036.53,1932.1,71.8,28.54,
2011-04-22,2203.0400390625,2208.06005859375,2190.8701171875,2197.820068359375,390800,2125.63,2040.32,1934.67,71.6,27.73,
2011-04-25,2205.199951171875,2218.070068359375,2199.27001953125,2216.0,354000,2133.61,2045.1,1937.37,73.8,27.2,
2011-04-26,2219.469970703125,2222.56005859375,2196.760009765625,2206.300048828125,439300,2140.32,2048.93,1939.91,70.6,27.1,
2011-04-27,2225.949951171875,2231.469970703125,2191.820068359375,2206.699951171875,423200,2146.09,2052.85,1942.32,70.7,28.0,
2011-04-28,2215.419921875,2225.35009765625,2194.14990234375,2208.35009765625,354900,2151.17,2057.24,1944.7,70.9,28.22,
2011-04-29,2211.330078125,2219.60009765625,2177.800048828125,2192.360107421875,364100,2154.74,2061.54,1946.98,65.2,29.19,
2011-05-02,2203.090087890625,2229.090087890625,2202.919921875,2228.9599609375,302500,2160.39,2065.86,1949.34,71.0,29.73,
2011-05-03,2224.39990234375,2228.0400390625,2188.110107421875,2200.72998046875,375100,2163.91,2069.77,1951.58,62.3,30.53,
2011-05-04,2196.89990234375,2201.68994140625,2173.2099609375,2180.639892578125,393700,2166.6,2073.98,1953.8,57.0,30.38,
2011-05-06,2153.5,2156.81005859375,2133.969970703125,2147.449951171875,344200,2167.87,2077.7,1955.87,49.5,31.54,
2011-05-09,2157.949951171875,2161.929931640625,2136.590087890625,2139.169921875,253900,2168.43,2081.48,1957.89,47.8,31.1,
2011-05-11,2161.43994140625,2166.6298828125,2144.93994140625,2166.6298828125,378000,2170.64,2085.55,1959.97,53.5,30.84,
2011-05-12,2139.239990234375,2149.419921875,2122.60009765625,2122.64990234375,382300,2172.3,2089.21,1961.91,45.1,31.78,
2011-05-13,2133.989990234375,2134.530029296875,2103.06005859375,2120.080078125,397100,2172.21,2093.05,1963.72,44.6,31.76,
2011-05-16,2104.669921875,2115.25,2097.159912109375,2104.179931640625,273600,2170.37,2095.72,1965.4,41.9,31.13,
2011-05-17,2103.820068359375,2111.43994140625,2092.320068359375,2102.409912109375,300800,2168.46,2097.68,1967.07,41.6,30.27,
2011-05-18,2110.699951171875,2138.719970703125,2106.409912109375,2135.780029296875,260000,2168.37,2100.79,1968.88,49.1,30.7,
2011-05-19,2141.2900390625,2143.409912109375,2092.610107421875,2095.510009765625,283400,2167.01,2102.77,1970.5,42.1,32.14,
2011-05-20,2101.449951171875,2112.47998046875,2084.06005859375,2111.5,282800,2164.09,2104.97,1972.26,45.4,31.87,
2011-05-23,2100.43994140625,2100.43994140625,2055.7099609375,2055.7099609375,293000,2156.95,2106.45,1973.63,37.3,33.58,
2011-05-24,2052.43994140625,2070.639892578125,2048.550048828125,2061.760009765625,268500,2150.14,2108.58,1974.98,38.6,32.76,
2011-05-25,2073.530029296875,2082.1201171875,2030.6800537109375,2035.8699951171875,345000,2141.14,2109.87,1976.22,35.2,34.09,
2011-05-26,2059.929931640625,2094.35009765625,2056.489990234375,2091.909912109375,296700,2135.42,2113.23,1977.76,46.1,35.84,
2011-05-27,2087.360107421875,2111.360107421875,2085.239990234375,2100.239990234375,272800,2130.09,2116.08,1979.34,47.5,35.14,
2011-05-30,2115.27001953125,2116.1298828125,2085.75,2093.7900390625,213200,2124.37,2118.77,1980.86,46.5,34.8,
2011-05-31,2104.159912109375,2146.7900390625,2102.77001953125,2142.469970703125,303300,2121.87,2122.0,1982.66,54.4,36.1,
2011-06-01,2142.669921875,2152.949951171875,2132.85009765625,2141.340087890625,294700,2117.49,2124.76,1984.58,54.2,34.96,
2011-06-02,2098.3701171875,2126.800048828125,2093.969970703125,2114.199951171875,248800,2113.16,2126.77,1986.54,49.5,35.85,
2011-06-03,2123.469970703125,2131.929931640625,2108.75,2113.469970703125,264100,2109.81,2128.79,1988.38,49.3,34.94,
2011-06-07,2093.449951171875,2106.85009765625,2091.260009765625,2099.7099609375,246600,2107.42,2130.05,1990.16,47.0,34.03,
2011-06-08,2102.969970703125,2109.110107421875,2068.780029296875,2083.35009765625,281400,2104.63,2130.64,1991.8,44.2,34.48,
2011-06-09,2076.699951171875,2088.820068359375,2067.580078125,2071.419921875,283700,2099.87,2130.94,1993.35,42.3,33.54,
2011-06-10,2085.85009765625,2093.93994140625,2045.239990234375,2046.6700439453125,265900,2096.07,2130.43,1994.68,38.5,34.62,
2011-06-13,2030.5400390625,2057.64990234375,2025.4200439453125,2048.739990234375,218500,2092.5,2129.58,1996.05,39.0,34.45,
2011-06-14,2045.219970703125,2082.25,2040.68994140625,2076.830078125,209500,2091.13,2128.98,1997.6,45.4,34.96,
2011-06-15,2087.9599609375,2091.0,2064.820068359375,2086.530029296875,229200,2090.34,2128.29,1999.23,47.4,34.33,
2011-06-16,2057.159912109375,2068.169921875,2043.81005859375,2046.6300048828125,234200,2085.88,2126.9,2000.79,40.7,34.93,
2011-06-17,2057.4599609375,2058.669921875,2008.8399658203125,2031.9300537109375,282500,2082.7,2124.93,2002.3,38.5,35.99,
2011-06-20,2034.3499755859375,2047.1199951171875,2017.52001953125,2019.6500244140625,229200,2078.11,2122.79,2003.75,36.7,35.54,
2011-06-21,2041.1500244140625,2051.18994140625,2015.8599853515625,2048.169921875,278600,2077.73,2121.31,2005.19,43.2,35.52,
2011-06-22,2066.909912109375,2074.4599609375,2059.360107421875,2063.89990234375,263800,2077.84,2120.03,2006.79,46.5,34.86,
2011-06-23,2048.06005859375,2064.9599609375,2048.06005859375,2055.860107421875,259600,2078.84,2118.7,2008.25,45.1,33.58,
2011-06-24,2063.919921875,2090.820068359375,2062.260009765625,2090.81005859375,294100,2078.79,2118.73,2009.82,52.0,33.68,
2011-06-27,2076.010009765625,2076.93994140625,2058.39990234375,2070.2900390625,246500,2077.29,2117.7,2011.28,48.2,33.59,
2011-06-28,2092.93994140625,2099.93994140625,2062.909912109375,2062.909912109375,328600,2075.74,2116.13,2012.63,46.8,33.83,
2011-06-29,2097.8701171875,2098.949951171875,2081.7099609375,2094.419921875,256100,2073.34,2115.21,2014.16,52.8,33.99,
2011-06-30,2103.590087890625,2105.469970703125,2091.090087890625,2100.68994140625,257300,2071.31,2114.47,2015.77,53.9,32.59,
2011-07-01,2120.030029296875,2131.669921875,2116.679931640625,2125.739990234375,273400,2071.89,2114.53,2017.48,58.2,32.47,
2011-07-04,2143.239990234375,2153.2900390625,2141.97998046875,2145.300048828125,290500,2073.48,2114.04,2019.19,61.2,32.12,
2011-07-05,2149.39990234375,2163.3701171875,2145.8701171875,2161.75,284900,2076.58,2113.31,2020.9,63.6,31.12,
2011-07-06,2156.93994140625,2171.18994140625,2155.330078125,2171.18994140625,275900,2080.97,2112.77,2022.68,64.9,30.03,
2011-07-07,2167.179931640625,2184.93994140625,2165.14990234375,2180.590087890625,355600,2086.43,2112.06,2024.47,66.2,29.3,
2011-07-08,2192.830078125,2192.830078125,2173.9599609375,2180.35009765625,323000,2093.11,2111.55,2026.31,66.2,28.55,
2011-07-11,2167.93994140625,2171.2900390625,2151.840087890625,2157.159912109375,240700,2098.54,2110.55,2027.96,59.7,28.55,
2011-07-12,2131.070068359375,2136.97998046875,2107.949951171875,2109.72998046875,286400,2100.18,2108.58,2029.34,49.2,30.03,
2011-07-13,2117.1201171875,2129.639892578125,2107.6298828125,2129.639892578125,306100,2102.34,2107.33,2030.76,53.0,29.45,
2011-07-14,2119.06005859375,2130.080078125,2105.239990234375,2130.070068359375,307400,2106.51,2105.35,2032.11,53.0,29.12,
2011-07-15,2123.570068359375,2145.199951171875,2123.0,2145.199951171875,272100,2112.17,2104.24,2033.55,55.9,28.63,
2011-07-18,2149.969970703125,2149.969970703125,2121.72998046875,2130.47998046875,329000,2117.71,2103.24,2034.87,52.5,28.6,
2011-07-19,2127.1298828125,2140.43994140625,2123.429931640625,2130.2099609375,303500,2121.81,2102.89,2036.16,52.5,27.77,
2011-07-20,2158.8798828125,2164.219970703125,2149.25,2154.949951171875,373900,2126.37,2103.21,2037.55,57.5,28.22,
2011-07-21,2153.93994140625,2155.489990234375,2135.659912109375,2145.0400390625,362300,2130.83,2102.78,2038.88,55.0,27.62,
2011-07-22,2162.0,2171.239990234375,2153.489990234375,2171.22998046875,413000,2134.85,2103.75,2040.34,59.9,27.52,
2011-07-25,2154.0,2158.35009765625,2146.989990234375,2150.47998046875,342000,2138.86,2104.36,2041.57,54.8,27.28,
2011-07-26,2163.080078125,2168.699951171875,2148.219970703125,2168.699951171875,330200,2144.15,2105.65,2042.91,58.2,26.8,
2011-07-27,2152.659912109375,2174.72998046875,2151.840087890625,2174.31005859375,297100,2148.14,2107.08,2044.3,59.2,26.52,
2011-07-28,2138.610107421875,2160.43994140625,2138.610107421875,2155.85009765625,299500,2150.9,2107.48,2045.63,54.5,27.17,
2011-07-29,2159.27001953125,2159.27001953125,2133.2099609375,2133.2099609375,328800,2151.27,2108.24,2046.95,49.4,27.1,
2011-08-01,2160.090087890625,2173.280029296875,2158.239990234375,2172.31005859375,262800,2152.62,2109.46,2048.43,56.9,28.02,
2011-08-02,2152.85009765625,2155.43994140625,2114.75,2121.27001953125,350300,2150.6,2110.77,2049.54,47.0,30.13,
2011-08-03,2079.18994140625,2080.760009765625,2056.530029296875,2066.260009765625,434500,2145.35,2110.86,2050.36,39.2,32.6,
2011-08-04,2067.169921875,2071.030029296875,2015.22998046875,2018.469970703125,356400,2137.25,2110.51,2051.08,33.8,34.26,
2011-08-05,1937.1700439453125,1966.72998046875,1920.6700439453125,1943.75,481000,2125.42,2107.55,2051.51,27.6,38.8,
2011-08-08,1916.5699462890625,1939.9200439453125,1800.0,1869.449951171875,571100,2111.03,2102.93,2051.5,23.0,46.3,
2011-08-09,1807.8800048828125,1828.6300048828125,1684.6800537109375,1801.3499755859375,685000,2095.61,2097.08,2051.14,19.7,56.19,
2011-08-10,1877.4000244140625,1877.4000244140625,1802.2900390625,1806.239990234375,486300,2079.44,2090.36,2050.68,20.6,57.61,
2011-08-11,1733.9200439453125,1832.47998046875,1733.9200439453125,1817.43994140625,438900,2063.81,2083.88,2050.19,22.7,60.53,
2011-08-12,1844.1300048828125,1847.1199951171875,1788.969970703125,1793.31005859375,468900,2046.22,2077.46,2049.56,21.4,60.36,
2011-08-16,1850.530029296875,1879.8699951171875,1848.8199462890625,1879.8699951171875,423500,2033.68,2072.79,2049.41,35.5,62.23,
2011-08-17,1868.8499755859375,1906.6099853515625,1868.5999755859375,1892.6700439453125,431000,2021.81,2068.65,2049.34,37.3,60.5,
2011-08-18,1891.8199462890625,1894.93994140625,1833.3399658203125,1860.5799560546875,503400,2007.09,2064.19,2049.22,34.7,60.58,
2011-08-19,1789.780029296875,1797.1800537109375,1744.8599853515625,1744.8800048828125,503800,1987.08,2057.66,2048.37,27.3,64.52,
2011-08-22,1756.5899658203125,1763.6400146484375,1704.5400390625,1710.699951171875,420300,1964.05,2050.94,2047.34,25.6,64.13,
2011-08-23,1735.22998046875,1781.9200439453125,1719.969970703125,1776.6800537109375,428500,1945.37,2045.5,2046.54,34.2,64.64,
2011-08-24,1788.3900146484375,1799.1099853515625,1744.0699462890625,1754.780029296875,412600,1924.67,2039.06,2045.6,32.9,63.95,
2011-08-25,1791.0799560546875,1803.77001953125,1762.7900390625,1764.5799560546875,398200,1904.18,2032.62,2044.73,34.1,62.88,
2011-08-26,1754.3900146484375,1782.9000244140625,1754.3900146484375,1778.949951171875,311000,1885.34,2027.27,2043.91,36.1,60.43,
2011-08-29,1807.5999755859375,1836.6600341796875,1787.2900390625,1829.5,339100,1870.15,2023.22,2043.32,42.4,60.23,
2011-08-30,1853.77001953125,1863.510009765625,1835.6500244140625,1843.8199462890625,493200,1853.73,2019.7,2042.7,44.1,58.36,
2011-08-31,1846.8900146484375,1880.1099853515625,1837.8199462890625,1880.1099853515625,410400,1841.67,2016.34,2042.53,48.2,57.21,
2011-09-01,1887.2099609375,1928.4000244140625,1877.4000244140625,1880.699951171875,500400,1832.39,2012.68,2042.37,48.3,56.77,
2011-09-02,1872.6199951171875,1890.8599853515625,1853.699951171875,1867.75,442600,1824.86,2008.91,2042.14,46.9,55.37,
2011-09-05,1829.300048828125,1829.75,1785.8199462890625,1785.8299560546875,414000,1816.96,2002.81,2041.57,39.0,57.27,
2011-09-06,1752.97998046875,1790.469970703125,1744.030029296875,1766.7099609375,505300,1811.82,1996.74,2040.92,37.4,56.49,
2011-09-07,1811.5999755859375,1833.5400390625,1798.7900390625,1833.4599609375,417900,1813.43,1992.15,2040.45,45.7,57.23,
2011-09-08,1858.050048828125,1858.050048828125,1826.43994140625,1846.6400146484375,416700,1815.45,1987.2,2039.98,47.2,55.4,
2011-09-09,1817.0999755859375,1847.050048828125,1812.9000244140625,1812.9300537109375,331900,1815.22,1981.44,2039.32,43.9,53.88,
2011-09-14,1804.0899658203125,1807.469970703125,1743.780029296875,1749.1600341796875,339700,1813.01,1973.91,2038.42,38.4,54.97,
2011-09-15,1797.1800537109375,1806.6300048828125,1742.9100341796875,1774.0799560546875,392100,1807.73,1966.49,2037.66,41.5,55.6,
2011-09-16,1819.449951171875,1844.52001953125,1807.6199951171875,1840.0999755859375,430100,1805.1,1960.05,2037.22,48.8,56.66,
2011-09-19,1818.9000244140625,1839.8199462890625,1813.0999755859375,1820.93994140625,335600,1803.11,1953.05,2036.82,46.9,54.54,
2011-09-20,1819.8399658203125,1840.72998046875,1793.75,1837.969970703125,321200,1807.77,1946.2,2036.53,48.8,54.0,
2011-09-21,1842.1700439453125,1869.77001953125,1831.949951171875,1854.280029296875,297600,1814.95,1939.68,2036.28,50.5,52.84,
2011-09-22,1807.239990234375,1819.81005859375,1785.68994140625,1800.550048828125,295400,1816.14,1932.54,2035.64,45.0,53.97,
2011-09-23,1736.3800048828125,1743.489990234375,1697.3900146484375,1697.43994140625,411800,1813.27,1924.3,2034.37,36.7,57.48,
2011-09-26,1720.5,1721.030029296875,1644.1099853515625,1652.7099609375,424300,1807.68,1914.76,2032.85,33.8,58.87,
2011-09-27,1704.25,1735.7099609375,1695.050048828125,1735.7099609375,339800,1805.52,1906.87,2031.76,42.9,60.59,
2011-09-28,1751.0400390625,1762.6700439453125,1723.0799560546875,1723.0899658203125,344400,1800.2,1898.43,2030.56,41.9,59.09,
2011-09-29,1713.0999755859375,1769.75,1706.9000244140625,1769.2900390625,373900,1796.47,1891.21,2029.63,46.5,59.36,
2011-09-30,1759.52001953125,1774.2900390625,1742.8900146484375,1769.6500244140625,354200,1790.95,1883.99,2028.53,46.6,57.37,
2011-10-05,1718.52001953125,1718.52001953125,1659.31005859375,1666.52001953125,336300,1780.24,1874.23,2026.93,38.6,61.15,
2011-10-06,1714.8399658203125,1733.699951171875,1707.77001953125,1710.3199462890625,352600,1772.37,1865.53,2025.5,43.1,61.58,
2011-10-07,1751.550048828125,1765.4300537109375,1747.4200439453125,1759.77001953125,334700,1771.07,1857.3,2024.26,47.7,61.12,
2011-10-10,1763.300048828125,1783.3699951171875,1761.6800537109375,1766.43994140625,274600,1771.05,1849.62,2023.0,48.3,58.44,
2011-10-11,1810.3599853515625,1811.1400146484375,1792.780029296875,1795.02001953125,400000,1769.13,1842.15,2021.93,50.9,57.46,
2011-10-12,1789.6500244140625,1810.510009765625,1778.969970703125,1809.5,355300,1767.27,1834.85,2020.85,52.2,55.61,
2011-10-13,1831.949951171875,1837.489990234375,1823.0999755859375,1823.0999755859375,431600,1767.78,1828.2,2019.86,53.5,53.63,
2011-10-14,1816.18994140625,1839.18994140625,1803.4200439453125,1835.4000244140625,349000,1772.09,1822.24,2018.85,54.7,52.36,
2011-10-17,1855.719970703125,1865.1800537109375,1845.4300537109375,1865.1800537109375,367700,1776.65,1816.1,2017.99,57.5,50.74,
2011-10-18,1826.43994140625,1845.1800537109375,1822.9100341796875,1838.9000244140625,323500,1776.59,1810.45,2016.99,54.3,50.14,
2011-10-19,1851.8399658203125,1855.9300537109375,1834.3800048828125,1855.9200439453125,340000,1778.34,1806.24,2016.13,56.0,48.1,
2011-10-20,1857.4599609375,1870.5,1804.1099853515625,1805.0899658203125,349100,1776.69,1801.98,2015.04,50.0,49.4,
2011-10-21,1831.8900146484375,1843.510009765625,1809.4200439453125,1838.3800048828125,355200,1775.9,1799.87,2014.07,53.5,48.62,
2011-10-24,1858.260009765625,1898.3199462890625,1858.22998046875,1898.3199462890625,373900,1780.79,1800.45,2013.34,59.1,49.43,
2011-10-25,1900.989990234375,1905.780029296875,1883.6800537109375,1888.6500244140625,354800,1790.35,1802.19,2012.53,57.9,47.48,
2011-10-26,1871.68994140625,1896.02001953125,1864.989990234375,1894.31005859375,384800,1802.43,1803.95,2011.65,58.4,46.3,
2011-10-27,1906.1600341796875,1923.97998046875,1891.22998046875,1922.0400390625,418300,1811.74,1806.05,2010.83,61.0,45.33,
2011-10-28,1961.0899658203125,1963.739990234375,1920.81005859375,1929.47998046875,508800,1822.06,1808.77,2010.07,61.7,45.16,
2011-10-31,1922.31005859375,1941.3199462890625,1902.0400390625,1909.030029296875,393700,1829.05,1809.35,2009.23,58.6,44.74,
2011-11-01,1891.219970703125,1925.0799560546875,1891.219970703125,1909.6300048828125,353600,1836.05,1809.69,2008.34,58.7,43.96,
2011-11-02,1870.510009765625,1899.3499755859375,1859.8299560546875,1898.010009765625,389600,1847.62,1810.44,2007.43,56.8,44.38,
2011-11-03,1895.1400146484375,1895.1400146484375,1863.5699462890625,1869.9599609375,436400,1855.61,1812.94,2006.34,52.5,43.67,
2011-11-04,1911.56005859375,1929.010009765625,1906.3299560546875,1928.4100341796875,466600,1864.04,1817.3,2005.5,59.4,44.77,
2011-11-07,1932.949951171875,1932.949951171875,1915.3800048828125,1919.0999755859375,349700,1871.67,1820.14,2004.65,58.0,42.83,
2011-11-08,1927.8900146484375,1928.0699462890625,1900.0899658203125,1903.1400146484375,403200,1877.08,1823.11,2003.63,55.5,41.77,
2011-11-09,1925.8599853515625,1929.6500244140625,1897.469970703125,1907.530029296875,434600,1881.98,1825.97,2002.67,56.0,41.08,
2011-11-10,1860.9599609375,1862.27001953125,1813.25,1813.25,401900,1881.49,1826.66,2001.25,43.3,44.88,
2011-11-11,1840.97998046875,1863.4599609375,1823.8699951171875,1863.449951171875,296900,1882.89,1827.34,1999.99,49.9,45.26,
2011-11-14,1889.3299560546875,1907.6199951171875,1889.3299560546875,1902.81005859375,327300,1884.77,1828.52,1998.97,54.3,45.18,
2011-11-15,1888.6700439453125,1900.5799560546875,1878.4200439453125,1886.1199951171875,361400,1887.13,1828.64,1998.05,52.2,43.7,
2011-11-16,1898.1400146484375,1911.3299560546875,1853.1300048828125,1856.0699462890625,407800,1887.14,1828.14,1996.92,48.5,44.73,
2011-11-17,1862.8699951171875,1876.8800048828125,1835.72998046875,1876.6700439453125,353100,1890.72,1828.32,1995.87,51.1,44.48,
2011-11-18,1839.6300048828125,1850.0400390625,1832.1700439453125,1839.1700439453125,337100,1890.76,1829.39,1994.51,46.6,44.48,
2011-11-21,1833.9000244140625,1833.9000244140625,1811.68994140625,1820.030029296875,299700,1886.84,1830.45,1993.04,44.4,43.27,
2011-11-22,1798.4100341796875,1830.8399658203125,1797.9300537109375,1826.280029296875,271100,1883.72,1830.31,1991.63,45.3,42.53,
2011-11-23,1820.8599853515625,1820.8599853515625,1780.239990234375,1783.0999755859375,411200,1878.16,1829.04,1990.2,40.5,42.78,
2011-11-24,1775.8199462890625,1800.010009765625,1769.4300537109375,1795.06005859375,280400,1871.82,1828.68,1988.81,42.3,41.91,
2011-11-25,1780.06005859375,1790.81005859375,1766.72998046875,1776.4000244140625,306400,1864.16,1829.23,1987.29,40.3,40.94,
2011-11-28,1804.800048828125,1816.6500244140625,1795.3900146484375,1815.280029296875,277700,1859.47,1830.05,1986.01,46.2,40.89,
2011-11-29,1828.300048828125,1856.760009765625,1823.9300537109375,1856.52001953125,329500,1856.82,1830.38,1985.07,51.6,40.93,
2011-11-30,1847.1700439453125,1858.0999755859375,1838.699951171875,1847.510009765625,334600,1854.29,1830.91,1984.26,50.4,39.39,
2011-12-01,1911.5,1926.3299560546875,1908.3299560546875,1916.1800537109375,500500,1856.6,1832.48,1983.96,58.4,42.21,
2011-12-02,1914.4100341796875,1920.6400146484375,1905.68994140625,1916.0400390625,389300,1855.99,1833.71,1983.47,58.4,40.26,
2011-12-05,1928.4599609375,1929.1800537109375,1911.6099853515625,1922.9000244140625,330200,1856.18,1836.16,1983.03,59.2,38.64,
2011-12-06,1914.489990234375,1920.699951171875,1892.010009765625,1902.8199462890625,383400,1856.16,1840.27,1982.6,55.9,38.09,
2011-12-07,1914.5,1921.52001953125,1904.52001953125,1919.4200439453125,402800,1856.75,1845.6,1982.31,58.0,36.7,
2011-12-08,1911.0699462890625,1925.56005859375,1898.3399658203125,1912.3900146484375,426900,1861.71,1849.13,1981.8,56.8,36.02,
2011-12-09,1883.8599853515625,1894.5899658203125,1872.6700439453125,1874.75,372800,1862.28,1852.17,1981.15,50.7,36.29,
2011-12-12,1902.75,1903.18994140625,1890.1800537109375,1899.760009765625,409600,1862.12,1854.78,1980.8,54.2,35.73,
2011-12-13,1877.4000244140625,1880.4000244140625,1863.77001953125,1864.06005859375,450100,1861.02,1856.66,1980.31,48.9,35.75,
2011-12-14,1852.199951171875,1864.7900390625,1851.8900146484375,1857.75,401900,1861.1,1860.49,1979.85,48.0,34.11,
2011-12-15,1834.8199462890625,1840.93994140625,1817.6099853515625,1819.1099853515625,409600,1858.23,1862.66,1979.13,42.8,34.55,
2011-12-16,1827.8299560546875,1842.93994140625,1823.6800537109375,1839.9599609375,490000,1858.27,1864.27,1978.63,46.2,33.78,
2011-12-19,1829.489990234375,1829.489990234375,1750.5999755859375,1776.9300537109375,684300,1856.11,1864.48,1977.88,38.7,37.75,
2011-12-20,1791.6199951171875,1797.5899658203125,1780.0999755859375,1793.06005859375,389800,1854.45,1864.44,1976.99,41.3,36.53,
2011-12-21,1837.989990234375,1850.6700439453125,1831.260009765625,1848.4100341796875,516900,1857.72,1865.22,1976.21,49.3,38.03,
2011-12-22,1841.22998046875,1847.489990234375,1835.9100341796875,1847.489990234375,406400,1860.34,1865.7,1975.54,49.2,36.21,
2011-12-23,1861.0699462890625,1872.31005859375,1859.4000244140625,1867.219970703125,466300,1864.88,1866.34,1974.9,51.9,35.4,
2011-12-26,1873.0699462890625,1873.7900390625,1851.989990234375,1856.699951171875,434700,1866.95,1866.17,1974.17,50.4,34.43,
2011-12-27,1856.780029296875,1864.7099609375,1813.47998046875,1842.02001953125,529900,1866.22,1866.23,1973.48,48.2,35.63,
2011-12-28,1833.260009765625,1833.260009765625,1817.969970703125,1825.1199951171875,378700,1865.1,1865.62,1972.82,45.8,34.8,
2011-12-29,1815.6300048828125,1835.18994140625,1806.8800048828125,1825.739990234375,344600,1860.58,1866.03,1972.1,45.9,34.34,
2012-01-02,1831.68994140625,1837.81005859375,1814.550048828125,1826.3699951171875,323400,1856.1,1865.79,1971.61,46.0,33.54,
2012-01-03,1846.56005859375,1875.4100341796875,1846.56005859375,1875.4100341796875,443500,1853.72,1865.33,1971.2,54.3,34.65,
2012-01-04,1883.47998046875,1884.68994140625,1866.219970703125,1866.219970703125,494500,1851.89,1864.88,1970.73,52.7,33.5,
2012-01-05,1869.4200439453125,1875.969970703125,1860.5699462890625,1863.739990234375,533800,1849.11,1864.27,1970.14,52.2,32.2,
2012-01-06,1867.1199951171875,1867.1199951171875,1824.2900390625,1843.1400146484375,472700,1845.65,1862.69,1969.34,48.5,32.96,
2012-01-09,1832.0400390625,1832.0400390625,1810.47998046875,1826.489990234375,395500,1843.24,1860.63,1968.41,45.6,32.94,
2012-01-10,1841.1300048828125,1859.550048828125,1840.469970703125,1853.219970703125,388600,1840.91,1859.52,1967.61,50.6,32.95,
2012-01-11,1857.5400390625,1857.8199462890625,1843.1199951171875,1845.550048828125,448000,1839.98,1858.24,1966.66,49.2,31.65,
2012-01-12,1853.0999755859375,1864.5699462890625,1837.9599609375,1864.5699462890625,476300,1840.32,1857.57,1965.71,52.7,31.29,
2012-01-13,1865.719970703125,1881.8399658203125,1861.530029296875,1875.6800537109375,475000,1843.15,1857.68,1964.81,54.7,30.5,
2012-01-16,1860.77001953125,1863.3199462890625,1843.8599853515625,1859.27001953125,391900,1844.12,1856.3,1963.74,51.3,30.6,
2012-01-17,1878.1600341796875,1892.760009765625,1878.1600341796875,1892.739990234375,432000,1849.91,1855.77,1962.75,57.1,30.8,
2012-01-18,1891.1700439453125,1898.699951171875,1884.3299560546875,1892.3900146484375,428000,1854.87,1855.56,1961.68,57.1,29.63,
2012-01-19,1912.4300537109375,1914.97998046875,1902.02001953125,1914.969970703125,374400,1858.2,1855.71,1960.65,60.7,29.13,
2012-01-20,1922.1300048828125,1952.0899658203125,1922.1300048828125,1949.8900146484375,404800,1863.32,1858.44,1959.82,65.6,29.7,
2012-01-25,1947.739990234375,1973.3499755859375,1945.1400146484375,1952.22998046875,375900,1867.57,1860.21,1958.93,65.9,29.59,
2012-01-26,1959.18994140625,1962.7099609375,1949.510009765625,1957.1800537109375,408000,1872.6,1861.3,1958.08,66.6,28.42,
2012-01-27,1960.699951171875,1966.199951171875,1949.4599609375,1964.8299560546875,448900,1878.74,1862.88,1957.29,67.7,27.59,
2012-01-30,1956.6300048828125,1961.5999755859375,1936.1400146484375,1940.550048828125,411700,1884.51,1864.57,1956.35,61.0,27.66,
2012-01-31,1943.25,1960.43994140625,1936.6800537109375,1955.7900390625,469200,1891.01,1866.15,1955.52,63.4,27.39,
2012-02-01,1948.5699462890625,1969.800048828125,1947.4599609375,1959.239990234375,501100,1897.66,1868.55,1954.87,64.0,27.03,
2012-02-02,1982.22998046875,1993.8800048828125,1977.3199462890625,1984.300048828125,641000,1903.1,1871.84,1954.18,67.8,27.57,
2012-02-03,1982.239990234375,1982.6199951171875,1961.949951171875,1972.3399658203125,535900,1908.41,1874.76,1953.34,64.3,27.2,
2012-02-06,1994.2099609375,1996.050048828125,1964.77001953125,1973.1300048828125,523200,1913.88,1878.56,1952.5,64.4,27.49,
2012-02-07,1976.77001953125,1983.8199462890625,1971.3299560546875,1981.5899658203125,539400,1920.8,1882.29,1951.72,65.9,26.42,
2012-02-08,1985.2099609375,2003.72998046875,1982.989990234375,2003.72998046875,587900,1929.66,1886.83,1951.13,69.3,26.11,
2012-02-09,1998.199951171875,2014.6199951171875,1978.510009765625,2014.6199951171875,557600,1937.73,1890.82,1950.35,70.9,26.83,
2012-02-10,2010.0400390625,2011.52001953125,1986.9599609375,1993.7099609375,696700,1945.14,1893.56,1949.33,64.1,26.89,
2012-02-13,2000.6600341796875,2010.6600341796875,1991.280029296875,2005.739990234375,452800,1952.2,1896.73,1948.37,66.1,26.35,
2012-02-14,1999.530029296875,2008.6500244140625,1995.5999755859375,2002.6400146484375,515900,1958.54,1898.46,1947.3,65.1,25.4,
2012-02-15,2012.0,2026.75,2009.6800537109375,2025.3199462890625,681500,1966.85,1900.64,1946.39,68.9,25.31,
2012-02-16,2005.3699951171875,2012.43994140625,1995.989990234375,1997.449951171875,696700,1972.08,1902.13,1945.35,60.3,25.59,
2012-02-17,2025.56005859375,2031.4000244140625,2019.7900390625,2023.469970703125,731100,1978.64,1904.55,1944.42,64.7,26.19,
2012-02-20,2041.510009765625,2047.4300537109375,2024.5899658203125,2024.9000244140625,733900,1984.13,1906.66,1943.59,64.9,26.03,
2012-02-21,2022.050048828125,2030.4599609375,2007.4599609375,2024.239990234375,709000,1987.85,1908.89,1942.56,64.7,25.82,
2012-02-22,2018.0699462890625,2028.9300537109375,2015.300048828125,2028.6500244140625,883700,1991.67,1911.97,1941.7,65.5,24.94,
2012-02-23,2016.4599609375,2016.4599609375,2001.25,2007.800048828125,690100,1994.2,1914.13,1940.84,58.7,25.12,
2012-02-24,2010.5999755859375,2019.9000244140625,1998.3900146484375,2019.8900146484375,717900,1996.95,1917.25,1940.2,61.2,24.86,
2012-02-27,2013.6099853515625,2013.68994140625,1987.739990234375,1991.1600341796875,636000,1999.49,1919.92,1939.46,53.0,25.38,
2012-02-28,1995.9300537109375,2006.260009765625,1992.6600341796875,2003.68994140625,607900,2001.88,1923.61,1938.65,55.8,24.65,
2012-02-29,2015.3800048828125,2033.6300048828125,2015.3800048828125,2030.25,562600,2005.43,1927.42,1938.18,61.1,25.03,
2012-03-02,2041.52001953125,2046.8199462890625,2033.5,2034.6300048828125,483200,2007.95,1932.57,1937.76,61.9,24.42,
2012-03-05,2028.969970703125,2030.5699462890625,2011.5,2016.06005859375,548000,2010.13,1937.03,1937.32,56.5,24.33,
2012-03-06,2019.280029296875,2023.8299560546875,1988.8599853515625,2000.3599853515625,554700,2011.49,1940.07,1936.81,52.4,25.09,
2012-03-07,1968.719970703125,1987.969970703125,1966.68994140625,1982.1500244140625,511300,2011.52,1942.76,1936.04,48.0,25.7,
2012-03-08,1989.300048828125,2004.719970703125,1978.7900390625,2000.760009765625,456100,2011.37,1945.43,1935.56,52.4,25.72,
2012-03-09,2017.6700439453125,2022.949951171875,2001.6700439453125,2018.300048828125,416400,2011.56,1948.66,1935.1,56.1,25.47,
2012-03-12,2018.72998046875,2019.1400146484375,2001.5,2002.5,375500,2012.0,1951.87,1934.83,52.1,24.91,
2012-03-13,2012.9100341796875,2028.97998046875,2012.9100341796875,2025.0400390625,448900,2012.96,1955.87,1934.65,56.9,25.02,
2012-03-14,2050.5,2057.280029296875,2045.0799560546875,2045.0799560546875,541100,2015.09,1960.26,1934.69,60.6,25.54,
2012-03-15,2044.010009765625,2050.47998046875,2038.5999755859375,2043.760009765625,476100,2016.01,1964.61,1934.45,60.2,24.56,
2012-03-16,2054.6298828125,2054.989990234375,2034.2099609375,2034.43994140625,464200,2017.86,1967.79,1934.12,57.5,24.29,
2012-03-19,2040.0699462890625,2050.8701171875,2036.3499755859375,2047.0,555800,2019.03,1971.4,1933.89,60.1,23.73,
2012-03-20,2046.3800048828125,2055.340087890625,2035.260009765625,2042.1500244140625,540300,2019.9,1974.97,1933.39,58.6,23.47,
2012-03-21,2031.5799560546875,2039.800048828125,2022.969970703125,2027.22998046875,517100,2020.05,1978.65,1932.82,54.2,23.16,
2012-03-22,2026.75,2031.4200439453125,2017.9300537109375,2026.1199951171875,541700,2019.92,1982.65,1932.38,53.9,22.47,
2012-03-23,2015.0699462890625,2029.77001953125,2013.719970703125,2026.8299560546875,506800,2020.87,1986.12,1931.94,54.1,22.01,
2012-03-26,2035.1700439453125,2041.050048828125,2012.8599853515625,2019.18994140625,437000,2020.83,1989.59,1931.54,51.7,22.45,
2012-03-27,2042.469970703125,2043.75,2028.3900146484375,2039.760009765625,606400,2023.26,1993.09,1931.32,57.3,22.6,
2012-03-28,2034.3499755859375,2038.449951171875,2028.1099853515625,2031.739990234375,533800,2024.67,1996.22,1931.13,54.6,21.82,
2012-03-29,2019.4100341796875,2025.22998046875,2004.93994140625,2014.4100341796875,470300,2023.88,1999.32,1930.96,49.3,22.18,
2012-03-30,2011.5,2018.0899658203125,2002.6099853515625,2014.0400390625,449900,2022.85,2001.74,1930.79,49.2,21.7,
2012-04-02,2022.4200439453125,2031.7900390625,2015.719970703125,2029.2900390625,409900,2023.51,2004.48,1930.55,53.8,21.42,
2012-04-03,2040.81005859375,2051.800048828125,2038.52001953125,2049.280029296875,593300,2025.95,2007.17,1930.37,59.0,21.5,
2012-04-04,2046.9000244140625,2048.110107421875,2015.5699462890625,2018.6099853515625,621500,2027.78,2008.54,1930.23,49.7,22.37,
2012-04-05,2006.27001953125,2030.68994140625,1997.1199951171875,2028.77001953125,549300,2029.18,2010.07,1930.21,52.4,23.17,
2012-04-06,2026.3199462890625,2033.489990234375,2022.81005859375,2029.030029296875,536300,2029.71,2011.51,1930.26,52.4,22.28,
2012-04-09,2008.030029296875,2009.3599853515625,1995.800048828125,1997.0799560546875,466700,2029.44,2012.16,1930.0,43.9,23.06,
2012-04-10,2000.77001953125,2011.27001953125,1990.1300048828125,1994.4100341796875,543700,2027.91,2013.23,1929.65,43.3,22.92,
2012-04-12,1985.1600341796875,1986.6300048828125,1969.0899658203125,1986.6300048828125,391500,2024.99,2013.85,1929.31,41.4,23.09,
2012-04-13,2001.7099609375,2011.3699951171875,1996.22998046875,2008.9100341796875,495300,2023.25,2014.84,1928.9,48.3,23.21,
2012-04-16,1985.280029296875,1998.3499755859375,1982.9300537109375,1992.6300048828125,452500,2021.16,2015.01,1928.51,44.2,23.41,
2012-04-17,1995.3299560546875,1999.5,1982.43994140625,1985.300048828125,445700,2018.07,2015.27,1928.12,42.5,22.95,
2012-04-18,2014.22998046875,2014.949951171875,2001.5899658203125,2004.530029296875,382900,2016.19,2015.9,1927.67,48.2,23.43,
2012-04-19,2000.4000244140625,2008.8199462890625,1994.6099853515625,1999.8599853515625,412100,2014.82,2016.26,1927.17,47.0,22.77,
2012-04-20,1988.219970703125,1988.219970703125,1970.5400390625,1974.6500244140625,518700,2012.25,2015.68,1926.41,40.9,23.24,
2012-04-23,1971.3900146484375,1980.93994140625,1964.1199951171875,1972.6300048828125,585200,2009.54,2014.84,1925.55,40.5,22.78,
2012-04-24,1956.75,1972.239990234375,1954.010009765625,1963.4200439453125,630800,2006.75,2014.24,1924.56,38.4,22.49,
2012-04-25,1980.510009765625,1980.510009765625,1961.969970703125,1961.97998046875,681800,2002.86,2013.36,1923.51,38.1,22.2,
2012-04-26,1976.8199462890625,1979.4300537109375,1955.050048828125,1964.0400390625,607400,1999.48,2012.59,1922.43,38.9,22.36,
2012-04-27,1972.050048828125,1983.260009765625,1967.8399658203125,1975.3499755859375,484700,1997.52,2011.59,1921.4,43.3,22.13,
2012-04-30,1989.52001953125,1991.1199951171875,1975.4599609375,1981.989990234375,837900,1995.92,2011.28,1920.53,45.7,21.68,
2012-05-02,1994.1700439453125,2001.1099853515625,1989.550048828125,1999.0699462890625,653000,1994.41,2010.79,1919.98,51.5,21.5,
2012-05-03,1995.780029296875,1998.9000244140625,1990.449951171875,1995.1099853515625,685800,1991.7,2010.2,1919.3,50.2,20.58,
2012-05-04,1987.030029296875,1992.0999755859375,1981.5799560546875,1989.1500244140625,608800,1990.23,2009.49,1918.6,48.2,20.07,
2012-05-07,1956.06005859375,1960.510009765625,1952.4200439453125,1956.43994140625,533700,1986.61,2008.05,1917.65,38.8,21.26,
2012-05-08,1967.280029296875,1969.6400146484375,1961.43994140625,1967.010009765625,492700,1983.51,2007.23,1916.84,42.7,20.69,
2012-05-09,1958.31005859375,1962.0400390625,1945.31005859375,1950.2900390625,468000,1981.17,2005.84,1915.94,38.6,20.76,
2012-05-10,1944.800048828125,1951.510009765625,1937.1400146484375,1944.9300537109375,425100,1978.7,2004.92,1914.89,37.3,20.3,
2012-05-11,1939.0,1939.0,1915.68994140625,1917.1300048828125,535900,1975.22,2003.19,1913.75,31.6,20.94,
2012-05-14,1917.260009765625,1921.6500244140625,1900.4300537109375,1913.72998046875,399000,1970.46,2000.86,1912.46,31.0,20.96,
2012-05-15,1897.739990234375,1904.989990234375,1881.800048828125,1898.9599609375,524600,1965.78,1998.14,1911.2,28.4,21.75,
2012-05-16,1886.68994140625,1889.2900390625,1840.22998046875,1840.530029296875,426200,1958.54,1994.63,1909.56,20.8,24.39,
2012-05-17,1842.8299560546875,1856.3399658203125,1833.0799560546875,1845.239990234375,444300,1950.58,1991.53,1907.92,22.6,24.31,
2012-05-18,1813.7900390625,1813.7900390625,1779.469970703125,1782.4599609375,547800,1939.71,1987.54,1906.05,17.1,27.27,
2012-05-21,1801.47998046875,1804.47998046875,1788.3299560546875,1799.1300048828125,414100,1930.93,1983.5,1904.38,22.5,26.89,
2012-05-22,1825.8199462890625,1831.06005859375,1813.530029296875,1828.68994140625,428400,1923.73,1979.71,1902.66,31.1,27.25,
2012-05-23,1815.3299560546875,1815.3299560546875,1796.5,1808.6199951171875,447600,1915.99,1975.83,1901.1,28.8,27.61,
2012-05-24,1807.0699462890625,1816.97998046875,1800.739990234375,1814.469970703125,407900,1908.62,1971.62,1899.84,30.4,26.79,
2012-05-25,1818.6199951171875,1831.780029296875,1815.5400390625,1824.1700439453125,386500,1901.62,1967.2,1898.87,33.1,26.12,
2012-05-29,1821.6300048828125,1851.93994140625,1817.9000244140625,1849.9100341796875,328000,1895.35,1963.33,1898.4,39.9,26.68,
2012-05-30,1846.1199951171875,1846.5999755859375,1828.8299560546875,1844.8599853515625,417000,1888.49,1959.54,1898.28,39.1,26.28,
2012-05-31,1819.989990234375,1843.489990234375,1813.010009765625,1843.469970703125,447900,1880.71,1955.46,1898.49,38.8,26.68,
2012-06-01,1832.0799560546875,1842.0,1821.97998046875,1834.510009765625,334400,1872.68,1951.31,1898.63,37.2,26.31,
2012-06-04,1782.5799560546875,1794.02001953125,1776.8499755859375,1783.1300048828125,395100,1862.38,1946.43,1898.46,29.7,28.55,
2012-06-05,1799.8800048828125,1806.1099853515625,1791.8399658203125,1801.8499755859375,338800,1854.65,1941.94,1898.5,34.9,28.15,
2012-06-07,1839.489990234375,1853.199951171875,1839.489990234375,1847.949951171875,403400,1848.7,1938.37,1898.34,45.5,29.81,
2012-06-08,1854.0,1854.5899658203125,1832.8299560546875,1835.6400146484375,379800,1842.97,1934.7,1898.05,43.5,29.23,
2012-06-11,1860.9000244140625,1869.3299560546875,1859.739990234375,1867.0400390625,382200,1839.07,1931.24,1898.09,49.7,29.55,
2012-06-12,1840.56005859375,1857.9300537109375,1840.0999755859375,1854.739990234375,421400,1835.95,1927.7,1898.64,47.5,29.36,
2012-06-13,1867.449951171875,1867.449951171875,1849.7099609375,1859.3199462890625,558300,1833.23,1924.6,1899.38,48.4,28.53,
2012-06-14,1856.5699462890625,1871.47998046875,1855.06005859375,1871.47998046875,426600,1831.86,1921.75,1899.85,50.8,27.67,
2012-06-15,1871.47998046875,1871.47998046875,1847.18994140625,1858.1600341796875,452500,1832.74,1918.33,1900.37,48.1,27.43,
2012-06-18,1892.9100341796875,1901.1099853515625,1887.050048828125,1891.7099609375,376300,1835.07,1915.17,1901.01,54.7,28.54,
2012-06-19,1885.56005859375,1895.3199462890625,1883.56005859375,1891.77001953125,380900,1840.53,1912.64,1901.57,54.7,27.34,
2012-06-20,1908.18994140625,1908.18994140625,1895.27001953125,1904.1199951171875,367700,1845.78,1910.14,1901.94,57.0,26.56,
2012-06-21,1895.510009765625,1900.43994140625,1879.6500244140625,1889.1500244140625,390200,1848.8,1907.35,1902.17,53.4,26.41,
2012-06-22,1861.43994140625,1863.5699462890625,1843.5699462890625,1847.3900146484375,300700,1850.74,1904.35,1902.01,45.0,27.78,
2012-06-25,1842.760009765625,1842.760009765625,1813.4100341796875,1825.3800048828125,291200,1851.29,1900.97,1901.73,41.3,28.22,
2012-06-26,1818.510009765625,1826.6600341796875,1814.4599609375,1817.81005859375,313300,1850.97,1897.6,1901.48,40.1,27.08,
2012-06-27,1815.699951171875,1821.469970703125,1795.1600341796875,1817.6500244140625,319500,1849.36,1893.77,1901.64,40.1,27.02,
2012-06-28,1826.3699951171875,1827.3499755859375,1806.0799560546875,1819.1800537109375,309700,1848.07,1890.3,1901.9,40.5,26.61,
2012-06-29,1808.6099853515625,1854.010009765625,1801.6300048828125,1854.010009765625,320600,1848.6,1887.68,1902.0,49.0,28.45,
2012-07-02,1864.72998046875,1865.9300537109375,1851.280029296875,1851.6500244140625,273600,1849.46,1884.62,1902.03,48.5,27.47,
2012-07-03,1858.699951171875,1871.0799560546875,1858.43994140625,1867.8199462890625,348200,1853.69,1881.98,1902.3,52.2,26.89,
2012-07-04,1875.52001953125,1881.6800537109375,1871.8399658203125,1874.449951171875,336100,1857.32,1879.97,1902.93,53.7,25.96,
2012-07-05,1870.530029296875,1878.1300048828125,1866.9100341796875,1875.489990234375,324200,1858.7,1878.03,1903.44,53.9,24.91,
2012-07-06,1877.739990234375,1880.3599853515625,1850.0999755859375,1858.199951171875,340700,1859.83,1875.93,1903.53,49.4,25.29,
2012-07-09,1840.300048828125,1844.3199462890625,1833.1099853515625,1836.1300048828125,282000,1858.28,1873.41,1903.6,44.3,25.28,
2012-07-10,1843.77001953125,1845.93994140625,1823.7900390625,1829.449951171875,368900,1857.02,1870.72,1903.56,42.8,25.05,
2012-07-11,1825.530029296875,1827.5999755859375,1813.7900390625,1826.3900146484375,336700,1855.37,1867.74,1903.42,42.1,24.38,
2012-07-12,1827.8199462890625,1830.77001953125,1785.3199462890625,1785.3900146484375,320800,1851.07,1863.81,1903.34,34.3,25.89,
2012-07-13,1790.97998046875,1820.6600341796875,1773.6700439453125,1812.8900146484375,348500,1848.8,1860.08,1903.92,42.1,27.39,
2012-07-16,1820.3399658203125,1821.8399658203125,1807.1099853515625,1817.7900390625,268400,1845.11,1856.54,1904.75,43.4,26.49,
2012-07-17,1808.6300048828125,1835.6400146484375,1802.0699462890625,1821.9599609375,412600,1841.62,1853.19,1905.18,44.5,27.0,
2012-07-18,1821.280029296875,1827.949951171875,1790.3599853515625,1794.9100341796875,454700,1836.15,1849.96,1905.54,39.0,27.75,
2012-07-19,1820.8399658203125,1830.0899658203125,1815.7099609375,1822.9599609375,488700,1832.85,1847.08,1905.81,46.4,28.28,
2012-07-20,1823.949951171875,1830.260009765625,1818.8399658203125,1822.9300537109375,412100,1831.62,1844.53,1906.07,46.4,27.08,
2012-07-23,1799.239990234375,1799.239990234375,1780.010009765625,1789.43994140625,502100,1829.83,1841.42,1906.69,39.7,28.21,
2012-07-24,1784.469970703125,1796.02001953125,1781.5999755859375,1793.9300537109375,490600,1828.63,1838.96,1907.11,41.0,27.22,
2012-07-25,1760.219970703125,1785.8399658203125,1758.989990234375,1769.31005859375,468000,1826.21,1836.07,1907.15,36.6,27.78,
2012-07-26,1778.010009765625,1787.199951171875,1766.81005859375,1782.469970703125,409600,1824.38,1833.74,1907.23,40.3,27.25,
2012-07-27,1812.97998046875,1829.1600341796875,1805.9200439453125,1829.1600341796875,397600,1823.14,1833.51,1907.4,51.1,28.64,
2012-07-30,1847.010009765625,1850.27001953125,1841.4000244140625,1843.7900390625,337200,1822.74,1833.49,1907.58,53.9,28.1,
2012-07-31,1845.4599609375,1896.8299560546875,1842.510009765625,1881.989990234375,359200,1823.45,1835.48,1907.87,60.3,29.97,
2012-08-01,1870.5799560546875,1886.3199462890625,1867.280029296875,1879.9300537109375,291300,1823.73,1837.09,1908.09,59.8,29.19,
2012-08-02,1883.6800537109375,1885.8900146484375,1864.8599853515625,1869.4000244140625,270500,1823.42,1837.91,1908.11,57.3,28.61,
2012-08-03,1846.5799560546875,1864.1300048828125,1843.8699951171875,1848.6800537109375,257900,1822.95,1838.71,1908.16,52.6,28.39,
2012-08-06,1883.6199951171875,1894.9200439453125,1881.8599853515625,1885.8800048828125,245600,1825.43,1840.14,1908.31,59.1,29.66,
2012-08-07,1883.8199462890625,1891.5999755859375,1881.6600341796875,1886.800048828125,325300,1828.3,1841.39,1908.72,59.2,28.25,
2012-08-08,1896.5799560546875,1919.6099853515625,1896.56005859375,1903.22998046875,485600,1832.14,1842.45,1909.04,61.9,28.58,
2012-08-09,1907.1300048828125,1947.0799560546875,1907.1300048828125,1940.5899658203125,495300,1839.9,1844.37,1909.26,67.2,29.67,
2012-08-10,1937.8900146484375,1948.050048828125,1933.9300537109375,1946.4000244140625,326500,1846.58,1846.43,1909.54,67.9,28.56,
2012-08-13,1945.3299560546875,1946.199951171875,1932.4000244140625,1932.43994140625,352700,1852.31,1848.39,1909.74,64.2,27.52,
2012-08-14,1942.6099853515625,1957.1500244140625,1939.449951171875,1956.9599609375,341100,1859.06,1851.86,1909.91,67.6,27.32,
2012-08-16,1956.3499755859375,1959.9200439453125,1947.260009765625,1957.9100341796875,430500,1867.21,1854.98,1910.05,67.7,26.27,
2012-08-17,1964.0699462890625,1964.0699462890625,1941.7900390625,1946.5400390625,372500,1873.39,1856.96,1910.24,64.4,25.99,
2012-08-20,1944.6700439453125,1949.8900146484375,1938.25,1946.31005859375,357900,1879.56,1859.17,1910.42,64.3,24.96,
2012-08-21,1954.510009765625,1961.0699462890625,1942.6099853515625,1943.219970703125,407500,1887.25,1860.69,1910.65,63.4,24.5,
2012-08-22,1939.5999755859375,1947.4300537109375,1917.47998046875,1935.18994140625,422800,1894.31,1862.3,1910.98,60.8,24.89,
2012-08-23,1934.56005859375,1942.969970703125,1924.5,1942.5400390625,604400,1902.97,1863.97,1911.05,62.3,24.43,
2012-08-24,1921.0799560546875,1927.0999755859375,1913.75,1919.81005859375,631300,1909.84,1864.93,1911.05,55.3,24.74,
2012-08-27,1909.02001953125,1925.1500244140625,1907.5,1917.8699951171875,572900,1914.27,1866.13,1911.12,54.7,24.23,
2012-08-28,1922.02001953125,1925.699951171875,1910.5799560546875,1916.3299560546875,611900,1917.9,1866.62,1911.17,54.3,23.58,
2012-08-29,1920.489990234375,1931.0,1914.8199462890625,1928.5400390625,592400,1920.23,1867.36,1911.74,57.4,23.05,
2012-08-30,1922.8199462890625,1922.8199462890625,1897.0699462890625,1906.3800048828125,747800,1921.55,1867.4,1911.96,50.6,23.66,
2012-08-31,1897.1600341796875,1912.239990234375,1896.8399658203125,1905.1199951171875,659100,1923.34,1867.72,1911.97,50.2,23.07,
2012-09-03,1909.06005859375,1921.8399658203125,1885.030029296875,1912.7099609375,597100,1926.54,1869.03,1912.1,52.5,24.05,
2012-09-04,1911.469970703125,1916.1600341796875,1906.219970703125,1907.1300048828125,881500,1927.6,1870.66,1912.36,50.7,23.04,
2012-09-05,1894.699951171875,1894.699951171875,1874.030029296875,1874.030029296875,624100,1926.96,1871.79,1912.35,41.6,23.76,
2012-09-06,1881.5400390625,1888.1800537109375,1873.489990234375,1881.239990234375,752900,1925.86,1873.06,1912.56,43.9,23.11,
2012-09-07,1918.3599853515625,1929.5799560546875,1915.56005859375,1929.5799560546875,597700,1925.31,1875.27,1913.1,56.6,24.91,
2012-09-10,1934.6300048828125,1937.8499755859375,1924.699951171875,1924.699951171875,620800,1924.23,1876.68,1913.6,55.2,24.07,
2012-09-11,1920.4599609375,1923.0899658203125,1912.469970703125,1920.0,718700,1923.61,1878.05,1914.28,53.9,23.23,
2012-09-12,1931.43994140625,1953.030029296875,1927.75,1950.030029296875,708400,1923.26,1879.69,1915.05,60.5,23.93,
2012-09-13,1948.27001953125,1955.030029296875,1938.739990234375,1950.68994140625,983100,1922.9,1881.22,1915.93,60.6,23.38,
2012-09-14,1994.4200439453125,2008.969970703125,1991.1300048828125,2007.5799560546875,1023900,1925.95,1883.86,1916.89,70.0,25.87,
2012-09-17,2005.5400390625,2011.5,1997.7900390625,2002.3499755859375,881700,1928.75,1886.74,1917.62,68.4,25.01,
2012-09-18,1998.300048828125,2005.72998046875,1995.8299560546875,2004.9599609375,855300,1931.84,1890.12,1918.4,68.8,23.93,
2012-09-19,2000.199951171875,2012.739990234375,1993.9100341796875,2007.8800048828125,959900,1935.47,1893.69,1918.86,69.2,23.56,
2012-09-20,1997.6500244140625,2004.5400390625,1987.93994140625,1990.3299560546875,618400,1937.86,1896.96,1919.23,63.3,23.3,
2012-09-21,2000.050048828125,2005.1099853515625,1991.56005859375,2002.3699951171875,649200,1941.99,1901.3,1919.63,65.5,22.69,
2012-09-24,1996.4200439453125,2005.449951171875,1977.699951171875,2003.43994140625,483000,1946.27,1905.11,1920.13,65.7,23.06,
2012-09-25,1994.0799560546875,2004.260009765625,1988.8800048828125,1991.4100341796875,529000,1950.02,1908.59,1920.49,61.4,22.51,
2012-09-26,1973.1099853515625,1986.280029296875,1968.8499755859375,1980.43994140625,1209800,1952.62,1911.76,1920.83,57.8,22.51,
2012-09-27,1969.6500244140625,1991.260009765625,1969.5999755859375,1988.699951171875,693700,1956.73,1915.63,1921.4,59.7,22.45,
2012-09-28,2000.010009765625,2000.010009765625,1988.4100341796875,1996.2099609375,678200,1961.29,1919.1,1921.89,61.5,21.68,
2012-10-02,1998.52001953125,2003.6300048828125,1995.1199951171875,1996.030029296875,496300,1965.45,1922.56,1922.55,61.4,20.74,
2012-10-04,1998.72998046875,1998.989990234375,1983.030029296875,1992.6800537109375,596900,1969.73,1926.62,1923.22,60.1,20.39,
2012-10-05,2004.6199951171875,2007.8399658203125,1991.2099609375,1995.1700439453125,681200,1975.79,1930.65,1924.1,60.7,20.13,
2012-10-08,1994.050048828125,1994.050048828125,1979.239990234375,1981.8900146484375,508300,1980.82,1934.9,1924.81,55.3,19.83,
2012-10-09,1982.0899658203125,1992.3199462890625,1979.0,1979.0400390625,516900,1983.29,1938.83,1925.82,54.2,19.36,
2012-10-10,1961.9000244140625,1962.719970703125,1948.219970703125,1948.219970703125,449400,1984.47,1941.21,1926.6,43.8,20.18,
2012-10-11,1934.489990234375,1949.739990234375,1919.8199462890625,1933.0899658203125,464100,1985.13,1943.0,1927.02,39.8,20.88,
2012-10-12,1937.8499755859375,1940.3199462890625,1927.3900146484375,1933.260009765625,398800,1984.29,1944.02,1927.45,39.9,20.31,
2012-10-15,1927.8199462890625,1937.1500244140625,1921.3199462890625,1925.5899658203125,567900,1983.03,1944.94,1927.74,37.8,19.99,
2012-10-16,1942.510009765625,1944.219970703125,1931.0899658203125,1941.5400390625,538400,1979.73,1946.38,1928.17,44.2,19.89,
2012-10-17,1955.780029296875,1965.530029296875,1949.7099609375,1955.1500244140625,499800,1977.37,1948.51,1928.73,49.0,20.18,
2012-10-18,1960.3900146484375,1963.530029296875,1954.0999755859375,1959.1199951171875,495000,1975.08,1949.97,1929.4,50.4,19.42,
2012-10-19,1954.3299560546875,1958.6400146484375,1938.9599609375,1943.8399658203125,383200,1971.88,1951.12,1929.99,45.4,19.47,
2012-10-22,1910.97998046875,1942.6400146484375,1910.22998046875,1941.5899658203125,458100,1969.44,1951.88,1930.57,44.7,20.48,
2012-10-23,1943.7900390625,1944.3800048828125,1926.81005859375,1926.81005859375,539000,1965.66,1951.61,1930.82,40.3,20.27,
2012-10-24,1907.1600341796875,1922.02001953125,1901.6199951171875,1913.9599609375,564600,1961.19,1950.96,1931.06,36.9,20.62,
2012-10-25,1906.9100341796875,1924.510009765625,1904.949951171875,1924.5,438100,1957.84,1950.8,1931.37,41.3,20.55,
2012-10-26,1917.6400146484375,1921.25,1890.1500244140625,1891.4300537109375,437500,1953.39,1949.49,1931.61,33.5,21.53,
2012-10-29,1901.8299560546875,1905.219970703125,1884.77001953125,1891.52001953125,371700,1948.53,1948.16,1931.93,33.5,21.46,
2012-10-30,1894.050048828125,1913.52001953125,1893.75,1899.5799560546875,334100,1943.7,1947.22,1932.17,36.9,21.49,
2012-10-31,1912.8299560546875,1918.4000244140625,1909.0799560546875,1912.06005859375,397200,1939.5,1946.54,1932.5,41.8,21.3,
2012-11-01,1903.5699462890625,1904.989990234375,1887.56005859375,1898.43994140625,402400,1934.79,1945.64,1932.67,38.3,21.53,
2012-11-02,1920.550048828125,1921.97998046875,1915.1099853515625,1918.719970703125,441200,1930.97,1945.31,1932.88,45.6,21.67,
2012-11-05,1905.4599609375,1914.3800048828125,1903.3199462890625,1908.219970703125,343400,1927.28,1944.63,1933.13,42.8,21.23,
2012-11-06,1911.8299560546875,1928.1700439453125,1908.489990234375,1928.1700439453125,545800,1924.74,1944.79,1933.3,49.2,21.14,
2012-11-07,1933.7900390625,1937.550048828125,1916.81005859375,1937.550048828125,556700,1924.21,1945.19,1933.53,52.0,21.11,
2012-11-08,1912.6400146484375,1918.68994140625,1905.6199951171875,1914.4100341796875,659700,1923.27,1945.15,1933.53,45.5,21.88,
2012-11-09,1893.0899658203125,1907.5699462890625,1879.06005859375,1904.4100341796875,636200,1921.83,1944.67,1933.3,43.0,22.84,
2012-11-12,1899.300048828125,1903.81005859375,1892.6800537109375,1900.8699951171875,473300,1920.59,1944.56,1933.04,42.1,22.05,
2012-11-13,1904.18994140625,1904.969970703125,1881.8499755859375,1889.699951171875,494900,1918.0,1944.25,1932.71,39.3,22.13,
2012-11-14,1891.449951171875,1895.47998046875,1880.6099853515625,1894.0400390625,533900,1914.95,1943.87,1932.35,40.9,21.61,
2012-11-15,1870.2900390625,1875.489990234375,1859.7900390625,1870.719970703125,450900,1910.53,1943.15,1932.0,35.5,22.51,
2012-11-16,1865.81005859375,1872.68994140625,1856.81005859375,1860.8299560546875,465000,1906.38,1942.88,1931.53,33.4,22.04,
2012-11-19,1869.760009765625,1884.1099853515625,1869.22998046875,1878.0999755859375,349400,1903.2,1942.82,1931.12,39.9,22.13,
2012-11-20,1896.5799560546875,1897.56005859375,1886.3399658203125,1890.1800537109375,372300,1901.37,1942.03,1930.65,44.0,21.93,
2012-11-21,1895.719970703125,1899.5999755859375,1878.25,1884.0400390625,380800,1899.87,1941.22,1930.21,42.4,21.89,
2012-11-22,1894.6600341796875,1903.27001953125,1893.1800537109375,1899.5,412800,1898.62,1940.81,1929.84,47.6,21.7,
2012-11-23,1901.72998046875,1911.3299560546875,1894.5799560546875,1911.3299560546875,330000,1899.62,1940.03,1929.49,51.2,21.35,
2012-11-26,1918.010009765625,1918.1099853515625,1905.949951171875,1908.510009765625,276800,1900.47,1939.19,1929.01,50.3,20.69,
2012-11-27,1917.1400146484375,1930.239990234375,1913.969970703125,1925.199951171875,588300,1901.75,1937.54,1928.57,55.2,20.77,
2012-11-28,1916.31005859375,1916.760009765625,1906.199951171875,1912.780029296875,408900,1901.79,1935.75,1928.16,51.2,20.64,
2012-11-29,1922.8599853515625,1935.0999755859375,1922.510009765625,1934.8499755859375,388800,1903.61,1934.35,1927.81,57.2,20.76,
2012-11-30,1932.7099609375,1941.8399658203125,1927.97998046875,1932.9000244140625,337300,1904.32,1932.85,1927.46,56.5,20.27,
2012-12-03,1937.280029296875,1944.75,1933.6700439453125,1940.02001953125,314900,1905.91,1931.84,1927.03,58.4,19.67,
2012-12-04,1932.6600341796875,1938.280029296875,1928.0899658203125,1935.1800537109375,294800,1906.26,1930.5,1926.72,56.6,19.11,
2012-12-05,1933.449951171875,1949.699951171875,1930.1500244140625,1947.0400390625,492600,1906.73,1929.37,1926.34,59.9,19.14,
2012-12-06,1948.550048828125,1955.0699462890625,1946.030029296875,1949.6199951171875,345300,1908.49,1928.54,1925.96,60.6,18.42,
2012-12-07,1953.1700439453125,1963.06005859375,1952.8299560546875,1957.449951171875,413400,1911.14,1928.08,1925.63,62.7,18.07,
2012-12-10,1965.7099609375,1970.18994140625,1955.3900146484375,1957.4200439453125,367600,1913.97,1927.45,1925.27,62.7,17.83,
2012-12-11,1962.52001953125,1965.6800537109375,1956.75,1964.6199951171875,404800,1917.72,1926.82,1925.06,64.7,17.2,
2012-12-12,1972.3299560546875,1975.43994140625,1966.9100341796875,1975.43994140625,459700,1921.79,1926.41,1924.84,67.6,16.74,
2012-12-13,1976.1800537109375,2002.780029296875,1976.1800537109375,2002.77001953125,421500,1928.39,1926.61,1924.89,73.4,17.5,
2012-12-14,1989.4200439453125,1999.6500244140625,1985.18994140625,1995.0400390625,350500,1935.1,1926.61,1924.85,69.6,17.51,
2012-12-17,1993.1800537109375,1999.3800048828125,1981.1300048828125,1983.0699462890625,366700,1940.35,1926.63,1924.61,64.0,17.56,
2012-12-18,1990.719970703125,1993.0899658203125,1979.219970703125,1993.0899658203125,454300,1945.49,1926.91,1924.41,66.5,17.29,
2012-12-20,2002.1099853515625,2006.0799560546875,1991.81005859375,1999.5,421900,1951.27,1927.94,1924.32,67.9,17.08,
2012-12-21,2004.6099853515625,2004.6700439453125,1976.0899658203125,1980.4200439453125,553700,1955.31,1928.88,1924.22,59.5,17.9,
2012-12-24,1984.1800537109375,1985.5699462890625,1977.0,1981.8199462890625,348200,1958.84,1929.85,1924.22,59.9,17.23,
2012-12-26,1992.0999755859375,2000.9200439453125,1982.25,1982.25,458000,1962.52,1930.99,1924.13,60.0,17.37,
2012-12-27,1979.4599609375,1987.9100341796875,1971.530029296875,1987.3499755859375,376100,1965.63,1931.9,1923.98,61.6,17.3,
2012-12-28,1984.8399658203125,2002.6700439453125,1984.8399658203125,1997.050048828125,302900,1969.85,1932.74,1923.95,64.5,17.33,
2013-01-02,2013.739990234375,2033.6600341796875,2012.300048828125,2031.0999755859375,364100,1974.66,1934.18,1923.98,72.3,18.71,
2013-01-03,2041.239990234375,2042.47998046875,2018.489990234375,2019.4100341796875,491000,1978.98,1935.69,1923.85,66.8,19.09,
2013-01-04,2017.8800048828125,2018.6300048828125,2001.530029296875,2011.93994140625,378900,1982.58,1937.1,1923.69,63.6,19.0,
2013-01-07,2012.1500244140625,2014.0,1996.469970703125,2011.25,536200,1986.38,1938.79,1923.57,63.2,18.9,
2013-01-08,2003.219970703125,2009.989990234375,1997.9100341796875,1997.93994140625,493700,1988.93,1940.47,1923.33,57.4,18.5,
2013-01-09,2001.97998046875,2007.719970703125,1989.47998046875,1991.81005859375,607600,1991.04,1941.81,1923.08,54.9,18.48,
2013-01-10,1993.8699951171875,2008.469970703125,1988.0400390625,2006.800048828125,500800,1993.5,1944.12,1922.98,59.6,18.62,
2013-01-11,2017.3800048828125,2017.9200439453125,1984.1600341796875,1996.6700439453125,472600,1995.47,1946.22,1922.83,55.4,19.7,
2013-01-14,1993.8199462890625,2007.0400390625,1989.239990234375,2007.0400390625,454800,1997.59,1948.37,1922.73,58.6,19.57,
2013-01-15,2006.8900146484375,2016.3699951171875,1983.739990234375,1983.739990234375,546200,1998.0,1949.81,1922.55,50.0,20.5,
2013-01-16,1988.43994140625,1996.4599609375,1970.010009765625,1977.449951171875,457600,1996.74,1951.39,1922.24,47.9,20.92,
2013-01-17,1983.6700439453125,1986.3399658203125,1964.6199951171875,1974.27001953125,828700,1995.7,1952.5,1921.95,46.9,20.98,
2013-01-18,1987.6500244140625,1988.469970703125,1976.719970703125,1987.8499755859375,583300,1995.94,1954.09,1921.82,51.7,20.5,
2013-01-21,1987.9599609375,1991.97998046875,1972.6400146484375,1986.8599853515625,446600,1995.63,1955.26,1921.68,51.4,20.41,
2013-01-22,1986.5799560546875,1999.3499755859375,1981.8800048828125,1996.52001953125,553400,1995.48,1956.44,1921.52,54.7,20.2,
2013-01-23,2003.3699951171875,2008.06005859375,1980.4100341796875,1980.4100341796875,491400,1995.48,1957.76,1921.18,48.7,20.74,
2013-01-24,1970.8499755859375,1980.030029296875,1960.75,1964.47998046875,558400,1994.61,1958.96,1920.91,43.5,20.66,
2013-01-25,1966.4000244140625,1966.8299560546875,1934.8900146484375,1946.68994140625,401800,1992.83,1959.88,1920.5,38.6,21.46,
2013-01-28,1940.3299560546875,1943.489990234375,1930.3699951171875,1939.7099609375,349500,1990.45,1960.88,1920.05,36.8,21.1,
2013-01-29,1946.1099853515625,1958.8800048828125,1944.81005859375,1955.9599609375,465000,1988.39,1962.12,1919.84,43.3,20.96,
2013-01-30,1961.9200439453125,1967.2900390625,1950.6700439453125,1964.4300537109375,523300,1985.06,1963.99,1919.69,46.4,20.65,
2013-01-31,1960.780029296875,1965.9200439453125,1954.530029296875,1961.93994140625,399600,1982.19,1966.02,1919.57,45.6,19.99,
2013-02-01,1964.75,1966.5400390625,1942.43994140625,1957.7900390625,385900,1979.48,1967.61,1919.31,44.3,20.28,
2013-02-04,1968.949951171875,1969.1300048828125,1952.8299560546875,1953.2099609375,345400,1976.58,1968.87,1919.12,42.8,20.0,
2013-02-05,1936.9200439453125,1944.0,1928.75,1938.1800537109375,366700,1973.59,1969.95,1918.88,38.2,20.32,
2013-02-06,1943.3299560546875,1944.43994140625,1935.43994140625,1936.18994140625,349200,1970.81,1970.69,1918.54,37.6,19.51,
2013-02-07,1939.4200439453125,1946.6700439453125,1931.0999755859375,1931.77001953125,412200,1967.06,1971.1,1918.2,36.3,19.23,
2013-02-08,1930.0,1955.8599853515625,1929.81005859375,1950.9000244140625,291200,1964.77,1971.94,1918.08,45.2,19.71,
2013-02-12,1958.4599609375,1958.6500244140625,1943.6300048828125,1945.7900390625,307500,1961.71,1972.36,1917.95,43.4,19.38,
2013-02-13,1952.8599853515625,1976.0699462890625,1950.5799560546875,1976.0699462890625,331000,1961.32,1973.62,1918.01,54.6,20.16,
2013-02-14,1977.4200439453125,1986.1400146484375,1972.800048828125,1979.6099853515625,336000,1961.43,1974.52,1918.1,55.7,19.67,
2013-02-15,1981.06005859375,1982.760009765625,1976.1199951171875,1981.1800537109375,598800,1961.78,1975.48,1918.18,56.2,18.74,
2013-02-18,1979.4200439453125,1985.4100341796875,1973.6500244140625,1981.9100341796875,420700,1961.48,1976.32,1918.22,56.4,18.24,
2013-02-19,1981.9599609375,1990.0899658203125,1979.8499755859375,1985.8299560546875,344300,1961.43,1977.33,1918.24,57.8,17.67,
2013-02-20,1997.0400390625,2024.6400146484375,1995.31005859375,2024.6400146484375,407700,1962.83,1978.88,1918.36,68.5,19.18,
2013-02-21,2014.5,2021.239990234375,2010.9100341796875,2015.219970703125,391200,1964.57,1980.2,1918.46,64.3,18.79,
2013-02-22,2007.3399658203125,2029.43994140625,2006.5899658203125,2018.8900146484375,409100,1967.3,1981.43,1918.61,65.2,19.08,
2013-02-25,2022.510009765625,2022.77001953125,2008.780029296875,2009.52001953125,338200,1970.44,1982.47,1918.88,60.9,18.72,
2013-02-26,1993.1199951171875,2005.8599853515625,1991.9599609375,2000.010009765625,433400,1973.45,1983.18,1919.04,56.9,18.63,
2013-02-27,2008.93994140625,2014.9599609375,1999.6500244140625,2004.0400390625,417100,1975.86,1983.75,1919.31,58.1,18.4,
2013-02-28,2019.050048828125,2030.8499755859375,2016.1500244140625,2026.489990234375,422000,1978.96,1984.22,1919.72,64.4,19.0,
2013-03-04,2028.550048828125,2029.3199462890625,2011.0899658203125,2013.1500244140625,357400,1981.52,1984.58,1920.2,58.8,18.94,
2013-03-05,2022.4100341796875,2031.6500244140625,2016.5999755859375,2016.6099853515625,491900,1984.46,1985.26,1920.71,59.8,18.91,
2013-03-06,2033.1700439453125,2033.8900146484375,2016.6500244140625,2020.739990234375,395400,1987.84,1985.81,1921.32,61.0,18.79,
2013-03-07,2018.6300048828125,2018.6300048828125,1998.2900390625,2004.4000244140625,386500,1991.15,1985.91,1922.14,54.1,19.06,
2013-03-08,2001.969970703125,2007.3699951171875,1994.25,2006.010009765625,312100,1994.64,1986.42,1922.95,54.6,18.63,
2013-03-11,2000.5699462890625,2006.300048828125,1982.3800048828125,2003.3499755859375,398300,1998.22,1986.85,1924.05,53.5,19.01,
2013-03-12,2006.8399658203125,2007.43994140625,1990.1700439453125,1993.3399658203125,390200,2000.34,1987.07,1925.02,49.4,18.89,
2013-03-13,1994.7900390625,1999.72998046875,1988.18994140625,1999.72998046875,353000,2003.04,1987.32,1925.88,51.9,18.36,
2013-03-14,2000.0699462890625,2002.1300048828125,1978.5699462890625,2002.1300048828125,330900,2004.34,1987.42,1926.84,52.9,18.73,
2013-03-15,2009.7099609375,2009.7099609375,1985.9100341796875,1986.5,307400,2004.68,1986.53,1927.7,46.4,19.09,
2013-03-18,1974.7099609375,1982.9200439453125,1968.1800537109375,1968.1800537109375,304300,2004.03,1985.5,1928.42,40.2,19.04,
2013-03-19,1978.4100341796875,1989.4599609375,1973.22998046875,1978.56005859375,326800,2003.87,1984.84,1929.07,44.7,19.2,
2013-03-20,1969.18994140625,1978.1700439453125,1959.4000244140625,1959.4100341796875,332900,2002.55,1983.8,1929.64,38.8,19.2,
2013-03-21,1969.300048828125,1973.260009765625,1950.8199462890625,1950.8199462890625,262900,1998.86,1982.86,1930.18,36.5,19.43,
2013-03-22,1949.030029296875,1956.3299560546875,1946.050048828125,1948.7099609375,259600,1995.53,1981.99,1930.75,36.0,18.77,
2013-03-25,1968.8499755859375,1981.75,1968.1400146484375,1977.6700439453125,276300,1993.47,1981.41,1931.72,47.9,19.79,
2013-03-26,1976.81005859375,1990.22998046875,1975.5999755859375,1983.699951171875,298800,1992.18,1981.15,1932.63,50.0,19.42,
2013-03-27,1991.9100341796875,1996.56005859375,1973.719970703125,1993.43994140625,362600,1991.85,1980.88,1933.36,53.2,19.67,
2013-03-28,1989.699951171875,1995.31005859375,1985.449951171875,1993.52001953125,367700,1991.32,1981.08,1934.15,53.3,18.97,
2013-03-29,2007.1199951171875,2013.2099609375,2003.9599609375,2004.8900146484375,341600,1990.24,1981.62,1934.84,57.0,19.02,
2013-04-01,2009.93994140625,2010.1500244140625,1994.5400390625,1995.989990234375,269200,1989.38,1982.06,1935.54,53.4,18.78,
2013-04-02,1996.81005859375,2001.780029296875,1973.27001953125,1986.1500244140625,496100,1987.86,1982.02,1936.18,49.6,19.47,
2013-04-03,1990.7099609375,1992.4000244140625,1972.02001953125,1983.219970703125,396400,1985.99,1981.95,1936.74,48.5,19.54,
2013-04-04,1963.3900146484375,1965.18994140625,1938.8900146484375,1959.449951171875,415400,1983.74,1981.21,1937.24,40.6,21.31,
2013-04-05,1948.3299560546875,1952.0999755859375,1916.77001953125,1927.22998046875,372700,1979.8,1980.15,1937.42,32.9,22.83,
2013-04-08,1927.0400390625,1933.949951171875,1918.68994140625,1918.68994140625,313300,1975.57,1979.23,1937.55,31.2,22.29,
2013-04-09,1918.1300048828125,1934.739990234375,1901.9599609375,1920.739990234375,356600,1971.94,1978.71,1937.64,32.1,23.04,
2013-04-10,1933.72998046875,1939.18994140625,1923.4300537109375,1935.5799560546875,320200,1968.73,1978.63,1937.87,38.4,22.71,
2013-04-11,1944.530029296875,1949.800048828125,1926.5400390625,1949.800048828125,386600,1966.11,1978.51,1938.38,43.8,22.75,
2013-04-12,1954.219970703125,1956.2099609375,1919.9000244140625,1924.22998046875,407400,1963.0,1977.7,1938.88,37.5,23.72,
2013-04-15,1916.06005859375,1927.719970703125,1907.3499755859375,1920.449951171875,332900,1960.61,1976.87,1939.39,36.6,23.48,
2013-04-16,1900.1800537109375,1926.6500244140625,1896.68994140625,1922.2099609375,393100,1957.79,1976.16,1939.91,37.3,23.94,
2013-04-17,1934.6099853515625,1934.8199462890625,1910.780029296875,1923.8399658203125,415300,1956.02,1975.57,1940.43,38.0,23.95,
2013-04-18,1916.550048828125,1919.530029296875,1900.050048828125,1900.06005859375,343500,1953.48,1974.81,1940.67,32.4,23.94,
2013-04-19,1899.3499755859375,1910.239990234375,1888.300048828125,1906.75,331300,1951.38,1974.22,1940.94,35.3,23.8,
2013-04-22,1903.969970703125,1926.31005859375,1901.97998046875,1926.31005859375,258800,1948.81,1974.11,1941.23,43.0,23.84,
2013-04-23,1924.4300537109375,1924.7900390625,1908.77001953125,1918.6300048828125,260500,1945.56,1973.47,1941.45,40.9,23.39,
2013-04-24,1931.06005859375,1939.3499755859375,1921.030029296875,1935.31005859375,341100,1942.65,1973.26,1941.75,46.9,23.2,
2013-04-25,1937.8800048828125,1951.6600341796875,1935.81005859375,1951.5999755859375,335000,1940.56,1972.77,1942.22,52.0,22.71,
2013-04-26,1949.9200439453125,1951.8599853515625,1942.3699951171875,1944.56005859375,280200,1937.54,1972.07,1942.76,49.8,21.76,
2013-04-29,1948.8699951171875,1948.969970703125,1934.6800537109375,1940.699951171875,266000,1934.78,1971.26,1943.32,48.5,21.23,
2013-04-30,1947.0699462890625,1967.06005859375,1946.989990234375,1963.949951171875,403100,1933.67,1970.9,1944.01,55.6,21.59,
2013-05-02,1961.6700439453125,1966.6800537109375,1954.280029296875,1957.2099609375,349700,1932.36,1970.33,1944.87,53.3,20.94,
2013-05-03,1967.8800048828125,1968.0400390625,1953.4000244140625,1965.7099609375,312500,1932.68,1969.15,1945.63,55.8,20.49,
2013-05-06,1977.43994140625,1983.6400146484375,1960.1400146484375,1961.47998046875,294900,1934.39,1968.07,1946.35,54.3,20.7,
2013-05-07,1962.280029296875,1962.8699951171875,1951.27001953125,1954.3499755859375,299900,1936.17,1966.78,1947.01,51.7,20.05,
2013-05-08,1961.72998046875,1964.0799560546875,1952.3800048828125,1956.449951171875,337900,1937.96,1965.72,1947.82,52.4,19.46,
2013-05-09,1963.6099853515625,1982.3199462890625,1961.5,1979.449951171875,332600,1940.15,1965.31,1948.6,59.5,19.91,
2013-05-10,1975.47998046875,1975.47998046875,1944.75,1944.75,283800,1939.9,1964.12,1949.21,47.9,20.97,
2013-05-13,1936.8599853515625,1948.699951171875,1935.5699462890625,1948.699951171875,251600,1941.12,1962.57,1950.01,49.1,20.41,
2013-05-14,1954.3900146484375,1972.5,1954.1300048828125,1968.8299560546875,328500,1943.54,1961.68,1950.88,54.9,20.65,
2013-05-15,1971.9599609375,1972.43994140625,1963.52001953125,1971.260009765625,247000,1945.99,1960.77,1951.89,55.6,19.81,
2013-05-16,1980.030029296875,1991.97998046875,1980.030029296875,1986.81005859375,322200,1949.14,1960.1,1952.91,59.6,19.88,
2013-05-20,1990.3599853515625,1991.27001953125,1982.4300537109375,1982.4300537109375,274400,1953.26,1959.66,1953.68,58.0,19.09,
2013-05-21,1994.02001953125,1995.0999755859375,1976.1700439453125,1981.0899658203125,245800,1956.98,1959.16,1954.36,57.5,19.08,
2013-05-22,1991.760009765625,1998.699951171875,1987.22998046875,1993.8299560546875,326400,1960.35,1958.97,1954.92,61.0,18.97,
2013-05-23,1985.9100341796875,1991.3499755859375,1969.18994140625,1969.18994140625,342900,1962.88,1958.48,1955.37,52.0,19.38,
2013-05-24,1979.3499755859375,1979.9300537109375,1961.5899658203125,1973.449951171875,273600,1964.79,1957.96,1955.89,53.3,19.3,
2013-05-27,1974.5899658203125,1984.1300048828125,1971.530029296875,1979.969970703125,256100,1966.21,1957.52,1956.55,55.3,18.83,
2013-05-28,1983.5799560546875,1991.199951171875,1978.8900146484375,1986.219970703125,311400,1968.29,1957.51,1957.05,57.1,18.36,
2013-05-29,1993.68994140625,2009.4300537109375,1992.6800537109375,2001.199951171875,362600,1971.32,1958.17,1957.62,61.3,18.71,
2013-05-30,1999.8299560546875,2008.22998046875,1997.8399658203125,2000.0999755859375,435700,1973.12,1958.6,1958.1,60.8,18.11,
2013-05-31,2009.25,2013.2900390625,2000.8199462890625,2001.050048828125,397500,1975.32,1959.43,1958.41,61.1,17.76,
2013-06-03,1993.1099853515625,2000.56005859375,1989.510009765625,1989.5699462890625,333500,1976.51,1960.21,1958.62,56.0,17.32,
2013-06-04,1998.3800048828125,1999.72998046875,1979.4200439453125,1989.510009765625,334900,1977.91,1961.03,1958.91,56.0,17.53,
2013-06-05,1988.93994140625,1989.2900390625,1959.18994140625,1959.18994140625,340500,1978.15,1960.66,1958.92,44.5,18.44,
2013-06-07,1953.8299560546875,1954.8199462890625,1923.8399658203125,1923.8499755859375,341100,1976.52,1959.46,1958.75,35.5,19.65,
2013-06-10,1927.18994140625,1934.9200439453125,1923.5899658203125,1932.699951171875,271700,1974.18,1958.24,1958.68,38.8,19.06,
2013-06-11,1933.0999755859375,1933.3399658203125,1910.050048828125,1920.6800537109375,288200,1972.98,1956.79,1958.55,36.1,19.36,
2013-06-12,1913.5999755859375,1921.5400390625,1907.2900390625,1909.9100341796875,253400,1971.04,1954.89,1958.39,33.8,18.99,
2013-06-13,1905.0999755859375,1911.0400390625,1881.239990234375,1882.72998046875,306400,1966.74,1952.62,1958.12,28.8,19.77,
2013-06-14,1895.77001953125,1896.5999755859375,1881.5,1889.239990234375,279300,1962.64,1950.68,1957.86,31.4,19.43,
2013-06-17,1889.449951171875,1897.699951171875,1878.4000244140625,1883.0999755859375,264400,1957.45,1948.68,1957.67,30.2,19.42,
2013-06-18,1887.719970703125,1900.6300048828125,1872.699951171875,1900.6199951171875,278600,1953.36,1947.51,1957.59,37.2,20.03,
2013-06-19,1899.5,1899.5,1883.4100341796875,1888.31005859375,279800,1948.72,1946.73,1957.45,34.6,19.83,
2013-06-20,1864.3699951171875,1873.1800537109375,1844.4100341796875,1850.489990234375,355800,1941.55,1945.36,1957.06,28.1,21.55,
2013-06-21,1806.4000244140625,1823.989990234375,1806.02001953125,1822.8299560546875,290500,1934.24,1943.4,1956.64,24.4,23.19,
2013-06-24,1821.219970703125,1821.219970703125,1798.97998046875,1799.010009765625,220900,1925.51,1940.67,1956.11,21.8,23.23,
2013-06-25,1790.3299560546875,1807.6199951171875,1770.530029296875,1780.6300048828125,332200,1915.55,1937.29,1955.45,20.0,24.22,
2013-06-26,1799.739990234375,1799.739990234375,1772.489990234375,1783.449951171875,296900,1905.41,1934.47,1954.83,21.1,24.44,
2013-06-27,1809.550048828125,1839.52001953125,1809.4000244140625,1834.699951171875,286300,1897.08,1932.76,1954.63,37.4,26.7,
2013-06-28,1844.5999755859375,1864.0899658203125,1844.5999755859375,1863.3199462890625,251100,1890.24,1931.58,1954.54,44.3,26.89,
2013-07-01,1851.5699462890625,1866.6300048828125,1850.030029296875,1855.72998046875,220900,1882.98,1930.22,1954.17,43.0,26.16,
2013-07-02,1861.260009765625,1867.1800537109375,1850.2900390625,1855.02001953125,483200,1876.25,1929.32,1953.83,42.8,25.49,
2013-07-03,1854.2900390625,1860.4599609375,1823.0999755859375,1824.6600341796875,405800,1868.01,1927.68,1953.35,37.5,26.34,
2013-07-04,1830.489990234375,1840.3800048828125,1825.6199951171875,1839.1400146484375,313000,1862.01,1925.93,1952.79,41.3,25.58,
2013-07-05,1848.969970703125,1857.3900146484375,1828.75,1833.31005859375,285600,1857.48,1924.23,1952.21,40.2,25.8,
2013-07-08,1830.81005859375,1840.5699462890625,1809.719970703125,1816.8499755859375,303600,1851.69,1921.86,1951.25,37.4,26.16,
2013-07-09,1828.6300048828125,1831.3499755859375,1815.030029296875,1830.3499755859375,257900,1847.17,1919.43,1950.39,41.1,25.46,
2013-07-10,1835.93994140625,1836.9100341796875,1818.93994140625,1824.1600341796875,267900,1842.88,1917.02,1949.49,39.9,24.92,
2013-07-11,1840.3399658203125,1877.5999755859375,1840.3399658203125,1877.5999755859375,331500,1842.63,1915.76,1948.84,52.5,26.96,
2013-07-12,1873.6600341796875,1873.6600341796875,1863.4000244140625,1869.97998046875,266000,1841.66,1913.88,1948.24,50.9,26.05,
2013-07-15,1870.260009765625,1877.4599609375,1847.8199462890625,1875.1600341796875,330000,1841.27,1912.24,1947.6,51.9,26.31,
2013-07-16,1875.530029296875,1875.6800537109375,1860.3699951171875,1866.3599853515625,303300,1839.55,1910.26,1946.91,49.9,25.52,
2013-07-17,1871.2900390625,1894.699951171875,1856.550048828125,1887.489990234375,382900,1839.51,1908.78,1946.4,54.5,26.42,
2013-07-18,1883.0699462890625,1885.010009765625,1870.780029296875,1875.47998046875,380300,1840.76,1907.2,1945.87,51.6,25.73,
2013-07-19,1880.43994140625,1881.4000244140625,1861.4300537109375,1871.4100341796875,319600,1843.19,1905.5,1945.28,50.6,25.32,
2013-07-22,1880.81005859375,1894.4100341796875,1873.1700439453125,1880.3499755859375,356900,1847.26,1903.52,1944.7,52.8,25.15,
2013-07-23,1890.550048828125,1904.1500244140625,1885.5699462890625,1904.1500244140625,352400,1853.43,1902.7,1944.25,58.0,25.06,
2013-07-24,1904.0699462890625,1914.4100341796875,1901.1500244140625,1912.0799560546875,322200,1859.86,1901.97,1943.84,59.6,24.21,
2013-07-25,1906.5699462890625,1913.9100341796875,1904.43994140625,1909.6099853515625,312000,1863.61,1900.79,1943.41,58.8,23.16,
2013-07-26,1912.050048828125,1915.969970703125,1902.469970703125,1910.81005859375,320200,1865.99,1899.58,1943.06,59.1,22.47,
2013-07-29,1908.6600341796875,1912.5699462890625,1899.02001953125,1899.8900146484375,337600,1868.19,1897.84,1942.66,55.5,21.83,
2013-07-30,1901.8800048828125,1917.1099853515625,1900.5400390625,1917.050048828125,366900,1871.29,1896.53,1942.51,59.6,21.5,
2013-07-31,1915.469970703125,1920.5999755859375,1910.8199462890625,1914.030029296875,384100,1875.76,1895.19,1942.41,58.6,20.67,
2013-08-01,1916.56005859375,1925.3199462890625,1906.739990234375,1920.739990234375,336100,1879.84,1893.73,1942.35,60.3,20.52,
2013-08-02,1936.260009765625,1939.280029296875,1920.97998046875,1923.3800048828125,298200,1884.35,1892.81,1942.34,60.9,20.38,
2013-08-05,1920.8299560546875,1925.5999755859375,1915.68994140625,1916.219970703125,234000,1889.32,1891.67,1942.21,58.1,19.63,
2013-08-06,1914.06005859375,1914.06005859375,1895.8699951171875,1906.6199951171875,294600,1893.13,1890.2,1941.97,54.5,19.68,
2013-08-07,1892.469970703125,1895.5,1878.3299560546875,1878.3299560546875,312400,1895.84,1888.04,1941.57,45.5,20.29,
2013-08-08,1884.5799560546875,1896.0699462890625,1879.1300048828125,1883.969970703125,338200,1896.16,1885.7,1941.27,47.4,20.11,
2013-08-09,1884.5699462890625,1888.7900390625,1876.0699462890625,1880.7099609375,283500,1896.69,1883.31,1940.96,46.4,19.58,
2013-08-12,1878.5,1894.4200439453125,1878.3299560546875,1884.8299560546875,297500,1897.18,1880.99,1940.75,47.8,19.33,
2013-08-13,1893.4200439453125,1913.030029296875,1890.780029296875,1913.030029296875,362600,1899.51,1879.46,1940.75,56.7,19.97,
2013-08-14,1912.5899658203125,1925.0999755859375,1908.9200439453125,1923.9100341796875,363300,1901.33,1878.14,1940.74,59.5,19.7,
2013-08-16,1903.719970703125,1927.5899658203125,1901.699951171875,1920.1099853515625,348500,1903.56,1877.36,1940.89,58.1,20.14,
2013-08-19,1917.3199462890625,1918.7099609375,1909.800048828125,1917.6400146484375,302100,1905.87,1877.24,1941.02,57.1,19.44,
2013-08-20,1910.300048828125,1923.4200439453125,1885.9300537109375,1887.8499755859375,350400,1906.25,1876.34,1940.96,47.0,20.73,
2013-08-21,1891.010009765625,1894.739990234375,1863.5999755859375,1867.4599609375,411200,1904.41,1875.28,1940.74,41.6,21.47,
2013-08-22,1847.93994140625,1858.5,1838.52001953125,1849.1199951171875,425900,1901.27,1874.06,1940.49,37.4,22.0,
2013-08-23,1861.5799560546875,1876.1400146484375,1854.6700439453125,1870.1600341796875,375000,1899.29,1873.81,1940.25,44.3,22.36,
2013-08-26,1876.5899658203125,1890.3800048828125,1876.5899658203125,1887.8599853515625,316300,1898.15,1873.78,1940.15,49.4,22.21,
2013-08-27,1883.7099609375,1896.6300048828125,1881.43994140625,1885.8399658203125,409300,1897.44,1873.84,1939.93,48.8,21.71,
2013-08-28,1862.510009765625,1885.3499755859375,1861.56005859375,1884.52001953125,378300,1895.82,1873.51,1939.67,48.5,21.89,
2013-08-29,1892.030029296875,1914.9000244140625,1891.5899658203125,1907.5400390625,301700,1895.49,1873.9,1939.63,55.0,22.5,
2013-08-30,1918.9100341796875,1926.3699951171875,1910.3699951171875,1926.3599853515625,300900,1895.77,1875.42,1939.74,59.5,22.24,
2013-09-02,1925.3199462890625,1932.4599609375,1921.010009765625,1924.81005859375,244000,1895.84,1877.46,1939.86,59.0,21.47,
2013-09-03,1934.239990234375,1940.989990234375,1928.0899658203125,1933.739990234375,300100,1896.72,1880.15,1940.08,61.1,21.09,
2013-09-04,1929.5999755859375,1938.260009765625,1921.9300537109375,1933.030029296875,284200,1898.04,1883.2,1940.28,60.8,20.75,
2013-09-05,1943.6600341796875,1954.2099609375,1937.8199462890625,1951.6500244140625,286700,1901.71,1886.56,1940.68,65.2,20.78,
2013-09-06,1954.1099853515625,1962.1500244140625,1949.010009765625,1955.31005859375,325000,1905.27,1888.97,1941.16,66.0,20.23,
2013-09-09,1964.0899658203125,1974.6700439453125,1962.6199951171875,1974.6700439453125,270700,1909.97,1891.2,1941.64,69.9,20.17,
2013-09-10,1978.0799560546875,1994.06005859375,1974.5899658203125,1994.06005859375,264300,1915.43,1893.97,1942.16,73.3,20.12,
2013-09-11,1995.9599609375,2003.8499755859375,1987.4000244140625,2003.8499755859375,299400,1919.97,1896.94,1942.76,74.8,19.86,
2013-09-12,2004.6700439453125,2017.47998046875,1995.1600341796875,2004.06005859375,359300,1923.98,1900.53,1943.28,74.8,20.03,
2013-09-13,1994.949951171875,2004.8699951171875,1992.260009765625,1994.3199462890625,253900,1927.69,1903.64,1943.69,70.2,19.5,
2013-09-16,2011.68994140625,2018.02001953125,2004.449951171875,2013.3699951171875,248500,1932.48,1907.24,1944.22,73.6,19.8,
2013-09-17,2009.31005859375,2009.31005859375,1994.31005859375,2005.5799560546875,264700,1938.37,1911.01,1944.62,70.1,19.75,
2013-09-23,2000.719970703125,2015.1800537109375,1994.77001953125,2009.4100341796875,249500,1945.46,1914.59,1945.1,70.8,19.8,
2013-09-24,2001.510009765625,2011.1099853515625,1990.3599853515625,2007.0999755859375,309400,1953.36,1918.25,1945.47,69.7,19.87,
2013-09-25,2004.530029296875,2006.8800048828125,1988.8699951171875,1998.06005859375,294800,1959.76,1920.66,1945.79,65.3,19.75,
2013-09-26,1992.0999755859375,2007.3199462890625,1991.0999755859375,2007.3199462890625,255600,1965.73,1923.41,1946.13,67.6,19.5,
2013-09-27,2012.260009765625,2016.3399658203125,2008.25,2011.800048828125,282300,1972.03,1926.14,1946.51,68.6,18.75,
2013-09-30,2002.02001953125,2005.4100341796875,1994.219970703125,1996.9599609375,292800,1977.65,1928.75,1946.76,61.5,18.67,
2013-10-01,1997.6199951171875,2012.52001953125,1991.219970703125,1998.8699951171875,281300,1982.22,1930.98,1947.01,62.0,18.85,
2013-10-02,2012.0699462890625,2012.8199462890625,1999.02001953125,1999.469970703125,238300,1985.87,1933.46,1947.22,62.2,18.5,
2013-10-04,1999.9200439453125,2004.6500244140625,1985.6300048828125,1996.97998046875,241100,1989.48,1935.97,1947.41,60.9,18.54,
2013-10-07,1997.1700439453125,2002.6099853515625,1991.02001953125,1994.4200439453125,249800,1992.51,1938.25,1947.56,59.5,18.04,
2013-10-08,1987.969970703125,2002.780029296875,1981.2099609375,2002.760009765625,329600,1996.0,1940.23,1947.7,62.5,18.3,
2013-10-10,2000.9100341796875,2010.0,1997.6600341796875,2001.4000244140625,222700,1998.49,1942.01,1947.69,61.7,17.87,
2013-10-11,2018.010009765625,2028.1099853515625,2012.6600341796875,2024.9000244140625,254300,2001.97,1944.32,1947.84,69.1,18.5,
2013-10-14,2026.0699462890625,2026.7900390625,2019.6500244140625,2020.27001953125,220700,2004.25,1946.51,1948.03,66.4,17.69,
2013-10-15,2034.68994140625,2045.5,2033.8399658203125,2040.9599609375,233600,2006.59,1949.33,1948.27,71.7,18.23,
2013-10-16,2040.030029296875,2049.5,2033.75,2034.6099853515625,267500,2008.13,1951.68,1948.44,68.1,18.05,
2013-10-17,2051.18994140625,2052.43994140625,2035.9599609375,2040.6099853515625,306900,2009.96,1954.21,1948.74,69.7,18.04,
2013-10-18,2046.56005859375,2052.39990234375,2041.3599853515625,2052.39990234375,257600,2012.86,1956.84,1949.1,72.5,17.59,
2013-10-21,2054.159912109375,2060.179931640625,2047.8299560546875,2053.010009765625,281900,2014.84,1959.44,1949.45,72.6,17.22,
2013-10-22,2051.010009765625,2056.1201171875,2045.449951171875,2056.1201171875,378800,2017.37,1962.23,1949.79,73.4,16.75,
2013-10-23,2062.81005859375,2063.280029296875,2035.75,2035.75,368000,2018.69,1964.82,1949.99,61.5,17.52,
2013-10-24,2034.9599609375,2046.68994140625,2027.9300537109375,2046.68994140625,254900,2020.67,1968.18,1950.07,64.8,17.61,
2013-10-25,2047.4599609375,2047.4599609375,2023.8199462890625,2034.3900146484375,234800,2022.48,1971.19,1950.14,58.7,18.04,
2013-10-28,2037.280029296875,2048.139892578125,2030.9000244140625,2048.139892578125,257500,2024.53,1974.54,1950.32,62.9,17.98,
2013-10-29,2046.6700439453125,2053.780029296875,2039.4599609375,2051.760009765625,307700,2026.52,1977.88,1950.52,63.9,17.72,
2013-10-30,2055.0,2059.580078125,2043.9300537109375,2059.580078125,263400,2029.65,1980.81,1950.83,66.1,17.57,
2013-10-31,2050.9599609375,2055.590087890625,2030.0899658203125,2030.0899658203125,254500,2031.22,1982.93,1951.02,53.0,18.42,
2013-11-01,2037.25,2041.22998046875,2030.5699462890625,2039.4200439453125,294200,2033.21,1985.32,1951.19,56.0,17.9,
2013-11-04,2035.0799560546875,2035.8399658203125,2022.9100341796875,2025.1700439453125,235200,2034.62,1987.47,1951.33,50.7,17.8,
2013-11-05,2027.6199951171875,2029.5999755859375,2010.199951171875,2013.9300537109375,257800,2035.6,1989.99,1951.36,46.9,17.92,
2013-11-06,2015.3199462890625,2023.52001953125,2011.4100341796875,2013.6700439453125,273700,2036.14,1992.92,1951.51,46.8,17.5,
2013-11-07,2014.8499755859375,2017.550048828125,2000.5999755859375,2004.0400390625,310900,2036.28,1996.02,1951.65,43.6,17.46,
2013-11-08,1987.2099609375,1998.5899658203125,1984.8599853515625,1984.8699951171875,287300,2034.27,1998.31,1951.7,38.0,17.59,
2013-11-11,1995.8599853515625,1995.8599853515625,1973.050048828125,1977.300048828125,286200,2032.13,2000.1,1951.65,36.0,17.96,
2013-11-12,1983.93994140625,2000.4100341796875,1983.8900146484375,1995.47998046875,247400,2029.85,2002.29,1951.69,43.6,18.33,
2013-11-13,1993.1600341796875,1993.1600341796875,1963.56005859375,1963.56005859375,251500,2026.3,2003.87,1951.53,35.6,19.3,
2013-11-14,1980.199951171875,1981.8900146484375,1963.4200439453125,1967.56005859375,323100,2022.65,2005.07,1951.46,37.2,19.24,
2013-11-15,1980.989990234375,2006.31005859375,1980.989990234375,2005.6400146484375,264700,2020.31,2006.66,1951.67,49.6,20.63,
2013-11-18,2014.239990234375,2018.1700439453125,2009.760009765625,2010.81005859375,314000,2018.2,2008.38,1951.99,51.0,20.05,
2013-11-19,2009.949951171875,2033.9100341796875,2009.469970703125,2031.6400146484375,402800,2016.97,2010.34,1952.45,56.3,20.37,
2013-11-20,2028.3399658203125,2029.6099853515625,2010.739990234375,2017.239990234375,334800,2016.05,2012.02,1952.75,52.1,20.4,
2013-11-21,2013.7099609375,2013.7099609375,1985.6500244140625,1993.780029296875,292700,2013.4,2012.86,1952.9,46.1,21.2,
2013-11-22,2002.1500244140625,2011.199951171875,1992.47998046875,2006.22998046875,351000,2012.0,2013.88,1953.12,49.4,21.03,
2013-11-25,2020.0,2031.1099853515625,2015.97998046875,2015.97998046875,295500,2010.39,2014.71,1953.41,51.9,21.3,
2013-11-26,2008.18994140625,2022.6600341796875,1998.9000244140625,2022.6400146484375,275300,2008.93,2015.28,1953.76,53.6,21.48,
2013-11-27,2016.280029296875,2028.81005859375,2010.8399658203125,2028.81005859375,284100,2007.39,2015.78,1954.21,55.2,21.23,
2013-11-28,2039.72998046875,2047.6600341796875,2037.72998046875,2045.77001953125,276300,2008.18,2016.61,1954.76,59.3,21.06,
2013-11-29,2044.8499755859375,2050.699951171875,2038.4599609375,2044.8699951171875,245400,2008.45,2017.62,1955.33,59.0,20.43,
2013-12-02,2050.449951171875,2052.8798828125,2029.0999755859375,2030.780029296875,229700,2008.73,2017.97,1955.73,54.3,20.67,
2013-12-03,2023.6199951171875,2028.0699462890625,2008.550048828125,2009.3599853515625,294900,2008.5,2018.05,1956.04,47.9,20.78,
2013-12-04,1998.68994140625,2006.7099609375,1986.800048828125,1986.800048828125,230300,2007.16,2017.6,1956.1,42.3,20.91,
2013-12-05,1993.72998046875,1994.3199462890625,1971.43994140625,1984.77001953125,217700,2006.19,2017.15,1956.12,41.8,21.05,
2013-12-06,1982.989990234375,1990.550048828125,1980.4000244140625,1980.4100341796875,201900,2005.97,2016.8,1956.12,40.8,20.27,
2013-12-09,2000.52001953125,2003.969970703125,1997.5799560546875,2000.3800048828125,230300,2007.13,2016.66,1956.21,47.3,20.5,
2013-12-10,2000.030029296875,2001.3299560546875,1989.4100341796875,1993.449951171875,201000,2007.02,2016.29,1956.25,45.5,19.89,
2013-12-11,1987.219970703125,2000.1500244140625,1972.8699951171875,1977.969970703125,231400,2007.74,2015.91,1956.02,41.5,20.42,
2013-12-12,1966.43994140625,1970.510009765625,1958.989990234375,1967.9300537109375,255100,2007.76,2015.29,1955.78,39.1,20.32,
2013-12-13,1963.0400390625,1963.81005859375,1947.43994140625,1962.9100341796875,234100,2005.63,2014.56,1955.5,37.9,20.33,
2013-12-16,1960.5999755859375,1970.25,1956.6300048828125,1961.1500244140625,213500,2003.14,2013.84,1955.26,37.5,19.85,
2013-12-17,1977.93994140625,1979.6199951171875,1962.219970703125,1965.739990234375,253900,1999.85,2013.27,1955.09,39.4,19.75,
2013-12-18,1971.8499755859375,1982.4200439453125,1966.1800537109375,1974.6300048828125,258700,1997.72,2012.71,1954.94,43.0,19.53,
2013-12-19,1996.7900390625,1997.02001953125,1969.949951171875,1975.6500244140625,255800,1996.81,2012.19,1954.69,43.5,20.07,
2013-12-20,1973.1199951171875,1984.43994140625,1972.5899658203125,1983.3499755859375,247100,1995.67,2011.36,1954.54,46.6,19.48,
2013-12-23,1993.449951171875,2000.0699462890625,1989.0,1996.8900146484375,223000,1994.71,2010.89,1954.44,51.8,19.29,
2013-12-24,2000.239990234375,2007.3399658203125,1994.3399658203125,2001.5899658203125,214700,1993.66,2010.11,1954.34,53.5,18.84,
2013-12-26,2004.25,2009.9599609375,1997.3399658203125,1999.300048828125,230500,1992.19,2009.4,1954.32,52.5,18.39,
2013-12-27,1994.050048828125,2004.550048828125,1987.5799560546875,2002.280029296875,207800,1990.01,2008.63,1954.3,53.7,18.29,
2013-12-30,2004.3199462890625,2011.3399658203125,1998.6099853515625,2011.3399658203125,172200,1988.33,2007.81,1954.34,57.1,17.89,
2014-01-02,2013.1099853515625,2013.8900146484375,1967.18994140625,1967.18994140625,207800,1985.15,2006.1,1954.21,41.1,19.95,
2014-01-03,1963.719970703125,1964.6300048828125,1936.1500244140625,1946.1400146484375,188500,1981.99,2003.9,1953.94,35.9,20.74,
2014-01-06,1947.6199951171875,1961.8499755859375,1943.739990234375,1953.280029296875,193600,1980.32,2002.25,1953.7,38.7,20.55,
2014-01-07,1947.6500244140625,1965.739990234375,1947.0799560546875,1959.43994140625,193000,1979.05,2000.5,1953.56,41.1,20.42,
2014-01-08,1965.5,1966.949951171875,1950.02001953125,1958.9599609375,217100,1977.98,1998.99,1953.51,41.0,20.17,
2014-01-09,1962.300048828125,1964.5899658203125,1946.1099853515625,1946.1099853515625,276400,1975.26,1996.95,1953.35,37.5,20.05,
2014-01-10,1949.530029296875,1956.969970703125,1931.1600341796875,1938.5400390625,263000,1972.52,1994.69,1953.25,35.5,20.46,
2014-01-13,1947.3800048828125,1954.0699462890625,1942.8299560546875,1948.9200439453125,267900,1971.07,1992.48,1953.24,40.1,20.11,
2014-01-14,1942.7900390625,1961.72998046875,1939.31005859375,1946.0699462890625,244100,1969.97,1990.79,1953.22,39.3,20.27,
2014-01-15,1956.4300537109375,1956.8399658203125,1945.8699951171875,1953.280029296875,250900,1969.49,1989.07,1953.1,42.5,19.61,
2014-01-16,1957.9100341796875,1965.27001953125,1955.7900390625,1957.3199462890625,379600,1969.3,1987.72,1952.97,44.3,19.07,
2014-01-17,1958.5,1962.6400146484375,1943.1300048828125,1944.47998046875,260900,1968.24,1986.33,1952.73,40.0,19.1,
2014-01-20,1945.989990234375,1955.280029296875,1934.3800048828125,1953.780029296875,279500,1967.2,1985.13,1952.53,44.2,19.23,
2014-01-21,1955.260009765625,1965.4300537109375,1949.56005859375,1963.8900146484375,289300,1966.61,1984.33,1952.32,48.4,18.99,
2014-01-22,1960.4599609375,1970.4200439453125,1959.5699462890625,1970.4200439453125,243900,1965.96,1984.04,1952.19,51.0,18.4,
2014-01-23,1968.77001953125,1969.0400390625,1947.010009765625,1947.5899658203125,229400,1963.5,1983.44,1952.0,42.9,18.76,
2014-01-24,1941.550048828125,1947.010009765625,1924.489990234375,1940.56005859375,279200,1960.44,1982.34,1951.79,40.8,19.07,
2014-01-27,1905.9100341796875,1918.6800537109375,1899.760009765625,1910.3399658203125,340400,1956.0,1981.28,1951.54,33.1,20.62,
2014-01-28,1907.1800537109375,1919.260009765625,1904.050048828125,1916.9300537109375,270500,1951.73,1980.27,1951.49,36.0,20.24,
2014-01-29,1925.9300537109375,1941.7099609375,1925.52001953125,1941.1500244140625,219900,1948.22,1978.98,1951.6,45.1,20.56,
2014-02-03,1930.0899658203125,1931.81005859375,1917.6400146484375,1919.9599609375,229600,1945.86,1977.16,1951.6,39.8,20.77,
2014-02-04,1894.9599609375,1898.0799560546875,1885.530029296875,1886.8499755859375,251000,1942.89,1974.26,1951.36,33.1,21.75,
2014-02-05,1897.949951171875,1901.4000244140625,1888.469970703125,1891.3199462890625,244000,1939.8,1971.75,1951.06,34.7,21.23,
2014-02-06,1897.3499755859375,1910.9100341796875,1897.3499755859375,1907.8900146484375,259400,1937.22,1970.03,1950.98,40.4,21.12,
2014-02-07,1922.449951171875,1923.25,1910.9000244140625,1922.5,273000,1935.4,1968.35,1950.99,44.9,20.71,
2014-02-10,1928.1300048828125,1928.3900146484375,1916.4000244140625,1923.300048828125,208000,1934.25,1966.5,1951.0,45.1,20.08,
2014-02-11,1924.449951171875,1935.2900390625,1920.550048828125,1932.06005859375,226400,1933.93,1964.69,1951.04,47.9,19.7,
2014-02-12,1942.22998046875,1942.22998046875,1933.5400390625,1935.8399658203125,225400,1933.28,1962.83,1951.22,49.0,19.02,
2014-02-13,1936.6199951171875,1944.72998046875,1924.3900146484375,1926.9599609375,187900,1932.32,1960.45,1951.32,46.4,19.11,
2014-02-14,1930.1400146484375,1946.81005859375,1930.1400146484375,1940.280029296875,216600,1931.67,1958.36,1951.39,50.7,19.17,
2014-02-17,1951.739990234375,1955.0400390625,1942.93994140625,1946.3599853515625,215500,1931.12,1956.67,1951.53,52.6,18.85,
2014-02-18,1946.8800048828125,1951.06005859375,1935.5999755859375,1946.9100341796875,200400,1931.24,1955.42,1951.59,52.7,18.61,
2014-02-19,1944.699951171875,1944.699951171875,1932.43994140625,1942.9300537109375,213600,1930.7,1954.55,1951.54,51.3,18.31,
2014-02-20,1932.9000244140625,1941.1300048828125,1927.530029296875,1930.5699462890625,232300,1929.04,1953.46,1951.47,46.9,18.11,
2014-02-21,1948.030029296875,1957.8299560546875,1946.6800537109375,1957.8299560546875,216300,1928.41,1953.01,1951.56,55.8,18.76,
2014-02-24,1958.06005859375,1961.4100341796875,1943.8599853515625,1949.050048828125,193800,1928.48,1951.98,1951.48,52.8,18.67,
2014-02-25,1958.300048828125,1964.8599853515625,1955.699951171875,1964.8599853515625,226000,1929.69,1951.41,1951.52,57.3,18.47,
2014-02-26,1963.449951171875,1973.8800048828125,1955.9200439453125,1970.77001953125,209100,1932.72,1951.27,1951.55,58.9,18.43,
2014-02-27,1969.8499755859375,1980.3699951171875,1965.699951171875,1978.4300537109375,201100,1935.79,1951.48,1951.63,61.0,18.16,
2014-02-28,1976.47998046875,1981.1500244140625,1972.6500244140625,1979.989990234375,252800,1937.73,1951.82,1951.76,61.4,17.47,
2014-03-03,1967.9000244140625,1969.1600341796875,1955.1099853515625,1964.68994140625,222600,1939.97,1951.89,1951.8,55.1,18.0,
2014-03-04,1954.5799560546875,1963.56005859375,1952.6099853515625,1954.1099853515625,200400,1943.33,1951.66,1951.67,51.2,17.58,
2014-03-05,1973.280029296875,1977.300048828125,1970.280029296875,1971.239990234375,197700,1947.33,1951.59,1951.81,56.6,17.98,
2014-03-06,1973.6700439453125,1975.6199951171875,1968.1700439453125,1975.6199951171875,193700,1950.72,1951.59,1951.94,57.9,17.23,
2014-03-07,1979.699951171875,1983.530029296875,1968.6600341796875,1974.6800537109375,231600,1953.32,1951.42,1951.97,57.5,17.06,
2014-03-10,1967.6300048828125,1967.6600341796875,1951.9599609375,1954.4200439453125,214900,1954.88,1950.57,1951.89,49.7,17.46,
2014-03-11,1957.219970703125,1963.8699951171875,1951.199951171875,1963.8699951171875,247500,1956.47,1949.81,1951.77,52.9,17.12,
2014-03-12,1957.6700439453125,1958.0899658203125,1930.47998046875,1932.5400390625,329900,1956.31,1948.48,1951.52,43.1,18.28,
2014-03-13,1940.3499755859375,1946.280029296875,1931.75,1934.3800048828125,259600,1956.68,1947.12,1951.29,43.7,18.02,
2014-03-14,1916.0699462890625,1927.8900146484375,1913.6400146484375,1919.9000244140625,254000,1955.66,1945.29,1950.92,39.8,18.21,
2014-03-17,1921.1500244140625,1928.4300537109375,1919.6099853515625,1927.530029296875,214900,1954.72,1944.5,1950.71,42.7,17.54,
2014-03-18,1941.1199951171875,1946.1400146484375,1931.8299560546875,1940.2099609375,274300,1954.38,1944.38,1950.54,47.3,17.62,
2014-03-19,1947.3399658203125,1948.1500244140625,1935.27001953125,1937.6800537109375,249100,1954.12,1944.07,1950.33,46.5,17.28,
2014-03-20,1934.1500244140625,1934.6300048828125,1919.3699951171875,1919.52001953125,220600,1953.57,1943.27,1950.0,41.2,17.35,
2014-03-21,1930.239990234375,1935.1800537109375,1927.8499755859375,1934.93994140625,252900,1952.42,1942.79,1949.67,46.8,17.23,
2014-03-24,1937.06005859375,1950.5400390625,1937.06005859375,1945.550048828125,228300,1952.25,1942.78,1949.4,50.3,17.11,
2014-03-25,1940.9000244140625,1946.0899658203125,1936.6199951171875,1941.25,225200,1951.07,1942.83,1949.1,48.9,16.57,
2014-03-26,1954.5999755859375,1965.43994140625,1953.68994140625,1964.31005859375,248900,1950.74,1943.14,1948.97,56.0,17.11,
2014-03-27,1963.6600341796875,1979.699951171875,1963.0999755859375,1977.969970703125,218100,1950.72,1943.78,1948.91,59.5,17.08,
2014-03-28,1972.6300048828125,1985.5,1971.25,1981.0,244600,1950.77,1944.33,1949.02,60.3,16.87,
2014-03-31,1988.72998046875,1989.800048828125,1973.050048828125,1985.6099853515625,241000,1951.82,1944.9,1949.33,61.5,16.87,
2014-04-01,1983.780029296875,1991.97998046875,1976.06005859375,1991.97998046875,214600,1953.71,1945.85,1949.63,63.2,16.8,
2014-04-02,2000.1300048828125,2001.260009765625,1995.0799560546875,1997.25,220900,1955.01,1946.72,1950.01,64.5,16.26,
2014-04-03,1999.4200439453125,2007.8800048828125,1992.1600341796875,1993.699951171875,225700,1955.91,1947.31,1950.43,62.9,16.22,
2014-04-04,1987.8399658203125,1993.9599609375,1985.760009765625,1988.0899658203125,225600,1956.59,1947.67,1950.96,60.2,15.65,
2014-04-07,1984.2900390625,1992.1800537109375,1978.6300048828125,1989.699951171875,186400,1958.35,1948.51,1951.46,60.7,15.5,
2014-04-08,1977.6099853515625,1994.5799560546875,1977.6099853515625,1993.030029296875,218100,1959.81,1949.56,1952.01,61.8,15.6,
2014-04-09,1997.97998046875,2001.1500244140625,1992.1199951171875,1998.949951171875,233700,1963.13,1951.33,1952.5,63.8,15.13,
2014-04-10,2007.7099609375,2008.97998046875,1995.7900390625,2008.6099853515625,232400,1966.84,1953.16,1953.1,66.7,15.0,
2014-04-11,1985.280029296875,1997.43994140625,1985.1600341796875,1997.43994140625,218100,1970.72,1954.29,1953.84,60.5,15.6,
2014-04-14,1993.81005859375,2001.0,1993.0699462890625,1997.02001953125,205700,1974.19,1955.83,1954.71,60.3,15.05,
2014-04-15,2008.489990234375,2009.0400390625,1990.3399658203125,1992.27001953125,194500,1976.79,1957.94,1955.67,57.7,15.31,
2014-04-16,1994.31005859375,1995.8599853515625,1986.25,1992.2099609375,230700,1979.52,1959.96,1956.73,57.6,14.91,
2014-04-17,2000.469970703125,2001.2900390625,1984.97998046875,1992.050048828125,200200,1983.15,1961.64,1957.77,57.5,15.01,
2014-04-18,1998.52001953125,2005.219970703125,1998.260009765625,2004.280029296875,206500,1986.61,1963.27,1958.62,62.8,14.87,
2014-04-21,2006.2099609375,2006.949951171875,1993.530029296875,1999.219970703125,205600,1989.3,1964.79,1959.3,59.5,14.77,
2014-04-22,2000.93994140625,2004.4200439453125,1991.469970703125,2004.219970703125,212000,1992.45,1966.24,1960.04,61.6,14.64,
2014-04-23,2010.06005859375,2013.0899658203125,1999.780029296875,2000.3699951171875,241700,1994.25,1967.53,1960.77,59.1,14.55,
2014-04-24,2006.3800048828125,2007.1700439453125,1993.1800537109375,1998.3399658203125,235100,1995.27,1968.95,1961.64,57.7,14.51,
2014-04-25,1996.6099853515625,1996.6400146484375,1971.6600341796875,1971.6600341796875,208400,1994.8,1969.58,1962.3,43.5,15.38,
2014-04-28,1969.0400390625,1976.56005859375,1969.0400390625,1969.260009765625,168800,1993.98,1970.04,1962.98,42.5,14.81,
2014-04-29,1974.6700439453125,1976.1700439453125,1960.3599853515625,1964.77001953125,177600,1992.62,1970.4,1963.72,40.6,14.89,
2014-04-30,1973.56005859375,1974.3299560546875,1955.1500244140625,1961.7900390625,227300,1990.85,1970.77,1964.38,39.3,15.19,
2014-05-02,1966.2900390625,1968.5,1956.3199462890625,1959.43994140625,179500,1989.14,1971.35,1965.05,38.3,14.98,
2014-05-07,1964.18994140625,1964.18994140625,1939.550048828125,1939.8800048828125,193000,1986.73,1970.99,1965.37,31.1,15.67,
2014-05-08,1945.93994140625,1950.5999755859375,1934.719970703125,1950.5999755859375,222400,1984.77,1971.02,1965.77,38.0,15.68,
2014-05-09,1953.47998046875,1958.3399658203125,1949.6400146484375,1956.550048828125,205200,1982.95,1970.86,1966.18,41.5,15.18,
2014-05-12,1956.260009765625,1966.6400146484375,1950.9100341796875,1964.93994140625,201600,1981.25,1970.74,1966.67,46.1,15.22,
2014-05-13,1973.0799560546875,1988.4100341796875,1969.5999755859375,1982.9300537109375,242200,1979.96,1970.83,1967.15,54.3,15.81,
2014-05-14,1990.989990234375,2010.8499755859375,1990.7900390625,2010.8299560546875,233900,1980.63,1971.45,1967.82,63.7,16.68,
2014-05-15,2007.8800048828125,2015.3699951171875,2006.3800048828125,2010.199951171875,259400,1981.29,1972.36,1968.52,63.3,16.13,
2014-05-16,2003.47998046875,2013.43994140625,1997.27001953125,2013.43994140625,232500,1982.35,1973.54,1969.18,64.3,16.13,
2014-05-19,2013.7900390625,2015.530029296875,2002.8900146484375,2015.1400146484375,265600,1983.5,1974.42,1969.74,64.9,15.88,
2014-05-20,2011.8499755859375,2014.4599609375,2004.3199462890625,2011.260009765625,248300,1984.46,1975.14,1970.23,62.6,15.52,
2014-05-21,2003.47998046875,2015.6300048828125,2001.739990234375,2008.3299560546875,224100,1984.66,1975.81,1970.73,60.8,15.4,
2014-05-22,2015.4100341796875,2022.5899658203125,2011.5999755859375,2015.5899658203125,231100,1985.48,1977.03,1971.25,63.5,15.32,
2014-05-23,2013.0899658203125,2017.9599609375,2011.760009765625,2017.1700439453125,241800,1986.12,1978.1,1971.84,64.1,14.67,
2014-05-26,2016.2099609375,2020.9599609375,2008.1400146484375,2010.3499755859375,196600,1986.62,1979.65,1972.3,59.7,14.54,
2014-05-27,2014.8699951171875,2016.72998046875,1988.43994140625,1997.6300048828125,221800,1986.59,1980.92,1972.72,52.4,15.52,
2014-05-28,2000.260009765625,2017.06005859375,1997.8900146484375,2017.06005859375,210700,1988.86,1982.86,1973.2,60.4,15.8,
2014-05-29,2020.6700439453125,2021.9599609375,2009.22998046875,2012.260009765625,228500,1991.01,1984.56,1973.65,57.8,15.58,
2014-05-30,2015.3699951171875,2019.1700439453125,1994.9599609375,1994.9599609375,247300,1992.52,1985.65,1974.04,49.6,16.2,
2014-06-02,1998.81005859375,2006.9300537109375,1995.68994140625,2002.0,265600,1994.53,1986.94,1974.52,52.6,15.89,
2014-06-03,2006.31005859375,2008.56005859375,1990.719970703125,2008.56005859375,266700,1996.98,1988.72,1975.17,55.2,16.03,
2014-06-05,2007.199951171875,2007.199951171875,1986.949951171875,1995.47998046875,222100,1999.76,1989.93,1975.73,49.3,16.43,
2014-06-09,2004.72998046875,2008.8599853515625,1986.530029296875,1990.0400390625,209600,2001.74,1990.82,1976.27,47.1,16.85,
2014-06-10,2000.8900146484375,2011.8699951171875,1996.2099609375,2011.800048828125,234900,2004.5,1992.23,1976.91,55.7,17.21,
2014-06-11,2009.510009765625,2016.780029296875,2006.72998046875,2014.6700439453125,238000,2006.99,1993.24,1977.42,56.8,16.7,
2014-06-12,2013.5999755859375,2015.800048828125,2003.5699462890625,2011.6500244140625,251900,2008.42,1993.91,1977.85,55.3,16.38,
2014-06-13,2005.550048828125,2005.550048828125,1984.0400390625,1990.8499755859375,223100,2007.42,1994.11,1978.21,46.6,17.18,
2014-06-16,1986.8599853515625,1995.8599853515625,1985.300048828125,1993.5899658203125,233600,2006.59,1994.27,1978.59,47.8,16.71,
2014-06-17,1994.8900146484375,2002.9599609375,1991.530029296875,2001.550048828125,236600,2006.0,1994.46,1979.16,51.1,16.33,
2014-06-18,2002.260009765625,2002.260009765625,1987.030029296875,1989.489990234375,216900,2004.71,1994.3,1979.77,46.3,16.25,
2014-06-19,1994.22998046875,1999.1099853515625,1985.8900146484375,1992.030029296875,257900,2003.75,1994.27,1980.48,47.4,16.04,
2014-06-20,1990.7099609375,1990.72998046875,1965.1199951171875,1968.0699462890625,232700,2001.74,1993.87,1980.97,39.1,16.81,
2014-06-23,1975.0999755859375,1980.31005859375,1971.6099853515625,1974.9200439453125,231700,1999.71,1993.58,1981.41,42.2,16.49,
2014-06-24,1976.239990234375,1998.31005859375,1976.239990234375,1994.3499755859375,250600,1998.57,1993.6,1981.95,50.1,16.98,
2014-06-25,1992.68994140625,1993.5999755859375,1980.780029296875,1981.77001953125,336700,1997.14,1993.26,1982.43,45.7,16.74,
2014-06-26,1983.0,1997.0799560546875,1982.47998046875,1995.050048828125,273500,1997.01,1992.99,1982.87,50.6,16.63,
2014-06-27,1990.9000244140625,1997.010009765625,1983.8800048828125,1988.510009765625,218800,1995.58,1992.81,1983.18,48.3,16.38,
2014-06-30,1996.1300048828125,2002.2099609375,1992.6500244140625,2002.2099609375,201100,1995.08,1992.91,1983.57,53.1,16.19,
2014-07-01,1993.2900390625,1999.0,1987.8900146484375,1999.0,238900,1995.28,1993.05,1983.9,51.9,16.06,
2014-07-02,2008.0,2016.3599853515625,2002.4000244140625,2015.280029296875,318400,1995.94,1993.51,1984.31,57.2,16.15,
2014-07-03,2015.989990234375,2015.989990234375,2007.8599853515625,2010.969970703125,259900,1996.06,1993.89,1984.6,55.5,15.58,
2014-07-04,2018.3499755859375,2018.3499755859375,2005.8399658203125,2009.6600341796875,241500,1996.77,1993.99,1984.88,54.9,15.36,
2014-07-07,2007.530029296875,2009.3199462890625,1998.030029296875,2005.1199951171875,228300,1997.53,1994.11,1985.03,52.9,15.09,
2014-07-08,2003.550048828125,2009.219970703125,1997.8699951171875,2006.6600341796875,259400,1997.27,1994.16,1985.09,53.5,14.83,
2014-07-09,1997.5699462890625,2000.8900146484375,1992.4200439453125,2000.5,272700,1996.56,1994.16,1985.07,50.7,14.78,
2014-07-10,2004.6300048828125,2006.5,1999.9599609375,2002.8399658203125,327600,1996.12,1994.25,1985.07,51.8,14.19,
2014-07-11,1988.9300537109375,1993.4599609375,1985.530029296875,1988.739990234375,277000,1996.02,1994.59,1985.04,45.5,14.42,
2014-07-14,1998.260009765625,2001.1099853515625,1993.5699462890625,1993.8800048828125,270400,1996.03,1995.09,1984.94,48.0,14.27,
2014-07-15,2004.9300537109375,2015.5400390625,2004.489990234375,2012.719970703125,361200,1996.59,1996.05,1984.98,55.9,14.8,
2014-07-16,2015.6700439453125,2018.050048828125,2008.989990234375,2013.47998046875,315200,1997.79,1997.08,1985.0,56.1,14.39,
2014-07-17,2020.52001953125,2025.4100341796875,2018.77001953125,2020.9000244140625,322700,1999.23,1998.31,1985.07,59.0,14.21,
2014-07-18,2007.1199951171875,2019.4200439453125,2006.010009765625,2019.4200439453125,304500,2001.8,1999.9,1985.17,58.2,14.26,
2014-07-21,2028.02001953125,2030.6099853515625,2016.4200439453125,2018.5,274600,2003.98,2001.26,1985.23,57.6,14.26,
2014-07-22,2021.1800537109375,2028.9300537109375,2017.760009765625,2028.9300537109375,265900,2005.71,2002.71,1985.32,61.8,14.04,
2014-07-23,2032.72998046875,2035.239990234375,2025.0,2028.3199462890625,353500,2008.03,2003.97,1985.47,61.4,13.76,
2014-07-24,2032.93994140625,2034.719970703125,2021.219970703125,2026.6199951171875,323600,2009.61,2004.85,1985.61,60.3,13.75,
2014-07-25,2030.0400390625,2036.199951171875,2027.3299560546875,2033.8499755859375,282800,2011.88,2005.31,1985.78,63.4,13.45,
2014-07-28,2035.9599609375,2053.840087890625,2035.9599609375,2048.81005859375,349000,2014.21,2006.08,1986.04,68.8,13.92,
2014-07-29,2054.030029296875,2065.9599609375,2053.409912109375,2061.969970703125,408800,2017.36,2007.05,1986.38,72.6,14.15,
2014-07-30,2064.469970703125,2093.080078125,2062.8798828125,2082.610107421875,343300,2020.73,2008.4,1986.78,77.3,15.36,
2014-07-31,2081.75,2090.570068359375,2070.780029296875,2076.1201171875,383700,2023.98,2009.7,1987.15,73.0,15.67,
2014-08-01,2063.7099609375,2079.81005859375,2062.5400390625,2073.10009765625,272000,2027.15,2010.99,1987.39,71.1,15.79,
2014-08-04,2080.77001953125,2083.050048828125,2067.169921875,2080.419921875,253200,2030.92,2012.29,1987.7,73.0,15.8,
2014-08-05,2076.169921875,2077.72998046875,2058.919921875,2066.260009765625,346800,2033.9,2013.27,1987.82,64.3,16.2,
2014-08-06,2062.929931640625,2068.080078125,2055.679931640625,2060.72998046875,377300,2036.91,2014.28,1987.95,61.2,15.93,
2014-08-07,2062.239990234375,2063.530029296875,2047.75,2054.510009765625,292900,2039.49,2015.42,1988.02,57.8,15.92,
2014-08-08,2049.510009765625,2051.06005859375,2026.56005859375,2031.0999755859375,354800,2041.61,2015.7,1987.92,47.3,16.78,
2014-08-11,2048.179931640625,2048.179931640625,2037.800048828125,2039.3699951171875,285800,2043.89,2016.24,1987.85,50.7,16.8,
2014-08-12,2048.389892578125,2055.85009765625,2038.1400146484375,2041.469970703125,312800,2045.32,2017.17,1987.77,51.6,16.87,
2014-08-13,2046.6800537109375,2062.360107421875,2043.1099853515625,2062.360107421875,280700,2047.77,2018.38,1987.91,59.2,17.15,
2014-08-14,2065.68994140625,2073.419921875,2056.06005859375,2063.219970703125,270800,2049.88,2019.47,1987.99,59.5,17.17,
2014-08-18,2070.949951171875,2073.050048828125,2053.1298828125,2053.1298828125,300400,2051.57,2020.62,1988.08,54.7,17.36,
2014-08-19,2065.18994140625,2074.429931640625,2064.340087890625,2071.139892578125,327100,2054.2,2022.24,1988.2,60.7,17.65,
2014-08-20,2080.77001953125,2082.2099609375,2063.610107421875,2072.780029296875,315400,2056.39,2023.46,1988.3,61.3,17.71,
2014-08-21,2067.6298828125,2068.219970703125,2041.9100341796875,2044.2099609375,307800,2057.19,2024.05,1988.23,49.3,18.65,
2014-08-22,2048.239990234375,2058.4599609375,2046.5400390625,2056.699951171875,277900,2058.69,2024.96,1988.36,53.6,18.34,
2014-08-25,2049.159912109375,2062.22998046875,2044.199951171875,2060.889892578125,272000,2060.04,2026.36,1988.47,54.9,18.32,
2014-08-26,2069.070068359375,2072.419921875,2065.14990234375,2068.050048828125,288900,2061.01,2027.85,1988.68,57.3,17.83,
2014-08-27,2075.449951171875,2081.830078125,2070.77001953125,2074.929931640625,337600,2061.65,2029.31,1988.99,59.4,17.54,
2014-08-28,2083.030029296875,2088.860107421875,2072.139892578125,2075.760009765625,305900,2061.31,2031.04,1989.3,59.7,17.48,
2014-08-29,2070.72998046875,2073.030029296875,2060.139892578125,2068.5400390625,301400,2060.93,2032.57,1989.62,56.2,17.35,
2014-09-01,2067.800048828125,2072.590087890625,2062.300048828125,2067.860107421875,272500,2060.67,2034.56,1990.03,55.9,16.85,
2014-09-02,2065.969970703125,2066.0,2049.14990234375,2051.580078125,323100,2059.23,2036.1,1990.41,48.6,16.98,
2014-09-03,2050.090087890625,2054.080078125,2040.43994140625,2051.199951171875,338000,2058.48,2037.24,1990.68,48.5,16.74,
2014-09-04,2059.050048828125,2065.27001953125,2050.7900390625,2056.260009765625,376400,2058.25,2038.72,1991.15,50.8,16.58,
2014-09-05,2053.179931640625,2059.0400390625,2044.6800537109375,2049.409912109375,343400,2058.0,2039.81,1991.56,47.7,16.42,
2014-09-11,2046.969970703125,2052.159912109375,2034.1300048828125,2034.1600341796875,333400,2058.15,2040.72,1991.7,41.6,16.54,
2014-09-12,2042.510009765625,2048.2099609375,2037.3699951171875,2041.8599853515625,362700,2058.28,2041.52,1991.85,45.4,16.36,
2014-09-15,2039.030029296875,2040.0799560546875,2028.800048828125,2035.8199462890625,297600,2057.99,2042.25,1991.88,43.0,16.12,
2014-09-16,2039.9200439453125,2045.6500244140625,2036.22998046875,2042.9200439453125,365700,2057.02,2042.81,1992.0,46.5,15.67,
2014-09-17,2052.06005859375,2062.6201171875,2051.110107421875,2062.610107421875,351700,2056.99,2043.84,1992.35,54.9,15.96,
2014-09-18,2058.2099609375,2063.260009765625,2044.1700439453125,2047.739990234375,394300,2056.72,2044.6,1992.56,48.7,16.18,
2014-09-19,2057.56005859375,2062.3701171875,2053.659912109375,2053.820068359375,397700,2055.86,2045.58,1992.75,51.1,16.07,
2014-09-22,2053.300048828125,2053.300048828125,2032.3599853515625,2039.27001953125,323900,2054.18,2046.23,1992.83,45.6,16.46,
2014-09-23,2028.9000244140625,2036.25,2025.1600341796875,2028.9100341796875,427800,2053.41,2046.8,1992.83,42.1,16.29,
2014-09-24,2024.75,2036.260009765625,2019.9100341796875,2035.6400146484375,332600,2052.36,2047.45,1992.78,45.0,16.29,
2014-09-25,2045.6600341796875,2046.260009765625,2030.0899658203125,2034.1099853515625,325400,2051.02,2048.36,1992.72,44.5,16.29,
2014-09-26,2019.1700439453125,2031.6500244140625,2018.699951171875,2031.6400146484375,313500,2049.2,2049.11,1992.73,43.5,16.22,
2014-09-29,2035.9300537109375,2036.43994140625,2021.3699951171875,2026.5999755859375,339600,2046.79,2049.39,1992.81,41.6,16.14,
2014-09-30,2023.1800537109375,2029.1700439453125,2007.300048828125,2020.0899658203125,322800,2044.0,2049.52,1992.98,39.2,16.55,
2014-10-01,2013.469970703125,2013.469970703125,1989.8399658203125,1991.5400390625,351600,2040.15,2048.94,1993.02,30.8,17.53,
2014-10-02,1984.4300537109375,1985.06005859375,1966.1700439453125,1976.1600341796875,322700,2035.57,2048.07,1992.99,27.4,18.09,
2014-10-06,1987.8900146484375,1988.3900146484375,1968.300048828125,1968.3900146484375,325100,2031.41,2047.07,1992.83,25.8,18.23,
2014-10-07,1979.8299560546875,1982.9599609375,1966.219970703125,1972.9100341796875,328200,2027.49,2045.95,1992.73,28.4,18.13,
2014-10-08,1957.9000244140625,1974.27001953125,1957.9000244140625,1965.25,266200,2022.94,2044.69,1992.67,26.7,18.0,
2014-10-10,1953.97998046875,1953.97998046875,1931.8800048828125,1940.9200439453125,342800,2017.52,2042.97,1992.53,22.2,19.1,
2014-10-13,1919.47998046875,1932.3699951171875,1918.47998046875,1927.2099609375,308900,2012.17,2040.84,1992.35,20.2,19.34,
2014-10-14,1933.449951171875,1940.2099609375,1926.8699951171875,1929.25,335500,2006.54,2038.45,1992.19,21.3,18.91,
2014-10-15,1932.1099853515625,1938.8499755859375,1918.77001953125,1925.9100341796875,310300,2001.04,2035.73,1992.0,20.8,18.99,
2014-10-16,1911.449951171875,1922.93994140625,1904.77001953125,1918.8299560546875,313600,1994.84,2032.45,1991.72,19.7,19.15,
2014-10-17,1923.510009765625,1923.510009765625,1896.5400390625,1900.6600341796875,362100,1986.74,2028.94,1991.34,17.1,19.7,
2014-10-20,1918.8399658203125,1933.1199951171875,1917.5400390625,1930.06005859375,344700,1980.86,2026.08,1991.07,32.4,20.62,
2014-10-21,1923.6199951171875,1923.6199951171875,1911.030029296875,1915.280029296875,405900,1973.93,2022.78,1990.67,29.5,20.5,
2014-10-22,1936.9100341796875,1936.989990234375,1924.2099609375,1936.969970703125,399100,1968.82,2020.19,1990.34,38.4,20.59,
2014-10-23,1932.4300537109375,1944.449951171875,1924.1400146484375,1931.6500244140625,372800,1963.95,2017.61,1990.01,37.1,20.57,
2014-10-24,1942.4599609375,1942.719970703125,1916.8399658203125,1925.68994140625,419400,1958.46,2015.04,1989.62,35.7,20.95,
2014-10-27,1933.9100341796875,1939.25,1929.260009765625,1931.969970703125,408800,1953.35,2013.05,1989.23,38.4,20.42,
2014-10-28,1935.4599609375,1936.280029296875,1924.3699951171875,1925.6800537109375,414600,1948.05,2010.78,1989.02,36.7,19.81,
2014-10-29,1938.800048828125,1961.489990234375,1931.5899658203125,1961.1700439453125,396600,1944.78,2009.17,1989.09,49.6,20.95,
2014-10-30,1956.9200439453125,1959.489990234375,1944.239990234375,1958.9300537109375,311000,1941.72,2007.11,1989.12,48.9,20.67,
2014-10-31,1963.260009765625,1967.0799560546875,1951.0699462890625,1964.4300537109375,349400,1940.37,2005.13,1989.15,50.7,20.33,
2014-11-03,1959.6600341796875,1961.0400390625,1947.8299560546875,1952.969970703125,344500,1939.21,2003.13,1989.12,47.0,20.07,
2014-11-04,1950.1500244140625,1956.72998046875,1928.52001953125,1935.18994140625,391700,1937.55,2000.41,1989.06,42.0,20.65,
2014-11-05,1938.6099853515625,1944.5,1928.989990234375,1931.4300537109375,332300,1935.47,1997.58,1989.03,40.9,20.28,
2014-11-06,1933.449951171875,1939.3199462890625,1923.050048828125,1936.47998046875,360600,1934.03,1995.43,1988.96,42.9,20.0,
2014-11-07,1935.75,1943.260009765625,1932.1700439453125,1939.8699951171875,255400,1933.98,1993.09,1988.93,44.3,19.36,
2014-11-10,1952.7900390625,1965.3499755859375,1952.7900390625,1958.22998046875,313300,1935.53,1991.04,1988.96,51.0,19.8,
2014-11-11,1957.8699951171875,1965.4100341796875,1956.22998046875,1963.0,311400,1937.22,1988.94,1988.99,52.6,19.04,
2014-11-12,1965.2099609375,1974.68994140625,1961.6600341796875,1967.27001953125,348500,1939.29,1986.78,1989.1,54.1,18.61,
2014-11-13,1970.6400146484375,1973.3299560546875,1954.8800048828125,1960.510009765625,332600,1941.37,1984.48,1989.13,51.4,18.6,
2014-11-14,1959.6400146484375,1959.6400146484375,1940.489990234375,1945.1400146484375,314800,1943.6,1982.01,1989.04,45.8,18.7,
2014-11-17,1941.8299560546875,1948.3299560546875,1935.949951171875,1943.6300048828125,277500,1944.27,1979.52,1988.91,45.3,18.25,
2014-11-18,1951.9300537109375,1967.010009765625,1951.9300537109375,1967.010009765625,251300,1946.86,1977.83,1989.0,54.0,18.61,
2014-11-19,1974.4100341796875,1974.4100341796875,1959.2099609375,1966.8699951171875,279600,1948.36,1976.15,1989.13,54.0,18.37,
2014-11-20,1960.719970703125,1962.68994140625,1952.43994140625,1958.0400390625,339200,1949.68,1974.18,1989.37,50.4,18.09,
2014-11-21,1966.8900146484375,1969.4300537109375,1959.81005859375,1964.8399658203125,345900,1951.63,1972.49,1989.61,53.0,17.61,
2014-11-24,1982.47998046875,1985.1800537109375,1974.3699951171875,1978.5400390625,325400,1953.96,1971.38,1989.8,57.7,17.81,
2014-11-25,1981.52001953125,1981.8499755859375,1973.800048828125,1980.2099609375,283200,1956.69,1970.15,1990.1,58.2,17.11,
2014-11-26,1984.8299560546875,1985.4300537109375,1972.949951171875,1980.8399658203125,253300,1957.67,1969.05,1990.57,58.5,16.78,
2014-11-27,1993.6500244140625,1994.8199462890625,1982.0799560546875,1982.0899658203125,295500,1958.83,1967.83,1991.03,58.9,16.58,
2014-11-28,1983.219970703125,1984.72998046875,1975.6600341796875,1980.780029296875,340700,1959.65,1966.19,1991.39,58.2,16.04,
2014-12-01,1971.949951171875,1971.969970703125,1962.1500244140625,1965.219970703125,334000,1960.26,1964.54,1991.6,50.3,16.23,
2014-12-02,1959.4000244140625,1965.8299560546875,1954.4000244140625,1965.8299560546875,317900,1961.79,1962.78,1991.82,50.5,15.88,
2014-12-03,1969.5699462890625,1973.9599609375,1964.77001953125,1969.9100341796875,271100,1963.72,1961.4,1992.0,52.5,15.41,
2014-12-04,1976.300048828125,1988.56005859375,1976.0999755859375,1986.6099853515625,244400,1966.22,1960.55,1992.26,59.6,15.64,
2014-12-05,1986.5999755859375,1989.1700439453125,1983.3599853515625,1986.6199951171875,305500,1968.56,1959.57,1992.56,59.6,14.94,
2014-12-08,1988.800048828125,1990.0400390625,1976.8900146484375,1978.949951171875,295100,1969.6,1958.47,1992.75,55.2,14.81,
2014-12-09,1977.050048828125,1977.1500244140625,1968.8499755859375,1970.949951171875,541200,1969.99,1957.25,1992.87,51.0,14.47,
2014-12-10,1964.0400390625,1966.1099853515625,1943.27001953125,1945.56005859375,367900,1968.91,1955.63,1992.87,40.5,15.42,
2014-12-11,1930.4599609375,1937.22998046875,1916.489990234375,1916.5899658203125,343600,1966.71,1953.56,1992.73,32.3,16.39,
2014-12-12,1921.6099853515625,1926.6700439453125,1915.0,1921.7099609375,363500,1965.54,1952.16,1992.69,34.8,16.05,
2014-12-15,1903.1199951171875,1920.4300537109375,1899.6099853515625,1920.3599853515625,294400,1964.38,1951.05,1992.5,34.4,16.49,
2014-12-16,1909.010009765625,1919.5999755859375,1901.1300048828125,1904.1300048828125,369400,1961.23,1949.76,1992.28,30.3,16.68,
2014-12-17,1913.280029296875,1913.280029296875,1900.1600341796875,1900.1600341796875,307300,1957.9,1948.31,1991.96,29.4,16.43,
2014-12-18,1917.6700439453125,1919.239990234375,1881.72998046875,1897.5,337300,1954.87,1946.95,1991.59,28.8,17.93,
2014-12-19,1920.75,1930.0799560546875,1914.27001953125,1929.97998046875,291800,1953.13,1946.73,1991.35,44.4,18.98,
2014-12-22,1938.1600341796875,1944.199951171875,1928.8900146484375,1943.1199951171875,324500,1951.36,1947.05,1991.16,49.3,18.72,
2014-12-23,1942.1199951171875,1944.75,1936.75,1939.02001953125,300800,1949.3,1947.25,1991.03,47.9,17.95,
2014-12-24,1940.760009765625,1947.3499755859375,1936.739990234375,1946.6099853515625,283900,1947.58,1947.66,1991.0,50.7,17.43,
2014-12-26,1947.5999755859375,1954.77001953125,1944.219970703125,1948.1600341796875,297000,1945.89,1948.25,1990.88,51.3,16.94,
2014-12-29,1937.27001953125,1941.3299560546875,1927.8299560546875,1927.8599853515625,265800,1943.24,1948.79,1990.64,44.0,17.18,
2014-12-30,1934.510009765625,1937.550048828125,1910.780029296875,1915.5899658203125,256400,1940.76,1948.5,1990.35,40.3,17.86,
2015-01-02,1914.239990234375,1929.1500244140625,1909.6700439453125,1926.43994140625,258800,1938.79,1948.73,1990.21,44.7,17.98,
2015-01-05,1921.9599609375,1921.9599609375,1903.3699951171875,1915.75,313400,1936.08,1948.3,1989.97,41.5,18.34,
2015-01-06,1895.47998046875,1900.02001953125,1877.3800048828125,1882.449951171875,303700,1930.88,1947.32,1989.72,33.3,19.77,
2015-01-07,1878.9000244140625,1887.5999755859375,1876.27001953125,1883.8299560546875,280500,1925.74,1946.48,1989.46,33.9,19.17,
2015-01-08,1895.8499755859375,1907.22998046875,1891.77001953125,1904.6500244140625,262200,1922.02,1945.93,1989.39,42.1,19.47,
2015-01-09,1919.800048828125,1929.0999755859375,1915.8499755859375,1924.699951171875,308800,1919.71,1945.91,1989.37,48.7,19.83,
2015-01-12,1918.1800537109375,1924.6600341796875,1917.8800048828125,1920.949951171875,311900,1918.48,1945.11,1989.28,47.6,18.9,
2015-01-13,1915.030029296875,1920.77001953125,1910.27001953125,1917.1400146484375,339000,1918.51,1944.27,1989.17,46.5,18.31,
2015-01-14,1919.31005859375,1925.6800537109375,1913.510009765625,1913.6600341796875,297500,1918.1,1943.26,1989.14,45.4,17.87,
2015-01-15,1914.06005859375,1919.68994140625,1908.5999755859375,1914.1400146484375,266500,1917.79,1942.48,1989.04,45.6,17.39,
2015-01-16,1907.0699462890625,1907.0699462890625,1885.6199951171875,1888.1300048828125,298700,1916.99,1941.54,1988.75,38.0,18.18,
2015-01-19,1902.81005859375,1912.4200439453125,1900.260009765625,1902.6199951171875,281100,1917.11,1940.96,1988.56,43.6,18.62,
2015-01-20,1908.6199951171875,1918.8499755859375,1907.969970703125,1918.31005859375,280900,1918.16,1940.6,1988.33,49.0,18.45,
2015-01-21,1917.3299560546875,1921.8800048828125,1909.8599853515625,1921.22998046875,300800,1917.72,1940.23,1988.05,50.0,17.99,
2015-01-22,1926.010009765625,1932.5,1916.56005859375,1920.8199462890625,343100,1916.6,1939.48,1987.75,49.8,17.84,
2015-01-23,1945.3599853515625,1945.3599853515625,1930.6500244140625,1936.0899658203125,367700,1916.46,1938.94,1987.5,54.9,18.32,
2015-01-26,1928.260009765625,1936.4000244140625,1924.1400146484375,1935.6800537109375,330600,1915.91,1938.31,1987.22,54.8,17.89,
2015-01-27,1941.9000244140625,1952.4100341796875,1940.719970703125,1952.4000244140625,467000,1916.12,1938.15,1986.99,60.0,17.81,
2015-01-28,1946.7099609375,1963.530029296875,1943.5899658203125,1961.5799560546875,400900,1917.81,1938.48,1986.83,62.5,17.96,
2015-01-29,1950.8299560546875,1960.1199951171875,1946.199951171875,1951.02001953125,391000,1919.58,1938.62,1986.65,57.9,17.77,
2015-01-30,1964.1300048828125,1964.1300048828125,1948.5999755859375,1949.260009765625,441500,1920.72,1938.27,1986.44,57.2,17.61,
2015-02-02,1947.9100341796875,1956.0999755859375,1944.5799560546875,1952.6800537109375,364800,1922.57,1937.99,1986.24,58.3,17.18,
2015-02-03,1960.1099853515625,1960.3499755859375,1940.739990234375,1951.9599609375,370000,1926.04,1937.86,1986.01,58.0,17.35,
2015-02-04,1963.3699951171875,1970.27001953125,1961.5699462890625,1962.7900390625,348000,1929.99,1937.82,1985.78,61.7,17.42,
2015-02-05,1961.1500244140625,1962.1500244140625,1945.4200439453125,1952.8399658203125,395700,1932.4,1937.31,1985.56,56.7,17.42,
2015-02-06,1955.1300048828125,1955.52001953125,1945.8199462890625,1955.52001953125,309800,1933.94,1936.82,1985.35,57.7,16.87,
2015-02-09,1949.5,1952.8599853515625,1944.7900390625,1947.0,310200,1935.24,1936.14,1985.12,53.6,16.43,
2015-02-10,1949.300048828125,1954.199951171875,1935.8599853515625,1935.8599853515625,329200,1936.18,1935.21,1984.84,48.7,16.56,
2015-02-11,1942.3399658203125,1948.8900146484375,1937.949951171875,1945.699951171875,307500,1937.78,1934.51,1984.61,52.8,16.31,
2015-02-12,1947.2099609375,1947.469970703125,1932.75,1941.6300048828125,334800,1939.16,1934.04,1984.29,51.0,16.2,
2015-02-13,1949.3199462890625,1957.5,1946.93994140625,1957.5,351100,1942.62,1933.87,1984.09,57.2,16.17,
2015-02-16,1960.030029296875,1963.43994140625,1955.3900146484375,1958.22998046875,350900,1945.4,1933.64,1983.86,57.4,15.59,
2015-02-17,1955.77001953125,1962.969970703125,1952.3299560546875,1961.449951171875,304500,1947.56,1933.14,1983.66,58.7,15.24,
2015-02-23,1974.43994140625,1976.9599609375,1966.77001953125,1968.3900146484375,347600,1949.92,1932.77,1983.51,61.2,15.26,
2015-02-24,1975.6500244140625,1980.3800048828125,1972.6099853515625,1976.1199951171875,309500,1952.68,1932.72,1983.53,64.0,15.03,
2015-02-25,1988.469970703125,1992.030029296875,1984.530029296875,1990.469970703125,369500,1955.4,1933.11,1983.64,68.4,15.09,
2015-02-26,1993.27001953125,1993.4300537109375,1983.93994140625,1993.0799560546875,385700,1958.27,1934.06,1983.78,69.1,14.69,
2015-02-27,1992.760009765625,1993.3399658203125,1982.5,1985.800048828125,424500,1959.94,1935.44,1983.9,64.6,14.41,
2015-03-02,1996.719970703125,1999.1300048828125,1988.3299560546875,1996.81005859375,373400,1961.71,1936.94,1984.09,68.0,14.34,
2015-03-03,2002.5,2003.050048828125,1995.9300537109375,2001.3800048828125,444900,1964.22,1938.56,1984.4,69.3,13.82,
2015-03-04,2001.760009765625,2003.8499755859375,1996.5,1998.2900390625,374500,1966.67,1940.45,1984.63,67.3,13.36,
2015-03-05,1996.81005859375,2002.47998046875,1993.9200439453125,1998.3800048828125,373700,1968.96,1942.41,1984.84,67.3,13.02,
2015-03-06,2003.969970703125,2013.72998046875,2003.1800537109375,2012.93994140625,393300,1972.01,1944.72,1985.08,71.8,13.18,
2015-03-09,2004.93994140625,2005.81005859375,1990.8699951171875,1992.8199462890625,296700,1973.51,1945.98,1985.13,59.6,13.82,
2015-03-10,2000.6600341796875,2003.18994140625,1982.219970703125,1984.77001953125,433400,1975.11,1946.81,1985.0,55.5,14.33,
2015-03-11,1971.0400390625,1984.5999755859375,1969.1300048828125,1980.8299560546875,399500,1976.37,1947.65,1984.86,53.6,14.42,
2015-03-12,1979.219970703125,1988.77001953125,1970.5899658203125,1970.5899658203125,384000,1977.55,1948.13,1984.64,48.8,14.69,
2015-03-13,1987.1700439453125,1991.8699951171875,1982.9599609375,1985.7900390625,326700,1980.05,1948.88,1984.49,55.2,15.16,
2015-03-16,1985.5899658203125,1991.7900390625,1982.260009765625,1987.3299560546875,319200,1982.13,1950.07,1984.38,55.8,14.76,
2015-03-17,1998.260009765625,2029.9100341796875,1997.27001953125,2029.9100341796875,356600,1986.54,1952.35,1984.48,68.4,16.75,
2015-03-18,2032.18994140625,2036.1300048828125,2026.719970703125,2028.449951171875,362000,1990.09,1954.39,1984.55,67.7,16.22,
2015-03-19,2047.1300048828125,2047.1300048828125,2031.0699462890625,2037.8900146484375,468300,1994.07,1956.84,1984.65,69.9,16.4,
2015-03-20,2037.1300048828125,2040.0,2027.81005859375,2037.239990234375,351700,1997.86,1959.93,1984.79,69.5,16.1,
2015-03-23,2043.219970703125,2043.9200439453125,2032.3499755859375,2036.5899658203125,314900,2001.27,1962.99,1984.98,69.1,15.77,
2015-03-24,2035.0799560546875,2041.77001953125,2028.5400390625,2041.3699951171875,328800,2004.54,1965.72,1985.1,70.4,15.59,
2015-03-25,2043.1600341796875,2046.969970703125,2038.1400146484375,2042.81005859375,423400,2007.15,1968.08,1985.25,70.8,15.11,
2015-03-26,2027.199951171875,2036.699951171875,2019.510009765625,2022.56005859375,342300,2008.63,1970.12,1985.39,59.1,15.69,
2015-03-27,2026.75,2027.25,2016.8800048828125,2019.800048828125,449000,2010.33,1972.17,1985.48,57.7,15.31,
2015-03-30,2026.5999755859375,2033.27001953125,2018.1199951171875,2030.0400390625,439600,2011.99,1974.5,1985.59,61.4,15.3,
2015-03-31,2042.31005859375,2046.9000244140625,2032.239990234375,2041.030029296875,555900,2013.97,1977.04,1985.82,64.9,15.41,
2015-04-01,2035.4000244140625,2039.0400390625,2024.6400146484375,2028.449951171875,542800,2015.48,1979.84,1986.01,58.4,15.48,
2015-04-02,2036.9000244140625,2040.449951171875,2028.219970703125,2029.0699462890625,655900,2017.01,1982.37,1986.1,58.6,15.25,
2015-04-03,2035.8299560546875,2045.93994140625,2031.27001953125,2045.4200439453125,498600,2018.64,1984.91,1986.25,64.0,15.37,
2015-04-06,2049.8701171875,2055.449951171875,2043.260009765625,2046.4300537109375,460500,2021.32,1987.42,1986.42,64.3,15.14,
2015-04-07,2059.050048828125,2059.090087890625,2043.7900390625,2047.030029296875,436200,2024.43,1989.94,1986.7,64.5,15.15,
2015-04-08,2048.75,2060.18994140625,2046.0899658203125,2059.260009765625,552700,2028.35,1992.4,1987.03,68.3,15.08,
2015-04-09,2060.300048828125,2064.4599609375,2054.169921875,2058.8701171875,529900,2032.77,1994.87,1987.32,68.1,14.73,
2015-04-10,2066.320068359375,2089.090087890625,2065.389892578125,2087.760009765625,658400,2037.87,1997.58,1987.81,75.3,15.84,
2015-04-13,2094.10009765625,2099.969970703125,2088.820068359375,2098.919921875,561800,2043.45,2000.32,1988.34,77.4,15.58,
2015-04-14,2101.760009765625,2111.72998046875,2095.969970703125,2111.719970703125,648800,2047.54,2003.54,1989.06,79.6,15.59,
2015-04-15,2114.56005859375,2122.719970703125,2110.25,2119.9599609375,451400,2052.11,2006.95,1989.79,80.9,15.37,
2015-04-16,2134.139892578125,2139.89990234375,2125.5400390625,2139.89990234375,476400,2057.21,2010.69,1990.52,83.6,15.7,
2015-04-17,2142.719970703125,2144.760009765625,2134.10009765625,2143.5,464600,2062.52,2014.53,1991.32,84.0,15.34,
2015-04-20,2126.550048828125,2146.72998046875,2126.550048828125,2146.7099609375,509000,2068.03,2018.2,1992.08,84.4,15.68,
2015-04-21,2153.419921875,2153.840087890625,2140.1201171875,2144.7900390625,561800,2073.2,2022.04,1992.86,83.1,15.54,
2015-04-22,2146.590087890625,2161.22998046875,2125.8798828125,2143.889892578125,769400,2078.26,2025.81,1993.57,82.4,16.96,
2015-04-23,2156.93994140625,2174.719970703125,2139.330078125,2173.409912109375,521600,2085.8,2030.34,1994.44,86.2,18.27,
2015-04-24,2181.239990234375,2189.5400390625,2154.27001953125,2159.800048828125,508400,2092.8,2034.82,1995.17,77.8,19.49,
2015-04-27,2169.139892578125,2169.139892578125,2152.090087890625,2157.5400390625,392300,2099.17,2039.05,1995.9,76.5,19.31,
2015-04-28,2162.5,2164.52001953125,2144.85009765625,2147.669921875,415100,2104.5,2043.18,1996.59,70.8,19.34,
2015-04-29,2155.010009765625,2156.239990234375,2126.360107421875,2142.6298828125,458100,2110.21,2046.88,1997.28,68.0,20.09,
2015-04-30,2134.93994140625,2136.89990234375,2121.2900390625,2127.169921875,509100,2115.12,2050.26,1997.88,60.1,20.18,
2015-05-04,2134.510009765625,2139.300048828125,2128.719970703125,2132.22998046875,355600,2119.46,2053.67,1998.54,61.7,19.61,
2015-05-06,2122.030029296875,2123.219970703125,2095.60009765625,2104.580078125,428100,2122.37,2056.4,1999.05,50.2,20.82,
2015-05-07,2098.47998046875,2099.43994140625,2067.989990234375,2091.0,423200,2124.57,2058.69,1999.56,45.7,21.95,
2015-05-08,2090.18994140625,2094.06005859375,2082.719970703125,2085.52001953125,309500,2125.88,2060.59,2000.02,43.9,21.19,
2015-05-11,2106.1201171875,2110.7900390625,2097.3798828125,2097.3798828125,329700,2127.8,2062.68,2000.44,48.5,21.48,
2015-05-12,2100.6298828125,2101.719970703125,2088.639892578125,2096.77001953125,391900,2128.25,2064.9,2000.86,48.2,20.88,
2015-05-13,2100.10009765625,2115.360107421875,2100.080078125,2114.159912109375,377000,2129.02,2067.25,2001.32,54.5,20.72,
2015-05-14,2115.590087890625,2121.679931640625,2111.719970703125,2120.330078125,430800,2129.45,2069.63,2001.83,56.5,19.95,
2015-05-15,2132.530029296875,2134.360107421875,2104.77001953125,2106.5,491700,2128.77,2071.79,2002.27,51.1,20.64,
2015-05-18,2108.14990234375,2113.719970703125,2099.47998046875,2113.719970703125,445200,2127.46,2074.1,2002.69,53.6,20.18,
2015-05-19,2114.2900390625,2126.889892578125,2107.6201171875,2120.85009765625,418500,2126.33,2076.26,2003.15,55.9,20.12,
2015-05-20,2128.010009765625,2140.239990234375,2125.489990234375,2139.5400390625,452100,2125.97,2079.19,2003.72,61.5,20.06,
2015-05-21,2139.679931640625,2140.60009765625,2121.489990234375,2122.81005859375,398100,2124.87,2081.95,2004.16,54.8,20.0,
2015-05-22,2131.110107421875,2146.10009765625,2126.8798828125,2146.10009765625,444600,2124.99,2085.26,2004.65,61.2,20.23,
2015-05-26,2146.469970703125,2148.699951171875,2130.300048828125,2143.5,381400,2123.49,2088.71,2005.06,60.2,20.1,
2015-05-27,2133.489990234375,2134.949951171875,2103.639892578125,2107.5,439000,2120.88,2091.15,2005.18,48.2,21.51,
2015-05-28,2117.77001953125,2123.52001953125,2110.889892578125,2110.889892578125,416100,2118.54,2093.62,2005.36,49.2,21.12,
2015-05-29,2109.3798828125,2123.389892578125,2106.699951171875,2114.800048828125,456100,2116.9,2095.32,2005.56,50.5,20.8,
2015-06-01,2110.1201171875,2110.8798828125,2086.0,2102.3701171875,426900,2114.89,2096.8,2005.67,46.6,21.37,
2015-06-02,2102.6201171875,2107.169921875,2076.159912109375,2078.639892578125,520100,2112.46,2097.61,2005.74,40.4,22.06,
2015-06-03,2078.510009765625,2087.949951171875,2059.340087890625,2063.159912109375,541200,2109.01,2098.13,2005.75,36.9,22.53,
2015-06-04,2070.489990234375,2082.60009765625,2062.75,2072.860107421875,400400,2107.42,2098.85,2005.84,40.3,22.34,
2015-06-05,2062.219970703125,2075.02001953125,2060.909912109375,2068.10009765625,394300,2106.28,2099.39,2006.02,39.2,21.75,
2015-06-08,2068.510009765625,2068.510009765625,2056.5,2065.18994140625,393600,2105.26,2099.84,2006.15,38.5,21.06,
2015-06-09,2063.39990234375,2073.75,2057.2099609375,2064.030029296875,421900,2103.59,2100.67,2006.27,38.2,20.73,
2015-06-10,2079.1298828125,2080.030029296875,2049.1298828125,2051.320068359375,427400,2101.32,2101.3,2006.21,35.0,21.46,
2015-06-11,2065.070068359375,2065.070068359375,2051.10009765625,2056.610107421875,457000,2098.44,2101.83,2006.18,37.3,20.92,
2015-06-12,2068.449951171875,2074.780029296875,2044.8699951171875,2052.169921875,388300,2095.03,2102.05,2006.17,36.1,21.57,
2015-06-15,2041.0699462890625,2049.679931640625,2033.719970703125,2042.3199462890625,313900,2091.82,2102.33,2006.03,33.6,21.34,
2015-06-16,2045.010009765625,2045.77001953125,2008.4599609375,2028.719970703125,381400,2087.57,2102.32,2005.81,30.4,22.48,
2015-06-17,2035.47998046875,2037.1199951171875,2021.5,2034.8599853515625,354700,2083.27,2102.11,2005.76,33.5,21.99,
2015-06-18,2046.18994140625,2052.0,2036.780029296875,2041.8800048828125,391000,2078.39,2102.02,2005.69,36.9,21.65,
2015-06-19,2056.5400390625,2057.7099609375,2044.7099609375,2046.9599609375,400300,2074.6,2102.02,2005.62,39.3,21.23,
2015-06-22,2059.60009765625,2068.070068359375,2050.300048828125,2055.159912109375,267000,2070.05,2101.94,2005.55,43.2,21.22,
2015-06-23,2071.300048828125,2086.090087890625,2066.2099609375,2081.199951171875,329800,2066.94,2102.38,2005.59,53.2,21.92,
2015-06-24,2086.68994140625,2087.679931640625,2076.780029296875,2085.530029296875,400800,2065.84,2102.34,2005.63,54.7,21.13,
2015-06-25,2077.840087890625,2088.159912109375,2073.949951171875,2085.06005859375,575900,2064.55,2102.06,2005.72,54.5,20.64,
2015-06-26,2083.39990234375,2097.010009765625,2080.7900390625,2090.260009765625,492800,2063.32,2101.63,2005.83,56.3,20.32,
2015-06-29,2056.43994140625,2068.85009765625,2054.330078125,2060.489990234375,503800,2061.23,2100.44,2005.87,45.0,21.43,
2015-06-30,2054.830078125,2075.02001953125,2049.43994140625,2074.199951171875,392400,2061.0,2099.13,2005.99,50.0,21.73,
2015-07-01,2077.27001953125,2100.340087890625,2072.5400390625,2097.889892578125,471600,2062.74,2098.22,2006.2,57.2,22.16,
2015-07-02,2107.110107421875,2110.81005859375,2098.760009765625,2107.330078125,565300,2064.46,2097.43,2006.49,59.7,21.5,
2015-07-03,2107.510009765625,2109.679931640625,2094.02001953125,2104.409912109375,419500,2066.28,2096.62,2006.84,58.6,21.09,
2015-07-06,2076.06005859375,2089.860107421875,2052.22998046875,2053.929931640625,474000,2065.72,2094.82,2006.9,43.2,23.31,
2015-07-07,2067.0400390625,2067.929931640625,2028.97998046875,2040.2900390625,502800,2064.53,2092.16,2006.92,40.2,24.42,
2015-07-08,2045.8800048828125,2046.3299560546875,2010.8299560546875,2016.2099609375,453100,2062.77,2089.29,2006.79,35.4,25.22,
2015-07-09,2000.18994140625,2027.81005859375,1983.780029296875,2027.81005859375,408500,2061.33,2086.69,2006.61,39.1,26.56,
2015-07-10,2036.8900146484375,2037.8399658203125,2024.760009765625,2031.1700439453125,381300,2060.28,2084.36,2006.53,40.2,25.6,
2015-07-13,2033.25,2063.280029296875,2030.2099609375,2061.52001953125,426300,2061.24,2082.74,2006.57,49.0,26.13,
2015-07-14,2070.43994140625,2070.43994140625,2052.2099609375,2059.22998046875,503100,2062.77,2081.38,2006.67,48.5,25.57,
2015-07-15,2068.3798828125,2079.89990234375,2060.659912109375,2072.909912109375,619100,2064.67,2080.19,2006.89,52.1,25.22,
2015-07-16,2073.2900390625,2088.330078125,2071.02001953125,2087.889892578125,697900,2066.97,2079.86,2007.15,55.8,24.65,
2015-07-17,2101.219970703125,2101.219970703125,2068.360107421875,2076.7900390625,819200,2068.46,2079.58,2007.36,52.6,25.24,
2015-07-20,2077.090087890625,2081.429931640625,2068.18994140625,2073.31005859375,870700,2069.37,2079.33,2007.57,51.6,24.38,
2015-07-21,2082.179931640625,2088.239990234375,2069.2099609375,2083.6201171875,727400,2069.49,2079.06,2007.86,54.3,24.0,
2015-07-22,2071.06005859375,2075.93994140625,2059.449951171875,2064.72998046875,1160800,2068.45,2078.42,2008.08,48.8,24.01,
2015-07-23,2068.929931640625,2069.199951171875,2053.52001953125,2065.070068359375,739800,2067.45,2077.43,2008.45,48.9,23.42,
2015-07-24,2060.659912109375,2060.659912109375,2040.300048828125,2045.9599609375,611900,2065.24,2075.95,2008.8,43.7,23.51,
2015-07-27,2034.8199462890625,2048.14990234375,2032.43994140625,2038.81005859375,543200,2064.15,2074.59,2009.15,41.9,22.96,
2015-07-28,2026.3299560546875,2045.550048828125,2015.9100341796875,2039.0999755859375,498500,2062.4,2073.1,2009.48,42.0,23.43,
2015-07-29,2053.6201171875,2055.949951171875,2037.6199951171875,2037.6199951171875,520600,2059.39,2071.44,2009.84,41.6,23.07,
2015-07-30,2040.239990234375,2044.9300537109375,2019.030029296875,2019.030029296875,509300,2054.97,2069.03,2010.23,36.7,23.27,
2015-07-31,2026.97998046875,2030.1600341796875,2004.699951171875,2030.1600341796875,448200,2051.26,2067.17,2010.75,41.1,23.43,
2015-08-03,2026.25,2026.25,2005.2099609375,2008.489990234375,358700,2048.99,2064.42,2011.14,35.9,23.54,
2015-08-04,2007.75,2027.989990234375,2007.6600341796875,2027.989990234375,388800,2048.37,2062.11,2011.65,43.0,23.31,
2015-08-05,2027.219970703125,2035.25,2022.97998046875,2029.760009765625,319200,2049.05,2060.56,2012.21,43.6,22.52,
2015-08-06,2037.260009765625,2038.4100341796875,2011.5999755859375,2013.2900390625,340500,2048.32,2058.6,2012.77,39.3,22.83,
2015-08-07,2009.3900146484375,2012.9000244140625,2001.1300048828125,2010.22998046875,334600,2047.28,2056.51,2013.17,38.6,22.06,
2015-08-10,2008.43994140625,2008.550048828125,1993.9599609375,2003.1700439453125,308300,2044.36,2054.53,2013.61,36.9,21.65,
2015-08-11,2020.1500244140625,2021.81005859375,1986.4599609375,1986.6500244140625,366400,2040.73,2052.69,2013.86,33.1,22.63,
2015-08-12,1980.0400390625,1989.0999755859375,1948.9100341796875,1975.469970703125,524300,2035.86,2050.94,2014.08,30.8,23.88,
2015-08-13,1975.469970703125,1990.699951171875,1966.02001953125,1983.4599609375,376600,2030.64,2049.15,2014.37,34.3,23.94,
2015-08-17,1991.050048828125,1991.050048828125,1968.43994140625,1968.52001953125,561600,2025.22,2047.16,2014.55,31.1,23.84,
2015-08-18,1977.6099853515625,1979.3299560546875,1954.3499755859375,1956.260009765625,472800,2019.37,2044.98,2014.7,28.8,23.93,
2015-08-19,1954.56005859375,1959.510009765625,1915.9100341796875,1939.3800048828125,506800,2012.16,2042.48,2014.59,25.9,25.33,
2015-08-20,1929.4300537109375,1933.7900390625,1912.550048828125,1914.550048828125,397500,2004.65,2039.75,2014.37,22.3,25.44,
2015-08-21,1862.7900390625,1886.489990234375,1856.9100341796875,1876.0699462890625,512300,1995.2,2036.14,2013.93,18.2,27.74,
2015-08-24,1860.030029296875,1872.8599853515625,1800.75,1829.81005859375,415200,1984.39,2031.69,2013.31,14.6,31.14,
2015-08-25,1840.93994140625,1864.300048828125,1806.7900390625,1846.6300048828125,451600,1974.78,2027.78,2012.87,20.7,33.02,
2015-08-26,1843.699951171875,1895.449951171875,1835.5799560546875,1894.0899658203125,453400,1967.53,2025.08,2012.69,34.7,34.94,
2015-08-27,1912.4200439453125,1920.3900146484375,1898.97998046875,1908.0,482700,1961.05,2022.55,2012.54,38.2,34.32,
2015-08-28,1932.3900146484375,1938.6099853515625,1927.3900146484375,1937.6700439453125,446800,1956.98,2020.46,2012.53,44.9,34.06,
2015-08-31,1934.1199951171875,1941.489990234375,1925.52001953125,1941.489990234375,350900,1952.55,2018.35,2012.45,45.7,32.76,
2015-09-01,1934.43994140625,1939.6700439453125,1914.219970703125,1914.22998046875,324500,1947.84,2015.53,2012.2,41.0,32.37,
2015-09-02,1886.1400146484375,1920.6199951171875,1883.5,1915.219970703125,342000,1942.2,2012.22,2011.94,41.3,32.71,
2015-09-03,1929.780029296875,1931.18994140625,1911.1700439453125,1915.530029296875,297300,1936.49,2008.82,2011.72,41.3,31.8,
2015-09-04,1921.81005859375,1923.06005859375,1879.93994140625,1886.0400390625,361100,1930.12,2004.83,2011.42,36.3,32.61,
2015-09-07,1883.3599853515625,1895.989990234375,1870.5899658203125,1883.219970703125,288200,1923.77,2000.69,2011.12,35.9,32.1,
2015-09-08,1889.1400146484375,1894.56005859375,1868.47998046875,1878.6800537109375,391900,1917.55,1997.06,2010.68,35.2,31.67,
2015-09-09,1903.280029296875,1934.199951171875,1902.9300537109375,1934.199951171875,516200,1914.93,1994.26,2010.52,49.1,33.37,
2015-09-10,1918.4200439453125,1962.1099853515625,1915.43994140625,1962.1099853515625,460300,1914.26,1991.54,2010.54,54.4,34.32,
2015-09-11,1942.8800048828125,1951.260009765625,1939.72998046875,1941.3699951171875,503000,1912.15,1988.22,2010.42,50.2,33.47,
2015-09-14,1947.6500244140625,1948.02001953125,1921.449951171875,1931.4599609375,362900,1910.3,1984.76,2010.18,48.3,32.98,
2015-09-15,1930.43994140625,1938.9000244140625,1927.6199951171875,1937.56005859375,390800,1909.37,1982.44,2009.97,49.6,31.43,
2015-09-16,1949.489990234375,1978.6800537109375,1949.1500244140625,1975.449951171875,584800,1911.17,1981.14,2009.94,56.7,32.12,
2015-09-17,1989.0699462890625,1989.0699462890625,1972.9300537109375,1976.489990234375,510200,1914.27,1980.35,2009.92,56.9,30.98,
2015-09-18,1978.3900146484375,1996.469970703125,1964.1199951171875,1995.949951171875,523800,1920.26,1979.71,2009.99,60.3,31.08,
2015-09-21,1973.239990234375,1980.800048828125,1960.1099853515625,1964.6800537109375,376400,1927.0,1978.38,2009.99,53.1,31.42,
2015-09-22,1973.5400390625,1983.989990234375,1966.050048828125,1982.06005859375,696400,1933.78,1976.79,2010.07,56.2,30.55,
2015-09-23,1960.3299560546875,1968.1600341796875,1944.510009765625,1944.6400146484375,857000,1936.3,1974.5,2009.94,48.8,31.05,
2015-09-24,1956.93994140625,1958.72998046875,1944.31005859375,1947.0999755859375,921300,1938.26,1971.98,2009.75,49.2,29.86,
2015-09-25,1948.300048828125,1951.93994140625,1932.489990234375,1942.8499755859375,796600,1938.52,1969.08,2009.53,48.4,29.12,
2015-09-30,1915.4599609375,1962.8399658203125,1915.0400390625,1962.81005859375,547000,1939.58,1966.8,2009.45,52.5,30.45,
2015-10-01,1963.550048828125,1986.010009765625,1958.6300048828125,1979.3199462890625,679000,1942.84,1964.92,2009.49,55.6,30.23,
2015-10-02,1979.4100341796875,1985.5699462890625,1969.6800537109375,1969.6800537109375,1031000,1945.56,1962.64,2009.61,53.4,29.21,
2015-10-05,1981.5999755859375,1994.6500244140625,1975.550048828125,1978.25,545600,1948.7,1960.91,2009.92,55.1,28.91,
2015-10-06,1996.2900390625,1998.02001953125,1985.1700439453125,1990.6500244140625,661600,1953.93,1959.42,2010.26,57.6,28.25,
2015-10-07,1995.8699951171875,2006.239990234375,1994.550048828125,2005.8399658203125,761700,1960.06,1958.62,2010.69,60.4,27.35,
2015-10-08,2016.3599853515625,2020.18994140625,1998.6600341796875,2019.530029296875,701000,1967.1,1958.24,2011.27,62.8,26.93,
2015-10-12,2022.3299560546875,2030.9200439453125,2015.4300537109375,2021.6300048828125,635100,1971.47,1957.89,2011.87,63.2,26.12,
2015-10-13,2021.199951171875,2024.5,2010.1600341796875,2019.050048828125,605000,1974.32,1957.52,2012.48,62.3,25.28,
2015-10-14,2014.469970703125,2016.1400146484375,2002.6300048828125,2009.550048828125,644800,1977.73,1957.33,2012.88,59.3,24.64,
2015-10-15,2008.2900390625,2035.800048828125,2007.4599609375,2033.27001953125,498900,1982.82,1957.39,2013.33,64.0,24.91,
2015-10-16,2037.97998046875,2038.06005859375,2025.18994140625,2030.260009765625,550800,1987.45,1957.82,2013.79,63.0,24.05,
2015-10-19,2032.3599853515625,2036.300048828125,2022.25,2030.27001953125,726800,1990.19,1957.87,2014.2,63.0,23.33,
2015-10-20,2031.5,2040.239990234375,2026.6700439453125,2039.3599853515625,958100,1993.34,1958.06,2014.66,65.0,22.64,
2015-10-21,2039.25,2053.949951171875,2035.5899658203125,2042.97998046875,668900,1995.69,1958.65,2015.24,65.7,22.33,
2015-10-22,2040.4300537109375,2042.5699462890625,2019.530029296875,2023.0,695800,1998.61,1958.91,2015.77,58.2,22.41,
2015-10-23,2043.6700439453125,2054.820068359375,2036.9200439453125,2040.4000244140625,649000,2001.52,1959.65,2016.34,62.2,23.08,
2015-10-26,2049.409912109375,2049.60009765625,2039.969970703125,2048.080078125,460000,2006.69,1960.88,2017.01,63.9,22.12,
2015-10-27,2043.52001953125,2045.81005859375,2036.219970703125,2044.6500244140625,449200,2011.57,1962.27,2017.82,62.6,21.39,
2015-10-28,2045.6700439453125,2045.6700439453125,2032.3900146484375,2042.510009765625,402200,2016.55,1963.45,2018.61,61.7,20.81,
2015-10-29,2050.969970703125,2064.719970703125,2032.56005859375,2034.1600341796875,481300,2020.12,1964.76,2019.26,58.3,21.62,
2015-10-30,2034.780029296875,2038.56005859375,2027.800048828125,2029.469970703125,380700,2022.63,1966.23,2019.78,56.5,20.84,
2015-11-02,2033.1500244140625,2036.050048828125,2028.199951171875,2035.239990234375,366400,2025.91,1968.14,2020.35,58.2,19.92,
2015-11-03,2042.5999755859375,2053.239990234375,2040.75,2048.39990234375,591700,2029.42,1970.82,2021.01,62.0,19.78,
2015-11-04,2053.510009765625,2056.1201171875,2042.3800048828125,2052.77001953125,545100,2032.52,1974.35,2021.7,63.2,19.35,
2015-11-05,2049.300048828125,2050.43994140625,2039.9300537109375,2049.409912109375,349100,2034.7,1978.75,2022.38,61.6,18.88,
2015-11-06,2048.169921875,2055.139892578125,2038.4599609375,2041.0699462890625,465000,2035.78,1982.63,2023.15,57.7,18.73,
2015-11-09,2038.5899658203125,2038.5899658203125,2022.52001953125,2025.699951171875,435400,2035.98,1985.27,2023.76,51.2,18.71,
2015-11-10,2015.449951171875,2015.449951171875,1988.5400390625,1996.5899658203125,417500,2034.86,1987.04,2024.15,41.7,20.03,
2015-11-11,1993.81005859375,2001.72998046875,1983.1400146484375,1997.27001953125,286600,2034.24,1988.23,2024.53,42.0,19.93,
2015-11-12,1997.3199462890625,1998.6600341796875,1991.280029296875,1993.3599853515625,389400,2032.25,1989.27,2024.89,40.8,19.03,
2015-11-13,1975.969970703125,1981.27001953125,1969.7099609375,1973.2900390625,342300,2029.4,1990.45,2025.08,35.3,19.36,
2015-11-16,1945.6800537109375,1956.0899658203125,1942.8499755859375,1943.02001953125,433400,2025.04,1991.0,2025.12,29.0,20.15,
2015-11-17,1967.3599853515625,1974.0799560546875,1959.219970703125,1963.5799560546875,417600,2021.25,1991.97,2025.17,37.2,20.93,
2015-11-18,1967.25,1973.1600341796875,1961.4300537109375,1962.8800048828125,541900,2017.24,1993.5,2025.18,37.1,20.27,
2015-11-19,1976.93994140625,1988.9200439453125,1972.8499755859375,1988.9100341796875,422500,2015.54,1995.62,2025.37,46.2,20.69,
2015-11-20,1988.9599609375,1993.969970703125,1985.9300537109375,1989.8599853515625,413700,2013.01,1997.84,2025.57,46.5,19.78,
2015-11-23,1995.9200439453125,2008.3399658203125,1992.8599853515625,2003.699951171875,383200,2010.79,1999.23,2025.83,50.8,19.69,
2015-11-24,2004.2900390625,2019.949951171875,2003.06005859375,2016.2900390625,417000,2009.37,2000.31,2026.15,54.5,19.49,
2015-11-25,2018.239990234375,2018.9300537109375,2007.9100341796875,2009.4200439453125,391600,2007.72,2001.67,2026.38,52.2,18.89,
2015-11-26,2014.8800048828125,2033.1800537109375,2014.8800048828125,2030.6800537109375,454500,2007.55,2003.66,2026.77,58.0,19.23,
2015-11-27,2038.7099609375,2038.719970703125,2026.4000244140625,2028.989990234375,482000,2007.52,2005.49,2027.14,57.4,18.74,
2015-11-30,2022.3800048828125,2022.3800048828125,1987.1199951171875,1991.969970703125,452900,2005.36,2005.82,2027.36,46.2,20.39,
2015-12-01,2001.510009765625,2026.3299560546875,2001.510009765625,2023.9300537109375,573300,2004.13,2006.77,2027.8,54.5,21.39,
2015-12-02,2026.0799560546875,2026.18994140625,2009.2900390625,2009.2900390625,631300,2001.96,2007.03,2028.12,50.6,21.07,
2015-12-03,2000.199951171875,2000.199951171875,1981.5899658203125,1994.0699462890625,365900,1999.19,2007.62,2028.38,46.9,21.54,
2015-12-04,1972.1600341796875,1983.02001953125,1970.47998046875,1974.4000244140625,379500,1995.86,2007.47,2028.47,42.6,21.69,
2015-12-07,1987.6199951171875,1988.0400390625,1963.6600341796875,1963.6700439453125,382100,1992.76,2007.85,2028.5,40.4,21.88,
2015-12-08,1964.219970703125,1971.0699462890625,1948.4300537109375,1949.0400390625,406200,1990.38,2007.89,2028.43,37.5,21.94,
2015-12-09,1951.3900146484375,1956.699951171875,1944.780029296875,1948.239990234375,378100,1987.93,2008.0,2028.33,37.4,21.22,
2015-12-10,1947.2099609375,1956.8399658203125,1940.4000244140625,1952.0699462890625,377800,1985.87,2007.78,2028.21,38.7,20.88,
2015-12-11,1952.8199462890625,1961.0,1943.6700439453125,1948.6199951171875,380700,1984.63,2007.17,2028.0,37.9,20.62,
2015-12-14,1926.3599853515625,1930.4000244140625,1919.219970703125,1927.8199462890625,439700,1983.87,2006.33,2027.68,33.6,21.25,
2015-12-15,1935.8199462890625,1938.0400390625,1925.75,1932.969970703125,434700,1982.34,2005.42,2027.41,35.6,20.61,
2015-12-16,1950.1500244140625,1975.6300048828125,1950.050048828125,1969.4000244140625,475100,1982.67,2005.0,2027.28,47.4,22.19,
2015-12-17,1984.06005859375,1987.8299560546875,1967.6400146484375,1977.9599609375,379600,1982.12,2004.44,2027.16,49.7,22.04,
2015-12-18,1960.3199462890625,1981.4200439453125,1958.1199951171875,1975.3199462890625,677700,1981.39,2003.56,2027.04,49.0,22.13,
2015-12-21,1974.260009765625,1986.6600341796875,1968.1400146484375,1981.18994140625,539600,1980.27,2002.75,2026.96,50.7,21.88,
2015-12-22,1984.3699951171875,1992.719970703125,1971.3199462890625,1992.56005859375,577200,1979.08,2002.22,2026.86,53.9,21.84,
2015-12-23,1994.199951171875,2007.4200439453125,1989.300048828125,1999.219970703125,502400,1978.57,2002.01,2026.89,55.8,21.58,
2015-12-24,2009.3399658203125,2009.989990234375,1990.6500244140625,1990.6500244140625,504600,1976.57,2001.16,2026.92,52.9,21.42,
2015-12-28,1990.5899658203125,1991.18994140625,1964.06005859375,1964.06005859375,396600,1973.32,1999.84,2026.83,45.0,21.82,
2015-12-29,1956.489990234375,1968.5699462890625,1946.2099609375,1966.31005859375,401400,1972.04,1998.56,2026.81,45.8,21.86,
2015-12-30,1973.030029296875,1974.6700439453125,1958.780029296875,1961.31005859375,304500,1968.91,1996.99,2026.69,44.3,21.44,
2016-01-04,1954.469970703125,1954.52001953125,1918.760009765625,1918.760009765625,359000,1964.38,1994.51,2026.35,34.5,22.94,
2016-01-05,1911.9300537109375,1937.5699462890625,1911.9300537109375,1930.530029296875,446500,1961.21,1992.66,2025.85,38.6,23.14,
2016-01-06,1934.25,1934.25,1911.6099853515625,1925.4300537109375,594600,1958.76,1990.36,2025.34,37.5,23.1,
2016-01-07,1915.7099609375,1926.4100341796875,1901.239990234375,1904.3299560546875,393000,1955.79,1987.49,2024.67,33.3,23.25,
2016-01-08,1889.4200439453125,1918.25,1883.8199462890625,1917.6199951171875,430200,1954.22,1984.95,2024.07,38.0,24.05,
2016-01-11,1897.1800537109375,1907.4300537109375,1892.68994140625,1894.8399658203125,328800,1951.55,1981.99,2023.36,33.7,24.11,
2016-01-12,1907.6099853515625,1910.5899658203125,1888.93994140625,1890.8599853515625,295100,1948.49,1979.13,2022.61,33.0,23.93,
2016-01-13,1904.3299560546875,1921.0,1902.489990234375,1916.280029296875,265200,1946.87,1976.86,2021.98,41.4,24.38,
2016-01-14,1893.1800537109375,1900.47998046875,1882.02001953125,1900.010009765625,311000,1945.48,1974.16,2021.36,38.1,25.08,
2016-01-15,1915.8299560546875,1918.300048828125,1873.3499755859375,1878.8699951171875,312400,1942.78,1970.77,2020.66,34.3,26.5,
2016-01-18,1856.030029296875,1882.2099609375,1854.550048828125,1878.449951171875,276900,1938.23,1967.28,2019.9,34.2,26.59,
2016-01-19,1879.800048828125,1889.9000244140625,1866.760009765625,1889.6400146484375,335300,1933.81,1964.09,2019.14,38.0,26.34,
2016-01-20,1885.3599853515625,1885.3599853515625,1830.06005859375,1845.449951171875,407300,1927.32,1960.17,2018.23,30.5,28.71,
2016-01-21,1848.0999755859375,1860.02001953125,1838.0400390625,1840.530029296875,433700,1920.29,1956.47,2017.29,29.8,28.23,
2016-01-22,1860.300048828125,1879.4300537109375,1859.5400390625,1879.4300537109375,408500,1914.63,1954.13,2016.46,41.4,28.99,
2016-01-25,1890.1500244140625,1901.219970703125,1882.739990234375,1893.4300537109375,315300,1909.34,1952.05,2015.69,44.9,28.48,
2016-01-26,1881.8699951171875,1884.1300048828125,1862.97998046875,1871.68994140625,298800,1903.39,1949.62,2014.81,40.8,28.62,
2016-01-27,1888.0699462890625,1902.030029296875,1883.3900146484375,1897.8699951171875,348900,1900.08,1948.11,2014.01,47.1,28.74,
2016-01-28,1885.3800048828125,1907.56005859375,1877.780029296875,1906.93994140625,354300,1897.11,1947.39,2013.25,49.1,28.82,
2016-01-29,1905.010009765625,1912.0699462890625,1888.47998046875,1912.06005859375,386600,1894.65,1946.36,2012.37,50.2,28.44,
2016-02-01,1919.6199951171875,1926.1099853515625,1912.8499755859375,1924.8199462890625,440300,1894.95,1945.6,2011.5,53.1,27.42,
2016-02-02,1914.9599609375,1920.02001953125,1906.06005859375,1906.5999755859375,412300,1893.76,1943.95,2010.47,48.8,26.8,
2016-02-03,1893.8299560546875,1894.719970703125,1882.75,1890.6700439453125,408600,1892.02,1941.97,2009.33,45.3,26.59,
2016-02-04,1900.47998046875,1917.0899658203125,1897.1800537109375,1916.260009765625,365800,1892.62,1940.22,2008.21,51.3,26.58,
2016-02-05,1914.550048828125,1921.760009765625,1910.31005859375,1917.7900390625,305800,1892.62,1938.25,2007.08,51.6,25.49,
2016-02-11,1872.6800537109375,1877.77001953125,1858.9000244140625,1861.5400390625,386400,1890.96,1935.29,2005.65,40.5,27.88,
2016-02-12,1850.6700439453125,1857.1199951171875,1817.969970703125,1835.280029296875,470500,1888.18,1931.38,2004.11,36.5,29.0,
2016-02-15,1857.3299560546875,1864.6199951171875,1847.5999755859375,1862.199951171875,284600,1885.48,1928.05,2002.7,42.7,29.03,
2016-02-16,1870.0999755859375,1892.1500244140625,1868.1099853515625,1888.300048828125,388300,1884.89,1925.97,2001.27,48.0,29.09,
2016-02-17,1889.4100341796875,1897.3699951171875,1881.030029296875,1883.93994140625,344600,1885.14,1923.17,1999.89,47.2,28.18,
2016-02-18,1909.4000244140625,1910.1199951171875,1898.489990234375,1908.8399658203125,332600,1886.66,1921.16,1998.65,52.1,28.04,
2016-02-19,1904.5,1916.239990234375,1902.239990234375,1916.239990234375,312200,1887.99,1919.61,1997.49,53.4,27.03,
2016-02-22,1911.56005859375,1921.1400146484375,1905.8499755859375,1916.3599853515625,267900,1891.54,1918.45,1996.36,53.4,26.2,
2016-02-23,1928.8499755859375,1929.530029296875,1909.7900390625,1914.219970703125,326800,1895.22,1917.46,1995.3,52.9,25.73,
2016-02-24,1908.7099609375,1918.6300048828125,1906.18994140625,1912.530029296875,281600,1896.88,1916.73,1994.2,52.5,24.79,
2016-02-25,1919.0799560546875,1928.489990234375,1906.989990234375,1918.5699462890625,305800,1898.14,1916.13,1993.27,53.9,24.55,
2016-02-26,1927.0999755859375,1927.800048828125,1917.0699462890625,1920.1600341796875,280200,1900.56,1915.49,1992.41,54.3,23.56,
2016-02-29,1921.760009765625,1927.050048828125,1916.6600341796875,1916.6600341796875,275100,1901.5,1914.86,1991.57,53.3,22.62,
2016-03-02,1944.27001953125,1949.93994140625,1942.239990234375,1947.4200439453125,323400,1903.52,1915.25,1990.82,60.5,23.38,
2016-03-03,1957.8299560546875,1958.1700439453125,1946.5699462890625,1958.1700439453125,421000,1905.83,1915.75,1990.13,62.7,22.54,
2016-03-04,1956.010009765625,1958.4599609375,1949.469970703125,1955.6300048828125,316400,1907.37,1915.48,1989.33,61.8,21.57,
2016-03-07,1961.260009765625,1963.4300537109375,1955.969970703125,1957.8699951171875,344600,1909.93,1915.07,1988.52,62.3,20.59,
2016-03-08,1958.93994140625,1958.93994140625,1935.550048828125,1946.1199951171875,358700,1912.71,1914.49,1987.72,58.1,20.79,
2016-03-09,1940.550048828125,1952.949951171875,1938.3199462890625,1952.949951171875,355400,1914.54,1913.93,1986.92,59.8,20.35,
2016-03-10,1958.8699951171875,1976.18994140625,1955.6700439453125,1969.3299560546875,352300,1917.12,1913.46,1986.16,63.6,20.56,
2016-03-11,1968.300048828125,1975.8699951171875,1966.6500244140625,1971.4100341796875,303400,1922.61,1912.9,1985.32,64.1,19.75,
2016-03-14,1985.739990234375,1985.9000244140625,1970.56005859375,1972.27001953125,357100,1929.46,1912.54,1984.56,64.3,19.43,
2016-03-15,1975.6099853515625,1979.4599609375,1966.43994140625,1969.969970703125,264600,1934.85,1912.66,1983.68,63.3,18.97,
2016-03-16,1971.5799560546875,1982.0799560546875,1969.6600341796875,1974.9000244140625,294500,1939.18,1912.83,1982.84,64.6,18.51,
2016-03-17,1984.68994140625,2000.300048828125,1984.3299560546875,1987.989990234375,291600,1944.38,1913.36,1982.24,67.9,19.0,
2016-03-18,1996.31005859375,1996.31005859375,1986.0400390625,1992.1199951171875,385800,1948.54,1914.83,1981.65,68.9,18.37,
2016-03-21,1999.25,2003.1199951171875,1982.699951171875,1989.760009765625,323300,1952.22,1916.01,1981.02,67.6,18.52,
2016-03-22,1993.3699951171875,1997.760009765625,1986.8699951171875,1996.81005859375,383800,1956.24,1917.44,1980.5,69.5,17.98,
2016-03-23,1996.469970703125,2001.6700439453125,1989.8399658203125,1995.1199951171875,367600,1960.29,1919.26,1980.08,68.5,17.54,
2016-03-24,1988.4599609375,1992.760009765625,1981.1700439453125,1985.969970703125,341200,1963.96,1920.62,1979.69,63.2,17.28,
2016-03-25,1991.06005859375,1991.06005859375,1981.530029296875,1983.81005859375,463400,1967.22,1922.4,1979.25,61.9,16.73,
2016-03-28,1984.9300537109375,1992.4599609375,1981.3699951171875,1982.5400390625,410500,1970.34,1924.24,1978.82,61.2,16.32,
2016-03-29,1986.9300537109375,1997.3299560546875,1984.0699462890625,1994.9100341796875,385500,1974.25,1925.81,1978.47,65.6,16.21,
2016-03-30,2005.239990234375,2009.0999755859375,1998.510009765625,2002.1400146484375,368300,1976.99,1927.85,1978.16,67.8,16.07,
2016-03-31,2005.719970703125,2007.4300537109375,1986.739990234375,1995.8499755859375,335100,1978.87,1930.19,1977.88,63.9,16.4,
2016-04-01,1994.77001953125,1994.77001953125,1970.1700439453125,1973.5699462890625,392300,1979.77,1932.09,1977.47,52.3,17.06,
2016-04-04,1974.72998046875,1979.030029296875,1969.3499755859375,1978.969970703125,363300,1980.83,1933.88,1977.1,54.4,16.54,
2016-04-05,1972.3800048828125,1973.1700439453125,1959.260009765625,1962.739990234375,368200,1981.66,1936.23,1976.7,47.5,16.76,
2016-04-06,1963.1700439453125,1975.0899658203125,1961.510009765625,1971.3199462890625,358000,1982.58,1938.84,1976.42,51.0,16.54,
2016-04-07,1978.75,1980.4300537109375,1964.989990234375,1973.8900146484375,434100,1982.8,1940.73,1976.11,52.1,16.46,
2016-04-08,1961.2900390625,1972.1199951171875,1954.1099853515625,1972.050048828125,400600,1982.84,1942.3,1975.76,51.2,16.69,
2016-04-11,1972.25,1973.9000244140625,1963.2099609375,1970.3699951171875,379500,1982.74,1944.28,1975.38,50.4,16.27,
2016-04-12,1970.5,1981.72998046875,1968.5,1981.3199462890625,387300,1983.31,1945.95,1975.01,55.4,16.05,
2016-04-14,2004.1500244140625,2016.030029296875,2000.8299560546875,2015.9300537109375,473500,1985.36,1948.13,1974.68,66.6,17.38,
2016-04-15,2013.3800048828125,2016.949951171875,2008.6800537109375,2014.7099609375,317700,1986.7,1950.18,1974.33,66.0,16.73,
2016-04-18,2001.3499755859375,2009.550048828125,1998.489990234375,2009.0999755859375,339200,1987.54,1951.86,1973.95,63.0,16.69,
2016-04-19,2015.0999755859375,2020.2900390625,2007.6800537109375,2011.3599853515625,401200,1988.62,1953.96,1973.55,63.7,16.4,
2016-04-20,2017.050048828125,2023.77001953125,2005.8199462890625,2005.8299560546875,424000,1989.07,1956.26,1973.28,60.7,16.51,
2016-04-21,2014.5999755859375,2022.0999755859375,2009.449951171875,2022.0999755859375,392100,1990.42,1958.38,1973.02,65.9,16.5,
2016-04-22,2014.9300537109375,2017.9000244140625,2010.93994140625,2015.489990234375,480500,1991.9,1960.33,1972.61,62.3,16.11,
2016-04-25,2016.050048828125,2016.6500244140625,2007.1800537109375,2014.550048828125,397700,1993.44,1963.39,1972.14,61.8,15.64,
2016-04-26,2013.260009765625,2021.5899658203125,2011.8499755859375,2019.6300048828125,509300,1995.29,1967.08,1971.72,63.5,15.22,
2016-04-27,2019.31005859375,2019.8599853515625,2012.75,2015.4000244140625,412800,1996.32,1970.14,1971.53,61.0,14.64,
2016-04-28,2020.8299560546875,2022.989990234375,1998.5999755859375,2000.9300537109375,341100,1996.26,1972.4,1971.33,53.2,15.34,
2016-04-29,1998.6800537109375,1999.3399658203125,1983.300048828125,1994.1500244140625,401100,1996.17,1974.6,1971.22,50.0,15.5,
2016-05-02,1991.8399658203125,1991.8399658203125,1977.030029296875,1978.1500244140625,328200,1996.4,1975.99,1970.97,43.4,15.62,
2016-05-03,1988.3399658203125,1989.4100341796875,1979.6600341796875,1986.4100341796875,310500,1996.77,1977.39,1970.75,47.3,15.3,
2016-05-04,1978.239990234375,1982.3800048828125,1969.219970703125,1976.7099609375,352700,1997.47,1978.6,1970.33,43.5,15.44,
2016-05-09,1974.52001953125,1976.1400146484375,1962.9200439453125,1967.81005859375,342200,1997.29,1979.67,1969.87,40.3,15.32,
2016-05-10,1965.8599853515625,1982.5,1964.9000244140625,1982.5,369100,1997.73,1981.07,1969.42,47.2,15.48,
2016-05-11,1989.1700439453125,1989.1700439453125,1970.47998046875,1980.0999755859375,398500,1998.13,1982.3,1968.88,46.2,15.71,
2016-05-12,1973.280029296875,1981.489990234375,1970.5400390625,1977.489990234375,462900,1998.48,1983.45,1968.38,45.2,15.37,
2016-05-13,1979.969970703125,1980.449951171875,1962.77001953125,1966.989990234375,509100,1997.77,1984.45,1967.85,41.1,15.54,
2016-05-16,1961.9100341796875,1970.530029296875,1961.3199462890625,1967.9100341796875,526700,1995.37,1984.86,1967.27,41.6,15.09,
2016-05-17,1973.8599853515625,1975.0999755859375,1962.5699462890625,1968.06005859375,597600,1993.03,1985.06,1966.79,41.7,14.9,
2016-05-18,1962.780029296875,1964.3399658203125,1945.56005859375,1956.72998046875,696300,1990.42,1985.08,1966.25,37.2,15.45,
2016-05-19,1953.9100341796875,1954.2900390625,1942.47998046875,1946.780029296875,505900,1987.19,1984.86,1965.75,33.8,15.36,
2016-05-20,1943.8399658203125,1951.5,1940.3599853515625,1947.6700439453125,388100,1984.28,1984.89,1965.29,34.4,15.06,
2016-05-23,1954.260009765625,1956.77001953125,1940.43994140625,1955.25,399500,1980.94,1984.94,1964.87,39.3,15.15,
2016-05-24,1951.1800537109375,1951.3900146484375,1937.6700439453125,1937.6800537109375,517100,1977.05,1984.3,1964.37,33.1,15.32,
2016-05-25,1953.6300048828125,1964.9100341796875,1951.1700439453125,1960.510009765625,656900,1974.34,1984.09,1964.08,45.2,16.17,
2016-05-26,1965.81005859375,1967.449951171875,1955.969970703125,1957.06005859375,558300,1971.21,1983.78,1963.72,43.9,15.84,
2016-05-27,1962.3299560546875,1971.27001953125,1959.75,1969.1700439453125,523500,1968.9,1983.77,1963.52,49.3,15.72,
2016-05-30,1969.719970703125,1970.5400390625,1955.489990234375,1967.1300048828125,550500,1967.21,1983.61,1963.22,48.5,15.67,
2016-05-31,1962.469970703125,1984.1800537109375,1958.1600341796875,1983.4000244140625,657000,1966.68,1983.52,1962.98,55.1,16.41,
2016-06-01,1976.8699951171875,1986.760009765625,1975.8199462890625,1982.719970703125,502300,1966.9,1983.33,1962.83,54.8,16.02,
2016-06-02,1983.8599853515625,1988.0,1978.8199462890625,1985.1099853515625,474200,1966.84,1983.24,1962.71,55.8,15.53,
2016-06-03,1991.5799560546875,1991.5799560546875,1979.6600341796875,1985.8399658203125,540900,1967.3,1983.02,1962.62,56.1,15.28,
2016-06-07,1993.0799560546875,2011.6700439453125,1992.77001953125,2011.6300048828125,481300,1969.49,1983.35,1962.74,65.3,16.03,
2016-06-08,2013.719970703125,2027.0899658203125,2008.5899658203125,2027.0799560546875,497900,1971.72,1984.17,1963.0,69.5,16.21,
2016-06-09,2028.02001953125,2035.27001953125,2012.1400146484375,2024.1700439453125,599700,1973.92,1984.98,1963.21,67.8,16.7,
2016-06-10,2022.77001953125,2022.77001953125,2014.1500244140625,2017.6300048828125,404300,1975.93,1985.68,1963.45,64.2,16.22,
2016-06-13,2001.030029296875,2001.7900390625,1976.68994140625,1979.06005859375,443000,1976.53,1985.36,1963.56,47.7,17.99,
2016-06-14,1976.800048828125,1982.3199462890625,1965.3399658203125,1972.030029296875,439900,1976.74,1984.76,1963.73,45.4,17.92,
2016-06-15,1972.0,1975.8699951171875,1960.969970703125,1968.8299560546875,376800,1976.77,1984.22,1964.0,44.4,17.7,
2016-06-16,1971.530029296875,1974.010009765625,1944.800048828125,1951.989990234375,438800,1976.54,1983.79,1964.38,39.3,18.52,
2016-06-17,1966.22998046875,1970.5400390625,1949.5999755859375,1953.4000244140625,485300,1976.87,1983.28,1965.0,39.9,18.7,
2016-06-20,1974.4300537109375,1984.0699462890625,1969.56005859375,1981.1199951171875,391300,1978.54,1983.65,1965.67,50.6,19.55,
2016-06-21,1977.800048828125,1983.8699951171875,1971.989990234375,1982.699951171875,557400,1979.91,1983.87,1966.11,51.2,19.0,
2016-06-22,1981.780029296875,1994.760009765625,1979.3699951171875,1992.5799560546875,407400,1982.66,1984.25,1966.54,54.5,18.75,
2016-06-23,1989.4200439453125,1990.7099609375,1980.1400146484375,1986.7099609375,455400,1983.97,1984.54,1966.78,52.2,18.29,
2016-06-24,2001.550048828125,2001.550048828125,1892.75,1925.239990234375,750500,1982.38,1983.64,1966.7,35.5,24.76,
2016-06-27,1901.8499755859375,1926.8699951171875,1900.8299560546875,1926.8499755859375,394300,1980.26,1982.55,1966.76,36.1,24.85,
2016-06-28,1907.7099609375,1937.989990234375,1907.489990234375,1936.219970703125,373500,1978.72,1980.95,1966.87,39.5,25.25,
2016-06-29,1946.31005859375,1966.2099609375,1941.9000244140625,1956.3599853515625,451200,1977.36,1979.79,1967.07,46.1,25.59,
2016-06-30,1971.5400390625,1972.81005859375,1959.280029296875,1970.3499755859375,349900,1976.74,1979.01,1967.49,50.2,24.94,
2016-07-01,1977.3599853515625,1993.97998046875,1975.8900146484375,1987.3199462890625,448100,1976.86,1978.53,1968.01,54.7,24.85,
2016-07-04,1989.43994140625,1997.3699951171875,1985.1099853515625,1995.300048828125,468600,1977.33,1978.32,1968.6,56.6,23.95,
2016-07-05,1995.68994140625,1996.77001953125,1985.93994140625,1989.8499755859375,405500,1976.24,1977.68,1968.88,54.9,23.01,
2016-07-06,1980.1099853515625,1982.800048828125,1944.3299560546875,1953.1199951171875,457400,1972.54,1976.43,1968.83,44.8,24.62,
2016-07-07,1963.300048828125,1976.489990234375,1959.8299560546875,1974.0799560546875,378800,1970.04,1975.62,1968.99,50.4,24.53,
2016-07-08,1972.280029296875,1979.75,1956.9100341796875,1963.0999755859375,356500,1967.31,1974.49,1969.15,47.7,24.41,
2016-07-11,1979.3599853515625,1990.949951171875,1977.81005859375,1988.5400390625,337800,1967.78,1973.95,1969.41,53.9,24.65,
2016-07-12,1991.1300048828125,1998.030029296875,1986.449951171875,1991.22998046875,432700,1968.74,1973.76,1969.49,54.5,23.72,
2016-07-13,2007.6500244140625,2013.5999755859375,1995.8399658203125,2005.550048828125,357600,1970.58,1973.98,1969.63,57.8,23.62,
2016-07-14,2004.1199951171875,2009.6700439453125,1997.93994140625,2008.77001953125,340200,1973.42,1974.6,1969.7,58.5,22.77,
2016-07-15,2015.3699951171875,2022.3399658203125,2011.0999755859375,2017.260009765625,477800,1976.61,1975.21,1969.96,60.4,22.12,
2016-07-18,2018.219970703125,2022.1099853515625,2012.300048828125,2021.1099853515625,380100,1978.61,1976.1,1970.15,61.2,21.24,
2016-07-19,2022.800048828125,2023.219970703125,2010.27001953125,2016.8900146484375,380800,1980.32,1977.08,1970.51,59.7,20.65,
2016-07-20,2013.4000244140625,2015.469970703125,2003.8699951171875,2015.4599609375,316300,1981.47,1977.74,1970.86,59.2,20.1,
2016-07-21,2019.3599853515625,2020.550048828125,2007.5899658203125,2012.219970703125,391000,1982.74,1978.38,1971.2,57.9,19.59,
2016-07-22,2005.3699951171875,2014.43994140625,2002.6600341796875,2010.3399658203125,321000,1987.0,1979.04,1971.44,57.1,19.03,
2016-07-25,2014.739990234375,2020.68994140625,2006.6300048828125,2012.3199462890625,350200,1991.27,1979.95,1971.61,57.7,18.68,
2016-07-26,2009.4000244140625,2027.3399658203125,2008.25,2027.3399658203125,338600,1995.83,1981.14,1971.89,62.4,18.71,
2016-07-27,2027.0699462890625,2030.68994140625,2021.1500244140625,2025.050048828125,411700,1999.26,1982.28,1972.13,61.3,18.05,
2016-07-28,2029.0699462890625,2029.3800048828125,2014.3599853515625,2021.0999755859375,350900,2001.8,1983.56,1972.28,59.3,17.84,
2016-07-29,2023.239990234375,2028.989990234375,2016.18994140625,2016.18994140625,366400,2003.24,1984.95,1972.33,56.9,17.48,
2016-08-01,2024.7099609375,2031.5799560546875,2024.5699462890625,2029.6099853515625,369600,2004.96,1986.59,1972.38,61.5,17.33,
2016-08-02,2023.550048828125,2026.0999755859375,2017.5899658203125,2019.030029296875,409900,2006.42,1987.87,1972.37,56.4,16.95,
2016-08-03,2008.6800537109375,2008.6800537109375,1993.0,1994.7900390625,485900,2008.5,1989.01,1972.25,46.8,17.6,
2016-08-04,2006.0799560546875,2006.47998046875,1994.72998046875,2000.030029296875,326500,2009.8,1989.8,1972.2,48.8,17.18,
2016-08-05,2006.22998046875,2018.1600341796875,2004.3699951171875,2017.93994140625,289300,2012.54,1991.02,1972.12,55.1,17.25,
2016-08-08,2025.550048828125,2031.1400146484375,2018.81005859375,2031.1199951171875,270500,2014.67,1992.26,1972.13,59.1,16.96,
2016-08-09,2033.52001953125,2046.030029296875,2032.1800537109375,2043.780029296875,436700,2017.29,1993.79,1972.2,62.5,16.81,
2016-08-10,2043.030029296875,2049.360107421875,2039.8599853515625,2044.6400146484375,331100,2019.25,1995.01,1972.22,62.8,16.29,
2016-08-11,2042.6400146484375,2048.800048828125,2035.25,2048.800048828125,346100,2021.25,1996.34,1972.25,63.9,16.09,
2016-08-12,2053.820068359375,2060.840087890625,2046.1500244140625,2050.469970703125,376500,2022.91,1997.64,1972.39,64.4,15.99,
2016-08-16,2056.0,2063.090087890625,2047.72998046875,2047.760009765625,374900,2024.24,1998.88,1972.43,63.0,15.95,
2016-08-17,2045.3699951171875,2048.2900390625,2032.530029296875,2043.75,391700,2025.59,1999.52,1972.4,60.8,15.93,
2016-08-18,2048.14990234375,2056.090087890625,2041.9000244140625,2055.469970703125,353100,2027.59,2000.09,1972.46,64.6,15.81,
2016-08-19,2057.89990234375,2059.300048828125,2049.52001953125,2056.239990234375,392300,2029.79,2000.73,1972.53,64.9,15.38,
2016-08-22,2054.3701171875,2054.7099609375,2040.510009765625,2042.1600341796875,343500,2031.38,2001.22,1972.57,57.1,15.4,
2016-08-23,2044.27001953125,2051.429931640625,2041.8599853515625,2049.929931640625,360400,2033.26,2002.64,1972.67,60.0,14.99,
2016-08-24,2050.820068359375,2052.739990234375,2039.530029296875,2043.760009765625,285200,2034.08,2004.08,1972.71,56.7,14.86,
2016-08-25,2041.5799560546875,2046.0,2035.010009765625,2042.9200439453125,277400,2034.97,2005.56,1972.68,56.3,14.58,
2016-08-26,2036.739990234375,2039.9100341796875,2027.6800537109375,2037.5,288200,2035.79,2007.27,1972.61,53.4,14.63,
2016-08-29,2028.6400146484375,2034.6300048828125,2024.9300537109375,2032.3499755859375,317000,2036.6,2008.85,1972.52,50.7,14.48,
2016-08-30,2038.5999755859375,2049.989990234375,2036.760009765625,2039.739990234375,378600,2037.11,2010.02,1972.52,54.3,14.71,
2016-08-31,2038.5799560546875,2041.1700439453125,2027.239990234375,2034.6500244140625,401000,2037.89,2011.06,1972.56,51.5,14.65,
2016-09-01,2022.9599609375,2032.719970703125,2016.469970703125,2032.719970703125,300500,2039.79,2011.86,1972.74,50.5,14.91,
2016-09-02,2033.9200439453125,2039.1800537109375,2030.1700439453125,2038.31005859375,342600,2041.7,2012.89,1972.95,53.4,14.48,
2016-09-05,2049.18994140625,2061.0,2047.489990234375,2060.080078125,573000,2043.81,2015.59,1973.28,62.7,15.07,
2016-09-06,2058.2099609375,2067.77001953125,2057.260009765625,2066.530029296875,462600,2045.58,2018.38,1973.75,64.9,14.74,
2016-09-07,2068.81005859375,2073.889892578125,2061.8798828125,2061.8798828125,687200,2046.48,2020.9,1974.34,62.0,14.55,
2016-09-08,2064.9599609375,2070.659912109375,2053.199951171875,2063.72998046875,656700,2047.44,2023.04,1974.84,62.8,14.76,
2016-09-09,2048.93994140625,2049.300048828125,2029.4599609375,2037.8699951171875,392700,2046.89,2024.39,1975.22,49.0,16.15,
2016-09-12,2003.6700439453125,2011.0400390625,1991.469970703125,1991.47998046875,422900,2043.94,2024.48,1975.23,34.4,18.31,
2016-09-13,2011.9300537109375,2013.030029296875,1997.5799560546875,1999.3599853515625,437400,2041.52,2024.56,1975.28,37.8,18.54,
2016-09-19,1997.4300537109375,2019.449951171875,1997.0999755859375,2015.780029296875,434400,2040.12,2025.08,1975.34,44.3,18.81,
2016-09-20,2014.5,2026.56005859375,2010.25,2025.7099609375,362300,2038.63,2026.53,1975.38,47.8,18.64,
2016-09-21,2022.81005859375,2035.989990234375,2021.780029296875,2035.989990234375,525100,2037.62,2027.77,1975.52,51.2,18.32,
2016-09-22,2050.31005859375,2060.260009765625,2048.800048828125,2049.699951171875,447600,2038.0,2029.5,1975.61,55.5,18.74,
2016-09-23,2053.219970703125,2057.35009765625,2048.9599609375,2054.070068359375,494100,2038.21,2030.81,1975.74,56.7,18.01,
2016-09-26,2052.760009765625,2060.7099609375,2042.699951171875,2047.1099853515625,359600,2038.37,2031.93,1976.01,54.1,18.01,
2016-09-27,2037.3199462890625,2064.889892578125,2031.1300048828125,2062.820068359375,664000,2039.37,2033.07,1976.21,58.8,19.13,
2016-09-28,2062.570068359375,2062.97998046875,2051.679931640625,2053.06005859375,546500,2040.15,2033.96,1976.43,55.0,18.57,
2016-09-29,2063.739990234375,2072.090087890625,2063.739990234375,2068.719970703125,416200,2041.97,2034.99,1976.8,59.5,18.6,
2016-09-30,2054.25,2056.330078125,2042.77001953125,2043.6300048828125,326400,2042.16,2035.44,1977.15,50.7,19.13,
2016-10-04,2056.93994140625,2059.25,2050.4599609375,2054.860107421875,318900,2043.17,2036.2,1977.6,54.0,18.88,
2016-10-05,2043.3699951171875,2056.010009765625,2036.8699951171875,2053.0,292300,2044.18,2036.95,1978.12,53.4,18.9,
2016-10-06,2069.300048828125,2070.429931640625,2055.830078125,2065.300048828125,337700,2045.53,2038.01,1978.71,57.0,18.79,
2016-10-07,2065.949951171875,2067.489990234375,2051.60009765625,2053.800048828125,422400,2045.22,2038.88,1979.22,52.9,18.58,
2016-10-10,2047.18994140625,2058.72998046875,2039.989990234375,2056.820068359375,314900,2044.73,2039.77,1979.76,53.8,18.6,
2016-10-11,2053.2900390625,2060.780029296875,2030.510009765625,2031.9300537109375,343200,2043.24,2039.86,1980.28,45.7,19.43,
2016-10-12,2022.969970703125,2037.02001953125,2022.3900146484375,2033.72998046875,297400,2041.74,2040.03,1980.78,46.4,19.09,
2016-10-13,2033.989990234375,2035.9300537109375,2014.8900146484375,2015.43994140625,440300,2040.62,2039.92,1981.01,41.2,19.23,
2016-10-14,2021.6600341796875,2028.760009765625,2021.1099853515625,2022.6600341796875,458900,2042.17,2040.05,1981.23,43.8,18.8,
2016-10-17,2028.9300537109375,2033.56005859375,2011.81005859375,2027.6099853515625,333400,2043.59,2040.01,1981.5,45.7,19.02,
2016-10-18,2027.81005859375,2040.719970703125,2026.469970703125,2040.4300537109375,305900,2044.82,2040.44,1981.79,50.2,18.67,
2016-10-19,2036.1800537109375,2050.510009765625,2035.9000244140625,2040.93994140625,321900,2045.58,2041.36,1982.03,50.4,18.38,
2016-10-20,2044.1199951171875,2048.25,2036.5400390625,2040.5999755859375,276000,2045.81,2042.17,1982.24,50.2,17.91,
2016-10-21,2039.4000244140625,2040.4000244140625,2029.7900390625,2033.0,260400,2044.98,2042.47,1982.45,47.3,17.4,
2016-10-24,2037.18994140625,2047.739990234375,2036.77001953125,2047.739990234375,252000,2044.66,2042.81,1982.87,53.0,17.21,
2016-10-25,2042.2900390625,2042.6500244140625,2031.25,2037.1700439453125,299100,2044.16,2042.67,1983.23,48.9,17.16,
2016-10-26,2030.3699951171875,2030.3699951171875,2002.2900390625,2013.8900146484375,392400,2041.72,2042.06,1983.49,41.4,18.42,
2016-10-27,2018.239990234375,2026.3299560546875,2015.6600341796875,2024.1199951171875,298700,2040.27,2041.57,1984.02,45.4,18.0,
2016-10-28,2021.969970703125,2026.8499755859375,2015.719970703125,2019.4200439453125,270500,2037.8,2040.94,1984.46,43.9,17.51,
2016-10-31,2011.2900390625,2016.010009765625,2005.949951171875,2008.18994140625,400700,2036.03,2040.15,1984.87,40.5,17.22,
2016-11-01,2003.4100341796875,2010.510009765625,1990.449951171875,2007.3900146484375,321800,2033.66,2039.43,1985.39,40.3,17.42,
2016-11-02,1995.4100341796875,1997.4599609375,1976.3399658203125,1978.93994140625,333500,2029.96,2037.9,1985.7,32.9,18.39,
2016-11-03,1974.9300537109375,1988.8199462890625,1973.5799560546875,1983.800048828125,272700,2025.88,2036.45,1986.14,35.1,18.17,
2016-11-04,1983.8699951171875,1985.2900390625,1976.5699462890625,1982.02001953125,227800,2022.29,2035.24,1986.6,34.6,17.49,
2016-11-07,1997.5799560546875,2001.739990234375,1992.1400146484375,1997.5799560546875,210300,2019.33,2034.2,1987.0,41.6,17.65,
2016-11-08,2009.56005859375,2010.1700439453125,1994.3299560546875,2003.3800048828125,239600,2017.9,2033.39,1987.52,44.0,17.52,
2016-11-09,2008.0799560546875,2015.22998046875,1931.0699462890625,1958.3800048828125,709000,2014.13,2031.7,1987.92,32.7,22.28,
2016-11-10,1989.8499755859375,2002.5999755859375,1983.260009765625,2002.5999755859375,433900,2013.49,2031.0,1988.54,47.1,23.85,
2016-11-11,1988.8699951171875,1994.050048828125,1982.1500244140625,1984.4300537109375,386900,2011.58,2030.04,1989.01,43.0,23.61,
2016-11-14,1982.9300537109375,1988.6500244140625,1974.27001953125,1974.4000244140625,352100,2008.92,2028.74,1989.66,40.9,22.95,
2016-11-15,1977.3299560546875,1978.93994140625,1967.2099609375,1967.530029296875,375700,2005.28,2027.39,1990.29,39.5,22.15,
2016-11-16,1980.8199462890625,1985.6700439453125,1976.6300048828125,1979.6500244140625,306500,2002.21,2026.33,1990.79,43.3,21.86,
2016-11-17,1976.2099609375,1983.8699951171875,1968.800048828125,1980.550048828125,272200,1999.21,2025.18,1991.23,43.5,21.38,
2016-11-18,1983.0699462890625,1983.260009765625,1968.1300048828125,1974.5799560546875,307000,1996.29,2023.47,1991.74,42.1,20.93,
2016-11-21,1971.030029296875,1976.22998046875,1962.4200439453125,1966.050048828125,223500,1992.2,2021.46,1992.08,40.0,20.42,
2016-11-22,1976.0699462890625,1986.8199462890625,1974.050048828125,1983.469970703125,231400,1989.52,2019.89,1992.47,45.9,20.45,
2016-11-23,1987.6400146484375,1996.6500244140625,1981.219970703125,1987.949951171875,308200,1988.22,2018.37,1992.85,47.3,20.09,
2016-11-24,1985.1099853515625,1988.9599609375,1968.5,1971.260009765625,235400,1985.58,2017.04,1993.08,42.8,20.11,
2016-11-25,1972.5999755859375,1978.449951171875,1969.0899658203125,1974.4599609375,201900,1983.33,2016.7,1993.42,43.9,19.35,
2016-11-28,1976.5799560546875,1983.4300537109375,1966.780029296875,1978.1300048828125,213600,1981.83,2016.28,1993.85,45.2,19.15,
2016-11-29,1977.0999755859375,1982.530029296875,1972.31005859375,1978.3900146484375,214600,1980.38,2015.53,1994.16,45.3,18.52,
2016-11-30,1980.3800048828125,1988.43994140625,1977.0899658203125,1983.47998046875,233100,1980.6,2014.68,1994.49,47.3,18.0,
2016-12-01,1987.47998046875,1989.0799560546875,1979.6700439453125,1983.75,217900,1980.6,2013.64,1995.1,47.4,17.39,
2016-12-02,1980.1400146484375,1981.6400146484375,1966.4200439453125,1970.6099853515625,243200,1980.03,2012.06,1995.78,42.7,17.39,
2016-12-05,1965.7099609375,1971.239990234375,1960.6500244140625,1963.3599853515625,237200,1978.32,2010.24,1996.29,40.4,16.9,
2016-12-06,1976.510009765625,1993.469970703125,1976.510009765625,1989.8599853515625,214600,1977.64,2009.1,1996.79,51.0,17.84,
2016-12-07,1995.68994140625,1997.6199951171875,1987.260009765625,1991.8900146484375,204400,1979.32,2007.68,1997.33,51.7,17.31,
2016-12-08,2008.31005859375,2031.0699462890625,2007.5699462890625,2031.0699462890625,239400,1980.74,2007.24,1997.95,62.9,18.87,
2016-12-09,2024.52001953125,2026.8299560546875,2019.7900390625,2024.68994140625,225700,1982.76,2006.36,1998.49,60.4,18.33,
2016-12-12,2031.949951171875,2031.949951171875,2020.969970703125,2027.239990234375,289800,1985.4,2006.03,1999.04,61.1,17.8,
2016-12-13,2026.3900146484375,2035.989990234375,2023.6099853515625,2035.97998046875,383400,1988.82,2005.65,1999.65,63.3,17.42,
2016-12-14,2043.0699462890625,2044.4200439453125,2031.1800537109375,2036.8699951171875,384000,1991.68,2005.33,2000.27,63.6,17.12,
2016-12-15,2022.1400146484375,2040.6199951171875,2021.760009765625,2036.6500244140625,300200,1994.49,2004.76,2000.86,63.4,17.24,
2016-12-16,2037.3499755859375,2043.5999755859375,2033.22998046875,2042.239990234375,289700,1997.87,2004.53,2001.47,65.0,16.75,
2016-12-19,2039.4000244140625,2046.030029296875,2037.0400390625,2038.3900146484375,249900,2001.49,2004.16,2002.08,63.0,16.2,
2016-12-20,2044.8699951171875,2047.3800048828125,2040.81005859375,2041.93994140625,314200,2004.41,2004.36,2002.55,64.1,15.68,
2016-12-21,2049.469970703125,2053.4599609375,2037.9599609375,2037.9599609375,284600,2006.91,2004.44,2002.95,61.9,15.67,
2016-12-22,2041.6099853515625,2042.9000244140625,2033.989990234375,2035.72998046875,275100,2010.13,2004.85,2003.35,60.6,15.19,
2016-12-23,2036.1700439453125,2037.7099609375,2031.5400390625,2035.9000244140625,310900,2013.21,2005.11,2003.74,60.7,14.54,
2016-12-26,2038.3299560546875,2039.760009765625,2034.800048828125,2037.75,366600,2016.19,2005.32,2004.2,61.4,13.86,
2016-12-27,2040.739990234375,2044.4300537109375,2037.1199951171875,2042.1700439453125,384000,2019.38,2005.35,2004.65,63.3,13.39,
2016-12-28,2021.8599853515625,2029.68994140625,2020.8599853515625,2024.489990234375,356600,2021.43,2005.02,2004.92,52.5,13.96,
2016-12-29,2020.4200439453125,2026.5699462890625,2016.25,2026.4599609375,264500,2023.56,2004.74,2005.2,53.4,13.7,
2017-01-02,2022.22998046875,2031.7900390625,2015.6800537109375,2026.1600341796875,229900,2026.34,2004.6,2005.47,53.2,13.87,
2017-01-03,2034.31005859375,2044.0699462890625,2028.469970703125,2043.969970703125,268100,2030.37,2004.53,2005.84,61.4,14.16,
2017-01-04,2046.2900390625,2046.2900390625,2040.6099853515625,2045.6400146484375,371500,2033.16,2004.7,2006.19,62.0,13.55,
2017-01-05,2045.52001953125,2046.5,2039.489990234375,2041.949951171875,541300,2035.66,2005.26,2006.46,59.6,13.08,
2017-01-06,2048.110107421875,2051.840087890625,2045.6600341796875,2049.1201171875,455400,2036.56,2005.76,2006.75,62.7,12.86,
2017-01-09,2053.179931640625,2053.179931640625,2046.469970703125,2048.780029296875,398300,2037.77,2006.34,2007.04,62.4,12.42,
2017-01-10,2043.300048828125,2046.780029296875,2039.5,2045.1199951171875,512700,2038.66,2007.08,2007.28,59.7,12.19,
2017-01-11,2048.080078125,2079.699951171875,2047.56005859375,2075.169921875,335500,2040.62,2008.44,2007.68,70.8,13.79,
2017-01-12,2077.68994140625,2087.139892578125,2073.889892578125,2087.139892578125,555800,2043.14,2010.6,2008.19,73.9,13.75,
2017-01-13,2077.1201171875,2080.93994140625,2073.43994140625,2076.7900390625,518300,2045.14,2012.46,2008.66,67.3,13.75,
2017-01-16,2077.030029296875,2080.050048828125,2058.929931640625,2064.169921875,683900,2046.24,2014.11,2009.06,60.2,14.28,
2017-01-17,2067.52001953125,2078.800048828125,2065.530029296875,2071.8701171875,601400,2047.91,2015.59,2009.45,62.8,14.3,
2017-01-18,2073.77001953125,2075.22998046875,2058.35009765625,2070.5400390625,530100,2049.34,2016.93,2009.79,62.0,14.49,
2017-01-19,2085.610107421875,2091.02001953125,2065.030029296875,2072.7900390625,415700,2051.09,2019.22,2010.17,62.8,15.31,
2017-01-20,2065.5400390625,2072.320068359375,2064.0,2065.610107421875,392600,2052.58,2020.48,2010.63,58.6,14.84,
2017-01-23,2067.6201171875,2073.800048828125,2058.909912109375,2065.989990234375,444900,2054.08,2022.11,2011.07,58.7,14.85,
2017-01-24,2070.219970703125,2072.659912109375,2058.590087890625,2065.760009765625,312400,2055.48,2023.94,2011.59,58.6,14.79,
2017-01-25,2075.330078125,2077.719970703125,2062.9599609375,2066.93994140625,310200,2056.72,2025.93,2012.06,59.1,14.79,
2017-01-26,2074.77001953125,2088.60009765625,2068.5,2083.590087890625,257900,2059.68,2028.01,2012.61,66.2,15.28,
2017-01-31,2077.659912109375,2079.969970703125,2067.570068359375,2067.570068359375,288300,2061.73,2029.75,2013.09,56.2,15.33,
2017-02-01,2075.31005859375,2082.699951171875,2073.969970703125,2080.47998046875,452500,2064.45,2031.87,2013.64,61.2,15.32,
2017-02-02,2080.22998046875,2092.449951171875,2067.760009765625,2071.010009765625,825500,2065.8,2033.97,2014.09,56.1,15.99,
2017-02-03,2075.89990234375,2079.85009765625,2064.050048828125,2073.159912109375,392600,2067.18,2035.76,2014.37,57.0,15.97,
2017-02-06,2085.72998046875,2088.3701171875,2073.030029296875,2077.659912109375,315300,2068.96,2037.55,2014.69,58.9,15.93,
2017-02-07,2077.800048828125,2079.22998046875,2071.050048828125,2075.2099609375,271800,2070.27,2039.63,2015.02,57.4,15.37,
2017-02-08,2072.580078125,2072.580078125,2052.2900390625,2065.080078125,266700,2071.08,2041.45,2015.29,51.7,15.91,
2017-02-09,2067.14990234375,2072.68994140625,2062.1201171875,2065.8798828125,236000,2072.12,2043.2,2015.59,52.1,15.53,
2017-02-10,2075.800048828125,2080.739990234375,2072.22998046875,2075.080078125,314700,2072.12,2045.13,2015.85,56.6,15.48,
2017-02-13,2074.93994140625,2078.659912109375,2070.360107421875,2078.64990234375,289700,2071.69,2047.04,2016.17,58.2,14.97,
2017-02-14,2079.300048828125,2081.590087890625,2068.159912109375,2074.570068359375,332400,2071.58,2048.85,2016.47,55.7,14.86,
2017-02-15,2073.60009765625,2087.68994140625,2069.889892578125,2083.860107421875,338000,2072.57,2051.12,2016.79,60.0,15.07,
2017-02-16,2088.090087890625,2092.590087890625,2078.35009765625,2081.840087890625,330500,2073.06,2053.49,2017.12,58.7,15.01,
2017-02-17,2072.570068359375,2081.179931640625,2072.570068359375,2080.580078125,301500,2073.57,2055.3,2017.52,57.8,14.6,
2017-02-20,2084.159912109375,2085.590087890625,2077.1298828125,2084.389892578125,297200,2074.15,2057.15,2017.97,59.7,14.16,
2017-02-21,2085.969970703125,2108.47998046875,2085.0,2102.929931640625,292500,2076.01,2058.59,2018.6,67.6,14.87,
2017-02-22,2106.419921875,2108.97998046875,2101.56005859375,2106.610107421875,312200,2078.04,2060.23,2019.2,68.9,14.34,
2017-02-23,2106.14990234375,2108.989990234375,2103.110107421875,2107.6298828125,430900,2080.14,2061.84,2019.85,69.3,13.74,
2017-02-24,2106.429931640625,2107.830078125,2090.050048828125,2094.1201171875,385400,2081.5,2063.0,2020.48,59.3,14.02,
2017-02-27,2095.469970703125,2097.239990234375,2084.080078125,2085.52001953125,343700,2081.59,2063.97,2021.0,53.9,13.96,
2017-02-28,2087.260009765625,2094.409912109375,2084.360107421875,2091.639892578125,399800,2082.79,2065.07,2021.56,56.9,13.68,
2017-03-02,2105.18994140625,2112.580078125,2096.31005859375,2102.64990234375,434700,2083.9,2066.28,2022.18,61.7,14.2,
2017-03-03,2090.919921875,2091.590087890625,2072.090087890625,2078.75,425900,2084.29,2067.09,2022.74,49.0,15.37,
2017-03-06,2073.199951171875,2083.800048828125,2067.679931640625,2081.360107421875,431400,2084.7,2067.88,2023.31,50.2,15.42,
2017-03-07,2080.77001953125,2096.7900390625,2079.159912109375,2094.050048828125,277800,2085.52,2069.0,2023.94,55.7,15.58,
2017-03-08,2092.27001953125,2101.56005859375,2088.18994140625,2095.409912109375,381400,2086.53,2070.19,2024.63,56.2,15.42,
2017-03-09,2098.2900390625,2100.080078125,2090.72998046875,2091.06005859375,408200,2087.83,2071.29,2025.35,53.9,14.99,
2017-03-10,2088.669921875,2102.050048828125,2082.31005859375,2097.35009765625,500900,2089.4,2072.49,2026.1,56.7,15.33,
2017-03-13,2102.3701171875,2122.8798828125,2100.909912109375,2117.590087890625,382100,2091.53,2073.99,2026.91,64.2,16.06,
2017-03-14,2127.1201171875,2135.5,2124.419921875,2133.780029296875,365100,2094.28,2076.18,2027.89,68.9,16.19,
2017-03-15,2128.419921875,2135.3798828125,2127.260009765625,2133.0,374700,2097.21,2078.31,2028.76,68.4,15.61,
2017-03-16,2154.97998046875,2156.85009765625,2143.010009765625,2150.080078125,402400,2100.52,2080.79,2029.72,72.7,16.2,
2017-03-17,2150.469970703125,2164.590087890625,2148.860107421875,2164.580078125,302800,2104.65,2083.2,2030.7,75.8,16.17,
2017-03-20,2160.320068359375,2160.570068359375,2151.510009765625,2157.010009765625,264900,2108.48,2085.43,2031.65,71.3,15.95,
2017-03-21,2162.949951171875,2181.989990234375,2160.25,2178.3798828125,303900,2113.18,2088.16,2032.62,75.7,16.59,
2017-03-22,2159.969970703125,2170.0,2158.9599609375,2168.300048828125,394400,2116.44,2090.54,2033.55,70.3,16.79,
2017-03-23,2174.090087890625,2182.419921875,2170.56005859375,2172.719970703125,358600,2119.75,2093.02,2034.49,71.2,16.6,
2017-03-24,2171.360107421875,2179.340087890625,2163.340087890625,2168.949951171875,358700,2122.82,2095.5,2035.4,69.1,16.56,
2017-03-27,2161.169921875,2165.25,2153.139892578125,2155.659912109375,395900,2125.89,2097.11,2036.12,62.3,16.51,
2017-03-28,2166.580078125,2169.139892578125,2157.7099609375,2163.31005859375,394000,2129.78,2098.63,2036.81,64.5,16.29,
2017-03-29,2172.31005859375,2172.31005859375,2162.0400390625,2166.97998046875,626800,2133.55,2100.43,2037.52,65.5,15.86,
2017-03-30,2170.179931640625,2174.159912109375,2159.159912109375,2164.639892578125,643600,2136.65,2102.44,2038.25,64.2,15.8,
2017-03-31,2166.6201171875,2166.929931640625,2159.800048828125,2160.22998046875,441600,2140.72,2104.21,2039.16,61.7,15.18,
2017-04-03,2166.0400390625,2171.330078125,2161.260009765625,2167.510009765625,398500,2145.03,2106.15,2040.14,64.2,14.89,
2017-04-04,2165.22998046875,2166.93994140625,2156.889892578125,2161.10009765625,522100,2148.38,2107.92,2041.1,60.5,14.58,
2017-04-05,2161.89990234375,2164.85009765625,2146.97998046875,2160.85009765625,571700,2151.65,2109.82,2042.14,60.4,14.82,
2017-04-06,2152.639892578125,2153.830078125,2143.300048828125,2152.75,510200,2154.74,2111.56,2043.14,55.7,15.01,
2017-04-07,2154.8701171875,2155.699951171875,2142.510009765625,2151.72998046875,408500,2157.46,2113.28,2043.99,55.2,14.88,
2017-04-10,2148.830078125,2148.830078125,2128.35009765625,2133.320068359375,512900,2158.24,2114.6,2044.75,45.9,15.49,
2017-04-11,2129.22998046875,2136.550048828125,2117.820068359375,2123.85009765625,489300,2157.75,2115.41,2045.4,42.0,15.72,
2017-04-12,2128.169921875,2129.820068359375,2122.93994140625,2128.909912109375,427400,2157.54,2116.64,2046.11,44.7,15.09,
2017-04-13,2130.639892578125,2148.610107421875,2125.8701171875,2148.610107421875,357600,2157.47,2118.0,2047.23,53.8,15.64,
2017-04-14,2138.280029296875,2141.610107421875,2127.800048828125,2134.8798828125,383700,2155.98,2119.28,2048.27,47.9,16.01,
2017-04-17,2140.8701171875,2150.699951171875,2138.699951171875,2145.760009765625,259300,2155.42,2120.73,2049.32,52.3,15.99,
2017-04-18,2155.360107421875,2155.360107421875,2139.31005859375,2148.4599609375,291400,2153.93,2122.14,2050.28,53.4,16.0,
2017-04-19,2144.97998046875,2148.030029296875,2133.820068359375,2138.39990234375,344200,2152.43,2123.41,2051.12,49.0,15.9,
2017-04-20,2138.18994140625,2150.429931640625,2134.050048828125,2149.14990234375,268300,2151.25,2125.09,2051.93,53.4,15.93,
2017-04-21,2161.239990234375,2169.4599609375,2156.639892578125,2165.0400390625,281500,2151.06,2127.07,2052.78,59.0,16.25,
2017-04-24,2175.5,2177.889892578125,2166.830078125,2173.739990234375,374700,2151.96,2129.04,2053.7,61.8,16.0,
2017-04-25,2175.699951171875,2196.85009765625,2174.110107421875,2196.85009765625,275900,2153.64,2131.41,2054.91,67.9,16.51,
2017-04-26,2202.3701171875,2210.610107421875,2200.72998046875,2207.840087890625,397500,2155.68,2134.07,2056.08,70.3,16.31,
2017-04-27,2201.719970703125,2211.590087890625,2199.760009765625,2209.4599609375,386100,2157.92,2136.59,2057.32,70.6,15.99,
2017-04-28,2214.360107421875,2217.0400390625,2202.199951171875,2205.43994140625,268600,2160.18,2139.06,2058.4,68.5,15.91,
2017-05-02,2213.610107421875,2229.739990234375,2212.8701171875,2219.669921875,295100,2162.79,2141.84,2059.54,71.8,16.51,
2017-05-04,2224.909912109375,2241.239990234375,2224.909912109375,2241.239990234375,261900,2166.8,2144.98,2060.72,75.9,16.87,
2017-05-08,2245.610107421875,2292.760009765625,2244.22998046875,2292.760009765625,281800,2173.39,2148.77,2062.14,82.5,19.35,
2017-05-10,2294.10009765625,2323.219970703125,2264.31005859375,2270.1201171875,422900,2179.26,2152.04,2063.4,73.0,22.17,
2017-05-11,2278.469970703125,2297.669921875,2271.659912109375,2296.3701171875,463500,2186.49,2155.82,2064.78,76.4,22.56,
2017-05-12,2296.06005859375,2296.510009765625,2283.3798828125,2286.02001953125,335300,2194.13,2159.66,2066.13,72.6,21.88,
2017-05-15,2288.22998046875,2297.31005859375,2280.60009765625,2290.64990234375,251600,2202.47,2163.76,2067.5,73.2,21.51,
2017-05-16,2306.72998046875,2309.0,2283.840087890625,2295.330078125,368100,2210.79,2167.83,2068.92,73.9,21.77,
2017-05-17,2291.56005859375,2295.8701171875,2283.010009765625,2293.080078125,394800,2218.01,2171.64,2070.33,72.9,21.14,
2017-05-18,2271.27001953125,2288.85009765625,2267.080078125,2286.820068359375,378300,2225.61,2175.8,2071.7,70.2,21.49,
2017-05-19,2286.780029296875,2293.820068359375,2282.1298828125,2288.47998046875,421100,2232.75,2179.95,2073.01,70.5,20.79,
2017-05-22,2300.679931640625,2305.2099609375,2292.949951171875,2304.030029296875,340100,2240.52,2184.15,2074.4,73.4,20.5,
2017-05-23,2308.68994140625,2326.570068359375,2303.14990234375,2311.739990234375,341100,2249.19,2188.47,2075.86,74.7,20.7,
2017-05-24,2319.3701171875,2322.5400390625,2312.929931640625,2317.340087890625,409600,2257.6,2193.0,2077.36,75.6,20.0,
2017-05-25,2325.489990234375,2343.719970703125,2321.260009765625,2342.929931640625,369300,2266.5,2197.91,2078.93,79.3,20.45,
2017-05-26,2344.389892578125,2364.800048828125,2341.610107421875,2355.300048828125,312900,2275.57,2202.66,2080.61,80.8,20.65,
2017-05-29,2362.590087890625,2371.669921875,2344.25,2352.969970703125,316200,2283.38,2207.05,2082.4,79.6,21.13,
2017-05-30,2356.5400390625,2358.68994140625,2332.159912109375,2343.679931640625,508800,2290.17,2211.26,2084.12,74.9,21.52,
2017-05-31,2339.25,2355.22998046875,2338.25,2347.3798828125,555900,2297.07,2215.21,2085.77,75.5,21.19,
2017-06-01,2348.31005859375,2351.31005859375,2335.6298828125,2344.610107421875,336700,2304.03,2218.81,2087.34,74.0,20.8,
2017-06-02,2353.77001953125,2372.64990234375,2353.449951171875,2371.719970703125,399500,2311.63,2223.1,2088.98,78.5,21.32,
2017-06-05,2376.659912109375,2376.830078125,2363.610107421875,2368.6201171875,326400,2318.0,2226.91,2090.6,76.9,20.74,
2017-06-07,2364.9599609375,2369.429931640625,2356.7099609375,2360.139892578125,376200,2321.37,2230.74,2092.15,72.5,20.17,
2017-06-08,2361.639892578125,2365.52001953125,2347.6201171875,2363.570068359375,417100,2326.04,2234.56,2093.72,73.1,20.0,
2017-06-09,2371.219970703125,2385.14990234375,2367.81005859375,2381.68994140625,520600,2330.31,2238.81,2095.39,76.4,20.12,
2017-06-12,2370.68994140625,2374.699951171875,2353.35009765625,2357.8701171875,327200,2333.9,2242.86,2096.96,65.2,20.7,
2017-06-13,2358.919921875,2375.81005859375,2358.919921875,2374.699951171875,322100,2338.1,2247.09,2098.55,68.7,20.51,
2017-06-14,2384.5400390625,2387.2900390625,2366.919921875,2372.639892578125,393000,2341.97,2251.2,2100.14,67.8,20.5,
2017-06-15,2373.360107421875,2378.0400390625,2350.3701171875,2361.64990234375,334900,2345.39,2255.14,2101.73,63.0,21.01,
2017-06-16,2364.199951171875,2365.3701171875,2355.2900390625,2361.830078125,329200,2349.14,2259.17,2103.29,63.1,20.23,
2017-06-19,2364.02001953125,2377.199951171875,2356.840087890625,2370.89990234375,290900,2353.27,2263.24,2104.93,65.4,20.24,
2017-06-20,2382.5400390625,2382.5400390625,2365.449951171875,2369.22998046875,360700,2356.53,2267.4,2106.56,64.6,20.01,
2017-06-21,2358.22998046875,2359.969970703125,2346.18994140625,2357.530029296875,360300,2358.81,2271.34,2108.16,59.1,20.23,
2017-06-22,2364.219970703125,2370.389892578125,2354.10009765625,2370.3701171875,299200,2361.47,2275.69,2109.85,62.8,19.95,
2017-06-23,2371.5400390625,2380.93994140625,2369.169921875,2378.60009765625,256300,2363.25,2280.23,2111.54,65.0,19.36,
2017-06-26,2381.090087890625,2390.699951171875,2377.8798828125,2388.659912109375,325700,2364.92,2285.33,2113.31,67.6,18.9,
2017-06-27,2386.760009765625,2397.139892578125,2383.469970703125,2391.949951171875,358000,2366.87,2290.69,2115.11,68.4,18.52,
2017-06-28,2382.909912109375,2390.889892578125,2380.75,2382.56005859375,361200,2368.81,2295.77,2116.83,63.5,18.0,
2017-06-29,2396.81005859375,2402.800048828125,2393.570068359375,2395.659912109375,445100,2371.22,2300.71,2118.51,67.0,18.16,
2017-06-30,2382.14990234375,2391.81005859375,2381.39990234375,2391.7900390625,343500,2373.58,2305.85,2120.14,65.0,17.88,
2017-07-03,2397.659912109375,2399.89990234375,2384.550048828125,2394.47998046875,311000,2374.72,2310.82,2121.8,65.8,17.7,
2017-07-04,2395.239990234375,2398.02001953125,2376.409912109375,2380.52001953125,411800,2375.32,2315.46,2123.38,58.7,17.98,
2017-07-05,2377.010009765625,2390.2900390625,2375.6298828125,2388.35009765625,333700,2376.73,2320.46,2125.14,61.2,17.74,
2017-07-06,2390.31005859375,2392.5,2380.820068359375,2387.81005859375,301500,2377.94,2325.23,2127.12,60.9,17.31,
2017-07-07,2376.2900390625,2385.02001953125,2372.830078125,2379.8701171875,314400,2377.85,2329.53,2129.02,56.8,17.14,
2017-07-10,2386.300048828125,2389.8701171875,2378.0400390625,2382.10009765625,296300,2379.06,2333.7,2130.85,57.7,16.76,
2017-07-11,2386.419921875,2396.4599609375,2382.68994140625,2396.0,284500,2380.13,2337.68,2132.7,62.7,16.59,
2017-07-12,2395.409912109375,2399.280029296875,2390.449951171875,2391.77001953125,268900,2381.08,2341.36,2134.48,60.4,16.04,
2017-07-13,2405.760009765625,2422.260009765625,2402.919921875,2409.489990234375,289300,2383.47,2345.36,2136.28,66.0,17.07,
2017-07-14,2418.27001953125,2421.47998046875,2411.340087890625,2414.6298828125,258800,2386.11,2349.54,2138.08,67.5,16.71,
2017-07-17,2427.760009765625,2430.340087890625,2419.909912109375,2425.10009765625,254200,2388.82,2353.65,2139.97,70.3,16.64,
2017-07-18,2425.070068359375,2426.159912109375,2419.169921875,2426.0400390625,260700,2391.66,2357.35,2141.79,70.5,15.95,
2017-07-19,2430.090087890625,2430.090087890625,2419.639892578125,2429.93994140625,271000,2395.28,2360.09,2143.67,71.6,15.55,
2017-07-20,2436.06005859375,2443.68994140625,2427.949951171875,2441.840087890625,251900,2398.86,2363.53,2145.54,74.6,15.57,
2017-07-21,2438.780029296875,2451.590087890625,2437.840087890625,2450.06005859375,250100,2402.43,2366.6,2147.57,76.4,15.44,
2017-07-24,2451.409912109375,2451.530029296875,2443.64990234375,2451.530029296875,233400,2405.57,2369.91,2149.56,76.7,14.9,
2017-07-25,2450.760009765625,2453.169921875,2437.139892578125,2439.89990234375,275200,2407.97,2372.9,2151.49,68.7,14.98,
2017-07-26,2446.820068359375,2446.9599609375,2429.6201171875,2434.510009765625,336100,2410.57,2375.68,2153.34,65.3,15.15,
2017-07-27,2443.280029296875,2448.239990234375,2435.489990234375,2443.239990234375,426500,2412.95,2378.68,2155.28,68.1,15.05,
2017-07-28,2433.4599609375,2434.3798828125,2399.06005859375,2400.989990234375,318700,2413.41,2380.97,2157.0,48.1,17.13,
2017-07-31,2392.02001953125,2403.89990234375,2388.389892578125,2402.7099609375,277600,2413.82,2383.25,2158.86,48.7,17.01,
2017-08-01,2397.1201171875,2432.6201171875,2394.27001953125,2422.9599609375,264000,2415.94,2385.63,2160.8,55.9,18.54,
2017-08-02,2431.93994140625,2434.469970703125,2424.179931640625,2427.6298828125,261600,2417.91,2387.95,2162.86,57.3,18.03,
2017-08-03,2423.2099609375,2423.550048828125,2374.110107421875,2386.85009765625,303600,2417.86,2389.34,2164.69,43.7,20.57,
2017-08-04,2389.739990234375,2400.330078125,2383.449951171875,2395.449951171875,273600,2418.64,2390.39,2166.52,46.5,20.31,
2017-08-07,2402.570068359375,2412.1298828125,2395.739990234375,2398.75,244100,2419.47,2391.26,2168.32,47.7,20.05,
2017-08-08,2404.679931640625,2410.219970703125,2383.93994140625,2394.72998046875,252900,2419.41,2392.09,2170.09,46.4,20.49,
2017-08-09,2379.699951171875,2387.530029296875,2366.330078125,2368.389892578125,234100,2418.24,2392.59,2171.72,39.1,21.06,
2017-08-10,2360.949951171875,2371.5,2339.06005859375,2359.469970703125,283900,2415.74,2392.83,2173.36,36.9,21.87,
2017-08-11,2323.06005859375,2335.1201171875,2310.199951171875,2319.7099609375,318600,2410.99,2392.33,2174.72,29.3,23.83,
2017-08-14,2336.02001953125,2341.780029296875,2327.800048828125,2334.219970703125,214000,2406.45,2391.58,2176.2,34.6,23.7,
2017-08-16,2355.739990234375,2358.4599609375,2343.719970703125,2348.260009765625,270500,2402.56,2391.17,2177.87,39.4,23.74,
2017-08-17,2351.610107421875,2364.5,2346.739990234375,2361.669921875,255800,2399.14,2391.2,2179.56,43.6,23.31,
2017-08-18,2340.18994140625,2362.429931640625,2340.18994140625,2358.3701171875,201500,2394.97,2391.1,2181.26,42.8,23.24,
2017-08-21,2363.3798828125,2363.3798828125,2351.9599609375,2355.0,207200,2390.22,2390.57,2182.99,42.0,22.39,
2017-08-22,2360.2900390625,2369.02001953125,2359.969970703125,2365.330078125,251900,2385.91,2390.71,2184.78,45.5,21.79,
2017-08-23,2376.530029296875,2379.590087890625,2360.7099609375,2366.39990234375,228600,2382.23,2390.55,2186.72,45.8,21.59,
2017-08-24,2370.1201171875,2382.719970703125,2368.2900390625,2375.840087890625,295500,2379.3,2390.61,2188.68,49.1,21.21,
2017-08-25,2381.469970703125,2384.590087890625,2372.669921875,2378.510009765625,342000,2376.06,2390.95,2190.66,50.0,20.55,
2017-08-28,2376.3798828125,2383.4599609375,2366.22998046875,2370.300048828125,226900,2374.53,2391.12,2192.52,47.2,20.31,
2017-08-29,2356.199951171875,2364.739990234375,2332.85009765625,2364.739990234375,223100,2372.63,2391.0,2194.33,45.3,21.53,
2017-08-30,2368.1298828125,2372.2900390625,2363.429931640625,2372.2900390625,305600,2370.1,2391.06,2196.4,48.3,20.63,
2017-08-31,2373.9599609375,2377.02001953125,2355.2900390625,2363.18994140625,265100,2366.87,2391.17,2198.2,45.1,20.71,
2017-09-01,2367.449951171875,2370.25,2351.3701171875,2357.68994140625,280100,2365.42,2390.92,2200.07,43.3,20.58,
2017-09-04,2316.889892578125,2344.820068359375,2316.889892578125,2329.64990234375,248500,2362.13,2389.94,2201.85,35.3,22.02,
2017-09-05,2340.6201171875,2340.6201171875,2319.93994140625,2326.6201171875,320400,2358.52,2388.7,2203.64,34.6,21.93,
2017-09-06,2324.840087890625,2325.56005859375,2314.31005859375,2319.820068359375,252700,2354.77,2387.25,2205.34,32.9,21.24,
2017-09-07,2328.93994140625,2349.7900390625,2328.919921875,2346.18994140625,277000,2353.66,2386.53,2207.17,44.2,21.86,
2017-09-08,2350.18994140625,2351.72998046875,2340.6298828125,2343.719970703125,214600,2352.88,2385.49,2209.02,43.4,21.09,
2017-09-11,2354.860107421875,2369.719970703125,2354.35009765625,2359.080078125,243600,2354.84,2384.83,2210.98,49.1,21.44,
2017-09-12,2372.02001953125,2372.449951171875,2359.1201171875,2365.469970703125,333600,2356.41,2384.25,2212.89,51.3,20.87,
2017-09-13,2370.5400390625,2373.610107421875,2360.169921875,2360.179931640625,318900,2357.0,2383.85,2214.75,49.4,20.34,
2017-09-14,2365.5400390625,2377.659912109375,2358.429931640625,2377.659912109375,314300,2357.8,2383.63,2216.78,55.3,20.26,
2017-09-15,2368.43994140625,2386.070068359375,2365.3701171875,2386.070068359375,298700,2359.19,2383.6,2218.84,57.8,20.29,
2017-09-18,2390.580078125,2418.239990234375,2389.64990234375,2418.2099609375,273500,2362.35,2384.37,2221.04,65.8,21.14,
2017-09-19,2419.300048828125,2422.050048828125,2411.679931640625,2416.050048828125,254600,2364.88,2385.04,2223.23,64.9,20.37,
2017-09-20,2420.820068359375,2429.1201171875,2405.780029296875,2412.199951171875,303300,2367.17,2385.37,2225.37,63.3,20.58,
2017-09-21,2412.010009765625,2415.1298828125,2401.889892578125,2406.5,335300,2368.71,2385.66,2227.49,60.8,20.06,
2017-09-25,2388.77001953125,2392.43994140625,2374.68994140625,2380.39990234375,339300,2368.8,2385.08,2229.54,51.1,20.9,
2017-09-26,2371.6201171875,2381.31005859375,2365.340087890625,2374.320068359375,319100,2369.0,2384.27,2231.59,49.1,20.54,
2017-09-27,2376.889892578125,2377.179931640625,2368.919921875,2372.570068359375,202600,2369.39,2383.22,2233.51,48.5,19.67,
2017-09-28,2374.10009765625,2379.5400390625,2365.669921875,2373.139892578125,194800,2369.44,2382.17,2235.41,48.7,19.25,
2017-09-29,2378.659912109375,2394.469970703125,2378.659912109375,2394.469970703125,184200,2371.0,2381.46,2237.23,56.0,19.4,
2017-10-10,2425.6298828125,2443.199951171875,2421.10009765625,2433.81005859375,221700,2374.81,2381.3,2239.27,65.8,21.5,
2017-10-11,2442.489990234375,2458.159912109375,2439.81005859375,2458.159912109375,201800,2381.23,2381.46,2241.43,70.2,21.7,
2017-10-12,2461.699951171875,2474.760009765625,2459.47998046875,2474.760009765625,256200,2388.64,2381.92,2243.62,72.7,21.34,
2017-10-13,2473.64990234375,2479.72998046875,2468.139892578125,2473.6201171875,234800,2396.33,2382.6,2245.81,72.3,20.64,
2017-10-16,2483.169921875,2487.7099609375,2470.239990234375,2480.050048828125,224400,2403.02,2383.51,2248.02,73.3,20.41,
2017-10-17,2484.9599609375,2487.8798828125,2478.760009765625,2484.3701171875,199000,2410.05,2384.33,2250.23,74.0,19.61,
2017-10-18,2481.530029296875,2490.580078125,2475.669921875,2482.909912109375,244200,2416.25,2385.97,2252.46,73.3,19.27,
2017-10-19,2485.719970703125,2490.93994140625,2468.669921875,2473.06005859375,236600,2421.63,2387.38,2254.61,68.6,19.49,
2017-10-20,2477.300048828125,2489.5400390625,2476.8798828125,2489.5400390625,313200,2428.09,2388.71,2256.87,71.9,19.27,
2017-10-23,2497.64990234375,2500.330078125,2485.47998046875,2490.050048828125,274200,2433.71,2389.96,2259.14,72.0,18.95,
2017-10-24,2489.31005859375,2497.35009765625,2487.169921875,2490.489990234375,232000,2438.93,2392.03,2261.41,72.0,18.33,
2017-10-25,2495.8701171875,2497.409912109375,2481.47998046875,2492.5,599400,2442.65,2393.97,2263.69,72.5,18.16,
2017-10-26,2489.60009765625,2495.989990234375,2480.6298828125,2480.6298828125,646900,2445.88,2395.61,2265.88,66.0,17.96,
2017-10-27,2485.43994140625,2499.14990234375,2479.669921875,2496.6298828125,511200,2450.1,2397.65,2268.24,69.9,18.07,
2017-10-30,2513.8701171875,2513.8701171875,2497.419921875,2501.929931640625,342000,2454.87,2400.32,2270.62,71.1,18.01,
2017-10-31,2500.2099609375,2528.320068359375,2498.050048828125,2523.429931640625,313800,2462.02,2403.6,2273.1,75.3,18.88,
2017-11-01,2535.969970703125,2556.469970703125,2535.830078125,2556.469970703125,361800,2471.13,2408.33,2275.67,80.1,19.89,
2017-11-02,2560.340087890625,2561.6298828125,2542.02001953125,2546.360107421875,527700,2479.82,2412.57,2278.17,75.3,19.87,
2017-11-03,2558.3701171875,2558.3701171875,2539.719970703125,2557.969970703125,292800,2489.06,2416.77,2280.75,77.0,19.79,
2017-11-06,2557.2900390625,2559.89990234375,2529.93994140625,2549.409912109375,221200,2496.81,2420.52,2283.25,73.0,20.51,
2017-11-07,2548.300048828125,2554.1298828125,2540.669921875,2545.43994140625,253900,2502.39,2424.26,2285.74,71.1,20.01,
2017-11-08,2534.47998046875,2558.739990234375,2533.72998046875,2552.39990234375,277000,2507.1,2428.21,2288.27,72.5,20.37,
2017-11-09,2559.929931640625,2559.929931640625,2536.5400390625,2550.570068359375,293500,2510.89,2431.92,2290.65,71.5,20.58,
2017-11-10,2541.179931640625,2547.610107421875,2534.60009765625,2542.949951171875,291500,2514.36,2435.45,2292.93,67.6,20.25,
2017-11-13,2548.27001953125,2552.280029296875,2527.199951171875,2530.35009765625,266500,2516.87,2438.54,2295.2,61.7,20.6,
2017-11-14,2532.550048828125,2532.949951171875,2520.989990234375,2526.639892578125,287800,2518.99,2441.5,2297.51,60.0,19.98,
2017-11-15,2525.60009765625,2526.610107421875,2511.760009765625,2518.25,398200,2520.75,2444.46,2299.74,56.3,19.62,
2017-11-16,2522.419921875,2538.280029296875,2514.510009765625,2534.7900390625,302900,2523.84,2447.86,2302.06,61.4,19.91,
2017-11-17,2546.050048828125,2559.10009765625,2533.989990234375,2533.989990234375,362200,2526.06,2451.09,2304.37,61.0,20.28,
2017-11-20,2536.800048828125,2542.6201171875,2523.52001953125,2527.669921875,404300,2527.94,2454.38,2306.68,58.0,20.2,
2017-11-21,2533.85009765625,2539.8798828125,2525.9599609375,2530.699951171875,484900,2529.95,2457.84,2309.0,59.0,19.75,
2017-11-22,2546.610107421875,2553.219970703125,2535.18994140625,2540.510009765625,485700,2532.35,2462.06,2311.38,62.3,19.95,
2017-11-23,2542.340087890625,2544.580078125,2532.449951171875,2537.14990234375,391300,2535.18,2466.27,2313.73,60.5,19.39,
2017-11-24,2539.7900390625,2544.330078125,2533.97998046875,2544.330078125,297900,2537.57,2470.76,2316.03,62.9,18.74,
2017-11-27,2544.739990234375,2546.7099609375,2506.68994140625,2507.81005859375,284900,2537.86,2473.99,2318.23,47.1,20.26,
2017-11-28,2512.52001953125,2521.06005859375,2500.929931640625,2514.18994140625,348200,2537.4,2477.4,2320.4,49.5,20.25,
2017-11-29,2517.260009765625,2524.409912109375,2508.659912109375,2512.89990234375,301200,2535.22,2480.48,2322.61,49.0,19.93,
2017-11-30,2502.219970703125,2506.320068359375,2474.280029296875,2476.3701171875,339000,2531.72,2482.7,2324.63,37.8,21.27,
2017-12-01,2488.919921875,2488.919921875,2472.75,2475.409912109375,288600,2527.59,2485.0,2326.61,37.6,20.9,
2017-12-04,2486.719970703125,2501.669921875,2476.2900390625,2501.669921875,323800,2525.2,2487.48,2328.75,47.5,21.29,
2017-12-05,2490.72998046875,2513.679931640625,2487.14990234375,2510.1201171875,395400,2523.44,2489.96,2330.97,50.3,21.66,
2017-12-06,2510.18994140625,2510.469970703125,2474.2900390625,2474.3701171875,507600,2519.54,2491.09,2333.01,40.6,22.7,
2017-12-07,2479.550048828125,2480.85009765625,2452.39990234375,2461.97998046875,404900,2515.11,2492.01,2334.95,37.9,23.11,
2017-12-08,2470.090087890625,2473.169921875,2459.02001953125,2464.0,406400,2511.16,2493.04,2336.88,38.6,22.47,
2017-12-11,2467.81005859375,2471.989990234375,2457.97998046875,2471.489990234375,240100,2508.22,2494.34,2338.86,41.3,21.86,
2017-12-12,2471.22998046875,2471.429931640625,2455.389892578125,2461.0,281200,2504.93,2495.95,2340.75,38.7,21.45,
2017-12-13,2462.419921875,2481.919921875,2457.699951171875,2480.550048828125,255000,2503.05,2498.08,2342.74,45.6,21.65,
2017-12-14,2486.570068359375,2514.610107421875,2469.47998046875,2469.47998046875,317800,2499.78,2500.02,2344.68,42.7,23.33,
2017-12-15,2488.389892578125,2495.080078125,2475.989990234375,2482.070068359375,340800,2497.19,2502.2,2346.67,46.8,23.49,
2017-12-18,2488.830078125,2488.830078125,2477.2900390625,2481.8798828125,324400,2494.9,2503.94,2348.57,46.8,22.64,
2017-12-19,2487.830078125,2498.669921875,2470.489990234375,2478.530029296875,308400,2492.29,2504.84,2350.43,45.7,23.03,
2017-12-21,2471.340087890625,2471.72998046875,2429.830078125,2429.830078125,247300,2486.76,2504.27,2352.04,34.1,24.87,
2017-12-22,2437.590087890625,2444.570068359375,2426.93994140625,2440.5400390625,230400,2481.93,2503.59,2353.77,37.8,24.35,
2017-12-26,2447.669921875,2457.18994140625,2427.340087890625,2427.340087890625,224600,2476.08,2502.66,2355.48,35.2,24.74,
2017-12-27,2420.860107421875,2436.679931640625,2411.47998046875,2436.669921875,194900,2472.52,2501.79,2357.2,38.5,24.77,
2017-12-28,2439.31005859375,2467.510009765625,2437.260009765625,2467.489990234375,220300,2470.18,2501.46,2359.03,47.9,25.21,
2018-01-02,2474.860107421875,2481.02001953125,2465.93994140625,2479.64990234375,262200,2468.52,2501.39,2361.03,51.1,24.48,
2018-01-03,2484.6298828125,2493.39990234375,2481.909912109375,2486.35009765625,331100,2469.02,2501.66,2363.06,52.8,23.72,
2018-01-04,2502.5,2502.5,2466.449951171875,2466.4599609375,333800,2468.57,2501.2,2364.92,47.5,24.6,
2018-01-05,2476.85009765625,2497.52001953125,2475.510009765625,2497.52001953125,308800,2468.37,2501.34,2366.93,55.1,25.06,
2018-01-08,2510.699951171875,2515.3701171875,2494.179931640625,2513.280029296875,311400,2468.52,2501.8,2369.04,58.4,24.78,
2018-01-09,2510.72998046875,2524.72998046875,2498.409912109375,2510.22998046875,374300,2470.32,2502.15,2371.11,57.5,24.89,
2018-01-10,2516.330078125,2516.820068359375,2493.97998046875,2499.75,444000,2472.21,2502.54,2373.02,54.5,24.75,
2018-01-11,2496.860107421875,2502.52001953125,2483.820068359375,2487.909912109375,444300,2473.4,2502.36,2374.79,51.2,24.31,
2018-01-12,2499.8701171875,2500.8701171875,2482.14990234375,2496.419921875,438800,2474.65,2502.25,2376.6,53.3,23.92,
2018-01-15,2510.969970703125,2513.300048828125,2496.179931640625,2503.72998046875,404600,2476.78,2501.86,2378.37,55.2,23.43,
2018-01-16,2504.159912109375,2524.550048828125,2498.550048828125,2521.739990234375,341600,2478.84,2501.16,2380.16,59.5,23.61,
2018-01-17,2517.18994140625,2521.969970703125,2506.489990234375,2515.429931640625,336700,2481.14,2500.55,2381.95,57.4,23.03,
2018-01-18,2527.669921875,2532.080078125,2512.68994140625,2515.81005859375,333100,2482.83,2499.7,2383.64,57.5,22.77,
2018-01-19,2519.669921875,2524.330078125,2513.090087890625,2520.260009765625,351800,2484.75,2499.12,2385.4,58.7,21.95,
2018-01-22,2516.89990234375,2517.1201171875,2488.43994140625,2502.110107421875,343000,2485.93,2498.25,2387.04,52.3,22.65,
2018-01-23,2510.35009765625,2536.60009765625,2507.9599609375,2536.60009765625,370000,2491.26,2497.94,2388.88,60.9,23.5,
2018-01-24,2533.860107421875,2547.219970703125,2531.31005859375,2538.0,371100,2496.14,2497.69,2390.79,61.3,22.96,
2018-01-25,2536.9599609375,2564.429931640625,2536.72998046875,2562.22998046875,514600,2502.88,2498.07,2392.79,66.2,23.3,
2018-01-26,2560.68994140625,2574.760009765625,2553.530029296875,2574.760009765625,400600,2509.79,2498.96,2394.83,68.4,23.15,
2018-01-29,2588.8701171875,2607.10009765625,2587.550048828125,2598.18994140625,437500,2516.32,2500.39,2397.0,72.1,23.8,
2018-01-30,2590.409912109375,2599.169921875,2567.070068359375,2567.739990234375,397000,2520.73,2501.38,2399.03,61.9,24.4,
2018-01-31,2557.3701171875,2597.139892578125,2553.010009765625,2566.4599609375,403100,2524.73,2502.01,2401.03,61.5,25.81,
2018-02-01,2578.909912109375,2583.739990234375,2564.590087890625,2568.5400390625,595100,2529.84,2502.7,2403.06,62.0,25.33,
2018-02-02,2565.989990234375,2565.989990234375,2519.60009765625,2525.389892578125,481800,2531.23,2502.66,2404.89,49.7,27.02,
2018-02-05,2487.340087890625,2503.989990234375,2476.239990234375,2491.75,442400,2530.15,2501.88,2406.58,42.7,28.6,
2018-02-06,2437.02001953125,2460.280029296875,2409.3798828125,2453.31005859375,582800,2527.31,2500.14,2408.09,36.3,32.44,
2018-02-07,2483.719970703125,2484.179931640625,2396.56005859375,2396.56005859375,460100,2522.15,2497.32,2409.41,29.4,36.38,
2018-02-08,2400.169921875,2423.8798828125,2393.4599609375,2407.6201171875,362400,2518.13,2494.59,2410.83,32.1,35.96,
2018-02-09,2346.72998046875,2372.89990234375,2346.72998046875,2363.77001953125,489100,2511.5,2491.71,2412.0,27.5,37.74,
2018-02-12,2380.489990234375,2397.89990234375,2367.31005859375,2385.3798828125,352300,2505.58,2489.13,2413.18,32.6,37.48,
2018-02-13,2402.889892578125,2421.800048828125,2388.5400390625,2395.18994140625,423400,2499.26,2486.78,2414.49,34.8,37.4,
2018-02-14,2412.469970703125,2426.6298828125,2408.02001953125,2421.830078125,305700,2494.58,2485.69,2415.87,40.6,36.98,
2018-02-19,2452.52001953125,2455.1201171875,2428.14990234375,2442.820068359375,322100,2490.93,2485.04,2417.34,44.7,36.71,
2018-02-20,2433.35009765625,2438.47998046875,2411.22998046875,2415.1201171875,421500,2485.67,2483.31,2418.72,40.7,36.35,
2018-02-21,2417.72998046875,2432.449951171875,2404.02001953125,2429.64990234375,432300,2482.05,2481.7,2420.12,43.6,35.78,
2018-02-22,2417.179931640625,2422.6201171875,2405.22998046875,2414.280029296875,349500,2475.93,2480.49,2421.37,41.3,34.97,
2018-02-23,2427.1298828125,2451.52001953125,2427.1298828125,2451.52001953125,300600,2471.61,2480.28,2422.76,48.3,35.13,
2018-02-26,2465.35009765625,2466.080078125,2447.860107421875,2457.64990234375,321300,2466.38,2480.16,2424.06,49.4,33.92,
2018-02-27,2474.080078125,2480.7900390625,2456.139892578125,2456.139892578125,271200,2460.45,2479.85,2425.3,49.1,33.26,
2018-02-28,2447.110107421875,2460.1201171875,2426.2099609375,2427.360107421875,367600,2451.9,2479.18,2426.39,44.2,33.31,
2018-03-02,2406.570068359375,2410.340087890625,2387.25,2402.159912109375,320400,2443.62,2477.61,2427.38,40.3,33.79,
2018-03-05,2405.919921875,2407.97998046875,2374.800048828125,2375.06005859375,312300,2434.06,2475.72,2428.15,36.6,33.75,
2018-03-06,2400.669921875,2413.010009765625,2392.8701171875,2411.409912109375,400100,2426.2,2474.31,2429.0,44.0,34.05,
2018-03-07,2413.389892578125,2429.429931640625,2395.239990234375,2401.820068359375,413000,2420.02,2472.71,2429.55,42.6,34.06,
2018-03-08,2420.669921875,2433.080078125,2407.590087890625,2433.080078125,394800,2417.09,2471.8,2430.36,48.4,33.86,
2018-03-09,2443.429931640625,2476.429931640625,2436.030029296875,2459.449951171875,437300,2417.39,2472.39,2431.18,52.8,34.54,
2018-03-12,2485.639892578125,2489.4599609375,2474.909912109375,2484.1201171875,391300,2421.77,2473.26,2432.17,56.5,34.21,
2018-03-13,2483.050048828125,2494.489990234375,2478.760009765625,2494.489990234375,350200,2426.12,2474.61,2433.19,58.0,32.89,
2018-03-14,2477.429931640625,2486.97998046875,2474.77001953125,2486.080078125,360900,2432.23,2475.59,2434.14,56.3,31.95,
2018-03-15,2486.0,2496.510009765625,2471.0400390625,2492.3798828125,344000,2437.58,2476.09,2435.14,57.3,31.49,
2018-03-16,2495.110107421875,2497.800048828125,2476.8798828125,2493.969970703125,377800,2442.52,2476.38,2436.18,57.6,30.74,
2018-03-19,2491.989990234375,2493.56005859375,2470.909912109375,2475.030029296875,477200,2445.18,2476.15,2437.11,53.3,30.19,
2018-03-20,2456.800048828125,2485.52001953125,2456.800048828125,2485.52001953125,291500,2447.31,2476.53,2438.02,55.3,30.08,
2018-03-21,2488.219970703125,2492.8798828125,2483.780029296875,2484.969970703125,399100,2450.81,2476.28,2438.88,55.2,28.58,
2018-03-22,2494.840087890625,2508.7099609375,2485.340087890625,2496.02001953125,482100,2454.13,2475.94,2439.78,57.3,28.24,
2018-03-23,2446.72998046875,2450.39990234375,2412.6201171875,2416.760009765625,458000,2454.25,2474.07,2440.14,41.7,32.18,
2018-03-26,2414.679931640625,2437.080078125,2399.43994140625,2437.080078125,306900,2453.53,2472.81,2440.55,45.8,32.57,
2018-03-27,2455.0,2456.550048828125,2444.919921875,2452.06005859375,332100,2453.25,2472.1,2441.05,48.6,31.63,
2018-03-28,2425.93994140625,2430.77001953125,2409.469970703125,2419.2900390625,501300,2451.41,2470.55,2441.43,43.2,32.41,
2018-03-29,2421.699951171875,2439.469970703125,2413.7099609375,2436.3701171875,333400,2451.86,2469.21,2441.87,46.6,31.94,
2018-03-30,2454.10009765625,2458.239990234375,2445.719970703125,2445.85009765625,395300,2454.04,2467.69,2442.38,48.4,31.22,
2018-04-02,2454.719970703125,2467.52001953125,2440.889892578125,2444.159912109375,390300,2457.5,2466.26,2442.74,48.1,30.89,
2018-04-03,2422.260009765625,2442.429931640625,2416.43994140625,2442.429931640625,497100,2459.05,2464.8,2443.11,47.7,30.67,
2018-04-04,2447.969970703125,2447.969970703125,2405.909912109375,2408.06005859375,551700,2459.36,2462.55,2443.35,41.5,31.48,
2018-04-05,2426.919921875,2446.780029296875,2420.919921875,2437.52001953125,591000,2459.58,2461.26,2443.72,47.8,32.0,
2018-04-06,2420.8798828125,2433.969970703125,2417.239990234375,2429.580078125,454300,2458.09,2459.12,2443.96,46.3,31.16,
2018-04-09,2424.14990234375,2446.280029296875,2424.14990234375,2444.080078125,334400,2456.09,2457.24,2444.39,49.4,30.51,
2018-04-10,2439.93994140625,2454.360107421875,2419.550048828125,2450.739990234375,356400,2453.9,2455.01,2444.77,50.7,30.82,
2018-04-11,2456.530029296875,2458.989990234375,2441.199951171875,2444.219970703125,355200,2451.8,2452.4,2445.13,49.3,29.89,
2018-04-12,2450.949951171875,2454.949951171875,2441.580078125,2442.7099609375,441600,2449.32,2449.29,2445.53,49.0,28.71,
2018-04-13,2449.419921875,2457.85009765625,2442.35009765625,2455.070068359375,395900,2447.38,2447.04,2446.0,51.9,27.77,
2018-04-16,2466.0400390625,2466.159912109375,2449.969970703125,2457.489990234375,347200,2446.5,2444.86,2446.43,52.5,26.94,
2018-04-17,2459.389892578125,2465.6298828125,2449.080078125,2453.77001953125,394700,2444.91,2442.56,2446.85,51.5,26.2,
2018-04-18,2467.550048828125,2486.72998046875,2467.550048828125,2479.97998046875,647300,2444.66,2441.65,2447.47,57.7,26.68,
2018-04-19,2483.260009765625,2490.570068359375,2476.510009765625,2486.10009765625,727000,2444.17,2441.54,2448.05,59.0,25.78,
2018-04-20,2478.590087890625,2485.14990234375,2472.3701171875,2476.330078125,531700,2447.14,2442.0,2448.53,56.0,24.92,
2018-04-23,2473.699951171875,2478.570068359375,2466.570068359375,2474.110107421875,701400,2449.0,2443.55,2448.96,55.3,24.0,
2018-04-24,2478.469970703125,2479.320068359375,2454.43994140625,2464.139892578125,524300,2449.6,2444.68,2449.32,52.2,24.06,
2018-04-25,2444.18994140625,2453.5400390625,2436.510009765625,2448.81005859375,466100,2451.08,2446.38,2449.65,47.8,24.31,
2018-04-26,2460.6201171875,2484.090087890625,2456.199951171875,2475.639892578125,520900,2453.04,2448.19,2450.05,55.0,25.1,
2018-04-27,2497.75,2508.1298828125,2484.18994140625,2492.39990234375,465000,2455.37,2450.13,2450.56,58.8,25.63,
2018-04-30,2502.2900390625,2515.3798828125,2500.219970703125,2515.3798828125,746300,2458.93,2452.0,2451.16,63.4,25.44,
2018-05-02,2515.75,2516.570068359375,2501.7099609375,2505.610107421875,807600,2462.09,2453.26,2451.79,60.3,24.68,
2018-05-03,2506.93994140625,2507.909912109375,2487.25,2487.25,614100,2466.05,2454.7,2452.28,54.9,24.39,
2018-05-04,2486.469970703125,2487.77001953125,2461.3798828125,2461.3798828125,612000,2467.24,2455.34,2452.65,48.3,24.54,
2018-05-08,2468.449951171875,2479.75,2444.080078125,2449.81005859375,714700,2468.25,2456.05,2453.0,45.7,25.33,
2018-05-09,2450.7099609375,2451.860107421875,2428.7900390625,2443.97998046875,593400,2468.25,2455.9,2453.31,44.4,25.17,
2018-05-10,2458.669921875,2464.719970703125,2448.010009765625,2464.159912109375,490000,2468.92,2456.03,2453.65,49.8,24.85,
2018-05-11,2469.300048828125,2483.85009765625,2468.409912109375,2477.7099609375,599900,2470.59,2456.46,2454.08,53.1,24.48,
2018-05-14,2482.969970703125,2486.169921875,2471.909912109375,2476.110107421875,650700,2472.26,2457.43,2454.41,52.6,23.75,
2018-05-15,2476.8701171875,2480.219970703125,2456.199951171875,2458.5400390625,712600,2472.43,2458.56,2454.63,47.9,23.77,
2018-05-16,2446.639892578125,2465.550048828125,2444.669921875,2459.820068359375,691800,2472.55,2460.26,2454.8,48.3,23.57,
2018-05-17,2468.719970703125,2472.820068359375,2448.429931640625,2448.449951171875,596800,2472.29,2461.0,2454.92,45.3,23.63,
2018-05-18,2459.72998046875,2461.949951171875,2452.340087890625,2460.64990234375,431400,2471.32,2462.17,2455.07,49.0,22.9,
2018-05-21,2464.070068359375,2472.300048828125,2447.68994140625,2465.570068359375,588100,2470.29,2462.82,2455.19,50.4,23.02,
2018-05-23,2462.97998046875,2476.860107421875,2460.070068359375,2471.909912109375,752700,2470.07,2463.07,2455.3,52.3,22.58,
2018-05-24,2477.47998046875,2481.31005859375,2457.840087890625,2466.010009765625,638100,2469.67,2462.71,2455.37,50.4,22.64,
2018-05-25,2452.800048828125,2466.570068359375,2444.77001953125,2460.800048828125,653600,2469.5,2462.04,2455.48,48.7,22.58,
2018-05-28,2465.0,2482.39990234375,2463.139892578125,2478.9599609375,708400,2471.01,2461.89,2455.7,54.4,22.51,
2018-05-29,2476.699951171875,2479.679931640625,2457.179931640625,2457.25,571800,2470.09,2461.19,2455.77,47.6,22.51,
2018-05-30,2446.81005859375,2449.8798828125,2399.580078125,2409.030029296875,575900,2465.92,2459.49,2455.81,36.6,25.02,
2018-05-31,2428.830078125,2430.14990234375,2415.5,2423.010009765625,816900,2461.3,2458.45,2455.91,40.9,24.74,
2018-06-01,2419.6298828125,2445.31005859375,2418.110107421875,2438.9599609375,603000,2457.97,2457.52,2455.99,45.4,24.92,
2018-06-04,2444.6201171875,2452.669921875,2441.25,2447.760009765625,438900,2455.99,2456.78,2456.09,47.7,24.12,
2018-06-05,2450.389892578125,2455.780029296875,2432.81005859375,2453.760009765625,501400,2455.61,2455.93,2456.42,49.4,24.04,
2018-06-07,2468.260009765625,2478.669921875,2466.010009765625,2470.580078125,474100,2456.65,2457.01,2456.8,53.7,24.1,
2018-06-08,2467.8798828125,2468.27001953125,2449.110107421875,2451.580078125,530200,2457.03,2457.3,2457.06,48.6,23.91,
2018-06-11,2454.25,2470.989990234375,2448.0,2470.14990234375,427900,2457.33,2457.66,2457.44,53.3,23.85,
2018-06-12,2474.780029296875,2479.56005859375,2462.840087890625,2468.830078125,613200,2456.89,2458.65,2457.94,52.9,23.34,
2018-06-14,2450.860107421875,2451.949951171875,2422.3701171875,2423.47998046875,533400,2454.26,2458.39,2458.26,42.2,24.99,
2018-06-15,2432.179931640625,2433.510009765625,2403.969970703125,2404.0400390625,502400,2451.53,2457.56,2458.69,38.6,25.31,
2018-06-18,2404.679931640625,2405.56005859375,2365.31005859375,2376.239990234375,564800,2447.35,2456.2,2458.9,34.1,26.38,
2018-06-19,2373.1201171875,2379.489990234375,2336.5400390625,2340.110107421875,606300,2441.93,2454.15,2458.85,29.3,27.56,
2018-06-20,2350.239990234375,2374.52001953125,2345.219970703125,2363.909912109375,456000,2437.1,2453.27,2458.87,35.7,28.05,
2018-06-21,2364.159912109375,2370.580078125,2337.830078125,2337.830078125,438300,2430.71,2451.28,2458.76,32.3,28.39,
2018-06-22,2323.080078125,2357.39990234375,2320.760009765625,2357.219970703125,537300,2424.98,2449.83,2458.77,37.1,28.98,
2018-06-25,2351.889892578125,2361.389892578125,2337.219970703125,2357.8798828125,415100,2419.57,2448.1,2458.74,37.3,28.63,
2018-06-26,2334.75,2358.010009765625,2326.610107421875,2350.919921875,470900,2414.07,2446.11,2458.66,36.2,28.83,
2018-06-27,2349.3798828125,2358.7099609375,2342.02001953125,2342.030029296875,526600,2407.23,2444.06,2458.49,34.8,27.96,
2018-06-28,2327.3701171875,2335.35009765625,2310.800048828125,2314.239990234375,414400,2400.08,2441.49,2458.17,30.9,28.2,
2018-06-29,2325.679931640625,2329.580078125,2296.389892578125,2326.1298828125,396700,2395.93,2438.92,2457.95,34.3,28.55,
2018-07-02,2322.22998046875,2327.590087890625,2271.530029296875,2271.5400390625,393300,2388.36,2435.2,2457.48,27.5,30.52,
2018-07-03,2285.8798828125,2287.389892578125,2252.360107421875,2272.760009765625,366000,2380.05,2431.58,2456.98,27.9,30.84,
2018-07-04,2270.949951171875,2280.81005859375,2261.340087890625,2265.4599609375,315100,2370.93,2427.29,2456.5,27.0,30.03,
2018-07-05,2264.739990234375,2274.739990234375,2243.89990234375,2257.550048828125,346900,2361.12,2422.72,2456.0,26.1,30.09,
2018-07-06,2261.43994140625,2283.75,2247.35009765625,2272.8701171875,344400,2351.24,2418.65,2455.71,31.0,30.54,
2018-07-09,2276.919921875,2294.610107421875,2267.25,2285.800048828125,352600,2342.95,2414.88,2455.51,34.8,30.31,
2018-07-10,2299.090087890625,2305.840087890625,2292.1298828125,2294.159912109375,339900,2334.15,2411.48,2455.38,37.3,29.58,
2018-07-11,2277.219970703125,2287.080078125,2262.77001953125,2280.6201171875,423000,2324.74,2408.12,2455.05,35.0,29.71,
2018-07-12,2285.929931640625,2298.56005859375,2277.72998046875,2285.06005859375,364400,2317.82,2404.31,2454.76,36.3,29.07,
2018-07-13,2293.070068359375,2313.800048828125,2293.070068359375,2310.89990234375,291600,2313.16,2400.68,2454.52,43.8,29.05,
2018-07-16,2312.260009765625,2317.840087890625,2299.7900390625,2301.989990234375,297100,2309.45,2396.41,2454.2,42.0,28.26,
2018-07-17,2302.949951171875,2306.070068359375,2290.239990234375,2297.919921875,379000,2307.34,2392.25,2453.89,41.1,27.38,
2018-07-18,2313.780029296875,2319.389892578125,2287.10009765625,2290.110107421875,402800,2303.65,2388.31,2453.45,39.5,27.73,
2018-07-19,2298.909912109375,2300.179931640625,2278.93994140625,2282.2900390625,464500,2300.87,2384.73,2452.93,37.9,27.26,
2018-07-20,2281.360107421875,2293.340087890625,2269.550048828125,2289.18994140625,353200,2297.47,2381.52,2452.29,40.2,27.01,
2018-07-23,2289.610107421875,2289.610107421875,2264.419921875,2269.31005859375,334300,2293.04,2378.02,2451.55,36.0,26.88,
2018-07-24,2273.14990234375,2284.429931640625,2263.1298828125,2280.199951171875,436100,2289.51,2374.34,2450.89,39.7,26.49,
2018-07-25,2284.3798828125,2292.610107421875,2269.669921875,2273.030029296875,309300,2286.06,2370.25,2450.23,38.2,26.23,
2018-07-26,2284.510009765625,2297.159912109375,2276.5400390625,2289.06005859375,303300,2284.8,2366.51,2449.77,43.5,26.08,
2018-07-27,2292.330078125,2295.27001953125,2284.43994140625,2294.989990234375,262100,2283.24,2363.24,2449.37,45.4,24.99,
2018-07-30,2290.179931640625,2296.909912109375,2283.2900390625,2293.510009765625,206500,2284.34,2359.91,2448.98,45.0,24.18,
2018-07-31,2292.22998046875,2296.60009765625,2286.02001953125,2295.260009765625,223900,2285.46,2356.85,2448.59,45.6,23.21,
2018-08-01,2301.169921875,2312.64990234375,2301.1298828125,2307.070068359375,219000,2287.54,2353.78,2448.15,49.8,22.79,
2018-08-02,2304.139892578125,2306.719970703125,2265.4599609375,2270.199951171875,352100,2288.18,2349.87,2447.33,39.7,24.14,
2018-08-03,2278.330078125,2288.929931640625,2272.93994140625,2287.679931640625,270500,2288.92,2346.18,2446.48,45.3,23.75,
2018-08-06,2288.510009765625,2300.3798828125,2283.260009765625,2286.5,244500,2288.95,2342.59,2445.54,45.0,23.28,
2018-08-07,2290.85009765625,2301.27001953125,2279.550048828125,2300.159912109375,230300,2289.25,2339.38,2444.67,49.3,23.17,
2018-08-08,2305.72998046875,2308.60009765625,2298.409912109375,2301.449951171875,299700,2290.29,2335.83,2443.78,49.7,22.24,
2018-08-09,2303.0400390625,2303.7099609375,2291.909912109375,2303.7099609375,244900,2291.23,2332.76,2442.88,50.4,21.49,
2018-08-10,2295.2099609375,2295.6201171875,2277.889892578125,2282.7900390625,286200,2289.82,2330.24,2441.87,44.0,21.8,
2018-08-13,2266.429931640625,2271.820068359375,2238.550048828125,2248.449951171875,335400,2287.14,2326.74,2440.75,36.0,23.41,
2018-08-14,2249.860107421875,2262.52001953125,2247.3701171875,2258.909912109375,255200,2285.19,2323.14,2439.6,39.6,22.82,
2018-08-16,2233.050048828125,2244.080078125,2218.090087890625,2240.800048828125,312500,2282.73,2319.0,2438.35,35.8,24.1,
2018-08-17,2244.610107421875,2250.919921875,2240.139892578125,2247.050048828125,238400,2280.97,2314.87,2437.13,38.0,23.15,
2018-08-20,2257.35009765625,2264.419921875,2245.06005859375,2247.8798828125,271600,2278.9,2310.42,2435.91,38.3,22.88,
2018-08-21,2248.0400390625,2272.860107421875,2244.590087890625,2270.06005859375,294300,2278.94,2306.79,2434.86,45.9,23.26,
2018-08-22,2273.679931640625,2280.31005859375,2268.909912109375,2273.330078125,269300,2278.59,2302.85,2433.74,47.0,22.42,
2018-08-23,2282.570068359375,2282.8798828125,2268.06005859375,2282.60009765625,338400,2279.07,2299.12,2432.65,49.9,21.87,
2018-08-24,2276.159912109375,2295.219970703125,2271.35009765625,2293.2099609375,347300,2279.28,2296.52,2431.49,53.1,22.02,
2018-08-27,2297.320068359375,2302.8701171875,2289.409912109375,2299.300048828125,307000,2279.5,2294.42,2430.21,54.9,21.41,
2018-08-28,2312.139892578125,2314.60009765625,2299.449951171875,2303.1201171875,276900,2279.98,2292.96,2428.99,56.0,20.97,
2018-08-29,2304.659912109375,2309.8798828125,2300.2099609375,2309.030029296875,268200,2280.67,2292.34,2427.75,57.8,20.16,
2018-08-30,2313.110107421875,2320.85009765625,2305.4599609375,2307.35009765625,286900,2280.68,2291.21,2426.54,57.1,19.82,
2018-08-31,2298.1298828125,2322.8798828125,2295.719970703125,2322.8798828125,255900,2283.31,2290.91,2425.42,61.7,20.35,
2018-09-03,2317.929931640625,2318.719970703125,2302.169921875,2307.030029296875,230500,2284.28,2289.91,2424.2,55.2,20.37,
2018-09-04,2308.9599609375,2317.739990234375,2302.169921875,2315.719970703125,277000,2285.74,2289.06,2423.02,57.8,20.03,
2018-09-05,2310.89990234375,2315.429931640625,2288.010009765625,2291.77001953125,358200,2285.32,2287.88,2421.77,49.2,20.58,
2018-09-06,2288.800048828125,2298.469970703125,2284.5,2287.610107421875,387500,2284.63,2286.79,2420.55,47.9,20.11,
2018-09-07,2278.080078125,2286.820068359375,2264.89990234375,2281.580078125,357600,2283.52,2286.14,2419.33,45.9,20.29,
2018-09-10,2277.35009765625,2289.3798828125,2276.60009765625,2288.659912109375,312600,2283.82,2285.39,2418.18,48.6,19.75,
2018-09-11,2286.909912109375,2295.760009765625,2275.1298828125,2283.199951171875,368200,2285.55,2285.62,2416.92,46.7,19.82,
2018-09-12,2286.280029296875,2289.659912109375,2271.0,2282.919921875,336800,2286.76,2285.83,2415.67,46.6,19.73,
2018-09-13,2285.280029296875,2291.510009765625,2281.6298828125,2286.22998046875,301300,2289.03,2286.24,2414.46,48.0,19.03,
2018-09-14,2304.699951171875,2318.64990234375,2304.14990234375,2318.25,292200,2292.59,2287.46,2413.4,59.3,19.99,
2018-09-17,2314.550048828125,2314.550048828125,2295.260009765625,2303.010009765625,343200,2295.34,2288.06,2412.21,53.3,20.2,
2018-09-18,2287.72998046875,2310.969970703125,2287.419921875,2308.97998046875,309200,2297.29,2288.52,2411.07,55.2,20.44,
2018-09-19,2319.219970703125,2319.219970703125,2301.7900390625,2308.4599609375,350900,2299.05,2288.81,2409.89,55.0,20.23,
2018-09-20,2314.409912109375,2334.0400390625,2311.56005859375,2323.449951171875,289100,2301.09,2289.66,2408.97,59.7,20.61,
2018-09-21,2332.0400390625,2339.169921875,2325.1201171875,2339.169921875,321700,2303.39,2290.75,2408.09,64.0,20.26,
2018-09-27,2331.699951171875,2355.429931640625,2331.699951171875,2355.429931640625,279200,2306.19,2291.64,2407.31,67.8,20.51,
2018-09-28,2356.1298828125,2356.6201171875,2337.469970703125,2343.070068359375,317900,2308.19,2292.46,2406.64,62.4,20.41,
2018-10-01,2349.639892578125,2352.110107421875,2333.320068359375,2338.8798828125,278300,2309.68,2293.28,2405.96,60.7,20.29,
2018-10-02,2338.280029296875,2341.550048828125,2308.89990234375,2309.570068359375,287900,2309.79,2293.67,2405.0,50.0,21.18,
2018-10-04,2311.06005859375,2311.06005859375,2270.219970703125,2274.489990234375,309500,2307.37,2293.51,2403.82,40.8,22.58,
2018-10-05,2269.93994140625,2278.1201171875,2250.989990234375,2267.52001953125,282100,2305.4,2293.08,2402.78,39.2,22.91,
2018-10-08,2258.72998046875,2273.7099609375,2253.830078125,2253.830078125,214600,2302.3,2292.77,2401.74,36.3,22.69,
2018-10-10,2256.030029296875,2257.52001953125,2222.949951171875,2228.610107421875,365700,2299.15,2291.74,2400.57,31.7,23.54,
2018-10-11,2176.159912109375,2186.68994140625,2129.669921875,2129.669921875,411900,2291.25,2288.87,2398.86,20.5,28.92,
2018-10-12,2131.659912109375,2173.010009765625,2129.1298828125,2161.85009765625,292600,2285.26,2286.32,2397.36,29.2,29.99,
2018-10-15,2155.340087890625,2159.22998046875,2141.280029296875,2145.1201171875,259200,2278.09,2283.33,2395.68,27.5,29.32,
2018-10-16,2156.0,2161.760009765625,2140.18994140625,2145.1201171875,222500,2271.18,2280.36,2394.06,27.5,28.77,
2018-10-17,2169.43994140625,2182.77001953125,2159.3701171875,2167.510009765625,275200,2265.41,2277.8,2392.49,33.5,29.4,
2018-10-18,2158.800048828125,2168.010009765625,2146.610107421875,2148.31005859375,321800,2258.52,2274.63,2390.82,31.1,28.83,
2018-10-19,2130.06005859375,2158.780029296875,2117.6201171875,2156.260009765625,351800,2250.42,2272.35,2389.21,33.3,29.71,
2018-10-22,2143.080078125,2163.2099609375,2136.919921875,2161.7099609375,308700,2243.35,2269.83,2387.87,34.7,29.47,
2018-10-23,2147.300048828125,2148.800048828125,2094.68994140625,2106.10009765625,373500,2233.21,2266.22,2386.2,27.9,32.15,
2018-10-24,2119.18994140625,2121.360107421875,2092.10009765625,2097.580078125,399700,2222.66,2262.17,2384.55,27.1,31.94,
2018-10-25,2046.6700439453125,2066.06005859375,2033.81005859375,2063.300048828125,376000,2209.66,2257.41,2382.68,23.9,34.22,
2018-10-26,2066.570068359375,2066.570068359375,2008.8599853515625,2027.1500244140625,449200,2194.05,2251.88,2380.48,21.0,35.89,
2018-10-29,2026.6800537109375,2045.760009765625,1993.77001953125,1996.050048828125,427300,2176.09,2246.14,2378.06,18.9,37.04,
2018-10-30,1985.949951171875,2028.8399658203125,1985.949951171875,2014.68994140625,441600,2159.67,2241.47,2375.7,23.8,37.46,
2018-10-31,2022.8399658203125,2030.5,2006.6300048828125,2029.68994140625,373000,2144.21,2236.88,2373.52,27.6,36.49,
2018-11-01,2035.1099853515625,2054.219970703125,2023.4300537109375,2024.4599609375,343800,2129.95,2232.56,2371.16,27.1,36.08,
2018-11-02,2046.6099853515625,2096.6298828125,2044.93994140625,2096.0,372000,2121.03,2229.54,2369.07,42.6,38.66,
2018-11-05,2079.81005859375,2080.489990234375,2052.669921875,2076.919921875,361300,2111.5,2226.12,2366.9,40.1,38.99,
2018-11-06,2085.81005859375,2092.610107421875,2068.590087890625,2089.6201171875,315800,2103.29,2222.51,2364.85,42.5,37.92,
2018-11-07,2090.320068359375,2107.6298828125,2072.47998046875,2078.68994140625,485200,2095.79,2218.61,2362.81,41.0,37.73,
2018-11-08,2109.969970703125,2120.8798828125,2092.360107421875,2092.6298828125,328000,2093.94,2214.82,2360.79,43.7,38.05,
2018-11-09,2093.889892578125,2101.919921875,2082.469970703125,2086.090087890625,298100,2090.15,2210.67,2358.7,42.7,36.72,
2018-11-12,2065.919921875,2087.239990234375,2065.52001953125,2080.43994140625,295500,2086.92,2206.3,2356.49,41.8,35.65,
2018-11-13,2047.6199951171875,2072.030029296875,2032.050048828125,2071.22998046875,383400,2083.22,2201.66,2354.27,40.4,36.56,
2018-11-14,2071.409912109375,2075.1201171875,2060.860107421875,2068.050048828125,339000,2078.25,2196.84,2352.03,39.8,34.96,
2018-11-15,2061.469970703125,2088.610107421875,2058.72998046875,2088.06005859375,351000,2075.24,2192.45,2349.87,44.7,34.6,
2018-11-16,2097.93994140625,2103.110107421875,2086.5400390625,2092.39990234375,301600,2072.04,2187.84,2347.82,45.7,33.31,
2018-11-19,2096.1298828125,2111.389892578125,2089.3701171875,2100.56005859375,273200,2068.99,2183.71,2345.64,47.7,32.51,
2018-11-20,2074.669921875,2089.5400390625,2074.669921875,2082.580078125,281700,2067.81,2179.05,2343.37,43.9,32.03,
2018-11-21,2057.070068359375,2077.489990234375,2049.760009765625,2076.550048828125,267900,2066.76,2174.75,2340.94,42.7,32.09,
2018-11-22,2079.010009765625,2081.75,2066.199951171875,2069.949951171875,242500,2067.09,2170.39,2338.41,41.3,30.91,
2018-11-23,2073.260009765625,2075.909912109375,2047.9599609375,2057.47998046875,227200,2068.61,2165.91,2335.71,38.8,30.7,
2018-11-26,2060.169921875,2083.9599609375,2060.169921875,2083.02001953125,237700,2072.96,2161.8,2333.29,46.0,30.4,
2018-11-27,2091.75,2102.2900390625,2079.489990234375,2099.419921875,239200,2077.19,2158.12,2330.95,50.1,29.85,
2018-11-28,2104.1298828125,2108.64990234375,2094.320068359375,2108.219970703125,300100,2081.12,2154.63,2328.65,52.2,28.74,
2018-11-29,2133.949951171875,2136.739990234375,2108.89990234375,2114.10009765625,307200,2085.6,2151.19,2326.59,53.6,28.73,
2018-11-30,2116.830078125,2122.330078125,2093.830078125,2096.860107421875,427400,2085.64,2146.76,2324.62,49.1,28.71,
2018-12-03,2127.780029296875,2136.639892578125,2113.60009765625,2131.929931640625,436600,2088.39,2143.34,2323.01,57.0,29.5,
2018-12-04,2125.669921875,2128.93994140625,2105.449951171875,2114.35009765625,507500,2089.63,2139.44,2321.6,52.6,29.29,
2018-12-05,2086.570068359375,2107.68994140625,2086.570068359375,2101.31005859375,492700,2090.76,2135.3,2320.07,49.5,29.18,
2018-12-06,2094.6201171875,2094.6201171875,2064.0,2068.68994140625,537400,2089.56,2130.21,2318.59,42.8,29.76,
2018-12-07,2081.679931640625,2086.840087890625,2065.6201171875,2075.760009765625,371600,2089.05,2124.94,2317.04,44.5,29.15,
2018-12-10,2048.449951171875,2061.780029296875,2043.2099609375,2053.7900390625,344200,2087.72,2118.9,2315.34,40.4,29.39,
2018-12-11,2058.159912109375,2060.93994140625,2047.1700439453125,2052.969970703125,273900,2086.8,2113.1,2313.49,40.2,28.28,
2018-12-12,2062.77001953125,2084.77001953125,2061.1298828125,2082.570068359375,457100,2087.53,2107.98,2311.69,47.8,28.53,
2018-12-13,2087.429931640625,2104.429931640625,2084.3701171875,2095.550048828125,379800,2087.9,2103.7,2310.09,50.8,28.05,
2018-12-14,2095.639892578125,2095.639892578125,2061.39990234375,2069.3798828125,448200,2086.75,2099.59,2308.29,45.2,28.49,
2018-12-17,2071.2099609375,2075.929931640625,2065.510009765625,2071.090087890625,444500,2085.28,2095.67,2306.58,45.6,27.2,
2018-12-18,2057.389892578125,2074.31005859375,2054.260009765625,2062.110107421875,429500,2084.26,2091.83,2304.63,43.7,26.69,
2018-12-19,2068.949951171875,2080.64990234375,2063.010009765625,2078.840087890625,418800,2084.37,2088.84,2302.74,48.1,26.11,
2018-12-20,2063.699951171875,2071.080078125,2047.52001953125,2060.1201171875,421100,2083.88,2087.44,2300.76,44.0,26.48,
2018-12-21,2052.699951171875,2061.510009765625,2049.760009765625,2061.489990234375,311400,2084.08,2085.44,2298.93,44.4,25.43,
2018-12-24,2050.3798828125,2059.93994140625,2046.1800537109375,2055.010009765625,285300,2082.68,2083.64,2297.19,42.9,24.71,
2018-12-26,2028.81005859375,2037.8299560546875,2014.280029296875,2028.010009765625,321500,2079.11,2081.29,2295.46,37.4,25.85,
2018-12-27,2032.0899658203125,2035.5699462890625,2021.3900146484375,2028.43994140625,398000,2075.12,2078.51,2293.54,37.6,25.02,
2018-12-28,2036.699951171875,2046.969970703125,2035.4100341796875,2041.0400390625,352700,2071.47,2076.37,2291.74,41.6,24.55,
2019-01-02,2050.550048828125,2053.449951171875,2004.27001953125,2010.0,326400,2067.12,2073.44,2289.62,35.5,26.31,
2019-01-03,2011.81005859375,2014.719970703125,1991.6500244140625,1993.699951171875,428000,2060.21,2070.08,2287.29,32.8,26.08,
2019-01-04,1992.4000244140625,2011.56005859375,1984.530029296875,2010.25,409000,2055.01,2068.16,2284.92,38.0,26.15,
2019-01-07,2034.239990234375,2048.06005859375,2030.9000244140625,2037.0999755859375,440200,2051.8,2066.95,2282.64,45.3,26.98,
2019-01-08,2038.6800537109375,2042.699951171875,2023.5899658203125,2025.27001953125,397800,2049.62,2066.19,2280.33,42.9,26.42,
2019-01-09,2034.18994140625,2068.22998046875,2034.18994140625,2064.7099609375,386200,2049.07,2066.94,2278.19,52.1,27.6,
2019-01-10,2065.72998046875,2072.81005859375,2057.159912109375,2063.280029296875,382900,2049.55,2068.29,2276.04,51.8,26.75,
2019-01-11,2070.360107421875,2076.989990234375,2063.989990234375,2075.570068359375,380100,2050.68,2069.51,2274.04,54.4,25.82,
2019-01-14,2070.489990234375,2073.93994140625,2059.4599609375,2064.52001953125,432900,2049.77,2070.2,2271.94,51.7,25.12,
2019-01-15,2069.139892578125,2098.010009765625,2067.580078125,2097.179931640625,439500,2049.86,2071.66,2270.0,58.3,25.72,
2019-01-16,2098.64990234375,2106.35009765625,2091.919921875,2106.10009765625,500100,2051.69,2071.86,2268.05,59.9,24.91,
2019-01-17,2110.139892578125,2117.429931640625,2101.699951171875,2107.06005859375,475900,2053.49,2072.46,2266.5,60.1,24.26,
2019-01-18,2116.429931640625,2124.5,2113.43994140625,2124.280029296875,456700,2056.6,2073.16,2264.94,63.3,23.77,
2019-01-21,2133.8701171875,2134.169921875,2114.449951171875,2124.610107421875,398000,2058.89,2074.07,2263.3,63.4,23.48,
2019-01-22,2126.030029296875,2129.3701171875,2108.909912109375,2117.77001953125,419400,2061.77,2074.58,2261.79,61.1,23.27,
2019-01-23,2108.719970703125,2131.050048828125,2106.739990234375,2127.780029296875,408600,2065.08,2075.41,2260.25,63.2,23.34,
2019-01-24,2127.8798828125,2145.080078125,2125.47998046875,2145.030029296875,413700,2069.59,2076.7,2258.75,66.5,23.07,
2019-01-25,2147.919921875,2178.010009765625,2146.639892578125,2177.72998046875,410000,2077.07,2078.83,2257.41,71.6,23.78,
2019-01-28,2184.409912109375,2188.14990234375,2169.169921875,2177.300048828125,371600,2084.51,2081.02,2256.09,71.5,23.44,
2019-01-29,2172.830078125,2183.360107421875,2162.530029296875,2183.360107421875,552600,2091.63,2082.92,2254.96,72.4,23.25,
2019-01-30,2183.489990234375,2206.199951171875,2177.8798828125,2206.199951171875,480400,2101.44,2085.2,2253.81,75.6,23.61,
2019-01-31,2222.8798828125,2222.8798828125,2201.219970703125,2204.85009765625,545200,2112.0,2087.29,2252.68,75.0,23.47,
2019-02-01,2211.929931640625,2218.780029296875,2201.409912109375,2203.4599609375,479400,2121.66,2089.7,2251.48,74.4,23.04,
2019-02-07,2215.77001953125,2215.7900390625,2196.77001953125,2203.419921875,427800,2129.97,2092.24,2250.24,74.4,22.75,
2019-02-08,2192.010009765625,2192.47998046875,2171.9599609375,2177.050048828125,391000,2137.56,2094.38,2248.91,63.3,23.37,
2019-02-11,2180.5400390625,2181.580078125,2167.360107421875,2180.72998046875,406100,2143.36,2096.85,2247.6,64.1,22.72,
2019-02-12,2182.7099609375,2195.050048828125,2178.590087890625,2190.469970703125,429900,2149.72,2099.0,2246.28,66.2,22.27,
2019-02-13,2200.0,2203.7099609375,2194.75,2201.47998046875,422000,2156.02,2101.04,2245.0,68.5,21.63,
2019-02-14,2195.919921875,2225.85009765625,2186.090087890625,2225.85009765625,573400,2164.09,2103.39,2243.86,72.8,22.92,
2019-02-15,2210.93994140625,2210.93994140625,2187.7099609375,2196.090087890625,400600,2169.03,2105.03,2242.44,61.6,24.01,
2019-02-18,2207.360107421875,2217.320068359375,2203.0,2210.889892578125,314400,2174.27,2107.31,2241.06,64.6,23.81,
2019-02-19,2208.9599609375,2213.8701171875,2193.340087890625,2205.6298828125,389100,2179.2,2108.78,2239.71,62.7,23.58,
2019-02-20,2216.739990234375,2234.679931640625,2213.830078125,2229.760009765625,374300,2184.47,2111.09,2238.48,67.3,23.97,
2019-02-21,2224.260009765625,2234.31005859375,2213.18994140625,2228.659912109375,382500,2189.68,2113.64,2237.31,66.9,23.76,
2019-02-22,2222.320068359375,2230.5,2217.080078125,2230.5,409300,2195.31,2116.88,2236.22,67.2,23.03,
2019-02-25,2241.1298828125,2241.760009765625,2224.639892578125,2232.56005859375,339200,2200.55,2120.01,2235.0,67.7,22.6,
2019-02-26,2230.3701171875,2235.699951171875,2221.760009765625,2226.60009765625,332000,2204.63,2123.47,2233.67,65.1,21.98,
2019-02-27,2234.4599609375,2237.77001953125,2228.159912109375,2234.7900390625,301500,2207.48,2127.1,2232.27,66.9,21.21,
2019-02-28,2231.580078125,2233.929931640625,2195.43994140625,2195.43994140625,510000,2208.39,2129.36,2230.72,52.5,22.51,
2019-03-04,2210.969970703125,2216.02001953125,2188.56005859375,2190.659912109375,373200,2208.75,2131.26,2229.23,51.1,22.86,
2019-03-05,2183.35009765625,2185.739990234375,2171.330078125,2179.22998046875,313100,2207.41,2133.46,2227.82,47.7,22.61,
2019-03-06,2177.110107421875,2179.010009765625,2168.4599609375,2175.60009765625,328900,2205.94,2135.55,2226.45,46.6,21.76,
2019-03-07,2173.18994140625,2181.18994140625,2155.18994140625,2165.7900390625,292600,2204.06,2137.63,2225.06,43.8,22.07,
2019-03-08,2152.800048828125,2159.669921875,2137.43994140625,2137.43994140625,313300,2200.76,2138.8,2223.43,36.9,22.51,
2019-03-11,2140.2900390625,2145.31005859375,2125.5400390625,2138.10009765625,272100,2198.81,2140.36,2221.73,37.1,22.32,
2019-03-12,2154.610107421875,2161.68994140625,2150.9599609375,2157.179931640625,355300,2197.64,2142.27,2220.14,44.0,22.41,
2019-03-13,2152.659912109375,2154.110107421875,2134.159912109375,2148.409912109375,285600,2195.53,2144.14,2218.58,41.8,22.45,
2019-03-14,2154.35009765625,2158.340087890625,2142.31005859375,2155.679931640625,341000,2193.24,2146.69,2217.06,44.3,21.99,
2019-03-15,2152.9599609375,2181.77001953125,2152.590087890625,2176.110107421875,387100,2190.76,2149.65,2215.7,50.8,22.51,
2019-03-18,2179.68994140625,2183.89990234375,2172.340087890625,2179.489990234375,258000,2189.93,2152.41,2214.3,51.8,21.73,
2019-03-19,2183.030029296875,2183.760009765625,2171.050048828125,2177.6201171875,319700,2188.26,2155.77,2212.86,51.2,21.08,
2019-03-20,2171.409912109375,2177.18994140625,2152.2099609375,2177.10009765625,317600,2186.84,2159.43,2211.38,51.0,21.39,
2019-03-21,2183.110107421875,2200.320068359375,2173.699951171875,2184.8798828125,342700,2184.59,2162.93,2209.98,53.7,21.76,
2019-03-22,2192.719970703125,2195.419921875,2178.77001953125,2186.949951171875,333600,2182.51,2165.92,2208.61,54.4,21.4,
2019-03-25,2158.800048828125,2159.25,2143.699951171875,2144.860107421875,307100,2178.22,2168.32,2206.94,40.7,22.96,
2019-03-26,2152.97998046875,2153.89990234375,2143.6298828125,2148.800048828125,301300,2174.04,2170.0,2205.4,42.2,22.05,
2019-03-27,2147.18994140625,2152.909912109375,2132.419921875,2145.6201171875,363200,2169.99,2171.64,2204.08,41.3,21.94,
2019-03-28,2131.25,2136.39990234375,2120.929931640625,2128.10009765625,288000,2164.65,2172.7,2202.6,36.7,22.14,
2019-03-29,2138.449951171875,2143.300048828125,2124.070068359375,2140.669921875,364600,2161.91,2174.22,2201.11,41.7,21.93,
2019-04-01,2153.31005859375,2171.489990234375,2153.31005859375,2168.280029296875,263300,2160.8,2175.64,2199.71,50.9,22.57,
2019-04-02,2177.199951171875,2181.3701171875,2171.840087890625,2177.179931640625,257500,2160.69,2177.06,2198.33,53.4,21.89,
2019-04-03,2176.81005859375,2203.2900390625,2172.830078125,2203.27001953125,358600,2162.08,2178.99,2197.0,60.0,22.5,
2019-04-04,2201.0400390625,2216.14990234375,2198.659912109375,2206.530029296875,431000,2164.11,2180.63,2195.77,60.8,22.14,
2019-04-05,2206.360107421875,2214.820068359375,2205.260009765625,2209.610107421875,517200,2167.72,2182.33,2194.47,61.5,21.24,
2019-04-08,2217.659912109375,2217.8701171875,2202.489990234375,2210.60009765625,347900,2171.35,2184.19,2193.18,61.7,20.83,
2019-04-09,2212.320068359375,2221.6201171875,2203.5400390625,2213.56005859375,414800,2174.17,2185.9,2192.13,62.5,20.63,
2019-04-10,2206.199951171875,2225.02001953125,2203.820068359375,2224.389892578125,399700,2177.97,2187.49,2191.23,65.3,20.67,
2019-04-11,2227.68994140625,2230.409912109375,2217.179931640625,2224.43994140625,402000,2181.4,2188.42,2190.47,65.3,20.14,
2019-04-12,2221.10009765625,2233.449951171875,2212.8798828125,2233.449951171875,449600,2184.27,2189.55,2189.94,67.6,20.17,
2019-04-15,2242.31005859375,2251.219970703125,2240.2900390625,2242.8798828125,404200,2187.44,2190.74,2189.33,69.8,20.0,
2019-04-16,2241.06005859375,2249.889892578125,2235.719970703125,2248.6298828125,569100,2190.99,2191.59,2188.89,71.1,19.58,
2019-04-17,2249.050048828125,2252.050048828125,2242.010009765625,2245.889892578125,452500,2194.43,2192.41,2188.33,69.6,18.9,
2019-04-18,2248.800048828125,2250.110107421875,2210.429931640625,2213.77001953125,573300,2195.87,2192.61,2187.61,54.5,20.38,
2019-04-19,2223.419921875,2225.3701171875,2215.580078125,2216.14990234375,525300,2197.33,2192.87,2186.93,55.3,19.76,
2019-04-22,2218.5,2227.93994140625,2207.25,2216.64990234375,494000,2200.92,2193.66,2186.31,55.5,19.82,
2019-04-23,2217.610107421875,2223.919921875,2212.139892578125,2220.510009765625,481200,2204.51,2194.46,2185.84,56.8,19.25,
2019-04-24,2229.75,2229.75,2190.2900390625,2201.030029296875,575100,2207.28,2194.67,2185.21,48.7,20.69,
2019-04-25,2195.469970703125,2200.889892578125,2187.43994140625,2190.5,441100,2210.4,2194.45,2184.81,44.9,20.19,
2019-04-26,2178.1298828125,2186.52001953125,2168.14990234375,2179.31005859375,570200,2212.33,2193.52,2184.34,41.3,20.34,
2019-04-29,2183.409912109375,2216.429931640625,2181.820068359375,2216.429931640625,380800,2214.74,2193.92,2184.1,54.5,21.54,
2019-04-30,2213.429931640625,2215.77001953125,2186.330078125,2203.590087890625,381400,2216.06,2193.78,2183.83,50.3,22.15,
2019-05-02,2192.93994140625,2217.030029296875,2191.300048828125,2212.75,369100,2216.53,2193.92,2183.52,53.0,22.41,
2019-05-03,2209.43994140625,2211.360107421875,2192.360107421875,2196.320068359375,617900,2216.02,2193.25,2183.08,47.9,22.26,
2019-05-07,2172.389892578125,2179.510009765625,2160.43994140625,2176.989990234375,484100,2214.39,2192.22,2182.49,42.6,23.23,
2019-05-08,2151.340087890625,2179.340087890625,2151.340087890625,2168.010009765625,456300,2212.26,2190.97,2181.93,40.4,23.57,
2019-05-09,2159.7900390625,2164.97998046875,2102.010009765625,2102.010009765625,743500,2206.68,2188.36,2181.01,28.6,26.61,
2019-05-10,2118.419921875,2124.919921875,2090.389892578125,2108.0400390625,714800,2200.87,2185.99,2180.0,30.6,27.17,
2019-05-13,2091.800048828125,2101.090087890625,2077.719970703125,2079.010009765625,505800,2193.6,2182.87,2178.88,26.7,27.4,
2019-05-14,2060.239990234375,2093.409912109375,2056.739990234375,2081.840087890625,696200,2186.02,2180.6,2177.8,27.7,28.06,
2019-05-15,2081.919921875,2100.010009765625,2076.4599609375,2092.780029296875,577800,2178.51,2178.64,2176.82,31.4,27.74,
2019-05-16,2094.8798828125,2095.580078125,2062.43994140625,2067.68994140625,745200,2169.46,2176.41,2175.74,27.8,28.12,
2019-05-17,2081.570068359375,2082.830078125,2053.7900390625,2055.800048828125,537400,2159.96,2174.01,2174.58,26.3,28.19,
2019-05-20,2066.530029296875,2077.10009765625,2051.68994140625,2055.7099609375,640200,2152.06,2171.81,2173.51,26.3,27.99,
2019-05-21,2056.949951171875,2076.469970703125,2053.68994140625,2061.25,526900,2144.31,2170.29,2172.41,28.4,27.62,
2019-05-22,2068.64990234375,2070.800048828125,2048.010009765625,2064.860107421875,510000,2136.72,2168.82,2171.37,29.8,27.27,
2019-05-23,2063.25,2065.860107421875,2046.8199462890625,2059.590087890625,509300,2128.68,2166.87,2170.23,28.9,26.68,
2019-05-24,2047.300048828125,2057.3798828125,2035.97998046875,2045.31005859375,480600,2120.89,2164.81,2168.98,26.6,26.47,
2019-05-27,2044.25,2055.1298828125,2035.8699951171875,2044.2099609375,351600,2113.58,2162.58,2167.73,26.4,25.95,
2019-05-28,2044.77001953125,2058.419921875,2038.52001953125,2048.830078125,494500,2107.05,2160.03,2166.5,28.6,25.52,
2019-05-29,2046.7099609375,2046.7099609375,2016.25,2023.3199462890625,380900,2097.4,2156.91,2165.08,24.3,26.02,
2019-05-30,2024.3299560546875,2040.6600341796875,2023.9100341796875,2038.800048828125,461900,2089.16,2154.14,2163.92,31.0,25.4,
2019-05-31,2029.030029296875,2048.89990234375,2022.969970703125,2041.739990234375,439200,2080.61,2151.43,2162.69,32.2,25.44,
2019-06-03,2031.030029296875,2070.580078125,2029.1700439453125,2067.85009765625,387100,2074.18,2149.09,2161.6,42.1,26.58,
2019-06-04,2066.780029296875,2072.18994140625,2060.97998046875,2066.969970703125,436000,2068.68,2146.69,2160.43,41.8,25.48,
2019-06-05,2084.159912109375,2086.489990234375,2065.7099609375,2069.110107421875,380200,2063.74,2145.17,2159.27,42.6,25.15,
2019-06-07,2070.780029296875,2081.159912109375,2057.969970703125,2072.330078125,368400,2062.25,2143.64,2158.12,43.9,25.01,
2019-06-10,2087.3701171875,2099.64990234375,2075.510009765625,2099.489990234375,457600,2061.82,2142.72,2157.2,53.0,25.17,
2019-06-11,2096.090087890625,2114.570068359375,2094.60009765625,2111.81005859375,550700,2063.46,2142.39,2156.52,56.5,24.8,
2019-06-12,2111.659912109375,2118.889892578125,2104.409912109375,2108.75,693500,2064.81,2141.76,2155.77,55.4,24.06,
2019-06-13,2104.4599609375,2108.010009765625,2081.919921875,2103.14990234375,553400,2065.33,2140.45,2155.08,53.3,24.26,
2019-06-14,2096.320068359375,2103.02001953125,2087.469970703125,2095.409912109375,473400,2066.71,2138.82,2154.32,50.6,23.65,
2019-06-17,2091.7099609375,2103.590087890625,2087.25,2090.72998046875,561600,2068.46,2136.57,2153.53,48.9,23.13,
2019-06-18,2089.31005859375,2103.02001953125,2089.31005859375,2098.7099609375,601000,2070.61,2134.41,2152.68,51.8,22.45,
2019-06-19,2119.5400390625,2126.739990234375,2117.639892578125,2124.780029296875,863000,2073.79,2132.71,2151.93,59.8,22.85,
2019-06-20,2121.780029296875,2131.77001953125,2120.419921875,2131.2900390625,1007200,2077.11,2131.13,2151.18,61.5,22.03,
2019-06-21,2132.3798828125,2132.679931640625,2120.14990234375,2125.6201171875,692000,2080.41,2129.37,2150.34,59.2,21.35,
2019-06-24,2130.320068359375,2134.47998046875,2123.8798828125,2126.330078125,669600,2084.46,2127.41,2149.47,59.4,20.58,
2019-06-25,2125.739990234375,2136.239990234375,2115.110107421875,2121.639892578125,643000,2088.33,2125.35,2148.57,57.3,20.62,
2019-06-26,2120.199951171875,2128.25,2115.719970703125,2121.85009765625,736900,2091.98,2123.12,2147.63,57.3,20.04,
2019-06-27,2120.72998046875,2141.27001953125,2118.219970703125,2134.320068359375,644900,2097.53,2120.95,2146.77,61.5,20.26,
2019-06-28,2135.06005859375,2139.239990234375,2123.969970703125,2130.6201171875,537300,2102.13,2118.59,2145.8,59.7,19.9,
2019-07-01,2147.239990234375,2147.239990234375,2126.8701171875,2129.739990234375,412300,2106.53,2116.27,2144.92,59.2,19.94,
2019-07-02,2122.070068359375,2130.860107421875,2112.52001953125,2122.02001953125,460800,2109.23,2114.43,2143.95,55.2,19.82,
2019-07-03,2120.75,2127.7099609375,2093.320068359375,2096.02001953125,522700,2110.69,2112.03,2142.97,44.2,20.86,
2019-07-04,2102.360107421875,2108.800048828125,2088.969970703125,2108.72998046875,446900,2112.67,2109.87,2142.08,49.5,20.79,
2019-07-05,2111.0,2115.429931640625,2096.22998046875,2110.590087890625,459400,2114.58,2107.67,2141.22,50.2,20.68,
2019-07-08,2091.909912109375,2092.5400390625,2063.780029296875,2064.169921875,516000,2112.81,2104.93,2140.1,36.0,22.54,
2019-07-09,2070.35009765625,2075.300048828125,2052.030029296875,2052.030029296875,440100,2109.83,2102.17,2138.94,33.4,22.59,
2019-07-10,2061.550048828125,2068.199951171875,2056.47998046875,2058.780029296875,355700,2107.33,2099.75,2137.82,36.2,22.14,
2019-07-11,2070.590087890625,2088.239990234375,2070.2099609375,2080.580078125,376700,2106.2,2097.04,2136.79,44.4,22.66,
2019-07-12,2083.530029296875,2090.429931640625,2077.35009765625,2086.659912109375,403900,2105.76,2094.7,2135.64,46.4,21.97,
2019-07-15,2083.389892578125,2088.340087890625,2073.10009765625,2082.47998046875,463500,2105.35,2092.09,2134.53,45.2,21.49,
2019-07-16,2084.4599609375,2096.669921875,2078.739990234375,2091.8701171875,682800,2105.01,2090.0,2133.45,48.5,21.24,
2019-07-17,2079.909912109375,2080.010009765625,2063.489990234375,2072.919921875,761600,2102.41,2087.92,2132.27,42.9,21.75,
2019-07-18,2068.659912109375,2073.199951171875,2061.330078125,2066.550048828125,446600,2099.18,2085.89,2130.99,41.1,21.04,
2019-07-19,2080.2099609375,2096.72998046875,2076.510009765625,2094.360107421875,394900,2097.61,2085.74,2129.76,50.5,21.7,
2019-07-22,2090.35009765625,2099.340087890625,2087.510009765625,2093.340087890625,332600,2095.96,2085.45,2128.45,50.2,20.99,
2019-07-23,2095.760009765625,2106.389892578125,2095.3798828125,2101.449951171875,648100,2094.95,2085.9,2127.24,52.8,20.42,
2019-07-24,2097.159912109375,2105.679931640625,2080.659912109375,2082.300048828125,851400,2092.98,2085.9,2125.96,46.7,20.75,
2019-07-25,2085.669921875,2088.81005859375,2061.080078125,2074.47998046875,598600,2089.98,2085.54,2124.79,44.5,21.25,
2019-07-26,2063.35009765625,2068.159912109375,2054.639892578125,2066.260009765625,589100,2086.77,2085.51,2123.74,42.2,21.15,
2019-07-29,2059.1298828125,2063.1298828125,2025.010009765625,2029.47998046875,608700,2081.75,2084.98,2122.55,33.8,22.59,
2019-07-30,2035.3199462890625,2044.5899658203125,2032.6099853515625,2038.6800537109375,547000,2077.59,2084.64,2121.48,37.1,22.05,
2019-07-31,2036.4599609375,2041.1600341796875,2010.949951171875,2024.550048828125,589400,2074.01,2083.91,2120.46,34.3,22.63,
2019-08-01,2015.0899658203125,2032.22998046875,2009.3299560546875,2017.3399658203125,461700,2069.44,2082.96,2119.9,32.9,22.65,
2019-08-02,1995.31005859375,2005.31005859375,1987.1199951171875,1998.1300048828125,438500,2063.82,2081.73,2119.08,29.4,23.19,
2019-08-05,1985.9300537109375,1987.6400146484375,1945.3900146484375,1946.97998046875,639600,2057.96,2079.76,2118.09,22.6,25.3,
2019-08-06,1900.3599853515625,1948.530029296875,1891.81005859375,1917.5,739600,2051.23,2077.23,2116.95,19.7,27.55,
2019-08-07,1925.3299560546875,1929.2900390625,1901.6099853515625,1909.7099609375,760800,2043.78,2074.45,2115.66,19.1,27.56,
2019-08-08,1926.280029296875,1937.949951171875,1915.81005859375,1920.6099853515625,777200,2035.78,2072.39,2114.52,23.1,27.61,
2019-08-09,1940.06005859375,1946.93994140625,1936.1400146484375,1937.75,654300,2028.34,2070.37,2113.43,29.0,27.52,
2019-08-12,1941.530029296875,1949.18994140625,1933.25,1942.2900390625,427100,2021.33,2068.38,2112.33,30.5,26.69,
2019-08-13,1928.760009765625,1937.6800537109375,1923.5799560546875,1925.8299560546875,660000,2013.03,2065.54,2111.43,28.2,26.12,
2019-08-14,1946.1800537109375,1952.219970703125,1937.22998046875,1938.3699951171875,699600,2006.3,2062.97,2110.63,32.5,26.14,
2019-08-16,1921.489990234375,1927.699951171875,1911.719970703125,1927.1700439453125,421700,1999.33,2060.13,2109.95,30.7,26.17,
2019-08-19,1936.6400146484375,1943.0899658203125,1931.43994140625,1939.9000244140625,481000,1991.61,2057.48,2109.52,35.0,25.44,
2019-08-20,1942.989990234375,1964.1600341796875,1937.530029296875,1960.25,463600,1984.95,2054.7,2109.34,41.4,25.53,
2019-08-21,1954.5699462890625,1971.1199951171875,1954.469970703125,1964.6500244140625,391600,1978.11,2051.75,2109.09,42.7,24.89,
2019-08-22,1966.5999755859375,1967.9599609375,1951.010009765625,1951.010009765625,435600,1971.55,2048.6,2108.69,39.7,24.33,
2019-08-23,1942.4200439453125,1953.8499755859375,1940.5999755859375,1948.300048828125,381100,1965.24,2045.5,2108.31,39.1,23.53,
2019-08-26,1915.3399658203125,1924.489990234375,1909.9200439453125,1916.31005859375,324900,1957.74,2041.92,2107.42,33.0,24.59,
2019-08-27,1928.97998046875,1937.4200439453125,1919.280029296875,1924.5999755859375,427000,1952.5,2038.6,2106.65,35.8,24.35,
2019-08-28,1929.9599609375,1943.6199951171875,1926.4300537109375,1941.0899658203125,284300,1947.62,2035.45,2105.91,41.1,23.97,
2019-08-29,1943.550048828125,1947.1500244140625,1928.489990234375,1933.4100341796875,285100,1943.06,2031.62,2105.18,39.5,23.59,
2019-08-30,1951.6600341796875,1971.2099609375,1951.300048828125,1967.7900390625,317700,1940.58,2028.35,2104.56,49.1,24.6,
2019-09-02,1961.18994140625,1973.25,1958.5899658203125,1969.18994140625,262200,1939.14,2025.22,2103.98,49.5,23.89,
2019-09-03,1966.5,1976.3699951171875,1960.1500244140625,1965.68994140625,342100,1940.07,2022.01,2103.4,48.6,23.34,
2019-09-04,1962.4300537109375,1988.530029296875,1962.0799560546875,1988.530029296875,348700,1943.62,2019.34,2102.99,54.5,23.57,
2019-09-05,1993.6199951171875,2015.3900146484375,1992.510009765625,2004.75,488100,1948.37,2017.0,2102.67,58.1,23.8,
2019-09-06,2016.1099853515625,2017.199951171875,2005.68994140625,2009.1300048828125,384400,1952.8,2014.5,2102.28,59.1,22.99,
2019-09-09,2013.3800048828125,2029.800048828125,2013.280029296875,2019.550048828125,511800,1956.89,2012.28,2101.91,61.4,22.82,
2019-09-10,2024.7900390625,2034.280029296875,2021.5799560546875,2032.0799560546875,504400,1961.38,2010.32,2101.57,63.9,22.25,
2019-09-11,2043.719970703125,2050.800048828125,2040.0400390625,2049.199951171875,429100,1967.55,2008.87,2101.4,67.2,21.99,
2019-09-16,2056.260009765625,2062.219970703125,2044.800048828125,2062.219970703125,493500,1973.74,2008.19,2101.33,69.4,21.67,
2019-09-17,2058.719970703125,2066.330078125,2055.169921875,2062.330078125,508000,1980.5,2007.26,2101.29,69.4,20.92,
2019-09-18,2064.419921875,2075.6298828125,2058.52001953125,2070.72998046875,613100,1987.04,2006.47,2101.36,70.9,20.65,
2019-09-19,2070.530029296875,2089.81005859375,2070.530029296875,2080.35009765625,493000,1993.05,2006.79,2101.35,72.6,20.55,
2019-09-20,2080.860107421875,2092.3701171875,2077.300048828125,2091.52001953125,589900,1999.39,2007.58,2101.31,74.4,20.16,
2019-09-23,2087.699951171875,2095.5400390625,2085.60009765625,2091.699951171875,420900,2006.42,2008.24,2101.23,74.4,19.43,
2019-09-24,2090.18994140625,2101.6298828125,2085.909912109375,2101.0400390625,535800,2014.06,2008.65,2101.16,76.0,19.16,
2019-09-25,2093.469970703125,2095.27001953125,2072.409912109375,2073.389892578125,651600,2021.91,2008.38,2101.04,63.7,19.84,
2019-09-26,2082.659912109375,2087.330078125,2064.340087890625,2074.52001953125,430600,2029.41,2008.22,2100.76,64.0,20.06,
2019-09-27,2066.9599609375,2066.9599609375,2044.75,2049.929931640625,285900,2034.85,2007.38,2100.43,54.9,20.76,
2019-09-30,2045.77001953125,2064.989990234375,2042.010009765625,2063.050048828125,327600,2041.33,2007.19,2100.24,58.3,20.92,
2019-10-01,2062.43994140625,2077.47998046875,2057.909912109375,2072.419921875,389300,2046.57,2007.3,2100.26,60.6,20.82,
2019-10-02,2058.22998046875,2058.22998046875,2031.9100341796875,2031.9100341796875,414500,2049.7,2006.06,2100.04,48.3,22.23,
2019-10-04,2028.4000244140625,2039.4300537109375,2020.68994140625,2020.68994140625,402900,2052.45,2004.6,2099.88,45.5,21.98,
2019-10-07,2031.530029296875,2034.93994140625,2016.18994140625,2021.72998046875,322200,2054.11,2003.01,2099.72,45.9,21.75,
2019-10-08,2029.3699951171875,2046.81005859375,2024.6300048828125,2046.25,437500,2056.19,2002.29,2099.54,52.7,21.98,
2019-10-10,2030.1300048828125,2040.8800048828125,2010.9000244140625,2028.1500244140625,445800,2057.14,2001.36,2099.2,47.9,22.94,
2019-10-11,2048.080078125,2053.93994140625,2040.47998046875,2044.6099853515625,381100,2058.39,2000.93,2099.08,52.1,23.14,
2019-10-14,2068.1298828125,2075.10009765625,2065.530029296875,2067.39990234375,511200,2060.16,2001.69,2099.06,57.3,23.67,
2019-10-15,2064.780029296875,2073.2099609375,2064.340087890625,2068.169921875,464500,2061.11,2002.28,2099.09,57.5,22.61,
2019-10-16,2080.919921875,2090.010009765625,2073.800048828125,2082.830078125,524500,2062.14,2003.44,2099.11,60.7,22.56,
2019-10-17,2081.760009765625,2087.14990234375,2072.489990234375,2077.93994140625,314200,2062.92,2004.65,2099.2,59.1,21.99,
2019-10-18,2082.22998046875,2088.5400390625,2057.889892578125,2060.68994140625,516700,2062.41,2005.9,2099.19,53.8,22.61,
2019-10-21,2067.969970703125,2067.969970703125,2059.330078125,2064.840087890625,606100,2061.64,2008.26,2099.24,54.8,21.61,
2019-10-22,2076.2900390625,2093.81005859375,2073.080078125,2088.860107421875,504100,2061.51,2011.69,2099.55,60.4,22.14,
2019-10-23,2086.81005859375,2088.25,2074.8798828125,2080.6201171875,429500,2060.95,2015.11,2099.81,57.8,21.56,
2019-10-24,2089.85009765625,2089.85009765625,2067.89990234375,2085.659912109375,367700,2060.18,2018.41,2100.03,59.0,21.58,
2019-10-25,2091.159912109375,2091.239990234375,2079.300048828125,2087.889892578125,348700,2060.91,2021.41,2100.42,59.5,20.89,
2019-10-28,2096.669921875,2104.389892578125,2089.760009765625,2093.60009765625,269200,2061.86,2024.44,2100.92,60.9,20.58,
2019-10-29,2103.919921875,2105.169921875,2088.0400390625,2092.68994140625,357700,2064.0,2027.77,2101.33,60.6,20.33,
2019-10-30,2093.510009765625,2093.510009765625,2075.5400390625,2080.27001953125,415600,2064.86,2030.61,2101.55,55.7,20.17,
2019-10-31,2089.219970703125,2103.7099609375,2083.47998046875,2083.47998046875,461300,2065.41,2033.74,2101.84,56.6,20.4,
2019-11-01,2084.7900390625,2100.419921875,2081.530029296875,2100.199951171875,418300,2068.83,2036.94,2102.02,61.4,20.29,
2019-11-04,2111.320068359375,2130.830078125,2111.320068359375,2130.239990234375,476300,2074.31,2040.34,2102.35,68.2,21.03,
2019-11-05,2133.659912109375,2143.1201171875,2128.699951171875,2142.639892578125,400600,2080.35,2043.9,2102.69,70.5,20.56,
2019-11-06,2142.68994140625,2156.22998046875,2138.830078125,2144.14990234375,410100,2085.25,2047.77,2103.09,70.8,20.33,
2019-11-07,2141.050048828125,2147.010009765625,2135.449951171875,2144.2900390625,425700,2091.05,2051.69,2103.32,70.8,19.71,
2019-11-08,2154.179931640625,2155.93994140625,2133.75,2137.22998046875,574100,2095.68,2056.1,2103.48,67.4,19.88,
2019-11-11,2139.070068359375,2139.070068359375,2119.070068359375,2124.090087890625,617300,2098.52,2060.09,2103.56,61.4,19.89,
2019-11-12,2131.260009765625,2140.93994140625,2121.800048828125,2140.919921875,610400,2102.16,2064.09,2103.64,65.6,19.84,
2019-11-13,2132.47998046875,2133.3701171875,2118.669921875,2122.449951171875,664400,2104.14,2067.87,2103.63,58.1,20.01,
2019-11-14,2127.5400390625,2139.22998046875,2121.320068359375,2139.22998046875,521100,2107.2,2071.3,2103.74,62.3,19.86,
2019-11-15,2137.9599609375,2165.02001953125,2135.260009765625,2162.179931640625,556200,2112.28,2075.16,2103.91,67.2,20.57,
2019-11-18,2161.889892578125,2165.889892578125,2151.969970703125,2160.68994140625,489200,2117.07,2079.06,2103.99,66.6,20.09,
2019-11-19,2151.0400390625,2154.409912109375,2137.010009765625,2153.239990234375,826900,2120.29,2082.35,2103.87,63.5,20.35,
2019-11-20,2140.06005859375,2145.969970703125,2123.800048828125,2125.320068359375,581100,2122.52,2084.77,2103.61,53.6,21.0,
2019-11-21,2123.64990234375,2125.360107421875,2088.18994140625,2096.60009765625,579600,2123.07,2086.52,2103.18,45.7,22.15,
2019-11-22,2098.889892578125,2106.419921875,2093.989990234375,2101.9599609375,519900,2123.77,2088.16,2102.65,47.3,21.46,
2019-11-25,2117.139892578125,2130.0400390625,2116.070068359375,2123.5,397700,2125.27,2089.99,2102.25,53.1,21.93,
2019-11-26,2129.27001953125,2139.639892578125,2120.85009765625,2121.35009765625,532600,2126.7,2091.44,2101.84,52.5,21.71,
2019-11-27,2134.469970703125,2136.300048828125,2118.070068359375,2127.85009765625,367800,2129.08,2092.75,2101.46,54.2,21.46,
2019-11-28,2116.929931640625,2127.75,2116.580078125,2118.60009765625,335200,2130.84,2093.87,2101.17,51.3,20.73,
2019-11-29,2125.530029296875,2125.530029296875,2085.10009765625,2087.9599609375,433300,2130.22,2094.22,2100.7,43.1,22.14,
2019-12-02,2097.550048828125,2103.8701171875,2088.919921875,2091.919921875,385300,2128.31,2094.45,2100.21,44.3,21.69,
2019-12-03,2075.02001953125,2085.7099609375,2066.60009765625,2084.070068359375,450000,2125.38,2094.3,2099.62,42.4,21.95,
2019-12-04,2070.840087890625,2072.909912109375,2057.449951171875,2068.889892578125,347000,2121.62,2093.84,2098.84,38.8,22.29,
2019-12-05,2078.31005859375,2084.2900390625,2053.56005859375,2060.739990234375,472200,2117.44,2093.04,2098.16,37.0,22.89,
2019-12-06,2072.43994140625,2084.43994140625,2070.169921875,2081.85009765625,440200,2114.67,2093.21,2097.52,44.2,22.95,
2019-12-09,2091.93994140625,2093.81005859375,2084.31005859375,2088.64990234375,393100,2112.9,2093.49,2096.93,46.4,22.16,
2019-12-10,2081.219970703125,2100.47998046875,2080.159912109375,2098.0,500100,2110.75,2094.45,2096.27,49.3,22.03,
2019-12-11,2098.280029296875,2109.219970703125,2092.47998046875,2105.6201171875,668700,2109.91,2095.3,2095.66,51.6,21.65,
2019-12-12,2120.1298828125,2138.929931640625,2120.1298828125,2137.35009765625,584600,2109.82,2096.6,2095.19,59.7,22.49,
2019-12-13,2164.6298828125,2170.25,2159.449951171875,2170.25,540000,2110.22,2099.37,2094.88,66.1,23.23,
2019-12-16,2168.050048828125,2175.010009765625,2166.2900390625,2168.14990234375,377100,2110.59,2102.32,2094.59,65.4,22.19,
2019-12-17,2179.39990234375,2196.010009765625,2171.090087890625,2195.679931640625,599500,2112.72,2105.8,2094.39,70.0,22.6,
2019-12-18,2194.919921875,2204.0400390625,2187.320068359375,2194.760009765625,591100,2116.19,2108.77,2094.39,69.6,22.18,
2019-12-19,2199.419921875,2204.72998046875,2186.590087890625,2196.56005859375,643100,2121.19,2112.13,2094.42,69.9,21.89,
2019-12-20,2205.570068359375,2206.820068359375,2194.800048828125,2204.179931640625,646700,2126.3,2115.33,2094.54,71.2,21.18,
2019-12-23,2208.219970703125,2209.199951171875,2196.429931640625,2203.7099609375,502000,2130.31,2118.05,2094.68,71.0,20.58,
2019-12-24,2206.22998046875,2206.22998046875,2187.580078125,2190.080078125,570000,2133.74,2120.49,2094.81,65.2,20.45,
2019-12-26,2192.219970703125,2198.010009765625,2183.89990234375,2197.929931640625,571300,2137.25,2122.79,2095.11,66.9,19.99,
2019-12-27,2183.699951171875,2215.550048828125,2177.39990234375,2204.2099609375,490200,2141.53,2125.32,2095.44,68.2,21.29,
2019-12-30,2202.6201171875,2208.0400390625,2195.64990234375,2197.669921875,416400,2147.01,2128.06,2095.64,65.3,20.65,
2020-01-02,2201.2099609375,2202.320068359375,2171.840087890625,2175.169921875,494700,2151.18,2130.26,2095.77,56.3,21.36,
2020-01-03,2192.580078125,2203.3798828125,2165.389892578125,2176.4599609375,631600,2155.8,2132.02,2095.88,56.7,22.54,
2020-01-06,2154.969970703125,2164.419921875,2149.949951171875,2155.070068359375,592700,2160.1,2133.5,2095.77,49.3,22.83,
2020-01-07,2166.60009765625,2181.6201171875,2164.27001953125,2175.5400390625,568200,2165.84,2135.3,2095.75,55.3,23.09,
2020-01-08,2156.27001953125,2162.320068359375,2137.719970703125,2151.31005859375,913800,2169.32,2136.57,2095.62,48.1,24.15,
2020-01-09,2182.199951171875,2186.449951171875,2172.159912109375,2186.449951171875,592600,2174.21,2138.43,2095.67,56.9,24.93,
2020-01-10,2189.47998046875,2206.919921875,2188.10009765625,2206.389892578125,594500,2179.63,2140.7,2095.78,61.0,24.61,
2020-01-13,2204.489990234375,2230.429931640625,2204.489990234375,2229.260009765625,488300,2185.81,2143.68,2095.99,65.0,24.71,
2020-01-14,2243.06005859375,2250.7900390625,2232.93994140625,2238.8798828125,835900,2190.89,2146.79,2096.46,66.6,24.48,
2020-01-15,2229.800048828125,2238.2099609375,2223.389892578125,2230.97998046875,746200,2193.92,2149.41,2096.87,64.0,23.84,
2020-01-16,2231.929931640625,2249.090087890625,2225.409912109375,2248.050048828125,808300,2197.92,2151.76,2097.38,67.0,23.83,
2020-01-17,2261.570068359375,2268.7099609375,2245.580078125,2250.570068359375,580800,2200.66,2153.92,2097.99,67.4,23.78,
2020-01-20,2261.39990234375,2277.22998046875,2258.090087890625,2262.639892578125,545500,2204.06,2156.29,2098.6,69.4,23.98,
2020-01-21,2259.81005859375,2266.31005859375,2238.25,2239.68994140625,770300,2206.21,2158.2,2098.96,61.6,24.27,
2020-01-22,2238.530029296875,2269.27001953125,2235.1298828125,2267.25,608500,2209.37,2160.8,2099.41,66.5,24.98,
2020-01-23,2254.5400390625,2260.6298828125,2241.93994140625,2246.1298828125,509600,2211.49,2163.24,2099.62,60.2,25.0,
2020-01-28,2192.219970703125,2199.929931640625,2166.22998046875,2176.719970703125,808500,2210.82,2163.96,2099.48,45.0,28.92,
2020-01-29,2188.179931640625,2195.449951171875,2172.330078125,2185.280029296875,692300,2210.19,2165.21,2099.35,46.8,28.51,
2020-01-30,2181.5400390625,2187.449951171875,2139.719970703125,2148.0,602700,2207.38,2165.39,2099.04,40.6,29.88,
2020-01-31,2160.60009765625,2167.22998046875,2119.010009765625,2119.010009765625,710500,2203.44,2164.52,2098.57,36.6,31.19,
2020-02-03,2086.610107421875,2126.72998046875,2082.739990234375,2118.8798828125,836700,2200.63,2163.69,2098.04,36.6,32.11,
2020-02-04,2121.219970703125,2162.320068359375,2120.530029296875,2157.89990234375,624600,2199.7,2163.78,2097.71,45.1,32.92,
2020-02-05,2177.260009765625,2181.52001953125,2154.8798828125,2165.6298828125,574400,2200.23,2164.59,2097.37,46.6,32.47,
2020-02-06,2184.77001953125,2229.989990234375,2182.25,2227.93994140625,695000,2202.85,2167.21,2097.29,57.0,34.75,
2020-02-07,2221.489990234375,2223.919921875,2198.139892578125,2211.949951171875,800200,2205.88,2169.41,2097.11,54.1,34.39,
2020-02-10,2185.6298828125,2203.389892578125,2180.510009765625,2201.070068359375,609600,2206.61,2170.96,2096.89,52.1,34.18,
2020-02-11,2213.5,2233.320068359375,2211.25,2223.1201171875,526000,2207.45,2173.0,2096.93,55.6,34.04,
2020-02-12,2225.949951171875,2242.239990234375,2214.77001953125,2238.3798828125,632500,2207.9,2175.21,2097.04,57.9,33.57,
2020-02-13,2245.719970703125,2255.489990234375,2230.300048828125,2232.9599609375,638700,2207.61,2177.5,2097.13,56.8,32.97,
2020-02-14,2232.7099609375,2251.5,2221.89990234375,2243.590087890625,597200,2208.24,2180.61,2097.24,58.5,32.73,
2020-02-17,2243.070068359375,2250.050048828125,2230.260009765625,2242.169921875,458200,2207.94,2183.62,2097.45,58.2,31.81,
2020-02-18,2225.97998046875,2232.929931640625,2205.2099609375,2208.8798828125,470400,2205.86,2186.11,2097.54,50.9,32.18,
2020-02-19,2222.510009765625,2226.0,2191.199951171875,2210.340087890625,590800,2203.24,2188.94,2097.69,51.2,32.36,
2020-02-20,2223.550048828125,2228.179931640625,2186.719970703125,2195.5,709600,2201.03,2191.64,2097.59,48.2,33.01,
2020-02-21,2165.64990234375,2184.429931640625,2160.280029296875,2162.840087890625,635500,2195.81,2193.26,2097.39,42.2,33.17,
2020-02-24,2114.0400390625,2120.06005859375,2079.030029296875,2079.0400390625,948600,2187.46,2193.06,2096.72,31.4,36.79,
2020-02-25,2075.550048828125,2105.489990234375,2071.5,2103.610107421875,1565600,2183.8,2193.18,2096.25,36.5,36.59,
2020-02-26,2064.070068359375,2089.639892578125,2059.1298828125,2076.77001953125,810900,2178.38,2192.6,2095.75,33.6,37.15,
2020-02-27,2073.8701171875,2085.39990234375,2049.14990234375,2054.889892578125,562500,2173.72,2190.95,2095.19,31.3,37.09,
2020-02-28,2020.1700439453125,2031.010009765625,1980.8199462890625,1987.010009765625,671600,2167.12,2187.28,2094.61,25.6,39.73,
2020-03-02,1997.030029296875,2017.0699462890625,1969.3399658203125,2002.510009765625,528100,2161.3,2183.97,2094.08,28.8,40.3,
2020-03-03,2051.85009765625,2051.85009765625,2009.3900146484375,2014.1500244140625,615700,2154.12,2180.34,2093.76,31.2,40.95,
2020-03-04,2005.81005859375,2063.590087890625,2005.81005859375,2059.330078125,606300,2148.8,2177.63,2093.65,39.6,42.15,
2020-03-05,2078.110107421875,2089.080078125,2059.989990234375,2085.260009765625,675200,2141.67,2175.41,2093.61,43.9,41.26,
2020-03-06,2053.090087890625,2062.570068359375,2032.1300048828125,2040.219970703125,865600,2133.08,2172.13,2093.47,38.8,42.11,
2020-03-09,1981.02001953125,1989.5,1946.9000244140625,1954.77001953125,666900,2120.77,2167.15,2092.97,31.3,45.77,
2020-03-10,1942.8499755859375,1968.1700439453125,1934.719970703125,1962.9300537109375,638600,2107.76,2162.61,2092.5,32.7,44.89,
2020-03-11,1965.6700439453125,1967.699951171875,1898.27001953125,1908.27001953125,679700,2091.25,2156.81,2091.74,28.7,46.64,
2020-03-12,1887.969970703125,1897.22998046875,1808.56005859375,1834.3299560546875,850300,2071.32,2149.42,2090.59,24.3,50.43,
2020-03-13,1722.6800537109375,1809.31005859375,1680.5999755859375,1771.43994140625,1035300,2047.71,2140.89,2089.15,21.4,57.81,
2020-03-16,1805.4300537109375,1805.4300537109375,1714.3800048828125,1714.8599853515625,682000,2021.35,2131.68,2087.49,19.1,60.19,
2020-03-17,1640.8399658203125,1722.969970703125,1637.8800048828125,1672.43994140625,649800,1994.53,2121.6,2085.63,17.6,61.96,
2020-03-18,1686.1199951171875,1693.949951171875,1591.1199951171875,1591.199951171875,728000,1963.57,2110.33,2083.35,15.1,64.88,
2020-03-19,1626.0899658203125,1626.0899658203125,1439.4300537109375,1457.6400146484375,977700,1926.68,2095.97,2080.52,12.1,73.58,
2020-03-20,1498.489990234375,1566.8199462890625,1466.47998046875,1566.1500244140625,817000,1896.84,2084.27,2078.15,25.1,76.12,
2020-03-23,1474.449951171875,1516.75,1458.4100341796875,1482.4599609375,647200,1867.01,2070.19,2075.36,22.4,78.38,
2020-03-24,1523.68994140625,1609.969970703125,1508.6800537109375,1609.969970703125,679300,1842.33,2058.26,2073.07,34.2,81.89,
2020-03-25,1668.18994140625,1707.6400146484375,1645.280029296875,1704.760009765625,872800,1823.73,2047.77,2071.26,41.3,83.02,
2020-03-26,1699.1099853515625,1735.75,1679.22998046875,1686.239990234375,992500,1805.3,2036.71,2069.34,40.4,81.13,
2020-03-27,1756.0699462890625,1759.050048828125,1668.2099609375,1717.72998046875,1077500,1791.83,2026.45,2067.57,42.7,81.82,
2020-03-30,1670.3399658203125,1729.6300048828125,1659.949951171875,1717.1199951171875,767800,1777.56,2015.83,2065.66,42.7,80.95,
2020-03-31,1739.2900390625,1757.81005859375,1722.6199951171875,1754.6400146484375,1037500,1764.59,2005.91,2063.87,45.6,78.08,
2020-04-01,1737.280029296875,1762.43994140625,1685.3699951171875,1685.4599609375,1243600,1745.89,1994.37,2061.76,41.4,78.0,
2020-04-02,1693.530029296875,1726.760009765625,1664.1300048828125,1724.8599853515625,766300,1727.87,1984.07,2059.86,44.6,76.91,
2020-04-03,1731.1700439453125,1743.9100341796875,1706.6800537109375,1725.43994140625,1000100,1712.14,1973.24,2058.01,44.6,74.07,
2020-04-06,1745.25,1794.18994140625,1742.6700439453125,1791.8800048828125,1219400,1703.99,1964.15,2056.52,49.9,73.69,
2020-04-07,1826.719970703125,1838.969970703125,1791.9200439453125,1823.5999755859375,951400,1697.02,1957.09,2055.15,52.2,71.79,
2020-04-08,1815.75,1842.1600341796875,1801.800048828125,1807.1400146484375,907500,1691.97,1949.53,2053.56,50.9,69.55,
2020-04-09,1838.0899658203125,1839.3299560546875,1818.300048828125,1836.2099609375,920600,1692.06,1943.29,2052.08,53.1,66.88,
2020-04-10,1835.760009765625,1861.0999755859375,1824.4300537109375,1860.699951171875,992500,1696.52,1938.12,2050.76,55.0,64.72,
2020-04-13,1853.300048828125,1853.300048828125,1825.760009765625,1825.760009765625,1017800,1702.07,1932.26,2049.25,51.8,62.59,
2020-04-14,1846.4100341796875,1864.4599609375,1837.1700439453125,1857.0799560546875,886800,1711.3,1926.24,2047.93,54.4,60.89,
2020-04-16,1839.510009765625,1862.22998046875,1828.1300048828125,1857.0699462890625,878300,1724.6,1920.07,2046.61,54.4,58.97,
2020-04-17,1893.31005859375,1926.02001953125,1893.18994140625,1914.530029296875,1667500,1747.44,1913.81,2045.51,59.0,59.69,
2020-04-20,1908.3399658203125,1925.25,1893.1700439453125,1898.3599853515625,1087500,1764.05,1907.53,2044.35,57.3,57.71,
2020-04-21,1886.780029296875,1898.3199462890625,1841.6600341796875,1879.3800048828125,1174300,1783.9,1901.1,2043.1,55.2,57.64,
2020-04-22,1855.510009765625,1897.9000244140625,1844.8499755859375,1896.1500244140625,820400,1798.21,1894.56,2041.97,56.7,57.31,
2020-04-23,1907.449951171875,1923.530029296875,1895.97998046875,1914.72998046875,683700,1808.7,1888.09,2041.06,58.3,55.19,
2020-04-24,1906.0699462890625,1908.2900390625,1880.7099609375,1889.010009765625,933900,1818.84,1881.21,2039.96,55.2,53.68,
2020-04-27,1897.06005859375,1929.8199462890625,1894.6199951171875,1922.77001953125,735700,1829.09,1874.79,2039.02,58.4,52.76,
2020-04-28,1931.25,1941.7900390625,1911.6300048828125,1934.0899658203125,1173500,1839.94,1868.63,2038.37,59.4,51.14,
2020-04-29,1936.8900146484375,1957.510009765625,1934.31005859375,1947.56005859375,1984200,1849.59,1863.4,2037.85,60.7,49.16,
2020-05-04,1906.4200439453125,1918.6600341796875,1894.2900390625,1895.3699951171875,1146900,1860.08,1857.1,2037.03,53.7,49.46,
2020-05-06,1919.449951171875,1928.760009765625,1905.550048828125,1928.760009765625,1082200,1870.28,1851.77,2036.27,57.1,48.31,
2020-05-07,1922.0,1938.5,1918.5699462890625,1928.6099853515625,775700,1880.44,1847.09,2035.48,57.1,46.28,
2020-05-08,1944.93994140625,1956.8900146484375,1942.5400390625,1945.8199462890625,784500,1888.13,1844.42,2034.8,58.9,45.0,
2020-05-11,1953.510009765625,1960.4599609375,1932.8699951171875,1935.4000244140625,591100,1893.72,1841.06,2034.02,57.3,43.75,
2020-05-12,1938.6199951171875,1938.6199951171875,1905.1700439453125,1922.1700439453125,799900,1899.48,1837.96,2033.26,55.3,43.02,
2020-05-13,1897.5,1940.4200439453125,1897.239990234375,1940.4200439453125,618800,1904.69,1835.68,2032.63,57.5,43.03,
2020-05-14,1922.43994140625,1931.4300537109375,1913.489990234375,1924.9599609375,760600,1907.9,1834.43,2031.79,55.0,41.88,
2020-05-15,1937.6300048828125,1938.5899658203125,1913.2099609375,1927.280029296875,866400,1912.98,1832.93,2030.96,55.3,40.7,
2020-05-18,1934.510009765625,1943.0699462890625,1921.1400146484375,1937.1099853515625,761700,1916.98,1831.39,2030.13,56.7,39.36,
2020-05-19,1977.469970703125,1983.77001953125,1968.5899658203125,1980.6099853515625,773400,1923.15,1829.81,2029.63,62.2,39.88,
2020-05-20,1972.1199951171875,1992.199951171875,1972.1199951171875,1989.6400146484375,699400,1926.91,1827.9,2029.2,63.3,38.47,
2020-05-21,2003.199951171875,2004.949951171875,1993.0,1998.31005859375,600900,1931.91,1827.06,2028.86,64.3,36.81,
2020-05-22,2001.5999755859375,2002.6500244140625,1961.4000244140625,1970.1300048828125,847500,1936.45,1827.37,2028.56,58.6,37.13,
2020-05-25,1980.510009765625,1994.9000244140625,1967.8399658203125,1994.5999755859375,641500,1941.37,1828.0,2028.34,61.8,36.41,
2020-05-26,2001.0,2029.8900146484375,1997.93994140625,2029.780029296875,1017800,1947.12,1830.43,2028.37,65.8,36.33,
2020-05-27,2027.9000244140625,2043.43994140625,2019.8199462890625,2031.199951171875,1178800,1954.23,1834.37,2028.44,66.0,35.42,
2020-05-28,2047.0799560546875,2054.52001953125,2003.75,2028.5400390625,1172100,1959.52,1839.51,2028.59,65.4,36.52,
2020-05-29,2018.3699951171875,2038.8900146484375,2006.6199951171875,2029.5999755859375,1086200,1964.29,1845.81,2029.0,65.5,36.21,
2020-06-01,2037.0400390625,2065.3798828125,2035.6300048828125,2065.080078125,997300,1970.17,1853.66,2029.74,69.8,36.18,
2020-06-02,2061.449951171875,2089.429931640625,2059.139892578125,2087.18994140625,1000300,1979.76,1863.58,2030.63,72.1,35.76,
2020-06-03,2108.550048828125,2156.550048828125,2107.68994140625,2147.0,1152000,1990.67,1877.37,2031.76,77.2,38.16,
2020-06-04,2181.639892578125,2191.0,2139.679931640625,2151.179931640625,1393300,2001.8,1889.07,2032.83,77.5,39.1,
2020-06-05,2151.169921875,2187.25,2138.179931640625,2181.8701171875,854600,2013.6,1903.06,2034.03,79.7,39.81,
2020-06-08,2215.60009765625,2217.2099609375,2174.9599609375,2184.2900390625,854000,2026.05,1914.54,2035.32,79.9,39.99,
2020-06-09,2206.22998046875,2212.169921875,2166.010009765625,2188.919921875,817100,2039.39,1924.23,2036.57,80.2,40.43,
2020-06-10,2187.909912109375,2200.679931640625,2178.1201171875,2195.68994140625,706300,2052.15,1934.42,2037.91,80.7,39.15,
2020-06-11,2184.360107421875,2200.719970703125,2148.510009765625,2176.780029296875,827400,2064.74,1943.6,2039.1,75.0,40.09,
2020-06-12,2088.239990234375,2137.1201171875,2084.6298828125,2132.300048828125,689900,2074.99,1951.9,2039.96,63.6,43.8,
2020-06-15,2114.409912109375,2129.669921875,2030.8199462890625,2030.8199462890625,1071600,2079.68,1957.42,2040.29,46.2,47.92,
2020-06-16,2091.090087890625,2138.080078125,2079.02001953125,2138.050048828125,973300,2087.55,1966.48,2041.23,59.0,52.16,
2020-06-17,2133.179931640625,2154.3701171875,2105.260009765625,2141.050048828125,927200,2095.12,1974.8,2042.19,59.3,51.94,
2020-06-18,2134.35009765625,2145.1298828125,2120.2900390625,2133.47998046875,767100,2101.88,1982.96,2043.27,58.1,50.01,
2020-06-19,2153.090087890625,2153.570068359375,2108.909912109375,2141.320068359375,1079300,2110.44,1989.95,2044.36,59.0,49.63,
2020-06-22,2126.3798828125,2142.8798828125,2122.10009765625,2126.72998046875,789400,2117.04,1996.01,2045.29,56.7,47.57,
2020-06-23,2149.1298828125,2158.14990234375,2110.510009765625,2131.239990234375,917600,2122.12,2002.49,2046.28,57.2,47.57,
2020-06-24,2145.929931640625,2171.860107421875,2143.909912109375,2161.510009765625,913900,2128.63,2009.0,2047.24,60.9,47.07,
2020-06-25,2130.449951171875,2143.330078125,2112.3701171875,2112.3701171875,1017700,2132.82,2014.03,2047.96,52.9,47.22,
2020-06-26,2137.469970703125,2142.0400390625,2115.25,2134.64990234375,761000,2138.08,2020.21,2048.81,55.8,45.97,
2020-06-29,2105.5400390625,2120.5,2087.840087890625,2093.47998046875,643200,2139.5,2024.94,2049.33,49.8,46.03,
2020-06-30,2124.3798828125,2134.3798828125,2108.260009765625,2108.330078125,708600,2140.55,2029.96,2049.85,51.8,45.66,
2020-07-01,2128.81005859375,2133.550048828125,2101.330078125,2106.699951171875,1116200,2138.54,2033.81,2050.34,51.6,44.7,
2020-07-02,2116.719970703125,2135.3701171875,2113.97998046875,2135.3701171875,1092000,2137.75,2038.55,2050.91,55.5,43.56,
2020-07-03,2147.889892578125,2153.5400390625,2135.300048828125,2152.409912109375,770100,2136.27,2044.01,2051.52,57.7,41.75,
2020-07-06,2158.949951171875,2191.280029296875,2157.7099609375,2187.929931640625,666900,2136.46,2049.84,2052.21,62.0,41.54,
2020-07-07,2202.0400390625,2206.7900390625,2164.030029296875,2164.169921875,847400,2135.22,2054.83,2052.72,57.8,41.63,
2020-07-08,2166.760009765625,2173.830078125,2150.889892578125,2158.8798828125,677800,2133.38,2060.23,2053.2,56.9,40.29,
2020-07-09,2171.14990234375,2181.47998046875,2166.739990234375,2167.89990234375,619400,2132.93,2065.13,2053.69,58.1,39.03,
2020-07-10,2171.43994140625,2171.52001953125,2140.2900390625,2150.25,887000,2133.83,2069.46,2054.04,54.8,38.47,
2020-07-13,2170.510009765625,2188.800048828125,2163.070068359375,2186.06005859375,650200,2141.59,2074.23,2054.51,59.8,38.48,
2020-07-14,2176.429931640625,2183.610107421875,2165.60009765625,2183.610107421875,811000,2143.87,2079.99,2054.97,59.3,37.19,
2020-07-15,2208.72998046875,2216.969970703125,2190.659912109375,2201.8798828125,830300,2146.91,2085.45,2055.47,61.8,36.92,
2020-07-16,2203.300048828125,2207.340087890625,2177.820068359375,2183.760009765625,784600,2149.43,2090.56,2056.03,58.0,36.39,
2020-07-17,2187.85009765625,2204.199951171875,2187.85009765625,2201.18994140625,569300,2152.42,2095.66,2056.66,60.5,35.25,
2020-07-20,2209.590087890625,2209.590087890625,2183.830078125,2198.199951171875,686800,2155.99,2100.92,2057.4,59.8,34.57,
2020-07-21,2219.18994140625,2234.860107421875,2214.280029296875,2228.830078125,918500,2160.87,2107.05,2058.23,64.1,34.72,
2020-07-22,2228.199951171875,2238.860107421875,2221.6201171875,2228.659912109375,856200,2164.23,2112.82,2059.01,64.1,33.47,
2020-07-23,2227.239990234375,2227.239990234375,2202.989990234375,2216.18994140625,934400,2169.42,2118.64,2059.93,61.0,32.92,
2020-07-24,2196.72998046875,2219.570068359375,2195.489990234375,2200.43994140625,1001000,2172.71,2124.11,2060.83,57.3,32.28,
2020-07-27,2203.47998046875,2231.25,2203.47998046875,2217.860107421875,928600,2178.93,2129.72,2061.81,60.2,32.18,
2020-07-28,2238.18994140625,2266.0,2237.2099609375,2256.989990234375,866700,2186.36,2135.25,2062.87,65.8,33.32,
2020-07-29,2258.35009765625,2276.7900390625,2252.239990234375,2263.159912109375,899300,2194.19,2140.72,2064.04,66.6,32.69,
2020-07-30,2275.330078125,2281.330078125,2263.81005859375,2267.010009765625,712900,2200.77,2146.09,2065.15,67.1,31.66,
2020-07-31,2278.530029296875,2281.409912109375,2248.489990234375,2249.3701171875,739700,2205.62,2151.68,2066.06,62.3,31.75,
2020-08-03,2251.64990234375,2254.3798828125,2237.0400390625,2251.0400390625,648500,2208.77,2156.81,2066.98,62.6,30.72,
2020-08-04,2272.330078125,2284.659912109375,2269.68994140625,2279.969970703125,722800,2214.56,2161.81,2067.96,67.0,30.92,
2020-08-05,2289.22998046875,2312.139892578125,2283.949951171875,2311.860107421875,841200,2222.21,2167.42,2069.13,71.1,31.01,
2020-08-06,2322.639892578125,2352.47998046875,2322.639892578125,2342.610107421875,797000,2230.95,2173.7,2070.54,74.4,31.7,
2020-08-07,2349.25,2362.239990234375,2333.6201171875,2351.669921875,812600,2241.02,2180.15,2071.98,75.2,31.48,
2020-08-10,2353.919921875,2390.510009765625,2349.330078125,2386.3798828125,784400,2251.03,2186.57,2073.46,78.3,32.17,
2020-08-11,2396.110107421875,2429.360107421875,2396.110107421875,2418.669921875,843400,2262.79,2193.2,2075.15,80.8,32.94,
2020-08-12,2414.780029296875,2432.85009765625,2393.27001953125,2432.35009765625,752900,2274.31,2198.91,2076.89,81.7,33.42,
2020-08-13,2455.280029296875,2458.169921875,2412.489990234375,2437.530029296875,907200,2287.0,2204.64,2078.64,82.0,34.29,
2020-08-14,2427.85009765625,2435.0,2383.68994140625,2407.489990234375,968100,2297.31,2209.15,2080.2,73.2,35.69,
2020-08-18,2405.840087890625,2419.64990234375,2336.780029296875,2348.239990234375,909800,2304.82,2212.43,2081.48,59.6,39.06,
2020-08-19,2370.8701171875,2380.10009765625,2353.169921875,2360.5400390625,638000,2311.4,2215.86,2082.88,61.2,38.55,
2020-08-20,2339.909912109375,2357.080078125,2270.85009765625,2274.219970703125,903700,2313.68,2217.43,2083.84,47.0,42.2,
2020-08-21,2306.159912109375,2329.340087890625,2280.969970703125,2304.590087890625,865700,2318.1,2219.99,2084.86,51.3,43.12,
2020-08-24,2309.3798828125,2332.330078125,2283.47998046875,2329.830078125,649300,2324.57,2223.94,2085.86,54.6,43.53,
2020-08-25,2352.14990234375,2369.780029296875,2340.969970703125,2366.72998046875,771600,2332.01,2230.66,2086.98,58.9,43.28,
2020-08-26,2367.739990234375,2374.679931640625,2336.97998046875,2369.320068359375,956500,2337.63,2235.28,2088.1,59.2,42.88,
2020-08-27,2371.949951171875,2373.360107421875,2344.3798828125,2344.449951171875,913700,2341.69,2239.35,2089.1,55.1,41.88,
2020-08-28,2362.219970703125,2379.260009765625,2345.280029296875,2353.800048828125,1297300,2346.03,2243.75,2090.19,56.3,41.38,
2020-08-31,2377.090087890625,2381.5,2326.06005859375,2326.169921875,1647800,2349.87,2247.45,2091.2,51.8,42.38,
2020-09-01,2340.18994140625,2355.89990234375,2331.22998046875,2349.550048828125,1085200,2354.8,2251.91,2092.24,55.1,41.48,
2020-09-02,2363.429931640625,2369.570068359375,2341.2900390625,2364.3701171875,1429300,2359.02,2256.57,2093.45,57.1,40.54,
2020-09-03,2383.260009765625,2401.780029296875,2382.22998046875,2395.89990234375,981500,2363.22,2261.26,2094.73,61.0,40.31,
2020-09-04,2332.679931640625,2371.02001953125,2332.679931640625,2368.25,1351000,2364.5,2266.38,2095.76,56.2,41.95,
2020-09-07,2369.85009765625,2387.489990234375,2362.419921875,2384.219970703125,1197400,2366.13,2271.37,2096.88,58.2,40.74,
2020-09-08,2402.659912109375,2407.56005859375,2391.429931640625,2401.909912109375,979400,2366.91,2277.54,2098.13,60.5,39.5,
2020-09-09,2372.530029296875,2388.85009765625,2369.1201171875,2375.81005859375,946200,2364.76,2282.89,2099.38,55.7,39.02,
2020-09-10,2404.830078125,2406.679931640625,2388.56005859375,2396.47998046875,1064600,2362.97,2288.68,2100.88,58.5,38.44,
2020-09-11,2389.760009765625,2397.56005859375,2374.0,2396.68994140625,882900,2360.93,2293.91,2102.35,58.5,37.38,
2020-09-14,2418.330078125,2429.070068359375,2410.7900390625,2427.909912109375,963100,2361.95,2299.42,2103.87,62.6,37.02,
2020-09-15,2434.590087890625,2444.570068359375,2423.7900390625,2443.580078125,850000,2366.72,2304.53,2105.48,64.5,35.86,
2020-09-16,2442.719970703125,2450.530029296875,2429.93994140625,2435.919921875,772900,2370.48,2309.97,2107.02,62.9,34.77,
2020-09-17,2430.77001953125,2437.02001953125,2398.68994140625,2406.169921875,853700,2377.08,2314.91,2108.46,56.7,35.02,
2020-09-18,2413.530029296875,2417.81005859375,2396.330078125,2412.39990234375,756500,2382.47,2319.8,2110.08,57.6,34.06,
2020-09-21,2412.43994140625,2427.169921875,2379.3798828125,2389.389892578125,1042000,2385.45,2324.58,2111.57,53.1,35.04,
2020-09-22,2388.139892578125,2388.489990234375,2323.580078125,2332.590087890625,1051000,2383.74,2327.51,2112.81,43.8,37.23,
2020-09-23,2352.56005859375,2354.4599609375,2287.43994140625,2333.239990234375,735000,2381.94,2330.51,2114.14,43.9,39.36,
2020-09-24,2295.6201171875,2309.739990234375,2268.8798828125,2272.699951171875,714900,2378.35,2331.92,2115.2,36.2,41.15,
2020-09-25,2295.18994140625,2296.360107421875,2267.6298828125,2278.7900390625,698000,2374.6,2333.82,2116.18,37.4,40.26,
2020-09-28,2301.159912109375,2314.81005859375,2291.320068359375,2308.080078125,606000,2373.7,2335.96,2117.28,42.9,39.96,
2020-09-29,2331.510009765625,2339.830078125,2320.0400390625,2327.889892578125,646200,2372.61,2338.56,2118.43,46.4,39.37,
2020-10-05,2330.550048828125,2364.72998046875,2327.830078125,2358.0,763600,2372.3,2341.14,2119.69,51.2,39.2,
2020-10-06,2369.169921875,2378.280029296875,2355.389892578125,2365.89990234375,861800,2370.8,2343.88,2120.83,52.4,38.03,
2020-10-07,2350.820068359375,2387.449951171875,2347.820068359375,2386.93994140625,735800,2371.73,2347.3,2121.92,55.6,38.14,
2020-10-08,2408.489990234375,2409.010009765625,2383.820068359375,2391.9599609375,961700,2372.12,2351.13,2123.03,56.4,37.22,
2020-10-12,2404.179931640625,2409.419921875,2393.739990234375,2403.72998046875,843600,2372.21,2354.85,2124.07,58.1,35.81,
2020-10-13,2416.85009765625,2418.889892578125,2385.8701171875,2403.14990234375,724900,2373.58,2357.77,2125.12,58.0,35.61,
2020-10-14,2403.739990234375,2405.56005859375,2375.5400390625,2380.47998046875,901200,2372.78,2360.12,2126.04,53.2,35.21,
2020-10-15,2375.909912109375,2376.72998046875,2348.739990234375,2361.2099609375,1165500,2371.0,2362.0,2126.82,49.4,34.96,
2020-10-16,2363.8798828125,2370.72998046875,2325.030029296875,2341.530029296875,920200,2366.68,2363.84,2127.51,45.8,35.73,
2020-10-19,2352.919921875,2364.25,2344.77001953125,2346.739990234375,930800,2361.84,2365.76,2128.29,46.9,34.8,
2020-10-20,2333.56005859375,2358.409912109375,2322.06005859375,2358.409912109375,870300,2357.96,2367.33,2129.1,49.4,34.91,
2020-10-21,2363.030029296875,2371.739990234375,2356.320068359375,2370.860107421875,810400,2356.2,2368.51,2129.93,52.0,33.52,
2020-10-22,2355.610107421875,2360.219970703125,2339.72998046875,2355.050048828125,814000,2353.33,2368.76,2130.72,48.6,33.35,
2020-10-23,2364.840087890625,2368.570068359375,2344.489990234375,2360.81005859375,890400,2351.9,2368.94,2131.64,49.9,32.69,
2020-10-26,2366.5,2374.5,2342.580078125,2343.909912109375,822300,2352.47,2368.09,2132.48,46.2,32.63,
2020-10-27,2328.659912109375,2349.330078125,2321.22998046875,2330.840087890625,666900,2352.35,2366.33,2133.36,43.6,32.31,
2020-10-28,2324.179931640625,2345.4599609375,2316.469970703125,2345.260009765625,705200,2355.98,2364.59,2134.21,47.2,32.07,
2020-10-29,2312.340087890625,2330.169921875,2299.909912109375,2326.669921875,509100,2358.37,2362.37,2135.09,43.4,33.02,
2020-10-30,2319.56005859375,2320.199951171875,2266.929931640625,2267.14990234375,795600,2356.32,2359.57,2135.49,33.9,34.93,
2020-11-02,2276.610107421875,2302.639892578125,2267.949951171875,2300.159912109375,678500,2354.94,2358.6,2135.96,41.5,34.97,
2020-11-03,2315.81005859375,2344.77001953125,2315.300048828125,2343.31005859375,887400,2354.2,2358.26,2136.53,49.7,35.66,
2020-11-04,2361.320068359375,2371.139892578125,2339.949951171875,2357.320068359375,986800,2353.77,2359.92,2137.12,52.0,35.34,
2020-11-05,2373.409912109375,2413.7900390625,2370.85009765625,2413.7900390625,702000,2355.12,2362.11,2138.03,60.1,36.85,
2020-11-06,2421.7900390625,2431.110107421875,2404.969970703125,2416.5,825600,2356.34,2363.84,2138.88,60.4,36.08,
2020-11-09,2438.6298828125,2459.14990234375,2434.52001953125,2447.199951171875,1354900,2358.52,2365.45,2139.86,64.2,36.55,
2020-11-10,2453.949951171875,2457.93994140625,2435.590087890625,2452.830078125,1464200,2361.0,2367.12,2140.81,64.9,35.54,
2020-11-11,2459.5,2488.0400390625,2459.5,2485.8701171875,1272000,2366.27,2369.95,2142.04,68.5,35.51,
2020-11-12,2482.679931640625,2488.7900390625,2467.0400390625,2475.6201171875,1278100,2371.99,2372.38,2143.08,66.2,34.53,
2020-11-13,2470.1201171875,2495.77001953125,2460.9599609375,2493.8701171875,1072400,2379.61,2375.74,2144.32,68.3,34.55,
2020-11-16,2507.4599609375,2546.3701171875,2507.4599609375,2543.030029296875,1239100,2389.42,2379.61,2146.15,73.0,35.83,
2020-11-17,2544.1201171875,2556.090087890625,2533.340087890625,2539.14990234375,1266400,2398.46,2383.1,2147.92,72.1,34.9,
2020-11-18,2548.85009765625,2553.949951171875,2536.780029296875,2545.639892578125,923500,2407.2,2386.1,2149.91,72.7,33.63,
2020-11-19,2536.889892578125,2548.949951171875,2529.530029296875,2547.419921875,976500,2416.82,2389.68,2152.05,72.9,32.62,
2020-11-20,2544.06005859375,2558.2099609375,2539.7900390625,2553.5,1128900,2426.45,2393.07,2154.23,73.5,31.6,
2020-11-23,2560.0400390625,2605.580078125,2553.699951171875,2602.590087890625,1648900,2439.39,2397.08,2156.45,78.0,33.07,
2020-11-24,2616.280029296875,2628.52001953125,2605.030029296875,2617.760009765625,1364500,2453.73,2401.92,2158.71,79.2,32.56,
2020-11-25,2637.340087890625,2642.260009765625,2583.409912109375,2601.5400390625,1410100,2466.55,2406.02,2160.58,74.6,34.43,
2020-11-26,2605.72998046875,2625.969970703125,2592.429931640625,2625.909912109375,1387400,2481.51,2410.61,2162.65,76.8,34.37,
2020-11-27,2624.800048828125,2635.0,2618.469970703125,2633.449951171875,1196000,2499.82,2414.72,2164.81,77.4,33.1,
2020-11-30,2648.050048828125,2648.659912109375,2591.340087890625,2591.340087890625,1311800,2514.38,2417.67,2166.65,66.4,34.83,
2020-12-01,2613.419921875,2638.8701171875,2611.669921875,2634.25,1150300,2528.93,2421.64,2168.63,70.9,35.73,
2020-12-02,2645.8798828125,2677.260009765625,2644.530029296875,2675.89990234375,1076200,2544.86,2427.03,2170.85,74.5,36.25,
2020-12-03,2686.3798828125,2696.219970703125,2672.85009765625,2696.219970703125,817100,2558.98,2432.71,2173.11,76.1,35.33,
2020-12-04,2705.340087890625,2742.77001953125,2705.340087890625,2731.449951171875,1778900,2574.73,2439.55,2175.56,78.5,36.13,
2020-12-07,2738.110107421875,2754.010009765625,2711.419921875,2745.43994140625,1499300,2589.64,2447.81,2178.24,79.4,36.6,
2020-12-08,2745.1298828125,2747.449951171875,2700.919921875,2700.929931640625,1414300,2602.04,2455.16,2180.69,69.4,37.3,
2020-12-09,2703.300048828125,2755.469970703125,2703.300048828125,2755.469970703125,1252300,2615.52,2464.82,2183.49,73.8,38.54,
2020-12-10,2750.340087890625,2765.4599609375,2718.699951171875,2746.4599609375,1227700,2629.07,2474.17,2186.41,72.0,39.12,
2020-12-11,2754.159912109375,2781.0400390625,2754.159912109375,2770.06005859375,1215200,2642.88,2483.41,2189.86,73.8,38.8,
2020-12-14,2769.429931640625,2782.7900390625,2755.2900390625,2762.199951171875,1113600,2653.83,2492.1,2193.16,72.1,37.99,
2020-12-15,2763.64990234375,2769.3701171875,2735.080078125,2756.820068359375,1092700,2664.72,2500.07,2196.56,70.9,37.73,
2020-12-16,2763.639892578125,2781.080078125,2761.5,2771.7900390625,1166600,2676.02,2508.19,2200.14,72.3,36.77,
2020-12-17,2769.889892578125,2772.7099609375,2742.25,2770.429931640625,1015500,2687.18,2515.86,2204.06,72.0,36.32,
2020-12-18,2770.949951171875,2782.14990234375,2762.800048828125,2772.179931640625,1058300,2698.11,2523.46,2207.91,72.1,35.1,
2020-12-21,2771.97998046875,2780.239990234375,2747.090087890625,2778.64990234375,1139500,2706.91,2530.96,2211.73,72.8,34.96,
2020-12-22,2772.030029296875,2774.219970703125,2733.639892578125,2733.679931640625,1260800,2712.71,2537.57,2215.1,61.5,35.68,
2020-12-23,2737.739990234375,2769.080078125,2716.280029296875,2759.820068359375,1121300,2720.62,2545.16,2218.47,64.9,36.9,
2020-12-24,2762.60009765625,2812.159912109375,2762.60009765625,2806.860107421875,1030900,2729.67,2554.07,2222.31,70.1,38.01,
2020-12-28,2820.949951171875,2834.590087890625,2799.56005859375,2808.60009765625,1006200,2738.43,2563.41,2226.58,70.2,37.79,
2020-12-29,2810.550048828125,2823.43994140625,2792.06005859375,2820.510009765625,1046800,2749.89,2572.89,2230.86,71.5,37.34,
2020-12-30,2820.360107421875,2878.2099609375,2809.35009765625,2873.469970703125,1074000,2761.85,2583.19,2235.69,76.1,39.59,
2021-01-04,2874.5,2946.5400390625,2869.110107421875,2944.449951171875,1026500,2775.27,2594.66,2241.24,80.7,42.29,
2021-01-05,2943.669921875,2990.570068359375,2921.840087890625,2990.570068359375,1519900,2789.99,2607.37,2247.34,83.0,44.18,
2021-01-06,2993.340087890625,3027.159912109375,2961.3701171875,2968.2099609375,1793400,2801.83,2619.52,2253.6,78.2,45.72,
2021-01-07,2980.75,3055.280029296875,2980.75,3031.679931640625,1524700,2816.14,2633.28,2260.4,81.5,48.68,
2021-01-08,3040.110107421875,3161.110107421875,3040.110107421875,3152.179931640625,1297900,2838.7,2649.7,2268.2,85.8,54.44,
2021-01-11,3161.89990234375,3266.22998046875,3096.18994140625,3148.449951171875,1712500,2858.35,2665.77,2276.66,85.2,62.7,
2021-01-12,3145.8701171875,3154.7900390625,3047.56005859375,3125.949951171875,1388600,2877.33,2681.75,2284.46,81.1,65.88,
2021-01-13,3128.260009765625,3164.3701171875,3109.6298828125,3148.2900390625,1578000,2896.24,2699.38,2292.79,82.0,65.09,
2021-01-14,3148.64990234375,3159.030029296875,3128.719970703125,3149.929931640625,1233200,2915.63,2716.37,2300.49,82.1,62.6,
2021-01-15,3153.840087890625,3189.89990234375,3085.89990234375,3085.89990234375,1331100,2932.08,2731.22,2307.39,70.6,65.56,
2021-01-18,3079.89990234375,3079.89990234375,3003.889892578125,3013.929931640625,1472000,2944.19,2744.35,2314.03,60.4,66.73,
2021-01-19,3013.050048828125,3092.659912109375,3013.050048828125,3092.659912109375,1353300,2960.3,2757.93,2320.91,66.2,67.65,
2021-01-20,3115.0400390625,3145.010009765625,3077.14990234375,3114.550048828125,1192700,2977.42,2771.89,2327.89,67.6,67.67,
2021-01-21,3123.27001953125,3163.2099609375,3123.27001953125,3160.840087890625,1360100,2996.53,2786.17,2334.92,70.4,66.31,
2021-01-22,3163.830078125,3185.260009765625,3140.60009765625,3140.6298828125,1111200,3016.87,2799.92,2342.2,67.6,64.76,
2021-01-25,3144.010009765625,3212.219970703125,3142.800048828125,3208.989990234375,1093700,3039.33,2814.38,2349.62,71.7,65.25,
2021-01-26,3203.9599609375,3209.179931640625,3132.669921875,3140.31005859375,873000,3056.0,2827.68,2356.69,63.1,66.06,
2021-01-27,3143.4599609375,3182.530029296875,3118.889892578125,3122.56005859375,924600,3071.7,2840.25,2363.35,61.1,65.88,
2021-01-28,3114.97998046875,3114.97998046875,3046.639892578125,3069.050048828125,1310500,3084.13,2850.77,2369.58,55.3,66.6,
2021-01-29,3078.72998046875,3100.219970703125,2962.699951171875,2976.2099609375,995100,3089.27,2859.51,2375.42,47.0,71.67,
2021-02-01,2976.81005859375,3056.8701171875,2947.239990234375,3056.530029296875,969300,3094.87,2869.73,2381.52,53.5,74.38,
2021-02-02,3065.56005859375,3138.949951171875,3065.56005859375,3096.81005859375,887300,3100.18,2880.72,2387.7,56.4,74.95,
2021-02-03,3108.419921875,3142.260009765625,3091.85009765625,3129.679931640625,901800,3108.26,2892.24,2394.22,58.7,73.2,
2021-02-04,3135.02001953125,3135.02001953125,3068.4599609375,3087.550048828125,1460900,3111.05,2901.94,2400.37,54.8,72.72,
2021-02-05,3098.489990234375,3124.6201171875,3081.780029296875,3120.6298828125,1193500,3109.47,2912.0,2406.69,57.2,70.59,
2021-02-08,3113.6298828125,3128.5400390625,3085.590087890625,3091.239990234375,1277200,3106.61,2921.79,2412.58,54.4,68.62,
2021-02-09,3102.25,3129.659912109375,3084.669921875,3084.669921875,2145400,3104.55,2930.97,2418.51,53.8,66.93,
2021-02-10,3088.1298828125,3111.8798828125,3064.25,3100.580078125,2152900,3102.16,2940.31,2424.61,55.1,65.55,
2021-02-15,3108.699951171875,3156.56005859375,3108.699951171875,3147.0,1604700,3102.02,2951.42,2430.87,58.9,64.87,
2021-02-16,3151.85009765625,3180.93994140625,3145.840087890625,3163.25,1944400,3105.88,2962.0,2437.11,60.2,62.74,
2021-02-17,3162.949951171875,3162.949951171875,3115.47998046875,3133.72998046875,1784100,3111.87,2971.16,2443.33,56.7,61.67,
2021-02-18,3131.739990234375,3140.39990234375,3086.659912109375,3086.659912109375,1860600,3111.57,2978.97,2449.15,51.7,61.1,
2021-02-19,3089.9599609375,3109.669921875,3040.280029296875,3107.6201171875,3455500,3111.23,2986.49,2455.02,53.7,61.7,
2021-02-22,3114.030029296875,3142.47998046875,3079.159912109375,3079.75,1832000,3107.17,2993.18,2460.68,50.7,61.81,
2021-02-23,3069.260009765625,3094.2900390625,3035.4599609375,3070.090087890625,2357800,3103.65,3000.56,2466.56,49.7,61.6,
2021-02-24,3070.580078125,3092.050048828125,2993.4599609375,2994.97998046875,1560900,3092.95,3005.35,2471.89,42.5,64.24,
2021-02-25,3026.469970703125,3099.800048828125,3026.469970703125,3099.68994140625,1280100,3090.91,3012.42,2477.74,52.8,67.14,
2021-02-26,3089.489990234375,3089.489990234375,2988.280029296875,3012.949951171875,1361300,3085.43,3017.28,2483.08,45.5,70.3,
2021-03-02,3021.679931640625,3096.5,3020.739990234375,3043.8701171875,1749900,3084.17,3022.91,2488.62,48.2,71.25,
2021-03-03,3041.199951171875,3083.0400390625,3029.3701171875,3082.989990234375,2236700,3089.51,3029.43,2494.42,51.5,69.99,
2021-03-04,3076.8798828125,3076.8798828125,3022.5400390625,3043.489990234375,1279000,3088.86,3034.87,2499.94,48.2,69.31,
2021-03-05,3036.159912109375,3036.97998046875,2982.449951171875,3026.260009765625,1187200,3085.33,3039.98,2505.45,46.8,68.72,
2021-03-08,3031.989990234375,3055.64990234375,2992.639892578125,2996.110107421875,1928300,3078.66,3044.46,2510.79,44.3,68.31,
2021-03-09,2989.9599609375,3000.489990234375,2929.360107421875,2976.1201171875,1534200,3073.08,3048.41,2515.99,42.7,68.51,
2021-03-10,2980.760009765625,3013.949951171875,2951.530029296875,2958.1201171875,905600,3064.96,3052.9,2520.87,41.2,68.08,
2021-03-11,2964.300048828125,3028.3701171875,2964.300048828125,3013.699951171875,1349200,3061.08,3057.98,2525.99,47.2,68.23,
2021-03-12,3030.72998046875,3061.429931640625,3030.72998046875,3054.389892578125,1669100,3059.57,3062.93,2531.27,51.1,66.77,
2021-03-15,3057.06005859375,3065.169921875,3036.139892578125,3045.7099609375,1161800,3056.82,3067.67,2536.65,50.3,64.07,
2021-03-16,3049.22998046875,3071.5400390625,3049.22998046875,3067.169921875,1123900,3052.83,3072.6,2542.01,52.4,61.34,
2021-03-17,3067.760009765625,3069.570068359375,3027.199951171875,3047.5,815000,3047.05,3076.08,2547.1,50.3,59.99,
2021-03-18,3054.929931640625,3090.18994140625,3054.929931640625,3066.010009765625,1232600,3043.66,3078.51,2552.28,52.2,58.75,
2021-03-19,3063.010009765625,3063.010009765625,3022.489990234375,3039.530029296875,1068500,3041.3,3079.49,2557.33,49.3,57.66,
2021-03-22,3040.010009765625,3048.110107421875,3019.60009765625,3035.4599609375,915700,3037.69,3080.84,2562.36,48.8,55.58,
2021-03-23,3038.25,3058.7900390625,3003.050048828125,3004.739990234375,1331200,3033.94,3080.3,2567.06,45.3,55.59,
2021-03-24,2996.320068359375,3006.5400390625,2971.0400390625,2996.35009765625,978400,3030.26,3077.18,2571.61,44.4,54.16,
2021-03-25,2995.669921875,3024.6298828125,2987.830078125,3008.330078125,940400,3030.92,3074.38,2575.91,46.1,52.92,
2021-03-26,3012.7900390625,3041.860107421875,3012.7900390625,3041.010009765625,1036400,3027.99,3072.68,2580.36,50.5,51.53,
2021-03-29,3047.7099609375,3054.2099609375,3025.389892578125,3036.0400390625,1288800,3029.15,3070.44,2584.63,49.9,49.91,
2021-03-30,3038.43994140625,3074.570068359375,3038.43994140625,3070.0,1023100,3030.45,3068.84,2589.06,54.3,49.1,
2021-03-31,3073.389892578125,3093.889892578125,3061.39990234375,3061.419921875,1147000,3029.37,3068.35,2593.42,53.0,47.91,
2021-04-01,3073.77001953125,3090.8798828125,3069.679931640625,3087.39990234375,922700,3031.57,3069.82,2597.88,56.4,46.59,
2021-04-02,3104.719970703125,3121.580078125,3101.60009765625,3112.800048828125,792700,3035.9,3070.22,2602.56,59.4,45.71,
2021-04-05,3121.22998046875,3127.199951171875,3101.860107421875,3120.830078125,1084800,3042.13,3070.35,2607.5,60.4,44.25,
2021-04-06,3123.800048828125,3139.2900390625,3110.18994140625,3127.080078125,1279000,3049.68,3069.67,2612.99,61.1,43.17,
2021-04-07,3129.070068359375,3146.18994140625,3125.330078125,3137.409912109375,1984800,3058.64,3069.61,2617.98,62.4,41.58,
2021-04-08,3137.25,3145.81005859375,3122.090087890625,3143.260009765625,1357300,3065.12,3068.29,2622.99,63.2,40.3,
2021-04-09,3146.510009765625,3156.0400390625,3125.239990234375,3131.8798828125,1823200,3069.0,3068.12,2627.99,60.7,39.62,
2021-04-12,3134.8798828125,3147.27001953125,3127.909912109375,3135.590087890625,1048800,3073.49,3068.38,2632.96,61.2,38.17,
2021-04-13,3138.2099609375,3173.260009765625,3136.989990234375,3169.080078125,1741300,3078.59,3070.39,2638.17,65.8,38.14,
2021-04-14,3169.949951171875,3188.320068359375,3162.1201171875,3182.3798828125,1776300,3085.33,3074.51,2643.42,67.4,37.29,
2021-04-15,3180.72998046875,3204.47998046875,3178.989990234375,3194.330078125,1313000,3091.75,3077.26,2648.59,68.9,36.44,
2021-04-16,3194.080078125,3206.760009765625,3185.669921875,3198.6201171875,985300,3099.7,3079.3,2654.02,69.4,35.35,
2021-04-19,3201.110107421875,3214.449951171875,3193.39990234375,3198.840087890625,1060600,3107.87,3080.68,2659.34,69.4,34.33,
2021-04-20,3198.31005859375,3220.820068359375,3195.9599609375,3220.699951171875,1296200,3118.67,3083.35,2664.98,72.2,33.65,
2021-04-21,3214.239990234375,3214.239990234375,3165.489990234375,3171.659912109375,1767100,3127.43,3084.37,2670.29,59.2,35.19,
2021-04-22,3174.52001953125,3196.969970703125,3174.52001953125,3177.52001953125,1752700,3135.89,3086.09,2675.65,60.2,34.48,
2021-04-23,3173.469970703125,3185.969970703125,3146.5400390625,3181.080078125,1829400,3142.9,3088.02,2680.88,60.7,34.84,
2021-04-26,3191.340087890625,3217.530029296875,3191.340087890625,3217.530029296875,1298300,3151.97,3090.36,2686.2,66.2,34.95,
2021-04-27,3218.300048828125,3223.050048828125,3203.25,3215.419921875,1534200,3159.24,3091.73,2691.34,65.6,33.87,
2021-04-28,3217.2099609375,3219.68994140625,3176.550048828125,3181.469970703125,1412600,3165.24,3092.09,2696.43,57.1,34.53,
2021-04-29,3184.75,3200.409912109375,3161.06005859375,3174.070068359375,1222400,3169.58,3092.9,2701.5,55.5,34.88,
2021-04-30,3176.429931640625,3179.429931640625,3143.3798828125,3147.860107421875,1358200,3171.33,3094.12,2706.4,49.9,34.96,
2021-05-03,3149.050048828125,3174.260009765625,3120.699951171875,3127.199951171875,1040300,3171.65,3094.52,2711.29,45.9,36.29,
2021-05-04,3131.389892578125,3147.3798828125,3109.780029296875,3147.3701171875,1282900,3172.66,3095.87,2716.09,50.1,36.38,
2021-05-06,3147.719970703125,3174.159912109375,3133.639892578125,3160.429931640625,1238600,3173.81,3097.68,2720.98,52.6,36.68,
2021-05-07,3179.6298828125,3205.110107421875,3179.6298828125,3197.199951171875,988900,3176.51,3101.72,2725.95,58.9,37.25,
2021-05-10,3201.4599609375,3255.89990234375,3201.4599609375,3249.300048828125,1010200,3182.38,3104.71,2731.28,65.9,38.78,
2021-05-11,3239.919921875,3239.919921875,3192.25,3209.429931640625,1095700,3186.07,3108.64,2736.32,57.8,40.09,
2021-05-12,3209.360107421875,3212.830078125,3138.0400390625,3161.659912109375,1423200,3185.7,3111.0,2741.14,49.9,42.57,
2021-05-13,3146.969970703125,3161.929931640625,3103.8798828125,3122.110107421875,1094900,3182.69,3111.78,2745.61,44.5,43.67,
2021-05-14,3131.35009765625,3162.31005859375,3131.35009765625,3153.320068359375,835600,3180.64,3113.98,2750.23,49.2,43.42,
2021-05-17,3163.2099609375,3173.010009765625,3121.320068359375,3134.52001953125,770700,3177.43,3116.14,2754.82,46.7,44.01,
2021-05-18,3135.3798828125,3176.39990234375,3135.3798828125,3173.050048828125,785400,3176.15,3119.68,2759.68,52.1,43.86,
2021-05-20,3174.530029296875,3174.530029296875,3140.47998046875,3162.280029296875,773600,3173.22,3123.4,2764.41,50.6,43.16,
2021-05-21,3171.909912109375,3198.010009765625,3149.4599609375,3156.419921875,796800,3172.46,3127.37,2768.9,49.7,43.55,
2021-05-24,3155.909912109375,3163.27001953125,3137.81005859375,3144.300048828125,587500,3170.8,3129.98,2773.31,47.9,42.25,
2021-05-25,3152.929931640625,3173.10009765625,3148.300048828125,3171.320068359375,612700,3170.31,3132.32,2777.83,52.1,41.29,
2021-05-26,3171.909912109375,3183.969970703125,3160.300048828125,3168.429931640625,1269000,3167.86,3134.77,2782.43,51.6,40.03,
2021-05-27,3170.840087890625,3173.860107421875,3142.3701171875,3165.510009765625,1081100,3165.36,3136.74,2787.0,51.1,39.42,
2021-05-28,3172.090087890625,3198.659912109375,3171.85009765625,3188.72998046875,966000,3165.73,3139.57,2791.54,55.0,38.98,
2021-05-31,3192.06005859375,3204.2900390625,3179.8701171875,3203.919921875,1123100,3167.22,3142.32,2796.0,57.4,37.94,
2021-06-01,3207.1201171875,3233.169921875,3199.179931640625,3221.8701171875,1471800,3170.92,3145.97,2800.4,60.0,37.65,
2021-06-02,3224.39990234375,3241.070068359375,3216.10009765625,3224.22998046875,1495200,3175.77,3149.75,2804.76,60.4,36.75,
2021-06-03,3224.9599609375,3258.5,3224.9599609375,3247.429931640625,1584000,3180.77,3154.6,2809.07,63.8,36.57,
2021-06-04,3246.169921875,3246.18994140625,3218.669921875,3240.080078125,1391800,3184.76,3159.47,2813.17,62.0,36.01,
2021-06-07,3244.590087890625,3264.409912109375,3233.39990234375,3252.1201171875,1731900,3187.5,3164.35,2817.27,63.8,35.66,
2021-06-08,3251.830078125,3264.669921875,3242.56005859375,3247.830078125,1950600,3187.43,3168.49,2821.32,62.6,34.69,
2021-06-09,3245.080078125,3246.489990234375,3216.179931640625,3216.179931640625,1964500,3187.77,3172.09,2825.37,54.8,34.47,
2021-06-10,3216.93994140625,3235.389892578125,3210.31005859375,3224.639892578125,1896200,3190.91,3175.18,2829.75,56.4,33.8,
2021-06-11,3226.97998046875,3251.580078125,3226.97998046875,3249.320068359375,1643800,3197.28,3178.94,2834.19,60.7,33.31,
2021-06-14,3249.60009765625,3254.489990234375,3238.510009765625,3252.1298828125,1663900,3202.22,3182.23,2839.08,61.1,32.07,
2021-06-15,3253.169921875,3262.800048828125,3247.89990234375,3258.6298828125,1733900,3208.42,3185.15,2843.85,62.3,30.85,
2021-06-16,3259.06005859375,3281.9599609375,3256.679931640625,3278.679931640625,2345200,3213.7,3188.31,2848.6,65.6,30.45,
2021-06-17,3276.199951171875,3276.199951171875,3251.320068359375,3264.9599609375,1848200,3218.84,3191.07,2853.09,61.6,30.23,
2021-06-18,3265.679931640625,3275.760009765625,3262.580078125,3267.929931640625,1626400,3224.41,3193.68,2857.58,62.1,29.01,
2021-06-21,3264.179931640625,3264.179931640625,3225.56005859375,3240.7900390625,1508100,3229.24,3195.63,2862.06,54.6,29.96,
2021-06-22,3245.7900390625,3267.6298828125,3245.7900390625,3263.8798828125,1666300,3233.86,3198.27,2866.61,59.2,29.74,
2021-06-23,3265.72998046875,3281.8798828125,3263.070068359375,3276.18994140625,1068300,3239.25,3201.08,2871.36,61.4,28.96,
2021-06-24,3281.469970703125,3292.27001953125,3277.85009765625,3286.10009765625,1300300,3245.28,3203.42,2876.05,63.1,28.04,
2021-06-25,3289.179931640625,3316.080078125,3289.179931640625,3302.840087890625,1197600,3250.99,3205.83,2880.74,65.9,28.18,
2021-06-28,3305.4599609375,3311.68994140625,3291.300048828125,3301.889892578125,1427400,3255.89,3207.98,2885.27,65.6,27.62,
2021-06-29,3305.260009765625,3305.419921875,3276.6298828125,3286.679931640625,1211800,3259.13,3209.74,2889.86,60.8,27.71,
2021-06-30,3288.6298828125,3305.72998046875,3288.6298828125,3296.679931640625,1608900,3262.75,3211.7,2894.42,62.7,27.09,
2021-07-01,3297.919921875,3300.1201171875,3278.10009765625,3282.06005859375,1157700,3264.48,3212.92,2898.82,58.2,26.73,
2021-07-02,3282.81005859375,3295.679931640625,3278.18994140625,3281.780029296875,1019400,3266.57,3215.13,2903.35,58.1,26.07,
2021-07-05,3285.2900390625,3298.929931640625,3285.2900390625,3293.2099609375,849700,3268.62,3217.44,2907.84,60.7,25.43,
2021-07-06,3295.43994140625,3313.510009765625,3295.43994140625,3305.2099609375,1028800,3271.49,3219.92,2912.38,63.2,25.06,
2021-07-07,3303.590087890625,3303.590087890625,3277.659912109375,3285.340087890625,1146800,3274.95,3221.28,2916.67,56.7,25.24,
2021-07-08,3287.679931640625,3295.7099609375,3252.409912109375,3252.679931640625,1515200,3276.35,3222.03,2920.71,47.9,26.53,
2021-07-09,3245.52001953125,3245.52001953125,3188.800048828125,3217.949951171875,1307500,3274.78,3222.75,2924.62,40.7,29.2,
2021-07-12,3227.510009765625,3251.449951171875,3227.510009765625,3246.469970703125,1134600,3274.5,3224.2,2928.82,47.7,29.51,
2021-07-13,3253.239990234375,3273.89990234375,3253.239990234375,3271.3798828125,1149500,3275.13,3226.67,2933.12,52.9,29.36,
2021-07-14,3270.090087890625,3270.090087890625,3250.449951171875,3264.81005859375,908300,3274.44,3229.43,2937.5,51.4,28.76,
2021-07-15,3269.330078125,3286.580078125,3263.090087890625,3286.219970703125,1171900,3275.5,3232.2,2942.26,55.7,28.38,
2021-07-16,3282.889892578125,3282.889892578125,3259.320068359375,3276.909912109375,1066100,3275.95,3234.53,2946.98,53.5,28.27,
2021-07-19,3258.8701171875,3258.8701171875,3236.389892578125,3244.0400390625,1095100,3276.12,3235.47,2951.84,46.5,29.15,
2021-07-20,3223.239990234375,3234.800048828125,3214.419921875,3232.699951171875,979300,3274.56,3235.14,2956.61,44.3,29.18,
2021-07-21,3251.1298828125,3252.25,3215.909912109375,3215.909912109375,990300,3271.54,3235.27,2961.15,41.3,29.69,
2021-07-22,3235.169921875,3253.75,3235.169921875,3250.2099609375,713000,3269.75,3237.04,2965.76,49.0,30.28,
2021-07-23,3253.43994140625,3264.010009765625,3246.090087890625,3254.419921875,804600,3267.33,3239.68,2970.24,49.9,29.39,
2021-07-26,3265.989990234375,3265.989990234375,3224.949951171875,3224.949951171875,826100,3263.48,3241.12,2974.54,44.2,30.22,
2021-07-27,3244.429931640625,3252.85009765625,3230.75,3232.530029296875,991600,3260.77,3243.08,2978.76,45.9,30.06,
2021-07-28,3226.06005859375,3243.2099609375,3210.89990234375,3236.860107421875,868200,3257.78,3244.35,2982.99,46.9,30.22,
2021-07-29,3248.489990234375,3252.260009765625,3232.5,3242.64990234375,694500,3255.81,3245.96,2987.18,48.3,29.47,
2021-07-30,3234.3701171875,3234.659912109375,3202.320068359375,3202.320068359375,687500,3251.84,3246.88,2991.18,40.4,30.25,
2021-08-02,3218.419921875,3223.0400390625,3194.0,3223.0400390625,560800,3248.33,3248.45,2995.39,45.3,30.16,
2021-08-03,3221.570068359375,3237.139892578125,3213.199951171875,3237.139892578125,653200,3244.93,3249.77,2999.77,48.5,29.72,
2021-08-04,3246.64990234375,3283.139892578125,3237.550048828125,3280.3798828125,632000,3244.68,3252.01,3004.47,56.6,30.88,
2021-08-05,3283.25,3296.169921875,3273.330078125,3276.1298828125,680000,3245.85,3254.22,3009.11,55.7,30.31,
2021-08-06,3277.06005859375,3288.169921875,3261.929931640625,3270.360107421875,939900,3248.47,3255.85,3013.67,54.4,30.02,
2021-08-09,3258.10009765625,3275.14990234375,3251.739990234375,3260.419921875,706500,3249.17,3256.98,3018.12,52.1,29.54,
2021-08-10,3272.43994140625,3272.43994140625,3232.4599609375,3243.18994140625,729000,3247.76,3257.41,3022.56,48.3,30.29,
2021-08-11,3235.360107421875,3250.2099609375,3217.64990234375,3220.6201171875,616700,3245.55,3257.34,3026.86,43.8,30.45,
2021-08-12,3213.580078125,3229.590087890625,3202.110107421875,3208.3798828125,642600,3241.66,3256.56,3031.18,41.6,30.24,
2021-08-13,3205.75,3209.719970703125,3146.760009765625,3171.2900390625,695600,3236.38,3255.18,3035.39,35.6,32.58,
2021-08-17,3169.739990234375,3179.489990234375,3134.47998046875,3143.090087890625,690800,3231.33,3253.0,3039.37,31.9,33.46,
2021-08-18,3141.97998046875,3175.8798828125,3124.56005859375,3158.929931640625,622800,3227.64,3251.22,3043.54,35.9,34.74,
2021-08-19,3140.010009765625,3158.0,3097.830078125,3097.830078125,655600,3221.74,3248.85,3047.69,28.8,36.62,
2021-08-20,3111.10009765625,3122.090087890625,3049.030029296875,3060.510009765625,672100,3212.25,3245.57,3051.49,25.4,39.23,
2021-08-23,3086.81005859375,3111.81005859375,3064.64990234375,3090.2099609375,570400,3204.04,3242.39,3055.23,32.2,40.09,
2021-08-24,3119.699951171875,3142.580078125,3115.22998046875,3138.300048828125,586500,3199.71,3240.11,3059.13,41.4,40.97,
2021-08-25,3148.1298828125,3161.0,3124.25,3146.81005859375,600400,3195.42,3237.88,3062.8,42.9,40.66,
2021-08-26,3151.300048828125,3159.3701171875,3121.0400390625,3128.530029296875,727700,3190.01,3234.87,3066.36,40.5,40.5,
2021-08-27,3116.2900390625,3143.010009765625,3106.969970703125,3133.89990234375,520700,3184.57,3232.25,3069.79,41.5,40.18,
2021-08-30,3160.8701171875,3164.8701171875,3132.77001953125,3144.18994140625,602900,3181.66,3229.78,3073.25,43.5,39.6,
2021-08-31,3144.489990234375,3199.889892578125,3130.300048828125,3199.27001953125,660500,3180.47,3228.95,3076.81,52.8,41.74,
2021-09-01,3195.669921875,3215.1298828125,3185.800048828125,3207.02001953125,746700,3178.97,3227.81,3080.47,54.0,40.86,
2021-09-02,3198.030029296875,3204.010009765625,3171.780029296875,3175.85009765625,753900,3173.74,3225.8,3083.88,48.8,40.46,
2021-09-03,3189.7099609375,3203.080078125,3181.639892578125,3201.06005859375,638300,3169.99,3224.1,3087.17,52.8,39.51,
2021-09-06,3196.300048828125,3206.25,3186.7900390625,3203.330078125,726200,3166.64,3222.11,3090.49,53.1,38.08,
2021-09-07,3200.070068359375,3201.760009765625,3176.81005859375,3187.419921875,758700,3162.99,3219.82,3093.7,50.3,37.25,
2021-09-08,3178.739990234375,3187.550048828125,3157.070068359375,3162.989990234375,858500,3158.98,3217.35,3096.78,46.3,36.77,
2021-09-09,3146.639892578125,3158.60009765625,3111.489990234375,3114.699951171875,927400,3153.68,3213.71,3099.58,39.5,37.82,
2021-09-10,3121.090087890625,3131.5400390625,3103.3798828125,3125.760009765625,723100,3149.55,3210.58,3102.2,41.6,37.13,
2021-09-13,3117.35009765625,3139.1298828125,3109.010009765625,3127.860107421875,731200,3147.38,3207.51,3104.75,42.0,36.63,
2021-09-14,3137.320068359375,3164.31005859375,3137.320068359375,3148.830078125,712400,3147.67,3204.62,3107.49,46.1,36.62,
2021-09-15,3147.2099609375,3164.010009765625,3138.800048828125,3153.39990234375,615200,3147.39,3201.58,3110.12,47.0,35.8,
2021-09-16,3165.3798828125,3167.679931640625,3126.64990234375,3130.090087890625,612000,3149.0,3198.48,3112.61,43.1,36.18,
2021-09-17,3127.75,3142.1298828125,3112.510009765625,3140.510009765625,587500,3153.0,3196.23,3115.35,45.3,35.71,
2021-09-23,3123.639892578125,3131.6298828125,3107.97998046875,3127.580078125,623000,3154.87,3194.43,3117.82,43.1,35.48,
2021-09-24,3140.72998046875,3146.860107421875,3119.39990234375,3125.239990234375,752800,3154.22,3192.0,3120.07,42.7,34.91,
2021-09-27,3121.699951171875,3146.35009765625,3119.260009765625,3133.639892578125,882600,3153.56,3189.25,3122.25,44.7,34.35,
2021-09-28,3133.39990234375,3134.4599609375,3095.719970703125,3097.919921875,894100,3152.03,3185.91,3124.09,38.6,34.66,
2021-09-29,3055.5,3069.0400390625,3030.60009765625,3060.27001953125,820700,3148.35,3181.39,3125.66,33.3,37.0,
2021-09-30,3054.8701171875,3079.429931640625,3046.429931640625,3068.820068359375,885400,3144.58,3177.23,3127.5,35.5,36.71,
2021-10-01,3056.2099609375,3062.60009765625,3015.010009765625,3019.179931640625,854800,3135.57,3172.73,3128.82,29.6,37.93,
2021-10-05,2998.169921875,2998.169921875,2940.590087890625,2962.169921875,839400,3123.33,3167.32,3129.9,24.5,40.84,
2021-10-06,2986.06005859375,2993.469970703125,2908.300048828125,2908.31005859375,900500,3109.95,3161.17,3130.59,20.9,44.0,
2021-10-07,2936.8701171875,2961.530029296875,2927.60009765625,2959.4599609375,594600,3097.87,3155.35,3131.57,31.3,44.66,
2021-10-08,2977.820068359375,2978.080078125,2949.010009765625,2956.300048828125,668200,3085.52,3149.39,3132.57,31.0,43.55,
2021-10-12,2950.219970703125,2950.93994140625,2901.510009765625,2916.3798828125,659600,3071.97,3143.22,3133.29,27.7,44.35,
2021-10-13,2913.340087890625,2953.330078125,2909.469970703125,2944.409912109375,751600,3061.04,3137.46,3134.16,33.1,44.32,
2021-10-14,2968.8701171875,2988.969970703125,2962.330078125,2988.639892578125,616600,3054.74,3132.49,3135.25,40.6,44.33,
2021-10-15,3012.6201171875,3021.89990234375,2999.330078125,3015.06005859375,857300,3049.2,3127.94,3136.43,44.5,43.54,
2021-10-18,3017.47998046875,3021.169921875,2990.43994140625,3006.679931640625,926000,3043.14,3124.03,3137.79,43.5,42.63,
2021-10-19,3022.22998046875,3034.530029296875,3014.18994140625,3029.0400390625,845400,3037.15,3120.15,3139.14,46.9,41.57,
2021-10-20,3043.1298828125,3047.239990234375,3012.969970703125,3013.1298828125,679900,3030.14,3115.67,3140.17,44.9,41.05,
2021-10-21,3012.280029296875,3025.8798828125,3002.739990234375,3007.330078125,887000,3024.0,3110.21,3141.16,44.1,39.77,
2021-10-22,3005.360107421875,3018.699951171875,2996.260009765625,3006.159912109375,695000,3017.29,3104.81,3142.09,43.9,38.53,
2021-10-25,3001.10009765625,3025.27001953125,2983.2900390625,3020.5400390625,791500,3011.93,3099.81,3142.83,46.6,38.78,
2021-10-26,3039.820068359375,3051.64990234375,3030.530029296875,3049.080078125,564100,3008.13,3095.58,3143.35,51.4,38.23,
2021-10-27,3045.830078125,3049.02001953125,3019.0,3025.489990234375,607500,3002.72,3091.23,3143.53,47.6,37.65,
2021-10-28,3023.169921875,3034.419921875,3009.550048828125,3009.550048828125,616900,2998.3,3087.01,3143.73,45.1,36.74,
2021-10-29,3025.669921875,3030.169921875,2965.39990234375,2970.679931640625,545300,2993.82,3082.25,3143.43,39.7,38.74,
2021-11-01,2984.179931640625,2991.81005859375,2976.8701171875,2978.93994140625,475000,2989.33,3078.41,3142.56,41.3,37.48,
2021-11-02,2995.580078125,3034.300048828125,2995.580078125,3013.489990234375,525400,2989.04,3075.82,3141.89,47.6,38.76,
2021-11-03,3020.360107421875,3020.8701171875,2969.010009765625,2975.7099609375,658300,2989.72,3072.15,3141.14,42.3,39.69,
2021-11-04,3000.919921875,3011.56005859375,2978.070068359375,2983.219970703125,771700,2993.46,3069.86,3140.31,43.6,39.42,
2021-11-05,3003.530029296875,3003.530029296875,2953.9599609375,2969.27001953125,687400,2993.95,3068.03,3139.41,41.7,40.14,
2021-11-08,2965.360107421875,2968.179931640625,2930.89990234375,2960.199951171875,559600,2994.15,3065.43,3138.78,40.4,40.02,
2021-11-09,2958.14990234375,2987.280029296875,2949.169921875,2962.4599609375,707800,2996.45,3061.92,3138.52,40.9,39.88,
2021-11-10,2947.4599609375,2958.610107421875,2924.360107421875,2930.169921875,567300,2995.74,3057.58,3137.71,36.4,39.75,
2021-11-11,2911.409912109375,2925.18994140625,2903.719970703125,2924.919921875,571900,2992.56,3053.51,3136.76,35.7,38.8,
2021-11-12,2945.949951171875,2973.840087890625,2938.27001953125,2968.800048828125,665000,2990.24,3050.21,3135.8,45.1,39.53,
2021-11-15,2989.679931640625,3003.7099609375,2979.9599609375,2999.52001953125,638900,2989.88,3047.32,3135.09,50.5,39.2,
2021-11-16,2995.679931640625,3011.8798828125,2985.340087890625,2997.2099609375,579000,2988.29,3043.28,3134.04,50.1,38.29,
2021-11-17,3004.02001953125,3004.669921875,2957.699951171875,2962.419921875,540700,2985.76,3038.38,3133.15,44.4,38.91,
2021-11-18,2959.260009765625,2964.47998046875,2937.530029296875,2947.3798828125,541100,2982.76,3033.81,3132.27,42.1,38.06,
2021-11-19,2951.06005859375,2974.639892578125,2948.070068359375,2971.02001953125,656300,2981.0,3029.21,3131.78,46.7,37.29,
2021-11-22,2983.3798828125,3018.010009765625,2980.72998046875,3013.25,531000,2980.64,3025.41,3131.97,53.7,37.98,
2021-11-23,3013.159912109375,3016.360107421875,2992.139892578125,2997.330078125,524200,2978.05,3021.61,3131.67,51.0,37.0,
2021-11-24,3006.340087890625,3017.89990234375,2981.02001953125,2994.2900390625,556600,2976.49,3018.24,3131.16,50.5,36.99,
2021-11-25,2996.739990234375,2996.739990234375,2973.239990234375,2980.27001953125,595400,2975.03,3015.55,3130.41,48.0,36.03,
2021-11-26,2973.0400390625,2985.77001953125,2930.31005859375,2936.43994140625,594700,2973.32,3011.76,3129.65,41.2,37.41,
2021-11-29,2906.14990234375,2930.219970703125,2890.780029296875,2909.320068359375,841700,2969.83,3007.39,3128.6,37.7,38.0,
2021-11-30,2932.7099609375,2942.929931640625,2822.72998046875,2839.010009765625,982400,2961.11,3001.19,3127.34,30.4,43.87,
2021-12-01,2860.1201171875,2905.739990234375,2837.030029296875,2899.719970703125,563100,2957.31,2996.12,3126.41,41.0,45.65,
2021-12-02,2874.639892578125,2945.27001953125,2874.639892578125,2945.27001953125,533700,2955.41,2992.42,3125.64,47.5,47.43,
2021-12-03,2935.929931640625,2975.43994140625,2927.550048828125,2968.330078125,486100,2955.37,2988.98,3124.74,50.4,47.46,
2021-12-06,2954.820068359375,2983.5,2932.489990234375,2973.25,479400,2956.02,2985.89,3123.79,51.1,47.72,
2021-12-07,2973.840087890625,2992.31005859375,2960.89990234375,2991.719970703125,540900,2957.48,2983.22,3123.08,53.5,46.55,
2021-12-08,3017.929931640625,3036.1298828125,2995.340087890625,3001.800048828125,487800,2961.06,2980.59,3122.66,54.8,46.4,
2021-12-09,3007.0,3029.570068359375,3001.550048828125,3029.570068359375,513000,2966.3,2979.22,3122.27,58.3,45.09,
2021-12-10,3008.699951171875,3017.639892578125,2998.2900390625,3010.22998046875,451200,2968.37,2978.22,3121.92,55.1,44.1,
2021-12-13,3019.669921875,3043.830078125,3000.510009765625,3001.659912109375,375400,2968.47,2976.88,3121.58,53.7,44.05,
2021-12-14,2983.949951171875,3001.699951171875,2976.159912109375,2987.949951171875,581200,2968.01,2976.25,3121.54,51.4,42.72,
2021-12-15,2979.830078125,2992.300048828125,2973.0,2989.389892578125,432500,2969.36,2976.8,3120.99,51.7,41.05,
2021-12-16,3013.260009765625,3018.199951171875,2989.6298828125,3006.409912109375,402400,2972.31,2978.76,3120.96,54.4,40.18,
2021-12-17,2985.199951171875,3017.72998046875,2984.18994140625,3017.72998046875,451400,2974.65,2979.92,3120.83,56.2,39.7,
2021-12-20,3001.330078125,3001.330078125,2962.070068359375,2963.0,377100,2972.13,2980.06,3120.23,46.7,40.84,
2021-12-21,2981.669921875,2984.56005859375,2955.89990234375,2975.030029296875,410500,2971.02,2981.23,3119.89,48.8,39.97,
2021-12-22,2993.5,3000.7900390625,2976.64990234375,2984.47998046875,461400,2970.53,2982.03,3119.68,50.4,38.96,
2021-12-23,2998.02001953125,3000.699951171875,2980.909912109375,2998.169921875,483300,2971.42,2982.22,3119.69,52.7,37.59,
2021-12-24,3009.47998046875,3025.77001953125,3009.47998046875,3012.429931640625,537500,2975.22,2982.17,3119.87,55.0,36.87,
2021-12-27,3013.93994140625,3017.31005859375,2999.300048828125,2999.550048828125,475000,2979.73,2982.03,3120.08,52.5,35.53,
2021-12-28,3006.77001953125,3020.2900390625,2991.550048828125,3020.239990234375,607000,2988.8,2981.85,3120.11,56.0,35.04,
2021-12-29,3002.89990234375,3007.719970703125,2988.669921875,2993.2900390625,545800,2993.47,2981.45,3119.8,50.7,34.79,
2021-12-30,2999.75,3005.360107421875,2975.739990234375,2977.64990234375,460600,2995.09,2980.86,3119.46,47.9,34.42,
2022-01-04,2991.969970703125,2995.25,2973.080078125,2989.239990234375,621200,2996.14,2980.52,3119.07,50.1,33.55,
2022-01-05,2984.050048828125,2986.199951171875,2936.72998046875,2953.969970703125,786900,2995.18,2979.19,3118.61,44.0,34.9,
2022-01-06,2925.39990234375,2952.5400390625,2915.3798828125,2920.530029296875,785500,2991.62,2976.62,3117.88,39.1,35.17,
2022-01-07,2933.780029296875,2959.030029296875,2933.10009765625,2954.889892578125,545800,2989.27,2975.21,3117.45,45.8,35.4,
2022-01-10,2947.3701171875,2951.1201171875,2910.89990234375,2926.719970703125,477000,2984.13,2973.55,3116.91,41.8,36.02,
2022-01-11,2930.929931640625,2943.570068359375,2909.820068359375,2927.3798828125,565800,2979.99,2972.68,3116.52,41.9,35.86,
2022-01-12,2950.780029296875,2972.580078125,2950.31005859375,2972.47998046875,519000,2978.53,2972.56,3116.4,50.0,36.52,
2022-01-13,2979.909912109375,2982.139892578125,2958.389892578125,2962.090087890625,604600,2977.23,2971.53,3116.17,48.3,35.61,
2022-01-14,2937.610107421875,2944.969970703125,2914.72998046875,2921.919921875,532300,2973.86,2970.45,3115.58,42.4,36.45,
2022-01-17,2918.550048828125,2919.669921875,2875.97998046875,2890.10009765625,592900,2968.04,2968.59,3114.85,38.4,37.13,
2022-01-18,2898.97998046875,2902.7900390625,2857.260009765625,2864.239990234375,553700,2960.37,2966.49,3113.82,35.5,37.73,
2022-01-19,2840.340087890625,2871.7900390625,2832.179931640625,2842.280029296875,463400,2954.33,2964.13,3112.72,33.1,37.86,
2022-01-20,2842.280029296875,2862.699951171875,2830.969970703125,2862.679931640625,395400,2948.72,2962.13,3111.6,37.2,37.42,
2022-01-21,2837.489990234375,2847.949951171875,2817.110107421875,2834.2900390625,532500,2941.21,2960.22,3110.21,34.1,38.01,
2022-01-24,2823.760009765625,2828.110107421875,2780.679931640625,2792.0,473600,2930.9,2957.56,3108.56,30.0,39.12,
2022-01-25,2786.409912109375,2789.6201171875,2703.989990234375,2720.389892578125,639400,2916.3,2952.59,3106.53,24.7,42.61,
2022-01-26,2729.75,2744.139892578125,2708.10009765625,2709.239990234375,471800,2901.78,2946.78,3104.39,24.0,42.14,
2022-01-27,2709.239990234375,2722.860107421875,2614.489990234375,2614.489990234375,487100,2881.49,2939.13,3101.75,18.9,46.87,
2022-01-28,2617.8701171875,2668.590087890625,2591.530029296875,2663.340087890625,433700,2865.0,2933.15,3099.4,27.4,49.03,
2022-02-03,2706.340087890625,2735.340087890625,2702.780029296875,2707.820068359375,435300,2851.5,2928.36,3097.26,34.1,50.67,
2022-02-04,2714.830078125,2751.800048828125,2712.8701171875,2750.260009765625,535900,2839.56,2923.94,3095.17,39.9,50.19,
2022-02-07,2750.699951171875,2750.699951171875,2718.93994140625,2745.06005859375,417600,2829.11,2918.58,3092.98,39.4,48.88,
2022-02-08,2767.760009765625,2779.85009765625,2726.719970703125,2746.469970703125,559600,2820.41,2913.56,3090.74,39.6,49.18,
2022-02-09,2772.6298828125,2773.3798828125,2753.510009765625,2768.85009765625,538700,2811.11,2909.05,3088.59,42.9,47.59,
2022-02-10,2787.43994140625,2788.27001953125,2761.760009765625,2771.929931640625,509300,2803.37,2904.89,3086.46,43.3,46.08,
2022-02-11,2739.139892578125,2766.699951171875,2735.080078125,2747.7099609375,480300,2794.38,2901.11,3084.1,40.6,45.42,
2022-02-14,2715.10009765625,2724.719970703125,2688.239990234375,2704.47998046875,616000,2780.98,2897.01,3081.76,36.2,46.43,
2022-02-15,2712.449951171875,2716.449951171875,2665.469970703125,2676.5400390625,588700,2766.7,2893.77,3079.25,33.7,46.75,
2022-02-16,2719.610107421875,2730.429931640625,2711.340087890625,2729.679931640625,422100,2757.09,2890.36,3077.0,42.0,47.26,
2022-02-17,2735.110107421875,2770.659912109375,2711.989990234375,2744.090087890625,611000,2749.79,2886.34,3074.63,44.0,48.08,
2022-02-18,2714.52001953125,2747.080078125,2711.8798828125,2744.52001953125,512900,2743.81,2881.86,3072.28,44.1,47.16,
2022-02-21,2706.64990234375,2746.6201171875,2694.89990234375,2743.800048828125,495000,2738.88,2877.28,3070.09,44.0,47.48,
2022-02-22,2705.080078125,2721.840087890625,2690.090087890625,2706.7900390625,648100,2731.09,2871.58,3067.75,39.6,47.93,
2022-02-23,2727.429931640625,2729.56005859375,2705.31005859375,2719.530029296875,537700,2725.35,2865.93,3065.61,41.7,46.24,
2022-02-24,2689.280029296875,2694.550048828125,2642.6298828125,2648.800048828125,925900,2718.19,2858.32,3063.22,34.3,48.43,
2022-02-25,2678.469970703125,2694.81005859375,2665.9599609375,2676.760009765625,664100,2716.01,2851.65,3060.86,38.9,48.25,
2022-02-28,2663.0,2699.179931640625,2658.25,2699.179931640625,613300,2715.51,2845.6,3058.56,42.4,47.73,
2022-03-02,2698.31005859375,2716.4599609375,2692.239990234375,2703.52001953125,527800,2719.96,2839.91,3056.09,43.1,46.05,
2022-03-03,2729.860107421875,2748.2099609375,2726.35009765625,2747.080078125,614300,2724.14,2835.06,3053.58,49.5,45.95,
2022-03-04,2736.580078125,2736.580078125,2702.340087890625,2713.429931640625,765300,2724.42,2829.2,3051.1,45.3,45.87,
2022-03-07,2680.169921875,2680.169921875,2644.10009765625,2651.31005859375,571300,2719.48,2821.87,3048.55,38.7,47.54,
2022-03-08,2617.330078125,2647.179931640625,2605.81005859375,2622.39990234375,540100,2713.34,2815.06,3046.05,36.0,47.4,
2022-03-10,2660.860107421875,2682.7900390625,2660.860107421875,2680.320068359375,613500,2710.04,2809.17,3043.68,44.2,48.33,
2022-03-11,2665.949951171875,2672.6201171875,2647.280029296875,2661.280029296875,796500,2704.66,2802.7,3041.32,42.3,47.23,
2022-03-14,2654.929931640625,2661.760009765625,2633.31005859375,2645.64990234375,635900,2698.34,2795.65,3038.68,40.8,45.89,
2022-03-15,2630.31005859375,2641.969970703125,2615.080078125,2621.530029296875,603700,2692.03,2787.84,3035.98,38.4,44.8,
2022-03-16,2649.85009765625,2659.89990234375,2630.030029296875,2659.22998046875,736000,2689.77,2781.03,3033.49,43.9,44.34,
2022-03-17,2703.27001953125,2714.0,2694.510009765625,2694.510009765625,545500,2690.67,2774.51,3031.24,48.5,45.08,
2022-03-18,2695.639892578125,2708.159912109375,2688.7099609375,2707.02001953125,643500,2689.54,2768.79,3028.92,50.0,43.25,
2022-03-21,2717.81005859375,2717.81005859375,2683.68994140625,2686.050048828125,502000,2686.64,2762.96,3026.51,47.4,42.6,
2022-03-22,2686.679931640625,2712.139892578125,2686.580078125,2710.0,489100,2684.91,2757.37,3024.23,50.6,41.42,
2022-03-23,2727.1201171875,2742.27001953125,2720.830078125,2735.050048828125,883000,2684.47,2752.99,3021.96,53.7,40.77,
2022-03-24,2716.25,2729.659912109375,2705.139892578125,2729.659912109375,959600,2685.62,2749.18,3019.59,52.9,39.99,
2022-03-25,2740.830078125,2740.949951171875,2722.360107421875,2729.97998046875,599800,2686.14,2744.68,3017.13,53.0,38.46,
2022-03-28,2721.219970703125,2737.4599609375,2707.739990234375,2729.56005859375,768000,2690.18,2740.74,3014.66,52.9,37.84,
2022-03-29,2745.6201171875,2754.179931640625,2733.219970703125,2741.070068359375,726700,2693.39,2737.01,3012.13,54.7,36.89,
2022-03-30,2758.31005859375,2760.60009765625,2740.02001953125,2746.739990234375,837800,2695.77,2732.49,3009.66,55.5,35.73,
2022-03-31,2743.239990234375,2765.199951171875,2743.199951171875,2757.64990234375,1029500,2698.48,2728.41,3007.19,57.3,34.75,
2022-04-01,2745.85009765625,2745.85009765625,2729.679931640625,2739.85009765625,1305000,2698.11,2724.76,3004.65,53.6,34.26,
2022-04-04,2729.860107421875,2758.3798828125,2722.449951171875,2757.89990234375,1022500,2700.34,2722.12,3002.36,56.6,34.38,
2022-04-05,2765.5,2769.179931640625,2750.5,2759.199951171875,1605600,2705.73,2720.02,3000.03,56.8,33.26,
2022-04-06,2739.070068359375,2747.85009765625,2730.659912109375,2735.030029296875,1321300,2711.36,2717.87,2997.46,51.7,32.92,
2022-04-07,2714.699951171875,2718.5,2693.360107421875,2695.860107421875,998200,2712.14,2714.54,2994.68,44.6,33.55,
2022-04-08,2706.639892578125,2712.0,2685.52001953125,2700.389892578125,948000,2714.1,2711.86,2991.88,45.5,33.04,
2022-04-11,2687.5400390625,2711.02001953125,2683.9599609375,2693.10009765625,742100,2716.47,2709.88,2988.96,44.3,32.62,
2022-04-12,2674.169921875,2685.080078125,2658.39990234375,2666.760009765625,870000,2718.73,2708.81,2985.97,39.9,32.77,
2022-04-13,2677.530029296875,2717.6298828125,2672.60009765625,2716.489990234375,732000,2721.59,2708.95,2983.21,49.9,34.06,
2022-04-14,2719.340087890625,2720.300048828125,2702.610107421875,2716.7099609375,664800,2722.7,2711.0,2980.59,50.0,32.89,
2022-04-15,2695.52001953125,2705.409912109375,2685.010009765625,2696.06005859375,693700,2722.16,2711.65,2977.75,46.3,32.8,
2022-04-18,2685.0400390625,2701.110107421875,2681.3701171875,2693.2099609375,1024600,2722.51,2711.36,2974.83,45.7,31.87,
2022-04-19,2707.760009765625,2723.97998046875,2705.320068359375,2718.889892578125,1256100,2722.96,2710.73,2972.0,51.0,31.79,
2022-04-20,2718.489990234375,2724.4599609375,2702.840087890625,2718.68994140625,1735700,2722.14,2710.21,2969.08,50.9,31.07,
2022-04-21,2725.7099609375,2737.5400390625,2725.0400390625,2728.2099609375,1002600,2722.07,2709.84,2966.21,52.9,30.19,
2022-04-22,2704.719970703125,2708.580078125,2690.47998046875,2704.7099609375,1239400,2720.8,2708.56,2963.3,47.8,30.73,
2022-04-25,2676.669921875,2680.35009765625,2657.0400390625,2657.1298828125,1017600,2717.18,2706.26,2960.1,39.6,31.94,
2022-04-26,2674.0,2678.050048828125,2663.830078125,2668.31005859375,889600,2713.54,2704.67,2957.03,42.1,31.15,
2022-04-27,2630.580078125,2641.820068359375,2615.5,2639.06005859375,1071800,2708.16,2703.37,2953.82,37.7,32.7,
2022-04-28,2656.5400390625,2667.489990234375,2638.3701171875,2667.489990234375,898900,2703.65,2703.18,2950.69,43.9,32.45,
2022-04-29,2669.179931640625,2696.10009765625,2664.06005859375,2695.050048828125,975000,2701.41,2702.49,2947.64,49.1,32.42,
2022-05-02,2669.2099609375,2689.909912109375,2667.85009765625,2687.449951171875,873400,2697.89,2701.36,2944.65,47.8,32.04,
2022-05-03,2690.159912109375,2702.10009765625,2680.4599609375,2680.4599609375,883100,2693.95,2700.08,2941.79,46.6,31.3,
2022-05-04,2690.449951171875,2696.030029296875,2667.22998046875,2677.570068359375,1180500,2691.08,2698.75,2939.09,46.0,31.12,
2022-05-06,2650.889892578125,2652.510009765625,2635.969970703125,2644.510009765625,1333600,2688.51,2697.51,2936.08,40.3,31.87,
2022-05-10,2590.1298828125,2602.75,2553.010009765625,2596.56005859375,840900,2683.32,2695.05,2932.7,33.7,36.13,
2022-05-11,2586.52001953125,2599.110107421875,2579.090087890625,2592.27001953125,679300,2678.28,2693.92,2929.34,33.2,34.98,
2022-05-12,2569.5,2591.570068359375,2546.800048828125,2550.080078125,899900,2672.45,2691.38,2925.66,28.6,35.73,
2022-05-13,2570.010009765625,2605.840087890625,2565.9599609375,2604.239990234375,788300,2666.83,2689.49,2922.3,40.2,37.16,
2022-05-16,2624.68994140625,2629.199951171875,2593.610107421875,2596.580078125,780000,2660.83,2687.35,2919.06,39.2,37.05,
2022-05-17,2603.580078125,2621.840087890625,2603.580078125,2620.43994140625,873000,2657.05,2684.81,2916.0,43.8,36.21,
2022-05-18,2634.75,2644.1298828125,2618.0,2625.97998046875,869300,2653.68,2683.07,2913.05,44.8,35.49,
2022-05-19,2576.239990234375,2597.7900390625,2568.5400390625,2592.340087890625,676900,2647.36,2681.89,2909.76,40.0,37.05,
2022-05-20,2605.780029296875,2641.679931640625,2605.3798828125,2639.2900390625,752400,2643.39,2682.22,2906.68,48.3,37.93,
2022-05-23,2651.6298828125,2653.8701171875,2634.2900390625,2647.3798828125,641900,2639.35,2681.56,2903.8,49.6,36.62,
2022-05-24,2638.93994140625,2646.989990234375,2605.8701171875,2605.8701171875,850700,2634.4,2680.46,2900.66,43.6,36.97,
2022-05-25,2621.75,2630.169921875,2602.93994140625,2617.219970703125,710200,2632.41,2679.89,2897.56,45.5,36.27,
2022-05-26,2616.989990234375,2641.909912109375,2602.010009765625,2612.449951171875,595300,2629.61,2679.71,2894.41,44.8,36.53,
2022-05-27,2640.75,2644.7099609375,2631.489990234375,2638.050048828125,590500,2629.56,2679.28,2891.59,49.3,36.23,
2022-05-30,2662.31005859375,2672.739990234375,2654.179931640625,2669.659912109375,469300,2629.67,2678.79,2888.82,54.3,36.12,
2022-05-31,2666.8798828125,2685.89990234375,2654.320068359375,2685.89990234375,670700,2629.22,2678.36,2886.07,56.7,35.79,
2022-06-02,2670.739990234375,2674.0,2653.590087890625,2658.989990234375,524900,2627.79,2677.82,2882.96,51.9,35.54,
2022-06-03,2679.570068359375,2681.510009765625,2663.0,2670.64990234375,562200,2627.3,2677.03,2879.93,53.7,34.61,
2022-06-07,2659.27001953125,2662.0400390625,2622.780029296875,2626.340087890625,524300,2624.74,2674.86,2876.71,46.5,35.56,
2022-06-08,2633.530029296875,2639.52001953125,2621.9599609375,2626.14990234375,576000,2623.82,2672.79,2873.54,46.5,34.28,
2022-06-09,2618.919921875,2627.8798828125,2606.610107421875,2625.43994140625,814500,2625.27,2670.7,2870.45,46.4,33.35,
2022-06-10,2596.3701171875,2602.800048828125,2583.739990234375,2595.8701171875,723800,2625.45,2668.03,2867.33,41.7,33.94,
2022-06-13,2550.2099609375,2550.320068359375,2504.510009765625,2504.510009765625,659800,2623.17,2663.29,2863.81,31.3,38.04,
2022-06-14,2472.9599609375,2503.169921875,2457.389892578125,2492.969970703125,671200,2617.6,2658.22,2860.42,30.3,38.69,
2022-06-15,2490.010009765625,2495.5400390625,2436.0400390625,2447.3798828125,713800,2610.14,2652.01,2856.94,26.5,40.18,
2022-06-16,2481.659912109375,2500.360107421875,2447.330078125,2451.409912109375,583800,2601.69,2646.25,2853.4,27.4,41.1,
2022-06-17,2409.719970703125,2441.340087890625,2396.469970703125,2440.929931640625,634200,2592.44,2639.91,2850.12,26.5,42.09,
2022-06-20,2449.889892578125,2449.889892578125,2372.35009765625,2391.030029296875,592100,2582.37,2632.54,2846.77,22.9,44.62,
2022-06-21,2402.989990234375,2423.47998046875,2385.60009765625,2408.929931640625,479400,2570.86,2626.02,2843.36,26.8,44.14,
2022-06-22,2417.110107421875,2418.050048828125,2342.81005859375,2342.81005859375,531800,2555.63,2618.96,2839.39,22.3,46.36,
2022-06-23,2347.840087890625,2361.22998046875,2306.47998046875,2314.320068359375,749200,2541.05,2611.24,2835.22,20.7,46.96,
2022-06-24,2327.110107421875,2373.47998046875,2319.989990234375,2366.60009765625,654100,2528.52,2604.71,2831.42,30.6,47.83,
2022-06-27,2383.199951171875,2418.93994140625,2365.860107421875,2401.919921875,509700,2517.99,2599.41,2827.76,36.4,48.2,
2022-06-28,2405.199951171875,2422.10009765625,2393.9599609375,2422.090087890625,564700,2507.19,2593.52,2824.14,39.5,46.77,
2022-06-29,2387.10009765625,2393.25,2375.449951171875,2377.989990234375,422100,2492.61,2586.75,2820.04,35.4,46.76,
2022-06-30,2368.570068359375,2368.570068359375,2332.590087890625,2332.639892578125,515000,2474.95,2579.48,2815.67,31.8,46.66,
2022-07-01,2342.919921875,2354.969970703125,2291.489990234375,2305.419921875,530100,2457.27,2571.72,2811.31,29.8,47.87,
2022-07-04,2310.72998046875,2318.31005859375,2276.6298828125,2300.340087890625,467700,2438.75,2563.35,2806.81,29.4,47.42,
2022-07-05,2322.110107421875,2344.080078125,2309.6201171875,2341.780029296875,323600,2424.53,2555.82,2802.5,36.3,47.16,
2022-07-06,2330.110107421875,2332.139892578125,2290.330078125,2292.010009765625,410600,2407.82,2547.09,2798.03,32.3,47.47,
2022-07-07,2308.969970703125,2344.139892578125,2307.89990234375,2334.27001953125,340000,2393.26,2539.68,2793.88,38.6,47.8,
2022-07-08,2352.489990234375,2367.840087890625,2348.739990234375,2350.610107421875,411200,2381.0,2533.55,2790.06,40.9,46.78,
2022-07-11,2357.429931640625,2363.260009765625,2337.820068359375,2340.27001953125,376900,2372.79,2526.99,2786.13,39.8,45.26,
2022-07-12,2330.8798828125,2333.02001953125,2303.739990234375,2317.760009765625,379000,2364.03,2520.57,2782.08,37.7,44.64,
2022-07-13,2324.449951171875,2341.18994140625,2312.489990234375,2328.610107421875,308400,2358.09,2513.79,2777.98,39.4,43.5,
2022-07-14,2316.409912109375,2338.2900390625,2307.68994140625,2322.320068359375,348900,2351.63,2506.33,2773.83,38.7,42.58,
2022-07-15,2335.1201171875,2337.300048828125,2293.449951171875,2330.97998046875,319300,2346.14,2499.2,2769.83,40.2,42.67,
2022-07-18,2350.47998046875,2376.5,2344.1201171875,2375.25,324100,2345.35,2493.1,2766.01,47.4,42.87,
2022-07-19,2367.52001953125,2372.739990234375,2359.590087890625,2370.969970703125,339200,2343.45,2486.97,2762.22,46.8,40.93,
2022-07-20,2406.2900390625,2410.06005859375,2382.64990234375,2386.85009765625,333000,2345.65,2481.81,2758.53,49.3,40.8,
2022-07-21,2387.909912109375,2411.9599609375,2387.909912109375,2409.159912109375,295500,2350.39,2478.07,2754.91,52.6,39.68,
2022-07-22,2405.3701171875,2417.909912109375,2391.47998046875,2393.139892578125,381400,2351.72,2474.08,2751.38,50.1,38.73,
2022-07-25,2385.64990234375,2412.469970703125,2385.64990234375,2403.68994140625,322900,2351.81,2471.16,2748.1,51.7,37.88,
2022-07-26,2397.27001953125,2415.389892578125,2395.169921875,2412.9599609375,415100,2351.35,2467.33,2744.82,53.2,36.62,
2022-07-27,2412.52001953125,2415.530029296875,2396.18994140625,2415.530029296875,333400,2353.23,2463.71,2741.8,53.6,35.38,
2022-07-28,2437.570068359375,2443.429931640625,2429.070068359375,2435.27001953125,490900,2358.36,2460.01,2739.17,56.8,34.85,
2022-07-29,2453.530029296875,2463.050048828125,2442.010009765625,2451.5,499000,2365.66,2456.52,2736.89,59.3,34.34,
2022-08-01,2444.050048828125,2461.39990234375,2437.1298828125,2452.25,487000,2373.26,2453.71,2734.35,59.5,33.62,
2022-08-02,2451.0,2451.070068359375,2428.760009765625,2439.6201171875,549800,2378.15,2449.72,2731.77,56.5,32.9,
2022-08-03,2438.56005859375,2461.449951171875,2433.1201171875,2461.449951171875,475200,2386.62,2446.0,2729.49,60.2,32.57,
2022-08-04,2478.43994140625,2478.949951171875,2465.320068359375,2473.110107421875,398500,2393.57,2443.35,2727.13,62.0,31.5,
2022-08-05,2481.429931640625,2497.580078125,2480.050048828125,2490.800048828125,409400,2400.57,2440.82,2724.65,64.7,31.0,
2022-08-08,2481.169921875,2494.0,2477.760009765625,2493.10009765625,418100,2408.22,2438.43,2722.04,65.1,29.94,
2022-08-09,2493.570068359375,2506.489990234375,2481.360107421875,2503.4599609375,454200,2417.5,2435.74,2719.52,66.6,29.6,
2022-08-10,2493.699951171875,2494.14990234375,2478.2099609375,2480.8798828125,479300,2425.11,2431.96,2716.78,60.2,29.29,
2022-08-11,2507.739990234375,2523.780029296875,2506.409912109375,2523.780029296875,505100,2435.19,2428.72,2714.33,66.8,30.26,
2022-08-12,2519.659912109375,2533.199951171875,2514.31005859375,2527.93994140625,445100,2445.04,2426.1,2711.94,67.3,29.45,
2022-08-16,2543.050048828125,2546.35009765625,2532.199951171875,2533.52001953125,398100,2452.95,2423.36,2709.57,68.1,28.66,
2022-08-17,2536.570068359375,2543.14990234375,2512.010009765625,2516.469970703125,417800,2460.22,2421.16,2707.05,63.2,28.84,
2022-08-18,2499.300048828125,2515.3701171875,2488.090087890625,2508.050048828125,381400,2466.28,2418.8,2704.35,60.8,28.8,
2022-08-19,2510.719970703125,2510.719970703125,2492.68994140625,2492.68994140625,459700,2470.46,2416.14,2701.68,56.7,28.03,
2022-08-22,2467.3798828125,2475.77001953125,2457.080078125,2462.5,422400,2473.93,2413.48,2698.95,49.5,28.58,
2022-08-23,2449.31005859375,2454.550048828125,2431.830078125,2435.340087890625,471000,2475.51,2412.09,2696.27,44.2,28.72,
2022-08-24,2446.179931640625,2454.010009765625,2430.68994140625,2447.449951171875,423300,2477.24,2411.18,2693.61,46.9,28.34,
2022-08-25,2459.7900390625,2477.260009765625,2455.320068359375,2477.260009765625,426000,2480.32,2411.78,2690.93,53.1,28.44,
2022-08-26,2489.139892578125,2497.760009765625,2476.75,2481.030029296875,519900,2482.61,2412.37,2688.46,53.8,27.91,
2022-08-29,2432.06005859375,2432.889892578125,2417.010009765625,2426.889892578125,447200,2481.38,2412.09,2685.68,43.4,30.49,
2022-08-30,2441.2099609375,2453.909912109375,2433.47998046875,2450.929931640625,336200,2481.31,2413.29,2683.09,48.2,30.24,
2022-08-31,2433.469970703125,2473.75,2426.139892578125,2472.050048828125,435900,2482.93,2414.55,2680.64,52.0,31.48,
2022-09-01,2443.0,2443.610107421875,2415.610107421875,2415.610107421875,579300,2480.64,2416.01,2677.91,42.9,33.27,
2022-09-02,2427.699951171875,2432.3701171875,2402.669921875,2409.409912109375,391400,2477.46,2417.91,2675.31,42.0,33.01,
2022-09-05,2410.070068359375,2424.77001953125,2392.6298828125,2403.679931640625,354700,2473.1,2418.65,2672.7,41.2,32.95,
2022-09-06,2409.719970703125,2422.530029296875,2399.260009765625,2410.02001953125,294100,2468.95,2418.81,2669.91,42.5,32.26,
2022-09-07,2395.659912109375,2398.39990234375,2365.35009765625,2376.4599609375,377900,2462.6,2417.9,2666.79,37.6,33.15,
2022-09-08,2393.27001953125,2394.06005859375,2379.06005859375,2384.280029296875,423600,2457.77,2418.03,2663.73,39.3,32.03,
2022-09-13,2418.590087890625,2453.949951171875,2418.590087890625,2449.5400390625,366900,2454.06,2420.37,2661.16,51.7,34.72,
2022-09-14,2390.469970703125,2418.419921875,2381.5,2411.419921875,461300,2448.23,2422.49,2658.48,45.8,37.1,
2022-09-15,2416.010009765625,2421.6298828125,2401.830078125,2401.830078125,423900,2441.65,2424.52,2655.64,44.5,35.87,
2022-09-16,2387.56005859375,2395.10009765625,2371.110107421875,2382.780029296875,440300,2434.96,2425.34,2652.48,41.8,35.5,
2022-09-19,2388.72998046875,2389.85009765625,2352.760009765625,2355.659912109375,403700,2427.34,2426.61,2649.28,38.3,35.61,
2022-09-20,2373.639892578125,2382.52001953125,2359.840087890625,2367.85009765625,419200,2421.1,2427.28,2646.14,40.7,34.99,
2022-09-21,2351.5400390625,2360.27001953125,2341.7900390625,2347.2099609375,378000,2415.33,2427.21,2642.98,38.0,34.35,
2022-09-22,2319.699951171875,2335.110107421875,2309.10009765625,2332.31005859375,446600,2410.18,2427.05,2639.96,36.1,34.62,
2022-09-23,2331.330078125,2334.06005859375,2285.7099609375,2290.0,446300,2402.31,2426.5,2636.86,31.4,35.6,
2022-09-26,2260.800048828125,2260.800048828125,2215.360107421875,2220.93994140625,621400,2389.49,2424.34,2633.77,25.5,38.39,
2022-09-27,2224.389892578125,2227.35009765625,2197.89990234375,2223.860107421875,487600,2376.64,2422.37,2630.39,26.1,37.75,
2022-09-28,2206.14990234375,2223.56005859375,2151.60009765625,2169.2900390625,595700,2363.76,2419.14,2626.51,22.3,40.21,
2022-09-29,2197.75,2210.610107421875,2170.139892578125,2170.929931640625,508200,2349.76,2415.05,2622.52,22.7,40.29,
2022-09-30,2161.110107421875,2177.199951171875,2134.77001953125,2155.489990234375,950000,2333.93,2410.74,2618.44,21.7,40.45,
2022-10-04,2189.510009765625,2212.3798828125,2180.840087890625,2209.3798828125,420700,2323.62,2407.2,2614.52,33.1,41.62,
2022-10-05,2248.85009765625,2253.929931640625,2204.030029296875,2215.219970703125,855400,2313.91,2403.32,2610.59,34.2,42.21,
2022-10-06,2230.429931640625,2250.8701171875,2223.360107421875,2237.860107421875,642700,2305.62,2400.21,2606.63,38.5,41.74,
2022-10-07,2217.840087890625,2245.8798828125,2215.080078125,2232.840087890625,428500,2296.76,2396.79,2602.75,37.9,40.96,
2022-10-11,2193.02001953125,2193.050048828125,2174.06005859375,2192.070068359375,859100,2287.54,2392.38,2598.7,33.4,42.23,
2022-10-12,2191.35009765625,2205.02001953125,2181.64990234375,2202.469970703125,658000,2278.45,2388.12,2594.77,35.5,40.89,
2022-10-13,2198.2900390625,2198.340087890625,2162.8701171875,2162.8701171875,792200,2264.11,2382.67,2590.64,31.4,40.8,
2022-10-14,2200.659912109375,2220.5400390625,2193.6298828125,2212.550048828125,512900,2254.17,2377.89,2586.67,40.6,42.0,
2022-10-17,2187.169921875,2221.050048828125,2177.659912109375,2219.7099609375,498500,2245.06,2373.24,2582.68,41.8,42.1,
2022-10-18,2249.14990234375,2251.739990234375,2220.7099609375,2249.949951171875,580700,2238.42,2369.44,2579.11,46.7,41.38,
2022-10-19,2249.35009765625,2266.800048828125,2234.590087890625,2237.43994140625,895000,2232.51,2364.96,2575.42,45.0,40.73,
2022-10-20,2225.530029296875,2231.52001953125,2200.43994140625,2218.090087890625,1108000,2225.02,2359.86,2571.59,42.5,40.46,
2022-10-21,2210.590087890625,2224.0400390625,2204.639892578125,2213.1201171875,637400,2218.32,2354.31,2567.67,41.8,38.96,
2022-10-24,2248.260009765625,2256.669921875,2229.85009765625,2236.159912109375,444700,2213.51,2349.17,2563.79,46.0,39.28,
2022-10-25,2237.0400390625,2253.239990234375,2230.75,2235.070068359375,456700,2210.77,2343.8,2559.96,45.8,38.08,
2022-10-26,2240.699951171875,2258.110107421875,2234.489990234375,2249.56005859375,563300,2212.2,2339.18,2556.11,48.5,37.05,
2022-10-27,2266.070068359375,2290.56005859375,2262.02001953125,2288.780029296875,587700,2215.44,2334.48,2552.59,55.0,37.33,
2022-10-28,2276.72998046875,2292.64990234375,2266.43994140625,2268.39990234375,427100,2220.4,2329.29,2549.04,51.4,36.54,
2022-10-31,2293.75,2295.510009765625,2273.72998046875,2293.610107421875,401300,2226.53,2324.49,2545.56,55.3,35.86,
2022-11-01,2301.580078125,2335.570068359375,2297.570068359375,2335.219970703125,597100,2235.52,2320.86,2542.47,61.0,36.3,
2022-11-02,2326.050048828125,2346.320068359375,2323.3701171875,2336.8701171875,450200,2241.89,2317.44,2539.55,61.2,35.35,
2022-11-03,2297.449951171875,2342.860107421875,2296.43994140625,2329.169921875,550300,2247.59,2314.17,2536.42,59.6,36.14,
2022-11-04,2325.85009765625,2348.429931640625,2316.2900390625,2348.429931640625,436200,2253.12,2311.89,2533.53,62.2,35.85,
2022-11-07,2360.219970703125,2373.280029296875,2354.219970703125,2371.7900390625,392300,2260.07,2310.62,2530.75,65.2,35.07,
2022-11-08,2387.199951171875,2400.389892578125,2375.669921875,2399.0400390625,499800,2270.42,2309.65,2527.89,68.4,34.6,
2022-11-09,2408.5400390625,2429.64990234375,2403.639892578125,2424.409912109375,680500,2281.51,2308.59,2525.2,71.0,34.32,
2022-11-10,2405.77001953125,2426.10009765625,2401.989990234375,2402.22998046875,899000,2293.48,2307.02,2522.6,65.8,33.59,
2022-11-11,2466.89990234375,2486.4599609375,2463.510009765625,2483.159912109375,758000,2307.01,2308.14,2520.56,73.4,37.21,
2022-11-14,2485.179931640625,2499.429931640625,2470.60009765625,2474.64990234375,730900,2319.76,2308.61,2518.62,71.6,36.61,
2022-11-15,2482.760009765625,2485.199951171875,2463.64990234375,2480.330078125,617100,2331.28,2308.78,2516.81,72.1,35.53,
2022-11-16,2487.0,2487.0,2446.7900390625,2477.449951171875,657600,2343.28,2310.02,2514.88,71.4,35.87,
2022-11-17,2466.5,2467.389892578125,2442.89990234375,2442.89990234375,914400,2354.52,2310.69,2512.92,63.7,35.77,
2022-11-18,2448.1298828125,2471.8701171875,2442.8701171875,2444.47998046875,589500,2366.09,2311.5,2511.19,63.9,35.29,
2022-11-21,2446.050048828125,2448.139892578125,2409.360107421875,2419.5,544500,2375.25,2311.69,2509.68,58.6,35.54,
2022-11-22,2405.9599609375,2426.39990234375,2401.5,2405.27001953125,539200,2383.76,2312.27,2508.16,55.8,34.78,
2022-11-23,2424.360107421875,2427.280029296875,2407.580078125,2418.010009765625,474800,2392.18,2312.94,2507.18,57.8,33.87,
2022-11-24,2437.510009765625,2441.330078125,2428.1201171875,2441.330078125,481200,2399.81,2312.78,2506.07,61.2,33.11,
2022-11-25,2442.2099609375,2449.659912109375,2433.570068359375,2437.860107421875,438400,2408.29,2313.31,2504.72,60.4,31.9,
2022-11-28,2425.050048828125,2425.64990234375,2401.949951171875,2408.27001953125,350100,2414.02,2313.44,2503.01,54.1,32.18,
2022-11-29,2405.5400390625,2433.8701171875,2401.10009765625,2433.389892578125,550000,2418.93,2314.45,2501.45,58.1,32.23,
2022-11-30,2424.43994140625,2472.530029296875,2421.419921875,2472.530029296875,593900,2425.71,2316.79,2500.08,63.4,33.57,
2022-12-01,2501.429931640625,2501.429931640625,2474.330078125,2479.840087890625,491200,2433.24,2319.03,2498.64,64.4,33.24,
2022-12-02,2471.5,2471.5,2434.330078125,2434.330078125,468500,2437.54,2320.77,2496.95,55.1,34.12,
2022-12-05,2442.169921875,2442.219970703125,2413.050048828125,2419.320068359375,385200,2439.92,2322.51,2495.31,52.4,33.76,
2022-12-06,2397.699951171875,2416.8798828125,2390.199951171875,2393.159912109375,367800,2439.62,2324.57,2493.75,48.0,33.43,
2022-12-07,2385.8701171875,2394.8798828125,2377.97998046875,2382.81005859375,332100,2437.54,2327.81,2492.28,46.4,32.25,
2022-12-08,2386.89990234375,2387.949951171875,2357.199951171875,2371.080078125,351600,2435.98,2330.75,2490.49,44.5,32.14,
2022-12-09,2382.72998046875,2390.080078125,2367.25,2389.0400390625,315300,2431.28,2335.15,2488.71,48.0,31.48,
2022-12-12,2373.580078125,2381.8701171875,2368.469970703125,2373.02001953125,498900,2426.2,2339.19,2486.86,45.3,30.7,
2022-12-13,2385.050048828125,2388.27001953125,2364.8701171875,2372.39990234375,447100,2420.8,2343.53,2485.0,45.2,30.18,
2022-12-14,2380.81005859375,2400.179931640625,2379.43994140625,2399.25,409400,2416.89,2347.33,2483.46,50.6,30.01,
2022-12-15,2383.830078125,2392.110107421875,2360.949951171875,2360.969970703125,374300,2412.79,2350.24,2481.67,43.9,30.6,
2022-12-16,2329.75,2360.43994140625,2326.830078125,2360.02001953125,414200,2408.57,2352.68,2480.22,43.8,30.85,
2022-12-19,2350.780029296875,2358.760009765625,2342.280029296875,2352.169921875,323600,2405.2,2355.07,2478.6,42.4,29.92,
2022-12-20,2344.72998046875,2353.860107421875,2324.659912109375,2333.2900390625,358100,2401.6,2357.9,2476.77,39.3,29.86,
2022-12-21,2346.389892578125,2347.0,2325.780029296875,2328.949951171875,329400,2397.15,2360.43,2474.9,38.7,29.25,
2022-12-22,2340.0,2356.72998046875,2335.75,2356.72998046875,552800,2392.92,2364.3,2472.95,45.3,29.14,
2022-12-23,2325.860107421875,2333.080078125,2311.89990234375,2313.68994140625,367000,2386.71,2366.32,2470.95,38.4,30.26,
2022-12-26,2312.5400390625,2321.919921875,2304.199951171875,2317.139892578125,427600,2382.16,2368.27,2469.28,39.2,29.37,
2022-12-27,2327.52001953125,2335.989990234375,2321.47998046875,2332.7900390625,448300,2377.13,2369.93,2467.83,42.8,28.62,
2022-12-28,2296.449951171875,2296.449951171875,2276.89990234375,2280.449951171875,405700,2367.52,2370.79,2465.83,35.2,30.56,
2022-12-29,2265.72998046875,2272.669921875,2236.3798828125,2236.39990234375,361000,2355.35,2371.16,2463.71,30.3,31.53,
2023-01-02,2249.949951171875,2259.8798828125,2222.3701171875,2225.669921875,346100,2344.92,2371.41,2461.61,29.3,31.96,
2023-01-03,2230.97998046875,2230.97998046875,2180.669921875,2218.679931640625,410000,2334.89,2371.06,2459.59,28.6,33.27,
2023-01-04,2205.97998046875,2260.06005859375,2198.820068359375,2255.97998046875,412700,2328.03,2371.48,2457.58,37.2,35.26,
2023-01-05,2268.199951171875,2281.389892578125,2252.969970703125,2264.64990234375,430800,2322.12,2371.78,2455.43,39.1,34.78,
2023-01-06,2253.39990234375,2300.6201171875,2253.27001953125,2289.969970703125,398300,2318.06,2371.8,2453.34,44.3,35.67,
2023-01-09,2315.8701171875,2351.06005859375,2312.56005859375,2350.18994140625,341100,2316.12,2373.44,2451.66,54.2,37.49,
2023-01-10,2348.0400390625,2370.179931640625,2344.179931640625,2351.31005859375,359600,2315.03,2374.59,2449.87,54.4,36.67,
2023-01-11,2364.050048828125,2369.659912109375,2350.360107421875,2359.530029296875,368800,2314.39,2375.08,2447.99,55.6,35.43,
2023-01-12,2376.719970703125,2377.800048828125,2358.330078125,2365.10009765625,580100,2312.68,2375.64,2446.17,56.5,34.29,
2023-01-13,2377.340087890625,2397.010009765625,2375.780029296875,2386.090087890625,861700,2313.94,2376.78,2444.45,59.7,34.12,
2023-01-16,2390.06005859375,2410.219970703125,2387.610107421875,2399.860107421875,517800,2315.93,2377.81,2442.8,61.7,33.4,
2023-01-17,2400.919921875,2404.0,2374.64990234375,2379.389892578125,536000,2317.29,2377.96,2440.99,57.2,33.12,
2023-01-18,2380.360107421875,2383.0,2356.840087890625,2368.320068359375,536200,2319.04,2377.35,2439.1,54.8,32.62,
2023-01-19,2354.56005859375,2380.340087890625,2354.56005859375,2380.340087890625,369900,2321.61,2376.47,2437.21,56.9,32.13,
2023-01-20,2380.0,2395.969970703125,2372.570068359375,2395.260009765625,302300,2323.54,2376.33,2435.49,59.4,31.51,
2023-01-25,2426.580078125,2432.7099609375,2421.510009765625,2428.570068359375,549800,2329.28,2375.23,2433.84,64.3,31.93,
2023-01-26,2436.179931640625,2468.64990234375,2426.39990234375,2468.64990234375,486600,2336.86,2375.11,2432.39,69.2,32.67,
2023-01-27,2474.52001953125,2497.39990234375,2464.530029296875,2484.02001953125,509100,2344.42,2375.19,2431.14,70.8,32.68,
2023-01-30,2484.639892578125,2491.1298828125,2446.590087890625,2450.469970703125,475100,2352.92,2374.65,2429.91,62.9,33.53,
2023-01-31,2449.919921875,2457.47998046875,2423.3701171875,2425.080078125,616900,2362.36,2374.29,2428.53,57.7,33.57,
2023-02-01,2446.030029296875,2453.2900390625,2433.3701171875,2449.800048828125,666100,2373.56,2374.4,2427.32,61.1,33.19,
2023-02-02,2481.93994140625,2486.199951171875,2454.60009765625,2468.8798828125,692800,2386.07,2375.39,2426.33,63.5,33.42,
2023-02-03,2466.5400390625,2485.080078125,2460.2099609375,2480.39990234375,496600,2397.29,2376.89,2425.15,65.0,32.81,
2023-02-06,2461.820068359375,2469.419921875,2438.0400390625,2438.18994140625,566600,2405.97,2377.29,2423.75,56.3,33.49,
2023-02-07,2440.139892578125,2456.169921875,2432.39990234375,2451.7099609375,446600,2414.06,2377.5,2422.53,58.2,32.8,
2023-02-08,2469.419921875,2487.35009765625,2465.9599609375,2483.639892578125,414800,2420.73,2378.42,2421.48,62.4,33.0,
2023-02-09,2470.659912109375,2487.139892578125,2466.610107421875,2481.52001953125,609400,2427.24,2379.88,2420.3,62.0,32.11,
2023-02-10,2470.64990234375,2473.800048828125,2454.739990234375,2469.72998046875,656900,2432.75,2380.61,2419.05,59.4,31.73,
2023-02-13,2461.9599609375,2462.580078125,2440.860107421875,2452.699951171875,485500,2437.13,2380.21,2417.67,55.9,31.52,
2023-02-14,2471.330078125,2480.340087890625,2459.830078125,2465.639892578125,348800,2441.11,2379.93,2416.48,57.9,31.25,
2023-02-15,2473.090087890625,2473.43994140625,2424.159912109375,2427.89990234375,386500,2442.51,2379.8,2415.33,50.5,32.53,
2023-02-16,2444.06005859375,2475.989990234375,2442.070068359375,2475.47998046875,387600,2447.31,2380.92,2414.37,57.8,33.64,
2023-02-17,2447.659912109375,2471.510009765625,2445.739990234375,2451.2099609375,513600,2451.46,2382.08,2413.43,53.5,33.37,
2023-02-20,2453.25,2463.169921875,2430.27001953125,2455.1201171875,390000,2455.2,2383.53,2412.37,54.1,33.33,
2023-02-21,2457.510009765625,2466.070068359375,2446.0,2458.9599609375,494300,2458.38,2385.29,2411.19,54.7,32.39,
2023-02-22,2430.8701171875,2435.97998046875,2416.159912109375,2417.679931640625,426700,2457.84,2385.86,2409.84,47.3,33.13,
2023-02-23,2430.010009765625,2449.6201171875,2422.6201171875,2439.090087890625,400300,2456.36,2387.18,2408.63,51.0,33.04,
2023-02-24,2442.489990234375,2452.969970703125,2421.469970703125,2423.610107421875,369200,2453.34,2388.2,2407.36,48.4,32.93,
2023-02-27,2405.419921875,2405.56005859375,2383.760009765625,2402.639892578125,356700,2450.95,2388.27,2406.15,45.0,33.43,
2023-02-28,2417.580078125,2431.669921875,2407.2900390625,2412.85009765625,529200,2450.34,2389.31,2405.23,46.9,33.11,
2023-03-02,2414.610107421875,2440.590087890625,2411.85009765625,2427.85009765625,427900,2449.24,2390.67,2404.41,49.8,32.8,
2023-03-03,2438.72998046875,2442.10009765625,2423.080078125,2432.070068359375,371500,2447.4,2392.26,2403.82,50.6,31.82,
2023-03-06,2452.4599609375,2464.449951171875,2441.070068359375,2462.6201171875,417900,2446.51,2394.85,2403.11,56.0,31.86,
2023-03-07,2457.0400390625,2475.72998046875,2455.64990234375,2463.35009765625,449800,2447.77,2397.54,2402.45,56.1,31.02,
2023-03-08,2435.580078125,2442.610107421875,2426.52001953125,2431.909912109375,437300,2446.78,2399.04,2401.5,49.6,31.43,
2023-03-09,2440.7900390625,2444.199951171875,2416.25,2419.090087890625,473500,2443.55,2401.15,2400.47,47.2,31.18,
2023-03-10,2389.820068359375,2400.8701171875,2383.18994140625,2394.590087890625,412900,2439.2,2402.7,2399.48,42.9,31.52,
2023-03-13,2400.449951171875,2413.239990234375,2369.7900390625,2410.60009765625,380400,2436.25,2404.26,2398.34,46.4,32.37,
2023-03-14,2390.360107421875,2390.780029296875,2348.18994140625,2348.969970703125,484800,2431.06,2405.63,2396.85,37.1,34.52,
2023-03-15,2380.090087890625,2395.360107421875,2370.77001953125,2379.719970703125,443500,2426.77,2408.49,2395.72,43.2,35.37,
2023-03-16,2357.97998046875,2382.7900390625,2346.110107421875,2377.909912109375,317300,2424.27,2411.54,2394.52,42.9,35.46,
2023-03-17,2403.699951171875,2405.35009765625,2382.800048828125,2395.68994140625,363400,2420.28,2415.08,2393.43,46.4,34.89,
2023-03-20,2391.8701171875,2405.989990234375,2378.699951171875,2379.199951171875,344700,2416.68,2417.54,2392.14,43.8,34.34,
2023-03-21,2396.5400390625,2399.52001953125,2383.169921875,2388.35009765625,354700,2413.34,2420.02,2390.73,45.6,33.34,
2023-03-22,2411.25,2417.469970703125,2402.780029296875,2416.9599609375,500900,2411.24,2422.56,2389.39,51.0,33.04,
2023-03-23,2398.27001953125,2424.47998046875,2397.909912109375,2424.47998046875,567400,2411.58,2424.04,2388.22,52.4,32.58,
2023-03-24,2421.27001953125,2423.760009765625,2399.489990234375,2414.9599609375,470100,2410.37,2425.32,2386.94,50.5,32.04,
2023-03-27,2423.93994140625,2423.93994140625,2395.969970703125,2409.219970703125,472200,2409.65,2426.31,2385.85,49.3,31.75,
2023-03-28,2418.68994140625,2434.93994140625,2415.340087890625,2434.93994140625,523500,2411.27,2427.71,2384.9,54.4,31.32,
2023-03-29,2432.6298828125,2443.949951171875,2428.610107421875,2443.919921875,496600,2412.82,2428.86,2383.99,56.0,30.17,
2023-03-30,2452.969970703125,2462.699951171875,2439.429931640625,2453.159912109375,621300,2414.09,2429.93,2383.28,57.7,29.68,
2023-03-31,2459.93994140625,2481.239990234375,2456.5400390625,2476.860107421875,721300,2416.32,2431.88,2383.14,61.8,29.57,
2023-04-03,2485.81005859375,2485.81005859375,2467.590087890625,2472.340087890625,807400,2416.81,2433.96,2383.03,60.6,28.76,
2023-04-04,2475.8701171875,2489.7099609375,2472.7900390625,2480.510009765625,830500,2417.67,2435.96,2383.2,62.0,27.94,
2023-04-05,2482.610107421875,2497.610107421875,2478.669921875,2495.2099609375,630400,2420.83,2437.96,2383.42,64.5,27.3,
2023-04-06,2488.0,2488.0,2458.5,2459.22998046875,749100,2422.84,2438.57,2383.51,55.0,27.97,
2023-04-07,2478.639892578125,2493.06005859375,2473.889892578125,2490.409912109375,584000,2427.63,2439.01,2384.01,60.4,28.39,
2023-04-10,2491.679931640625,2519.989990234375,2490.169921875,2512.080078125,716200,2432.71,2439.57,2384.52,63.7,28.49,
2023-04-11,2523.330078125,2550.969970703125,2514.419921875,2547.860107421875,766800,2442.65,2441.52,2385.55,68.4,29.24,
2023-04-12,2546.360107421875,2561.3701171875,2536.22998046875,2550.639892578125,899800,2451.2,2444.03,2386.73,68.7,28.94,
2023-04-13,2534.7099609375,2561.659912109375,2531.070068359375,2561.659912109375,840300,2460.38,2446.27,2387.7,70.1,29.06,
2023-04-14,2580.10009765625,2581.739990234375,2560.530029296875,2571.489990234375,890500,2469.17,2448.32,2388.55,71.3,28.5,
2023-04-17,2570.300048828125,2577.080078125,2561.139892578125,2575.909912109375,774600,2479.01,2450.23,2389.32,71.8,27.6,
2023-04-18,2582.22998046875,2582.22998046875,2557.18994140625,2571.090087890625,895200,2488.15,2452.89,2390.29,70.3,27.42,
2023-04-19,2570.06005859375,2582.110107421875,2568.4599609375,2575.080078125,956000,2496.05,2455.35,2391.5,70.8,26.44,
2023-04-20,2566.06005859375,2573.93994140625,2552.06005859375,2563.110107421875,950400,2502.98,2456.94,2392.79,66.7,26.19,
2023-04-21,2556.699951171875,2559.43994140625,2532.320068359375,2544.39990234375,969000,2509.46,2458.2,2394.01,60.7,26.52,
2023-04-24,2538.360107421875,2541.889892578125,2518.72998046875,2523.5,925900,2515.17,2459.28,2394.92,54.9,26.46,
2023-04-25,2531.35009765625,2531.35009765625,2472.330078125,2489.02001953125,885200,2517.87,2460.0,2395.9,46.8,28.79,
2023-04-26,2489.489990234375,2498.56005859375,2481.3798828125,2484.830078125,1088100,2519.92,2460.39,2396.65,45.9,27.96,
2023-04-27,2484.31005859375,2499.010009765625,2465.830078125,2495.81005859375,732600,2522.05,2461.74,2397.38,48.6,28.33,
2023-04-28,2511.7900390625,2517.1298828125,2489.580078125,2501.530029296875,776400,2523.29,2462.27,2398.19,50.1,28.27,
2023-05-02,2504.010009765625,2524.419921875,2503.2099609375,2524.389892578125,700300,2525.89,2463.73,2399.22,55.4,27.89,
2023-05-03,2510.18994140625,2514.3701171875,2497.830078125,2501.39990234375,887300,2526.93,2464.66,2400.08,49.7,27.79,
2023-05-04,2494.820068359375,2502.139892578125,2486.090087890625,2500.93994140625,809100,2527.22,2465.49,2400.98,49.5,26.96,
2023-05-08,2518.530029296875,2525.840087890625,2511.1298828125,2513.2099609375,653900,2529.92,2467.41,2401.89,52.6,26.81,
2023-05-09,2512.340087890625,2514.81005859375,2495.6298828125,2510.06005859375,750500,2530.9,2468.82,2402.56,51.7,26.26,
2023-05-10,2505.9599609375,2510.1298828125,2488.419921875,2496.510009765625,634400,2530.12,2470.28,2403.19,48.1,25.94,
2023-05-11,2505.570068359375,2513.820068359375,2490.080078125,2491.0,646300,2527.28,2472.05,2403.71,46.7,25.78,
2023-05-12,2487.35009765625,2487.35009765625,2472.449951171875,2475.419921875,797200,2523.52,2473.3,2404.04,42.8,25.26,
2023-05-15,2469.800048828125,2479.35009765625,2455.989990234375,2479.35009765625,483300,2519.4,2474.33,2404.47,44.0,25.13,
2023-05-16,2494.39990234375,2498.5400390625,2474.89990234375,2480.239990234375,627900,2514.84,2475.29,2404.86,44.3,25.02,
2023-05-17,2479.64990234375,2498.3701171875,2475.02001953125,2494.659912109375,563300,2510.78,2475.94,2405.26,49.1,24.9,
2023-05-18,2511.090087890625,2515.39990234375,2500.010009765625,2515.39990234375,571500,2507.99,2476.98,2405.76,55.1,24.61,
2023-05-19,2530.830078125,2538.31005859375,2524.889892578125,2537.7900390625,569300,2506.13,2479.09,2406.28,60.4,24.48,
2023-05-22,2540.030029296875,2564.090087890625,2533.5,2557.080078125,590500,2505.83,2481.85,2406.8,64.4,24.92,
2023-05-23,2565.800048828125,2577.320068359375,2561.10009765625,2567.550048828125,573800,2506.98,2485.31,2407.38,66.4,24.59,
2023-05-24,2557.110107421875,2572.2099609375,2555.0400390625,2567.449951171875,1071600,2509.18,2488.45,2408.02,66.3,24.06,
2023-05-25,2570.639892578125,2575.050048828125,2551.489990234375,2554.68994140625,916700,2512.47,2492.56,2408.49,61.5,24.02,
2023-05-26,2561.93994140625,2567.5,2553.7900390625,2558.81005859375,631800,2516.16,2496.15,2408.91,62.5,23.28,
2023-05-30,2582.409912109375,2586.219970703125,2574.820068359375,2585.52001953125,638500,2520.65,2500.3,2409.39,68.0,23.58,
2023-05-31,2586.030029296875,2596.31005859375,2575.97998046875,2577.1201171875,683900,2524.43,2503.93,2409.81,64.7,23.35,
2023-06-01,2572.56005859375,2580.14990234375,2565.0,2569.169921875,674200,2526.67,2507.73,2410.14,61.8,22.76,
2023-06-02,2586.27001953125,2601.3798828125,2583.8798828125,2601.360107421875,566500,2531.67,2511.99,2410.74,68.1,23.44,
2023-06-05,2617.429931640625,2618.6201171875,2608.010009765625,2615.409912109375,542700,2537.39,2515.96,2411.2,70.5,23.0,
2023-06-07,2623.4599609375,2629.919921875,2613.679931640625,2615.60009765625,535300,2542.51,2519.78,2411.64,70.5,22.51,
2023-06-08,2609.2099609375,2612.389892578125,2595.330078125,2610.85009765625,578700,2547.55,2523.7,2412.02,68.5,22.35,
2023-06-09,2624.14990234375,2644.699951171875,2618.449951171875,2641.159912109375,581500,2554.78,2528.33,2412.65,73.6,23.17,
2023-06-12,2647.489990234375,2650.449951171875,2623.429931640625,2629.35009765625,554300,2561.7,2532.22,2413.25,68.9,23.45,
2023-06-13,2644.429931640625,2645.6201171875,2633.52001953125,2637.949951171875,692500,2569.83,2536.1,2413.98,70.4,22.94,
2023-06-14,2640.81005859375,2642.860107421875,2614.25,2619.080078125,648800,2576.81,2539.42,2414.76,63.4,23.34,
2023-06-15,2629.239990234375,2634.219970703125,2602.52001953125,2608.5400390625,579000,2583.23,2542.06,2415.63,59.8,23.94,
2023-06-16,2623.570068359375,2625.7900390625,2612.2099609375,2625.7900390625,668400,2589.78,2545.12,2416.52,63.4,23.46,
2023-06-19,2618.06005859375,2619.43994140625,2600.489990234375,2609.5,708800,2594.49,2547.7,2417.18,58.1,23.59,
2023-06-20,2602.830078125,2610.030029296875,2596.820068359375,2604.909912109375,715800,2597.84,2549.9,2417.8,56.6,22.85,
2023-06-21,2599.18994140625,2600.969970703125,2579.52001953125,2582.6298828125,655400,2599.12,2552.37,2418.58,50.1,23.03,
2023-06-22,2575.64990234375,2597.760009765625,2575.64990234375,2593.699951171875,610200,2600.43,2554.43,2419.29,53.0,22.97,
2023-06-23,2599.0400390625,2600.81005859375,2568.070068359375,2570.10009765625,526500,2600.56,2555.59,2419.78,46.7,23.66,
2023-06-26,2568.64990234375,2585.31005859375,2562.030029296875,2582.199951171875,479200,2601.94,2556.28,2420.62,50.0,23.64,
2023-06-27,2581.02001953125,2582.0,2568.52001953125,2581.389892578125,535400,2603.07,2556.89,2421.48,49.8,22.93,
2023-06-28,2590.52001953125,2590.52001953125,2559.4599609375,2564.18994140625,484200,2602.0,2556.94,2422.28,45.2,23.51,
2023-06-29,2564.02001953125,2577.68994140625,2550.02001953125,2550.02001953125,602500,2600.64,2556.52,2422.98,41.8,23.8,
2023-06-30,2558.429931640625,2571.030029296875,2541.719970703125,2564.280029296875,508800,2600.4,2556.28,2423.92,46.2,24.2,
2023-07-03,2580.889892578125,2604.6298828125,2580.489990234375,2602.469970703125,615500,2600.46,2556.91,2425.01,55.8,25.35,
2023-07-04,2604.719970703125,2607.659912109375,2591.860107421875,2593.31005859375,673100,2599.35,2557.28,2425.73,53.3,24.67,
2023-07-05,2593.469970703125,2601.989990234375,2578.659912109375,2579.0,599400,2597.52,2557.59,2426.57,49.7,24.57,
2023-07-06,2574.75,2575.449951171875,2550.669921875,2556.2900390625,530800,2594.79,2557.83,2427.34,44.4,24.84,
2023-07-07,2547.409912109375,2547.409912109375,2515.070068359375,2526.7099609375,612100,2589.07,2557.89,2428.06,38.7,26.01,
2023-07-10,2528.080078125,2539.6298828125,2517.669921875,2520.699951171875,560600,2583.64,2558.53,2428.88,37.6,25.72,
2023-07-11,2538.840087890625,2562.489990234375,2534.47998046875,2562.489990234375,592400,2579.86,2560.08,2429.86,48.3,26.87,
2023-07-12,2557.610107421875,2574.72998046875,2554.260009765625,2574.719970703125,695500,2577.65,2561.66,2430.99,50.9,26.41,
2023-07-13,2589.889892578125,2602.2099609375,2587.75,2591.22998046875,584300,2576.78,2563.45,2432.29,54.3,26.49,
2023-07-14,2607.469970703125,2628.300048828125,2603.360107421875,2628.300048828125,568100,2576.91,2565.53,2433.98,60.8,27.25,
2023-07-17,2617.669921875,2627.1201171875,2611.550048828125,2619.0,548800,2577.38,2567.88,2435.97,58.5,26.5,
2023-07-18,2624.590087890625,2626.889892578125,2600.669921875,2607.6201171875,491100,2577.52,2570.02,2437.89,55.8,26.48,
2023-07-19,2622.239990234375,2622.5400390625,2598.52001953125,2608.239990234375,434900,2578.8,2571.92,2440.08,55.9,26.3,
2023-07-20,2595.3798828125,2611.340087890625,2589.2900390625,2600.22998046875,369700,2579.12,2573.72,2442.23,53.9,26.0,
2023-07-21,2581.06005859375,2609.760009765625,2570.580078125,2609.760009765625,499300,2581.11,2575.99,2444.5,56.0,26.94,
2023-07-24,2608.469970703125,2636.06005859375,2595.2099609375,2628.530029296875,525900,2583.42,2578.74,2446.6,59.8,27.93,
2023-07-25,2643.35009765625,2646.7099609375,2621.60009765625,2636.4599609375,721500,2586.18,2581.96,2448.7,61.3,27.73,
2023-07-26,2638.760009765625,2639.2099609375,2580.97998046875,2592.360107421875,830100,2587.59,2584.22,2450.48,49.9,29.91,
2023-07-27,2599.820068359375,2617.610107421875,2586.360107421875,2603.81005859375,591900,2590.28,2586.69,2452.33,52.4,30.0,
2023-07-28,2593.669921875,2609.5400390625,2586.330078125,2608.320068359375,497300,2592.48,2588.96,2454.41,53.4,29.52,
2023-07-31,2628.8701171875,2639.449951171875,2622.2099609375,2632.580078125,454200,2593.98,2591.31,2456.56,58.3,29.63,
2023-08-01,2644.340087890625,2668.2099609375,2639.10009765625,2667.070068359375,493600,2597.67,2593.89,2459.08,64.1,30.06,
2023-08-02,2651.530029296875,2660.89990234375,2611.77001953125,2616.469970703125,704700,2599.54,2595.08,2461.1,52.6,31.87,
2023-08-03,2624.760009765625,2625.449951171875,2591.300048828125,2605.389892578125,789400,2602.0,2595.84,2463.03,50.4,32.03,
2023-08-04,2606.169921875,2612.300048828125,2598.3798828125,2602.800048828125,645800,2605.8,2596.54,2464.8,49.9,30.74,
2023-08-07,2591.580078125,2607.360107421875,2580.7099609375,2580.7099609375,504100,2608.8,2597.06,2466.51,45.6,30.44,
2023-08-08,2598.2900390625,2601.409912109375,2568.14990234375,2573.97998046875,637000,2609.38,2597.37,2468.29,44.4,30.64,
2023-08-09,2580.60009765625,2608.97998046875,2576.2099609375,2605.1201171875,466000,2610.9,2597.76,2470.25,51.0,30.96,
2023-08-10,2592.39990234375,2601.56005859375,2590.02001953125,2601.56005859375,566500,2611.42,2598.25,2472.08,50.3,29.82,
2023-08-11,2611.25,2616.840087890625,2589.93994140625,2591.260009765625,672200,2609.56,2598.69,2473.86,48.1,29.61,
2023-08-14,2586.510009765625,2592.909912109375,2561.8798828125,2570.8701171875,622800,2607.16,2598.08,2475.47,44.0,29.72,
2023-08-16,2550.1298828125,2550.530029296875,2520.8701171875,2525.639892578125,683200,2603.06,2596.28,2476.65,36.6,31.16,
2023-08-17,2512.919921875,2520.56005859375,2482.06005859375,2519.85009765625,733900,2598.64,2594.37,2477.91,35.8,32.05,
2023-08-18,2495.179931640625,2519.60009765625,2489.6298828125,2504.5,556400,2593.85,2592.24,2478.96,33.6,31.92,
2023-08-21,2511.699951171875,2524.409912109375,2505.590087890625,2508.800048828125,398600,2588.8,2589.6,2479.83,34.8,31.06,
2023-08-22,2528.389892578125,2533.429931640625,2509.530029296875,2515.739990234375,471000,2583.16,2587.32,2480.72,36.8,30.6,
2023-08-23,2510.0,2517.510009765625,2499.889892578125,2505.5,546200,2576.62,2584.67,2481.61,35.1,29.68,
2023-08-24,2531.780029296875,2539.43994140625,2520.72998046875,2537.679931640625,440300,2573.88,2583.05,2482.55,43.9,29.98,
2023-08-25,2505.389892578125,2526.3701171875,2502.050048828125,2519.139892578125,576400,2569.65,2581.26,2483.29,40.5,30.38,
2023-08-28,2519.139892578125,2543.409912109375,2519.139892578125,2543.409912109375,483000,2566.4,2579.61,2484.01,46.3,29.95,
2023-08-29,2550.760009765625,2556.97998046875,2545.27001953125,2552.159912109375,440700,2562.38,2578.46,2484.65,48.3,28.78,
2023-08-30,2575.419921875,2578.6201171875,2561.219970703125,2561.219970703125,363000,2557.09,2577.59,2485.44,50.3,28.61,
2023-08-31,2564.449951171875,2568.06005859375,2547.719970703125,2556.27001953125,471900,2554.08,2577.06,2485.81,49.2,28.02,
2023-09-01,2551.929931640625,2568.419921875,2551.0400390625,2563.7099609375,492400,2552.0,2576.46,2486.25,51.0,27.26,
2023-09-04,2566.929931640625,2584.550048828125,2560.320068359375,2584.550048828125,342100,2551.08,2576.75,2486.78,55.7,27.04,
2023-09-05,2578.909912109375,2586.64990234375,2575.18994140625,2582.179931640625,383400,2551.16,2576.75,2487.3,55.0,25.93,
2023-09-06,2577.409912109375,2585.97998046875,2560.090087890625,2563.340087890625,421500,2550.62,2576.39,2487.9,50.0,25.93,
2023-09-07,2554.8701171875,2562.419921875,2539.239990234375,2548.260009765625,376600,2547.78,2576.07,2488.42,46.4,25.8,
2023-09-08,2546.070068359375,2550.9599609375,2530.050048828125,2547.679931640625,395800,2545.09,2576.03,2489.06,46.3,25.45,
2023-09-11,2549.8798828125,2556.889892578125,2540.43994140625,2556.8798828125,410300,2543.37,2575.88,2489.82,48.9,24.81,
2023-09-12,2566.419921875,2568.550048828125,2535.14990234375,2536.580078125,358700,2541.65,2574.56,2490.41,43.8,25.42,
2023-09-13,2536.219970703125,2549.3798828125,2528.179931640625,2534.699951171875,417000,2542.11,2573.39,2490.88,43.4,25.12,
2023-09-14,2544.889892578125,2572.889892578125,2541.110107421875,2572.889892578125,411800,2544.76,2573.27,2491.55,53.7,26.05,
2023-09-15,2574.97998046875,2611.0,2572.3701171875,2601.280029296875,441100,2549.6,2574.16,2492.52,59.6,26.95,
2023-09-18,2588.68994140625,2596.550048828125,2573.260009765625,2574.719970703125,415900,2552.89,2575.13,2493.23,52.8,27.03,
2023-09-19,2579.360107421875,2583.25,2555.4599609375,2559.2099609375,461800,2555.07,2575.9,2493.66,49.3,27.08,
2023-09-20,2556.550048828125,2566.6201171875,2551.1201171875,2559.739990234375,414700,2557.78,2575.84,2494.06,49.4,26.25,
2023-09-21,2544.81005859375,2549.6298828125,2514.9599609375,2514.969970703125,394700,2556.64,2574.65,2494.46,40.4,27.58,
2023-09-22,2491.449951171875,2513.260009765625,2486.139892578125,2508.1298828125,433200,2556.09,2572.98,2494.91,39.2,27.67,
2023-09-25,2504.10009765625,2509.3798828125,2486.43994140625,2495.760009765625,438600,2553.71,2570.33,2495.42,37.1,27.33,
2023-09-26,2493.639892578125,2495.0,2461.590087890625,2462.969970703125,427500,2549.25,2567.21,2495.82,32.2,27.82,
2023-09-27,2447.989990234375,2469.719970703125,2445.510009765625,2465.070068359375,366200,2544.44,2564.36,2496.29,32.8,27.56,
2023-10-04,2435.780029296875,2435.780029296875,2402.840087890625,2405.68994140625,424900,2536.92,2560.31,2496.37,25.7,30.04,
2023-10-05,2423.35009765625,2426.610107421875,2402.5,2403.60009765625,451700,2528.91,2556.38,2496.53,25.5,29.61,
2023-10-06,2408.81005859375,2421.179931640625,2403.919921875,2408.72998046875,289400,2520.12,2552.36,2496.71,27.1,28.75,
2023-10-10,2436.580078125,2448.239990234375,2402.43994140625,2402.580078125,415500,2511.14,2547.84,2496.72,26.3,29.97,
2023-10-11,2436.52001953125,2463.56005859375,2436.52001953125,2450.080078125,446900,2505.48,2544.11,2497.17,39.6,32.19,
2023-10-12,2465.18994140625,2479.820068359375,2464.840087890625,2479.820068359375,515500,2502.05,2541.86,2497.77,46.2,32.01,
2023-10-13,2460.85009765625,2466.6201171875,2452.830078125,2456.14990234375,582400,2497.48,2538.91,2498.29,42.3,31.65,
2023-10-16,2442.429931640625,2453.77001953125,2422.52001953125,2436.239990234375,788400,2491.45,2535.46,2498.8,39.2,31.79,
2023-10-17,2454.139892578125,2466.8701171875,2449.419921875,2460.169921875,508800,2487.62,2532.02,2499.46,44.4,31.71,
2023-10-18,2452.050048828125,2465.330078125,2450.780029296875,2462.60009765625,911500,2484.02,2527.93,2499.99,44.9,30.49,
2023-10-19,2431.919921875,2433.449951171875,2412.550048828125,2415.800048828125,756900,2476.17,2523.91,2500.5,37.7,31.88,
2023-10-20,2391.5400390625,2394.669921875,2364.010009765625,2375.0,520600,2464.85,2519.31,2500.79,32.8,33.3,
2023-10-23,2370.070068359375,2375.7900390625,2354.699951171875,2357.02001953125,395900,2453.97,2514.39,2500.91,30.9,32.43,
2023-10-24,2371.550048828125,2384.139892578125,2326.669921875,2383.510009765625,444200,2445.18,2510.45,2501.43,36.7,34.22,
2023-10-25,2389.22998046875,2389.89990234375,2362.68994140625,2363.169921875,440800,2435.35,2506.23,2502.06,34.3,33.72,
2023-10-26,2325.820068359375,2330.550048828125,2299.080078125,2299.080078125,531100,2424.56,2500.11,2502.43,28.1,35.89,
2023-10-27,2311.590087890625,2321.840087890625,2293.050048828125,2302.81005859375,514900,2414.29,2494.13,2502.85,28.9,35.38,
2023-10-30,2292.340087890625,2317.75,2292.340087890625,2310.550048828125,444800,2405.03,2488.52,2503.12,30.6,34.67,
2023-10-31,2318.389892578125,2322.449951171875,2273.969970703125,2277.989990234375,395000,2395.78,2482.66,2503.19,27.6,35.66,
2023-11-01,2292.889892578125,2312.14990234375,2288.639892578125,2301.56005859375,358200,2387.61,2478.18,2503.24,32.8,35.55,
2023-11-02,2334.9599609375,2351.909912109375,2333.409912109375,2343.1201171875,377500,2384.48,2474.65,2503.21,40.9,36.61,
2023-11-03,2365.590087890625,2370.280029296875,2351.830078125,2368.340087890625,578700,2382.72,2471.92,2503.29,45.3,35.93,
2023-11-06,2399.800048828125,2502.3701171875,2395.030029296875,2502.3701171875,528600,2387.4,2471.79,2504.01,61.4,42.94,
2023-11-07,2476.35009765625,2476.35009765625,2418.739990234375,2443.9599609375,457700,2389.47,2470.36,2504.4,54.0,45.85,
2023-11-08,2460.219970703125,2468.429931640625,2418.139892578125,2421.6201171875,467200,2388.04,2468.68,2504.58,51.4,46.16,
2023-11-09,2425.929931640625,2437.89990234375,2413.0400390625,2427.080078125,395000,2385.41,2466.47,2504.72,52.0,44.64,
2023-11-10,2406.39990234375,2413.6201171875,2393.639892578125,2409.659912109375,312500,2383.08,2464.28,2504.87,49.9,43.84,
2023-11-13,2431.239990234375,2435.320068359375,2399.0400390625,2403.760009765625,307100,2381.46,2461.49,2505.04,49.1,43.3,
2023-11-14,2424.929931640625,2442.3701171875,2422.969970703125,2433.25,307000,2380.11,2459.11,2505.31,52.9,42.97,
2023-11-15,2482.2099609375,2487.419921875,2468.429931640625,2486.669921875,419800,2381.32,2457.62,2505.77,58.8,43.77,
2023-11-16,2483.47998046875,2491.97998046875,2472.68994140625,2488.179931640625,407400,2384.94,2456.26,2506.06,58.9,42.02,
2023-11-17,2477.429931640625,2481.10009765625,2463.590087890625,2469.85009765625,388200,2389.68,2454.38,2506.07,56.1,40.77,
2023-11-20,2464.719970703125,2499.75,2464.0400390625,2491.199951171875,323800,2396.39,2452.51,2506.11,58.6,40.41,
2023-11-21,2504.699951171875,2517.739990234375,2500.909912109375,2510.419921875,345100,2402.73,2451.08,2506.41,60.7,39.42,
2023-11-22,2493.169921875,2516.719970703125,2490.429931640625,2511.699951171875,439500,2410.16,2450.04,2506.84,60.9,38.48,
2023-11-23,2515.830078125,2522.199951171875,2507.300048828125,2514.9599609375,360900,2420.95,2449.38,2507.17,61.2,36.8,
2023-11-24,2517.8798828125,2521.56005859375,2496.6298828125,2496.6298828125,359400,2430.64,2448.36,2507.3,57.8,35.95,
2023-11-27,2501.830078125,2511.3701171875,2489.179931640625,2495.659912109375,364700,2439.9,2447.13,2507.38,57.6,34.97,
2023-11-28,2506.139892578125,2522.449951171875,2502.260009765625,2521.760009765625,442400,2452.09,2446.84,2507.8,61.2,34.38,
2023-11-29,2518.800048828125,2523.97998046875,2501.43994140625,2519.81005859375,579300,2463.0,2446.54,2508.14,60.8,33.54,
2023-11-30,2512.110107421875,2535.2900390625,2507.800048828125,2535.2900390625,664300,2472.61,2445.79,2508.4,63.0,33.11,
2023-12-01,2520.489990234375,2520.489990234375,2504.06005859375,2505.010009765625,516600,2479.44,2443.86,2508.51,56.4,32.97,
2023-12-04,2522.219970703125,2525.6298828125,2510.52001953125,2514.949951171875,498900,2480.07,2442.67,2508.74,57.9,32.09,
2023-12-05,2507.449951171875,2509.739990234375,2492.550048828125,2494.280029296875,427100,2482.59,2441.37,2508.95,53.7,31.4,
2023-12-06,2503.570068359375,2509.669921875,2495.3798828125,2495.3798828125,391000,2486.27,2440.08,2509.1,53.9,30.25,
2023-12-07,2493.139892578125,2499.72998046875,2481.0,2492.070068359375,446900,2489.52,2439.62,2509.42,53.1,29.43,
2023-12-08,2510.239990234375,2521.580078125,2507.139892578125,2517.85009765625,431800,2494.93,2439.82,2509.63,57.9,29.44,
2023-12-11,2524.7900390625,2528.889892578125,2512.449951171875,2525.360107421875,435000,2501.01,2440.41,2510.0,59.2,28.51,
2023-12-12,2535.110107421875,2543.06005859375,2529.739990234375,2535.27001953125,378000,2506.11,2441.85,2510.4,60.9,27.74,
2023-12-13,2531.22998046875,2531.22998046875,2509.889892578125,2510.659912109375,377900,2507.31,2442.77,2510.66,54.7,27.57,
2023-12-14,2547.739990234375,2549.64990234375,2532.159912109375,2544.179931640625,530100,2510.11,2445.54,2511.29,60.6,28.38,
2023-12-15,2558.43994140625,2574.22998046875,2555.300048828125,2563.56005859375,465300,2514.8,2448.73,2511.91,63.5,28.5,
2023-12-18,2568.77001953125,2573.1298828125,2556.050048828125,2566.860107421875,383000,2518.58,2451.9,2512.63,64.0,27.69,
2023-12-19,2564.81005859375,2570.06005859375,2556.52001953125,2568.550048828125,392500,2521.49,2455.22,2513.46,64.3,26.68,
2023-12-20,2586.989990234375,2615.3798828125,2584.85009765625,2614.300048828125,570400,2526.62,2458.5,2514.47,70.6,28.12,
2023-12-21,2598.3701171875,2610.81005859375,2587.159912109375,2600.02001953125,578300,2530.87,2460.9,2515.33,66.6,28.05,
2023-12-22,2617.719970703125,2621.3701171875,2599.510009765625,2599.510009765625,466000,2536.02,2463.77,2516.17,66.5,27.6,
2023-12-26,2609.43994140625,2612.139892578125,2594.64990234375,2602.590087890625,439500,2541.36,2467.1,2516.87,67.0,26.88,
2023-12-27,2599.35009765625,2613.5,2590.080078125,2613.5,349700,2545.95,2470.17,2517.62,68.6,26.63,
2023-12-28,2616.27001953125,2655.280029296875,2611.719970703125,2655.280029296875,460100,2552.72,2474.02,2518.73,74.0,27.84,
2024-01-02,2645.469970703125,2675.800048828125,2641.8798828125,2669.81005859375,409900,2559.45,2479.1,2519.99,75.5,28.28,
2024-01-03,2643.5400390625,2643.719970703125,2607.31005859375,2607.31005859375,463100,2564.56,2483.75,2521.05,59.1,30.72,
2024-01-04,2592.43994140625,2602.639892578125,2580.090087890625,2587.02001953125,770200,2568.17,2488.35,2521.93,54.9,30.47,
2024-01-05,2586.889892578125,2592.2900390625,2572.60009765625,2578.080078125,520500,2572.36,2492.24,2523.08,53.1,29.7,
2024-01-08,2584.22998046875,2591.679931640625,2566.340087890625,2567.820068359375,320100,2575.98,2496.33,2524.02,51.0,29.39,
2024-01-09,2598.31005859375,2599.3701171875,2556.0,2561.239990234375,790300,2579.44,2501.57,2524.94,49.7,30.39,
2024-01-10,2563.969970703125,2568.18994140625,2539.820068359375,2541.97998046875,570000,2580.65,2506.36,2525.67,46.0,30.24,
2024-01-11,2543.030029296875,2557.300048828125,2540.27001953125,2540.27001953125,788400,2581.39,2510.95,2526.47,45.6,29.3,
2024-01-12,2536.550048828125,2543.830078125,2517.760009765625,2525.050048828125,790200,2580.88,2515.89,2527.16,42.7,29.07,
2024-01-15,2525.68994140625,2536.06005859375,2515.840087890625,2525.989990234375,800000,2581.65,2520.38,2527.7,42.9,28.44,
2024-01-16,2516.27001953125,2524.35009765625,2491.1298828125,2497.590087890625,659600,2579.32,2523.47,2528.07,37.7,28.9,
2024-01-17,2501.22998046875,2503.909912109375,2435.340087890625,2435.89990234375,965600,2572.93,2524.82,2528.17,29.3,31.73,
2024-01-18,2439.9599609375,2453.969970703125,2429.1201171875,2440.0400390625,570000,2566.59,2523.57,2528.32,30.4,31.24,
2024-01-19,2468.429931640625,2479.0,2455.5,2472.739990234375,518800,2561.8,2524.15,2528.51,38.7,31.79,
2024-01-22,2489.570068359375,2490.68994140625,2464.35009765625,2464.35009765625,386600,2554.3,2525.01,2528.62,37.5,31.4,
2024-01-23,2478.320068359375,2482.840087890625,2464.239990234375,2478.610107421875,472300,2548.23,2526.04,2528.74,40.9,30.49,
2024-01-24,2476.219970703125,2476.219970703125,2454.340087890625,2469.68994140625,395500,2541.74,2527.24,2528.71,39.4,30.04,
2024-01-25,2467.72998046875,2474.010009765625,2452.360107421875,2470.340087890625,357200,2535.13,2528.57,2528.7,39.6,29.44,
2024-01-26,2458.050048828125,2502.610107421875,2453.449951171875,2478.56005859375,292700,2528.38,2529.47,2528.69,41.8,30.85,
2024-01-29,2490.929931640625,2516.919921875,2483.81005859375,2500.64990234375,421800,2520.65,2529.75,2528.71,47.4,31.39,
2024-01-30,2523.679931640625,2528.5400390625,2498.81005859375,2498.81005859375,481800,2512.1,2529.97,2528.91,47.0,31.27,
2024-01-31,2487.89990234375,2502.449951171875,2486.969970703125,2497.090087890625,437600,2506.59,2530.51,2528.95,46.6,30.14,
2024-02-01,2491.929931640625,2542.4599609375,2491.929931640625,2542.4599609375,751100,2504.36,2531.54,2529.1,57.0,31.6,
2024-02-02,2559.39990234375,2615.340087890625,2559.389892578125,2615.31005859375,588700,2506.22,2533.63,2529.44,67.8,34.55,
2024-02-05,2612.77001953125,2612.77001953125,2562.5,2591.31005859375,511700,2507.4,2535.23,2529.64,62.2,35.85,
2024-02-06,2584.199951171875,2599.179931640625,2563.8701171875,2576.199951171875,411600,2508.15,2536.45,2529.71,59.0,35.81,
2024-02-07,2592.590087890625,2625.239990234375,2588.090087890625,2609.580078125,518200,2511.53,2538.71,2529.9,63.5,36.76,
2024-02-08,2620.260009765625,2629.510009765625,2610.2099609375,2620.320068359375,430000,2515.53,2541.2,2530.12,64.9,35.56,
2024-02-13,2644.169921875,2656.8701171875,2640.9599609375,2649.639892578125,559400,2521.76,2543.76,2530.52,68.3,35.63,
2024-02-14,2609.60009765625,2627.31005859375,2601.989990234375,2620.419921875,543500,2526.48,2545.77,2530.74,61.8,36.49,
2024-02-15,2643.81005859375,2643.860107421875,2613.800048828125,2613.800048828125,621400,2532.29,2547.34,2531.0,60.4,36.03,
2024-02-16,2635.6298828125,2648.760009765625,2625.010009765625,2648.760009765625,593800,2542.93,2550.22,2531.52,64.9,35.95,
2024-02-19,2653.1201171875,2683.389892578125,2653.1201171875,2680.260009765625,422700,2554.95,2553.52,2532.3,68.5,35.86,
2024-02-20,2671.550048828125,2673.840087890625,2643.929931640625,2657.7900390625,612700,2564.2,2556.79,2533.15,63.6,35.89,
2024-02-21,2656.919921875,2670.949951171875,2644.0400390625,2653.31005859375,562100,2573.65,2559.95,2533.99,62.6,35.25,
2024-02-22,2671.68994140625,2671.68994140625,2653.989990234375,2664.27001953125,456400,2582.93,2563.4,2534.83,64.0,34.04,
2024-02-23,2681.030029296875,2694.800048828125,2665.2099609375,2667.699951171875,415400,2592.83,2566.39,2535.66,64.5,33.79,
2024-02-26,2657.35009765625,2659.60009765625,2629.780029296875,2647.080078125,530500,2601.67,2568.83,2536.28,59.6,34.09,
2024-02-27,2654.760009765625,2654.760009765625,2619.3798828125,2625.050048828125,574300,2608.99,2570.62,2536.89,54.8,34.18,
2024-02-28,2629.110107421875,2657.320068359375,2623.14990234375,2652.2900390625,421600,2616.57,2573.46,2537.65,59.2,34.18,
2024-02-29,2643.47998046875,2647.56005859375,2628.6201171875,2642.360107421875,496100,2623.75,2575.42,2538.3,57.0,33.43,
2024-03-04,2664.52001953125,2682.800048828125,2662.320068359375,2674.27001953125,404000,2632.61,2577.63,2539.12,61.8,33.93,
2024-03-05,2660.800048828125,2684.830078125,2649.35009765625,2649.39990234375,457200,2637.96,2579.29,2539.88,56.5,34.04,
2024-03-06,2638.840087890625,2649.780029296875,2630.159912109375,2641.489990234375,379000,2639.27,2580.74,2540.63,54.9,33.01,
2024-03-07,2653.97998046875,2660.260009765625,2633.570068359375,2647.6201171875,462900,2642.08,2581.41,2541.49,55.9,32.56,
2024-03-08,2676.7900390625,2688.0,2668.3798828125,2680.35009765625,454300,2647.29,2583.02,2542.5,61.2,33.12,
2024-03-11,2665.580078125,2677.2099609375,2658.739990234375,2659.840087890625,389800,2649.8,2584.22,2543.4,56.6,32.3,
2024-03-12,2673.469970703125,2686.139892578125,2659.719970703125,2681.81005859375,404000,2652.88,2585.81,2544.33,60.0,31.88,
2024-03-13,2694.7099609375,2701.449951171875,2679.5400390625,2693.570068359375,497200,2655.07,2587.41,2545.22,61.8,31.16,
2024-03-14,2698.3701171875,2718.760009765625,2696.31005859375,2718.760009765625,609300,2659.99,2588.68,2546.13,65.3,30.74,
2024-03-15,2701.909912109375,2705.590087890625,2666.840087890625,2666.840087890625,582100,2662.64,2588.62,2546.68,54.3,32.25,
2024-03-18,2678.52001953125,2688.070068359375,2665.280029296875,2685.840087890625,408200,2664.5,2590.19,2547.27,57.1,31.57,
2024-03-19,2673.570068359375,2673.570068359375,2645.139892578125,2656.169921875,695900,2663.29,2591.57,2547.71,51.7,32.23,
2024-03-20,2680.699951171875,2692.52001953125,2674.090087890625,2690.139892578125,720500,2664.91,2593.81,2548.39,56.8,32.52,
2024-03-21,2731.179931640625,2755.449951171875,2724.25,2754.860107421875,823700,2669.99,2597.56,2549.37,64.4,34.86,
2024-03-22,2751.14990234375,2763.06005859375,2738.179931640625,2748.56005859375,509500,2674.2,2601.3,2550.19,63.2,34.15,
2024-03-25,2756.590087890625,2763.6298828125,2731.699951171875,2737.570068359375,489600,2677.69,2605.21,2550.99,61.1,33.99,
2024-03-26,2756.419921875,2779.39990234375,2752.27001953125,2757.090087890625,448300,2683.19,2609.55,2551.93,63.4,34.55,
2024-03-27,2745.0,2762.030029296875,2745.0,2755.110107421875,510600,2689.7,2614.15,2552.7,63.0,33.3,
2024-03-28,2753.219970703125,2756.860107421875,2742.679931640625,2745.820068359375,419300,2694.37,2618.55,2553.35,61.1,31.93,
2024-03-29,2757.27001953125,2757.550048828125,2739.1201171875,2746.6298828125,495500,2699.59,2623.53,2554.0,61.2,30.97,
2024-04-01,2766.239990234375,2769.8701171875,2747.39990234375,2747.860107421875,397600,2703.27,2629.77,2554.69,61.4,30.42,
2024-04-02,2744.14990234375,2760.330078125,2737.18994140625,2753.159912109375,630400,2708.45,2636.03,2555.25,62.2,29.9,
2024-04-03,2730.679931640625,2732.2900390625,2706.969970703125,2706.969970703125,640800,2711.73,2640.71,2555.64,51.6,31.06,
2024-04-04,2738.239990234375,2746.389892578125,2727.10009765625,2742.0,478000,2716.45,2646.27,2556.16,57.5,31.66,
2024-04-05,2713.9599609375,2730.469970703125,2705.31005859375,2714.2099609375,621000,2718.14,2650.98,2556.63,52.1,32.02,
2024-04-08,2718.760009765625,2725.580078125,2706.739990234375,2717.64990234375,620700,2721.03,2655.94,2557.18,52.7,31.08,
2024-04-09,2733.22998046875,2741.22998046875,2703.9599609375,2705.159912109375,470200,2722.2,2660.64,2557.58,50.3,31.52,
2024-04-11,2665.39990234375,2718.070068359375,2661.919921875,2706.9599609375,561300,2722.87,2665.2,2558.06,50.6,33.28,
2024-04-12,2710.889892578125,2712.449951171875,2678.2099609375,2681.820068359375,513700,2721.02,2668.83,2558.45,45.7,33.35,
2024-04-15,2661.360107421875,2673.260009765625,2641.159912109375,2670.429931640625,562000,2721.2,2672.26,2558.89,43.6,33.87,
2024-04-16,2644.169921875,2647.60009765625,2601.449951171875,2609.6298828125,570200,2717.39,2674.51,2558.97,34.6,36.38,
2024-04-17,2619.14990234375,2626.6298828125,2584.179931640625,2584.179931640625,414300,2713.79,2675.34,2559.04,31.7,36.81,
2024-04-18,2595.4599609375,2642.030029296875,2593.260009765625,2634.699951171875,478800,2711.02,2675.73,2559.3,42.2,38.31,
2024-04-19,2600.68994140625,2609.89990234375,2553.550048828125,2591.860107421875,809500,2702.87,2675.74,2559.35,37.0,41.37,
2024-04-22,2615.719970703125,2629.43994140625,2604.3701171875,2629.43994140625,401900,2696.91,2676.81,2559.68,43.6,41.1,
2024-04-23,2632.14990234375,2641.780029296875,2619.719970703125,2623.02001953125,430300,2691.18,2677.08,2560.04,42.8,39.74,
2024-04-24,2662.840087890625,2677.85009765625,2662.840087890625,2675.75,325100,2687.12,2678.19,2560.6,50.9,40.82,
2024-04-25,2646.800048828125,2656.510009765625,2628.6201171875,2628.6201171875,334100,2680.79,2677.77,2560.73,44.8,41.27,
2024-04-26,2650.93994140625,2662.10009765625,2641.35009765625,2656.330078125,450500,2676.32,2678.48,2561.05,48.7,40.71,
2024-04-29,2675.4599609375,2687.43994140625,2665.2099609375,2687.43994140625,470500,2673.36,2679.96,2561.59,52.7,40.03,
2024-04-30,2693.219970703125,2710.22998046875,2687.2900390625,2692.06005859375,460100,2670.57,2680.82,2562.27,53.3,38.81,
2024-05-02,2679.0400390625,2692.469970703125,2678.840087890625,2683.64990234375,351100,2667.09,2680.89,2563.05,52.1,37.01,
2024-05-03,2704.31005859375,2705.260009765625,2676.6298828125,2676.6298828125,338600,2665.58,2681.27,2563.83,51.0,36.41,
2024-05-07,2718.169921875,2734.360107421875,2716.6201171875,2734.360107421875,532200,2665.19,2682.89,2564.69,58.7,37.93,
2024-05-08,2732.110107421875,2745.050048828125,2727.929931640625,2745.050048828125,436300,2666.74,2684.5,2565.54,59.9,36.45,
2024-05-09,2743.2900390625,2749.139892578125,2710.25,2712.139892578125,423800,2666.46,2685.39,2566.15,54.4,36.62,
2024-05-10,2737.949951171875,2743.580078125,2723.2099609375,2727.6298828125,586100,2667.58,2687.0,2566.64,56.5,36.25,
2024-05-13,2735.199951171875,2738.3798828125,2713.919921875,2727.2099609375,625300,2668.6,2689.05,2567.18,56.4,35.41,
2024-05-14,2732.97998046875,2735.820068359375,2722.739990234375,2730.340087890625,443300,2671.02,2690.61,2567.8,56.8,33.81,
2024-05-16,2770.27001953125,2773.4599609375,2748.219970703125,2753.0,521800,2675.15,2692.82,2568.52,60.0,34.48,
2024-05-17,2751.469970703125,2752.169921875,2724.6201171875,2724.6201171875,575900,2680.9,2693.83,2569.14,54.6,34.04,
2024-05-20,2741.239990234375,2756.409912109375,2734.639892578125,2742.139892578125,582100,2688.8,2695.68,2569.81,57.2,33.88,
2024-05-21,2733.030029296875,2734.47998046875,2719.739990234375,2724.179931640625,560800,2693.27,2697.34,2570.28,53.8,33.06,
2024-05-22,2723.4599609375,2733.070068359375,2707.8701171875,2723.4599609375,484700,2699.85,2698.85,2570.72,53.6,32.5,
2024-05-23,2719.030029296875,2734.27001953125,2704.0,2721.81005859375,427400,2704.47,2699.68,2571.37,53.3,32.34,
2024-05-24,2693.64990234375,2696.989990234375,2681.169921875,2687.60009765625,501600,2707.7,2700.24,2571.78,46.8,32.93,
2024-05-27,2697.159912109375,2725.080078125,2693.659912109375,2722.989990234375,556700,2710.06,2701.06,2572.36,53.2,33.26,
2024-05-28,2715.52001953125,2730.1201171875,2714.340087890625,2722.85009765625,441000,2714.77,2701.65,2572.81,53.1,32.01,
2024-05-29,2719.56005859375,2721.6298828125,2677.070068359375,2677.300048828125,439000,2715.82,2700.82,2572.86,45.1,32.99,
2024-05-30,2666.6298828125,2666.6298828125,2635.43994140625,2635.43994140625,371900,2713.22,2700.19,2572.96,39.2,33.63,
2024-05-31,2657.8701171875,2664.47998046875,2635.77001953125,2636.52001953125,613700,2710.45,2699.2,2573.11,39.4,33.3,
2024-06-03,2657.81005859375,2690.72998046875,2657.81005859375,2682.52001953125,782300,2710.39,2699.73,2573.51,48.0,34.79,
2024-06-04,2668.72998046875,2679.469970703125,2659.429931640625,2662.10009765625,773500,2709.66,2699.17,2573.92,45.0,33.96,
2024-06-05,2681.110107421875,2697.429931640625,2667.6298828125,2689.5,881500,2707.42,2697.86,2574.49,49.6,34.06,
2024-06-07,2718.25,2729.6298828125,2705.22998046875,2722.669921875,783900,2706.3,2697.34,2575.08,54.6,34.49,
2024-06-10,2698.7099609375,2718.889892578125,2689.18994140625,2701.169921875,506900,2705.75,2696.62,2575.58,51.1,34.42,
2024-06-11,2716.719970703125,2718.8798828125,2702.169921875,2705.320068359375,558900,2704.64,2695.58,2576.15,51.7,33.22,
2024-06-12,2709.64990234375,2730.300048828125,2707.43994140625,2728.169921875,511000,2704.69,2695.04,2576.94,55.2,32.63,
2024-06-13,2764.179931640625,2776.719970703125,2752.610107421875,2754.889892578125,700000,2705.91,2695.22,2578.08,59.0,33.77,
2024-06-14,2759.219970703125,2769.159912109375,2750.860107421875,2758.419921875,645000,2706.18,2695.46,2579.28,59.5,32.67,
2024-06-17,2754.830078125,2759.860107421875,2741.030029296875,2744.10009765625,594000,2707.16,2695.38,2580.47,56.6,31.68,
2024-06-18,2765.699951171875,2772.35009765625,2759.030029296875,2763.919921875,561500,2708.25,2695.6,2581.75,59.5,31.43,
2024-06-19,2786.159912109375,2799.320068359375,2786.159912109375,2797.330078125,645700,2711.9,2697.41,2583.16,64.0,31.72,
2024-06-20,2802.10009765625,2812.6201171875,2796.3701171875,2807.6298828125,758200,2716.11,2698.72,2584.67,65.3,30.61,
2024-06-21,2794.8701171875,2797.0,2777.330078125,2784.260009765625,631100,2719.23,2700.12,2585.9,60.1,30.59,
2024-06-24,2772.85009765625,2782.89990234375,2758.090087890625,2764.72998046875,592800,2723.09,2701.06,2587.13,56.1,30.27,
2024-06-25,2765.760009765625,2780.419921875,2765.760009765625,2774.389892578125,714200,2725.66,2702.45,2588.28,57.6,29.23,
2024-06-26,2767.429931640625,2792.070068359375,2762.97998046875,2792.050048828125,534300,2729.12,2704.15,2589.48,60.3,29.22,
2024-06-27,2767.6201171875,2784.330078125,2761.550048828125,2784.06005859375,396700,2734.46,2706.19,2590.6,58.5,29.31,
2024-06-28,2792.7900390625,2797.820068359375,2782.39990234375,2797.820068359375,610600,2742.58,2708.74,2591.81,60.6,28.32,
2024-07-01,2792.9599609375,2805.949951171875,2783.97998046875,2804.31005859375,458800,2750.97,2712.63,2593.01,61.7,27.87,
2024-07-02,2798.64990234375,2805.419921875,2776.6201171875,2780.860107421875,538400,2755.88,2716.57,2593.99,56.0,27.93,
2024-07-03,2797.139892578125,2799.699951171875,2774.7099609375,2794.010009765625,339800,2762.48,2719.75,2595.05,58.3,27.72,
2024-07-04,2817.06005859375,2824.93994140625,2808.8798828125,2824.93994140625,393200,2769.25,2724.41,2596.36,63.2,27.95,
2024-07-05,2836.2099609375,2871.9599609375,2836.2099609375,2862.22998046875,377600,2776.23,2729.07,2597.93,68.1,29.31,
2024-07-08,2862.580078125,2868.989990234375,2855.530029296875,2857.760009765625,424600,2784.06,2733.77,2599.48,66.9,28.18,
2024-07-09,2872.6298828125,2875.3701171875,2854.1298828125,2867.3798828125,455800,2792.16,2737.6,2601.03,68.2,27.69,
2024-07-10,2863.050048828125,2871.56005859375,2858.8701171875,2867.989990234375,471800,2799.15,2742.39,2602.69,68.3,26.62,
2024-07-11,2888.760009765625,2896.429931640625,2879.280029296875,2891.35009765625,461700,2805.98,2747.09,2604.47,71.3,26.75,
2024-07-12,2867.75,2872.25,2844.8798828125,2857.0,407400,2810.91,2750.48,2605.89,61.9,28.15,
2024-07-15,2869.14990234375,2872.89990234375,2848.929931640625,2860.919921875,424500,2816.75,2753.85,2607.19,62.5,27.86,
2024-07-16,2861.7099609375,2872.2099609375,2857.070068359375,2866.090087890625,677300,2821.86,2757.5,2608.65,63.4,26.95,
2024-07-17,2865.89990234375,2868.580078125,2841.330078125,2843.2900390625,548100,2824.15,2760.84,2610.07,57.4,26.97,
2024-07-18,2805.639892578125,2824.35009765625,2799.02001953125,2824.35009765625,657700,2824.99,2762.64,2611.39,52.9,28.2,
2024-07-19,2800.2099609375,2802.679931640625,2776.989990234375,2795.4599609375,425600,2825.55,2763.64,2612.79,46.9,29.57,
2024-07-22,2790.989990234375,2795.1201171875,2752.6298828125,2763.510009765625,463400,2825.49,2764.67,2614.07,41.3,30.52,
2024-07-23,2788.830078125,2796.919921875,2765.81005859375,2774.2900390625,422700,2825.48,2765.61,2615.46,43.7,30.73,
2024-07-24,2755.5,2778.31005859375,2748.64990234375,2758.7099609375,468500,2823.82,2766.24,2616.94,41.1,30.65,
2024-07-25,2721.2900390625,2725.14990234375,2703.860107421875,2710.64990234375,439600,2820.15,2765.84,2618.17,34.2,32.38,
2024-07-26,2724.989990234375,2738.39990234375,2715.75,2731.89990234375,513000,2816.85,2765.42,2619.8,39.0,32.05,
2024-07-29,2748.320068359375,2776.860107421875,2742.68994140625,2765.530029296875,456500,2814.91,2766.24,2621.61,45.9,32.97,
2024-07-30,2744.39990234375,2754.530029296875,2732.820068359375,2738.18994140625,392900,2812.78,2766.16,2623.26,41.8,32.95,
2024-07-31,2745.580078125,2770.699951171875,2733.6298828125,2770.68994140625,556400,2811.61,2767.09,2625.1,47.8,33.25,
2024-08-01,2787.27001953125,2794.110107421875,2772.969970703125,2777.679931640625,480800,2809.25,2768.17,2626.73,49.0,32.54,
2024-08-02,2719.389892578125,2725.050048828125,2666.39990234375,2676.18994140625,531800,2799.95,2767.26,2627.72,35.9,38.17,
2024-08-05,2611.300048828125,2611.300048828125,2386.9599609375,2441.550048828125,761900,2779.14,2762.34,2627.64,21.6,56.1,
2024-08-06,2533.340087890625,2578.77001953125,2491.469970703125,2522.14990234375,566300,2761.87,2758.32,2628.07,31.7,61.9,
2024-08-07,2515.27001953125,2594.830078125,2510.820068359375,2568.409912109375,476300,2746.9,2755.23,2628.61,36.7,63.47,
2024-08-08,2530.2099609375,2570.340087890625,2518.52001953125,2556.72998046875,494700,2730.16,2752.82,2629.08,36.0,62.64,
2024-08-09,2603.080078125,2603.080078125,2575.89990234375,2588.429931640625,474200,2716.74,2751.88,2629.95,39.5,61.48,
2024-08-12,2602.159912109375,2622.860107421875,2602.010009765625,2618.300048828125,293100,2704.6,2751.52,2631.16,42.6,59.55,
2024-08-13,2624.5,2636.1201171875,2607.52001953125,2621.5,378500,2692.38,2750.3,2632.49,43.0,57.34,
2024-08-14,2649.110107421875,2653.7099609375,2632.43994140625,2644.5,328700,2682.44,2749.95,2633.79,45.5,55.54,
2024-08-16,2695.489990234375,2699.610107421875,2680.739990234375,2697.22998046875,385900,2676.08,2750.1,2635.46,50.9,55.51,
2024-08-19,2697.969970703125,2699.840087890625,2664.280029296875,2674.360107421875,395600,2670.02,2749.13,2637.34,48.6,54.09,
2024-08-20,2699.739990234375,2706.050048828125,2686.06005859375,2696.6298828125,484200,2666.68,2749.04,2639.31,50.9,52.49,
2024-08-21,2687.199951171875,2704.97998046875,2684.610107421875,2701.1298828125,417300,2663.02,2748.96,2641.26,51.3,50.19,
2024-08-22,2710.949951171875,2711.3798828125,2690.35009765625,2707.669921875,441800,2660.47,2748.55,2643.41,52.1,48.11,
2024-08-23,2690.800048828125,2712.840087890625,2689.5400390625,2701.68994140625,330600,2660.02,2747.49,2645.41,51.3,46.34,
2024-08-26,2716.8798828125,2718.469970703125,2688.7900390625,2698.010009765625,333700,2658.33,2746.28,2647.18,50.8,45.15,
2024-08-27,2696.239990234375,2700.179931640625,2681.919921875,2689.25,264100,2654.51,2745.18,2648.79,49.7,43.23,
2024-08-28,2690.590087890625,2695.510009765625,2671.590087890625,2689.830078125,280800,2652.1,2743.7,2649.73,49.7,41.85,
2024-08-29,2657.179931640625,2672.89990234375,2649.56005859375,2662.280029296875,288800,2646.68,2741.0,2650.82,45.8,41.73,
2024-08-30,2676.719970703125,2686.510009765625,2668.659912109375,2674.31005859375,278800,2641.51,2738.33,2652.08,47.8,40.48,
2024-09-02,2683.800048828125,2686.97998046875,2658.31005859375,2681.0,267000,2641.75,2736.27,2653.35,48.9,39.64,
2024-09-03,2683.1201171875,2695.590087890625,2664.6298828125,2664.6298828125,303500,2652.9,2734.26,2654.63,46.3,39.02,
2024-09-04,2589.93994140625,2608.1298828125,2578.070068359375,2580.800048828125,455500,2655.83,2730.39,2655.51,36.0,42.42,
2024-09-05,2598.360107421875,2615.800048828125,2560.64990234375,2575.5,379000,2656.19,2726.06,2656.22,35.4,43.33,
2024-09-06,2576.659912109375,2576.93994140625,2529.31005859375,2544.280029296875,374800,2655.57,2721.27,2656.51,32.4,43.63,
2024-09-09,2498.669921875,2543.219970703125,2491.300048828125,2535.929931640625,270200,2652.94,2716.03,2656.75,31.6,44.3,
2024-09-10,2542.68994140625,2544.830078125,2522.47998046875,2523.429931640625,347700,2648.2,2710.41,2657.02,30.4,42.73,
2024-09-11,2524.860107421875,2526.1298828125,2493.3701171875,2513.3701171875,302600,2642.79,2705.06,2657.13,29.4,42.02,
2024-09-12,2572.090087890625,2572.090087890625,2572.090087890625,2572.090087890625,0,2639.17,2700.62,2657.44,41.1,43.21,
2024-09-13,2571.81005859375,2584.110107421875,2562.909912109375,2575.409912109375,358300,2633.08,2695.63,2657.75,41.7,41.64,
2024-09-19,2594.669921875,2598.679931640625,2550.090087890625,2580.800048828125,385100,2628.4,2690.0,2658.08,42.7,42.14,
2024-09-20,2603.830078125,2619.550048828125,2591.39990234375,2593.3701171875,496000,2623.24,2684.71,2658.57,45.1,41.9,
2024-09-23,2596.469970703125,2603.570068359375,2588.489990234375,2602.010009765625,339100,2618.28,2679.41,2659.1,46.8,39.98,
2024-09-24,2612.449951171875,2631.679931640625,2597.81005859375,2631.679931640625,355100,2614.48,2674.68,2659.65,52.0,39.54,
2024-09-25,2652.7099609375,2663.360107421875,2596.320068359375,2596.320068359375,454500,2609.22,2668.78,2660.03,46.2,41.51,
2024-09-26,2630.909912109375,2671.570068359375,2630.300048828125,2671.570068359375,324900,2607.89,2665.07,2660.71,57.2,43.92,
2024-09-27,2674.580078125,2681.449951171875,2649.780029296875,2649.780029296875,413000,2605.92,2660.85,2661.44,53.8,43.04,
2024-09-30,2665.239990234375,2668.659912109375,2593.27001953125,2593.27001953125,358900,2601.09,2655.39,2661.83,46.0,45.35,
2024-10-02,2566.550048828125,2591.610107421875,2555.4599609375,2561.68994140625,351000,2596.06,2649.76,2662.16,42.4,44.81,
2024-10-04,2563.699951171875,2585.590087890625,2555.570068359375,2569.7099609375,414300,2590.83,2644.67,2662.54,43.6,43.76,
2024-10-07,2579.199951171875,2611.929931640625,2561.4599609375,2610.3798828125,343700,2587.3,2640.97,2663.13,49.5,44.24,
2024-10-08,2592.64990234375,2601.9599609375,2581.7900390625,2594.360107421875,318200,2583.79,2637.58,2663.51,47.4,43.12,
2024-10-10,2611.64990234375,2613.610107421875,2596.860107421875,2599.159912109375,618600,2584.71,2634.08,2663.88,48.1,41.41,
2024-10-11,2612.02001953125,2621.929931640625,2594.429931640625,2596.909912109375,491300,2585.78,2630.84,2664.19,47.8,40.42,
2024-10-14,2602.6298828125,2628.5400390625,2602.6298828125,2623.2900390625,401700,2589.73,2629.1,2664.75,51.9,39.79,
2024-10-15,2632.3701171875,2635.320068359375,2615.469970703125,2633.449951171875,438300,2594.6,2627.13,2665.2,53.4,38.37,
2024-10-16,2606.699951171875,2622.330078125,2601.35009765625,2610.360107421875,437600,2598.95,2624.03,2665.43,49.6,37.92,
2024-10-17,2620.739990234375,2622.7099609375,2603.52001953125,2609.300048828125,331300,2603.75,2621.45,2665.64,49.4,36.58,
2024-10-18,2616.0400390625,2618.320068359375,2587.9599609375,2593.820068359375,265200,2604.83,2617.91,2665.77,46.8,36.14,
2024-10-21,2600.77001953125,2618.7099609375,2594.050048828125,2604.919921875,240700,2606.31,2614.45,2665.72,48.9,35.33,
2024-10-22,2600.8701171875,2604.159912109375,2564.4599609375,2570.699951171875,343300,2605.8,2612.34,2665.58,43.2,35.7,
2024-10-23,2575.25,2607.7900390625,2567.419921875,2599.6201171875,352400,2606.12,2615.51,2665.58,48.6,36.03,
2024-10-24,2591.68994140625,2600.260009765625,2578.800048828125,2581.030029296875,343100,2605.07,2616.68,2665.47,45.6,34.99,
2024-10-25,2597.43994140625,2611.27001953125,2577.0,2583.27001953125,462900,2602.65,2616.98,2665.32,46.1,34.94,
2024-10-28,2588.449951171875,2612.9599609375,2587.199951171875,2612.429931640625,333700,2603.45,2618.1,2665.1,51.5,34.57,
2024-10-29,2606.93994140625,2617.800048828125,2595.860107421875,2617.800048828125,363300,2600.76,2618.68,2664.84,52.4,33.66,
2024-10-30,2606.989990234375,2613.469970703125,2586.8798828125,2593.7900390625,487400,2597.96,2618.19,2664.78,47.9,33.47,
2024-10-31,2575.239990234375,2579.64990234375,2552.360107421875,2556.14990234375,406600,2596.11,2616.89,2664.62,41.9,34.04,
2024-11-01,2542.9599609375,2559.300048828125,2536.840087890625,2542.360107421875,319800,2595.14,2614.84,2664.44,39.9,33.21,
2024-11-04,2549.0400390625,2588.969970703125,2542.679931640625,2588.969970703125,373900,2596.1,2612.68,2664.55,48.7,34.17,
2024-11-05,2570.239990234375,2586.72998046875,2564.659912109375,2576.8798828125,310900,2594.43,2610.73,2664.63,46.8,33.46,
2024-11-06,2591.89990234375,2592.75,2544.0400390625,2563.510009765625,548500,2592.89,2608.07,2664.73,44.7,34.55,
2024-11-07,2557.22998046875,2579.81005859375,2540.47998046875,2564.6298828125,465100,2591.16,2605.34,2664.86,44.9,34.89,
2024-11-08,2586.699951171875,2593.14990234375,2553.419921875,2561.14990234375,448700,2589.37,2602.41,2665.04,44.3,35.24,
2024-11-11,2562.050048828125,2562.050048828125,2525.56005859375,2531.659912109375,572200,2584.79,2599.0,2665.07,39.5,35.33,
2024-11-12,2527.93994140625,2532.43994140625,2481.530029296875,2482.570068359375,735800,2577.25,2594.7,2664.99,33.1,36.44,
2024-11-13,2468.27001953125,2478.8701171875,2415.77001953125,2417.080078125,619200,2567.58,2589.25,2664.9,26.8,38.61,
2024-11-14,2430.260009765625,2441.429931640625,2410.929931640625,2418.860107421875,640000,2558.06,2583.83,2664.79,27.2,38.03,
2024-11-15,2413.050048828125,2433.179931640625,2390.56005859375,2416.860107421875,623300,2549.21,2578.92,2664.51,27.0,38.36,
2024-11-18,2440.31005859375,2480.010009765625,2437.530029296875,2469.070068359375,443900,2542.42,2574.82,2664.53,38.5,40.13,
2024-11-19,2469.1298828125,2479.389892578125,2465.14990234375,2471.949951171875,410900,2537.48,2570.64,2664.5,39.1,38.28,
2024-11-20,2475.760009765625,2489.14990234375,2471.7900390625,2482.2900390625,408800,2531.62,2566.99,2664.56,41.2,36.79,
2024-11-21,2474.6201171875,2496.969970703125,2474.6201171875,2480.6298828125,451100,2526.6,2564.99,2664.62,40.9,35.75,
2024-11-22,2493.419921875,2511.22998046875,2492.2099609375,2501.239990234375,543500,2522.49,2563.5,2664.73,45.3,35.39,
2024-11-25,2524.110107421875,2541.760009765625,2517.97998046875,2534.340087890625,564700,2518.59,2563.3,2664.9,51.4,35.75,
2024-11-26,2521.389892578125,2526.6201171875,2512.2099609375,2520.360107421875,441700,2513.72,2562.99,2665.0,48.9,34.78,
2024-11-27,2518.820068359375,2526.320068359375,2498.320068359375,2503.06005859375,414300,2509.18,2562.59,2665.03,45.9,34.3,
2024-11-28,2499.68994140625,2513.6298828125,2495.639892578125,2504.669921875,342600,2506.61,2562.41,2664.85,46.3,33.13,
2024-11-29,2496.929931640625,2496.929931640625,2446.9599609375,2455.909912109375,384300,2502.28,2560.09,2664.05,38.6,34.89,
2024-12-02,2479.02001953125,2483.2900390625,2448.449951171875,2454.47998046875,328100,2495.56,2557.67,2663.36,38.4,34.88,
2024-12-03,2472.06005859375,2500.669921875,2471.550048828125,2500.10009765625,324100,2491.72,2556.06,2662.98,47.8,35.69,
2024-12-04,2450.760009765625,2483.0400390625,2442.4599609375,2464.0,670300,2486.75,2553.47,2662.26,42.3,37.26,
2024-12-05,2471.449951171875,2471.449951171875,2434.780029296875,2441.85009765625,519400,2480.61,2550.26,2661.36,39.3,37.22,
2024-12-06,2451.60009765625,2459.239990234375,2397.72998046875,2428.159912109375,630400,2473.96,2546.19,2660.26,37.6,38.95,
2024-12-09,2392.3701171875,2399.52001953125,2360.179931640625,2360.580078125,591600,2465.4,2541.48,2658.96,30.3,41.03,
2024-12-10,2384.510009765625,2419.06005859375,2384.510009765625,2417.840087890625,598800,2462.17,2536.41,2657.98,40.7,42.27,
2024-12-11,2412.14990234375,2443.340087890625,2411.3798828125,2442.510009765625,617700,2463.44,2532.26,2656.95,44.6,41.54,
2024-12-12,2456.6298828125,2487.949951171875,2448.760009765625,2482.1201171875,664200,2466.6,2530.04,2655.96,50.1,41.81,
2024-12-13,2473.75,2500.320068359375,2470.239990234375,2494.4599609375,577700,2470.48,2528.69,2655.14,51.8,40.98,
2024-12-16,2511.080078125,2515.6201171875,2483.429931640625,2488.969970703125,526700,2471.48,2527.08,2654.32,51.0,40.35,
2024-12-17,2487.31005859375,2487.31005859375,2455.050048828125,2456.81005859375,559000,2470.72,2524.01,2653.28,46.5,39.89,
2024-12-18,2463.06005859375,2492.0,2462.820068359375,2484.429931640625,441700,2470.83,2521.81,2652.36,50.5,39.55,
2024-12-19,2426.550048828125,2450.050048828125,2423.590087890625,2435.929931640625,504500,2468.59,2518.54,2651.31,44.2,41.07,
2024-12-20,2429.6298828125,2430.68994140625,2389.860107421875,2404.14990234375,617800,2463.74,2514.69,2650.2,40.6,41.43,
2024-12-23,2423.360107421875,2446.969970703125,2413.6201171875,2442.010009765625,428200,2459.12,2511.06,2649.15,46.2,41.53,
2024-12-24,2450.550048828125,2452.85009765625,2432.419921875,2440.52001953125,386800,2455.13,2507.2,2648.14,46.0,40.02,
2024-12-26,2449.52001953125,2449.52001953125,2428.820068359375,2429.669921875,322800,2451.46,2503.59,2646.92,44.6,38.64,
2024-12-27,2419.4599609375,2423.860107421875,2388.330078125,2404.77001953125,311300,2446.46,2499.5,2645.7,41.5,38.84,
2024-12-30,2397.489990234375,2429.75,2390.43994140625,2399.489990234375,304000,2443.64,2495.61,2644.49,40.9,38.87,
2025-01-02,2400.8701171875,2410.989990234375,2386.840087890625,2398.93994140625,350700,2440.87,2491.49,2643.24,40.8,37.82,
2025-01-03,2402.580078125,2454.669921875,2402.580078125,2441.919921875,407500,2437.96,2488.92,2642.05,48.4,39.1,
2025-01-06,2453.300048828125,2489.10009765625,2446.820068359375,2488.639892578125,302800,2439.19,2486.7,2641.2,55.2,39.67,
2025-01-07,2513.489990234375,2521.860107421875,2492.090087890625,2492.10009765625,407700,2441.7,2484.92,2640.25,55.6,39.21,
2025-01-08,2481.25,2526.77001953125,2481.25,2521.050048828125,362900,2446.35,2483.67,2639.38,59.4,39.66,
2025-01-09,2526.10009765625,2535.8701171875,2515.820068359375,2521.89990234375,404300,2454.41,2481.86,2638.4,59.5,38.26,
2025-01-10,2528.419921875,2535.239990234375,2506.2900390625,2515.780029296875,377600,2459.31,2479.82,2637.64,58.3,37.6,
2025-01-13,2508.14990234375,2513.929931640625,2483.72998046875,2489.56005859375,578600,2461.66,2477.74,2636.66,53.3,37.2,
2025-01-14,2501.489990234375,2504.889892578125,2482.739990234375,2497.39990234375,414500,2462.42,2476.56,2635.87,54.5,36.13,
2025-01-15,2511.070068359375,2524.360107421875,2493.10009765625,2496.81005859375,538500,2462.54,2475.65,2634.9,54.4,35.78,
2025-01-16,2528.27001953125,2534.010009765625,2519.860107421875,2527.489990234375,451100,2464.47,2474.42,2633.77,59.4,35.88,
2025-01-17,2520.85009765625,2528.47998046875,2513.840087890625,2523.550048828125,445900,2467.81,2473.36,2632.64,58.5,34.36,
2025-01-20,2533.679931640625,2536.719970703125,2516.280029296875,2520.050048828125,437500,2469.59,2472.49,2631.55,57.7,33.37,
2025-01-21,2533.22998046875,2548.43994140625,2507.949951171875,2518.030029296875,572000,2473.69,2471.56,2630.36,57.2,33.88,
2025-01-22,2535.800048828125,2552.570068359375,2526.889892578125,2547.06005859375,583700,2480.84,2471.27,2629.32,62.2,33.92,
2025-01-23,2541.239990234375,2541.60009765625,2515.489990234375,2515.489990234375,609700,2484.51,2470.95,2628.17,54.7,33.76,
2025-01-24,2529.2900390625,2542.830078125,2522.639892578125,2536.800048828125,602000,2489.32,2472.03,2627.12,58.4,33.3,
2025-01-31,2534.330078125,2537.97998046875,2496.949951171875,2517.3701171875,454400,2493.71,2474.04,2625.96,54.1,33.85,
2025-02-03,2468.739990234375,2468.739990234375,2437.610107421875,2453.949951171875,522800,2496.17,2474.74,2624.47,42.9,37.13,
2025-02-04,2481.43994140625,2508.35009765625,2471.6298828125,2481.68994140625,479400,2500.28,2476.04,2623.34,48.0,38.36,
2025-02-05,2503.93994140625,2514.7099609375,2498.739990234375,2509.27001953125,437300,2505.8,2476.84,2622.18,52.5,37.98,
2025-02-06,2521.820068359375,2536.75,2515.340087890625,2536.75,479700,2510.54,2478.14,2621.29,56.5,37.23,
2025-02-07,2532.090087890625,2537.6298828125,2519.010009765625,2521.919921875,419900,2512.2,2478.93,2620.31,53.9,35.9,
2025-02-10,2510.639892578125,2527.330078125,2499.179931640625,2521.27001953125,393600,2513.66,2479.74,2619.39,53.7,35.35,
2025-02-11,2532.8701171875,2549.43994140625,2527.739990234375,2539.050048828125,451100,2514.56,2480.5,2618.55,56.6,34.84,
2025-02-12,2534.7099609375,2549.580078125,2528.739990234375,2548.389892578125,464900,2515.88,2480.78,2617.89,58.0,33.84,
2025-02-13,2558.949951171875,2583.739990234375,2555.97998046875,2583.169921875,680300,2519.25,2482.04,2617.45,63.0,33.94,
2025-02-14,2588.199951171875,2600.570068359375,2582.840087890625,2591.050048828125,499400,2524.33,2483.8,2617.36,64.0,32.79,
2025-02-17,2595.989990234375,2612.800048828125,2592.570068359375,2610.419921875,366300,2529.98,2485.91,2617.49,66.5,32.0,
2025-02-18,2613.25,2628.469970703125,2605.14990234375,2626.81005859375,422000,2536.48,2489.33,2617.45,68.5,31.38,
2025-02-19,2633.909912109375,2680.699951171875,2633.909912109375,2671.52001953125,525800,2543.68,2493.67,2617.85,73.2,32.99,
2025-02-20,2661.719970703125,2667.590087890625,2645.530029296875,2654.06005859375,529300,2550.21,2496.75,2617.97,68.9,32.49,
2025-02-21,2653.760009765625,2656.0400390625,2638.43994140625,2654.580078125,444700,2556.93,2500.56,2618.13,68.9,31.42,
2025-02-24,2636.1201171875,2645.27001953125,2626.8798828125,2645.27001953125,536400,2563.29,2504.63,2617.98,66.5,31.16,
2025-02-25,2617.639892578125,2641.489990234375,2617.1201171875,2630.2900390625,410300,2567.46,2508.67,2617.98,62.7,30.94,
2025-02-26,2629.860107421875,2648.06005859375,2620.159912109375,2641.090087890625,386800,2573.74,2514.28,2617.91,64.3,30.72,
2025-02-27,2637.6298828125,2638.469970703125,2610.469970703125,2621.75,513900,2577.98,2518.36,2617.58,59.4,30.72,
2025-02-28,2585.610107421875,2586.780029296875,2531.239990234375,2532.780029296875,588600,2578.75,2520.17,2616.78,43.2,34.99,
2025-03-04,2522.199951171875,2548.780029296875,2513.31005859375,2528.919921875,484100,2582.5,2521.1,2616.01,42.7,35.02,
2025-03-05,2548.449951171875,2561.469970703125,2535.179931640625,2558.1298828125,569400,2586.32,2522.38,2615.42,48.0,34.85,
2025-03-06,2573.550048828125,2583.64990234375,2565.570068359375,2576.159912109375,609600,2589.67,2524.12,2614.63,51.0,34.18,
2025-03-07,2553.43994140625,2575.47998046875,2541.489990234375,2563.47998046875,567200,2591.01,2526.25,2613.72,48.9,34.21,
2025-03-10,2555.39990234375,2579.760009765625,2549.989990234375,2570.389892578125,435700,2593.43,2527.97,2613.01,50.1,33.9,
2025-03-11,2516.68994140625,2547.8798828125,2505.909912109375,2537.60009765625,399000,2594.25,2530.01,2612.06,44.6,36.08,
2025-03-12,2552.60009765625,2579.68994140625,2541.659912109375,2574.820068359375,401600,2596.03,2533.42,2611.3,51.2,36.51,
2025-03-13,2598.06005859375,2600.070068359375,2561.02001953125,2573.639892578125,427300,2597.3,2536.05,2610.51,51.0,36.69,
2025-03-14,2565.179931640625,2576.739990234375,2559.239990234375,2566.360107421875,362300,2596.46,2538.57,2609.58,49.6,35.32,
2025-03-17,2588.320068359375,2610.68994140625,2587.52001953125,2610.68994140625,396600,2597.44,2542.19,2609.01,57.0,35.96,
2025-03-18,2627.27001953125,2638.56005859375,2606.909912109375,2612.340087890625,555500,2597.53,2546.34,2608.36,57.2,35.66,
2025-03-19,2613.47998046875,2642.830078125,2613.47998046875,2628.6201171875,653300,2597.62,2550.92,2607.88,59.7,35.29,
2025-03-20,2648.159912109375,2650.719970703125,2629.199951171875,2637.10009765625,455000,2595.9,2555.69,2607.45,61.0,34.35,
2025-03-21,2633.89990234375,2645.820068359375,2617.780029296875,2643.1298828125,497500,2595.36,2559.71,2607.06,61.9,33.9,
2025-03-24,2636.429931640625,2648.820068359375,2629.3798828125,2632.070068359375,372400,2594.23,2562.58,2606.78,59.2,32.86,
2025-03-25,2653.0400390625,2654.6298828125,2612.739990234375,2615.81005859375,439300,2592.76,2565.05,2606.24,55.3,33.51,
2025-03-26,2628.090087890625,2649.14990234375,2618.050048828125,2643.93994140625,507900,2593.44,2567.51,2605.85,60.2,33.5,
2025-03-27,2620.280029296875,2633.030029296875,2603.409912109375,2607.14990234375,403300,2591.74,2569.22,2605.5,52.1,34.0,
2025-03-28,2592.6298828125,2592.6298828125,2549.260009765625,2557.97998046875,513600,2588.56,2570.06,2605.11,43.7,35.7,
2025-03-31,2513.43994140625,2514.219970703125,2479.4599609375,2481.1201171875,391600,2585.97,2569.89,2604.34,34.4,38.76,
2025-04-01,2511.239990234375,2530.610107421875,2494.429931640625,2521.389892578125,453400,2585.6,2570.37,2603.53,41.4,39.53,
2025-04-02,2525.6201171875,2532.14990234375,2499.830078125,2505.860107421875,515600,2582.98,2570.55,2602.75,39.7,39.01,
2025-04-03,2437.429931640625,2488.919921875,2437.429931640625,2486.699951171875,480100,2578.51,2569.74,2601.73,37.5,41.12,
2025-04-04,2450.489990234375,2506.7099609375,2438.02001953125,2465.419921875,695100,2573.61,2568.57,2600.45,35.3,43.08,
2025-04-07,2359.25,2369.39990234375,2327.010009765625,2328.199951171875,619500,2561.5,2564.74,2598.58,24.8,49.89,
2025-04-08,2381.199951171875,2381.31005859375,2328.93994140625,2334.22998046875,557000,2551.33,2561.06,2596.73,25.9,50.12,
2025-04-09,2329.989990234375,2337.580078125,2284.719970703125,2293.699951171875,699600,2537.27,2555.99,2594.56,23.5,50.32,
2025-04-10,2395.1298828125,2445.06005859375,2391.389892578125,2445.06005859375,670400,2530.84,2554.59,2593.01,44.0,57.54,
2025-04-11,2400.739990234375,2433.179931640625,2394.25,2432.719970703125,369700,2524.16,2552.5,2591.38,43.0,57.06,
2025-04-14,2454.280029296875,2465.56005859375,2449.47998046875,2455.889892578125,488600,2516.42,2551.27,2589.94,45.5,55.33,
2025-04-15,2464.510009765625,2482.56005859375,2461.22998046875,2477.409912109375,560300,2509.67,2551.74,2588.5,47.8,53.28,
2025-04-16,2472.780029296875,2475.830078125,2442.719970703125,2447.429931640625,613200,2500.62,2551.06,2586.75,45.0,51.95,
2025-04-17,2451.699951171875,2473.239990234375,2447.39990234375,2470.409912109375,601700,2492.28,2550.28,2585.07,47.5,50.09,
2025-04-18,2473.300048828125,2486.3701171875,2466.89990234375,2483.419921875,451000,2484.3,2549.21,2583.56,49.0,47.9,
2025-04-21,2486.3798828125,2498.840087890625,2479.22998046875,2488.419921875,429000,2477.11,2548.54,2582.18,49.6,45.88,
2025-04-22,2481.179931640625,2494.590087890625,2476.139892578125,2486.639892578125,416700,2470.65,2547.85,2580.74,49.4,43.92,
2025-04-23,2520.56005859375,2526.719970703125,2507.10009765625,2525.56005859375,538100,2464.74,2547.58,2579.41,54.1,43.65,
2025-04-24,2525.340087890625,2530.610107421875,2507.2099609375,2522.330078125,327900,2460.49,2547.06,2578.1,53.6,42.2,
2025-04-25,2544.590087890625,2553.330078125,2534.93994140625,2546.300048828125,403500,2459.91,2546.32,2576.85,56.5,41.4,
2025-04-28,2551.22998046875,2558.68994140625,2541.969970703125,2548.860107421875,454100,2463.3,2545.48,2575.57,56.8,39.64,
2025-04-29,2550.25,2571.409912109375,2542.25,2565.419921875,547100,2465.5,2544.58,2574.49,58.8,38.89,
2025-04-30,2561.0400390625,2570.830078125,2544.4599609375,2556.610107421875,487500,2468.04,2543.18,2573.3,57.3,37.99,
2025-05-02,2556.52001953125,2567.0400390625,2540.570068359375,2559.7900390625,585500,2471.69,2540.94,2571.98,57.7,37.17,
2025-05-07,2577.0400390625,2581.85009765625,2559.169921875,2573.800048828125,546800,2477.11,2539.34,2570.54,59.7,36.14,
2025-05-08,2581.27001953125,2590.89990234375,2575.780029296875,2579.47998046875,471600,2489.67,2537.83,2569.14,60.4,34.78,
2025-05-09,2587.929931640625,2589.580078125,2571.199951171875,2577.27001953125,485600,2501.83,2536.47,2567.69,60.0,33.6,
2025-05-12,2593.93994140625,2607.330078125,2585.60009765625,2607.330078125,409700,2517.51,2536.01,2566.39,64.2,33.35,
2025-05-13,2601.760009765625,2620.639892578125,2601.580078125,2608.419921875,422500,2525.68,2535.36,2564.98,64.4,32.33,
2025-05-14,2625.360107421875,2646.010009765625,2619.14990234375,2640.570068359375,390500,2536.07,2535.74,2563.89,68.5,32.71,
2025-05-15,2634.5,2643.830078125,2618.080078125,2621.360107421875,339600,2544.34,2537.51,2562.7,63.7,32.21,
2025-05-16,2630.639892578125,2633.97998046875,2619.10009765625,2626.8701171875,359700,2551.81,2539.47,2561.5,64.5,30.97,
2025-05-19,2613.699951171875,2619.429931640625,2593.43994140625,2603.419921875,313300,2559.61,2540.37,2560.3,58.8,31.15,
2025-05-20,2622.679931640625,2622.909912109375,2598.10009765625,2601.800048828125,457000,2566.18,2540.89,2559.19,58.5,30.69,
2025-05-21,2615.89990234375,2633.409912109375,2614.72998046875,2625.580078125,371500,2573.29,2542.13,2558.34,62.3,30.76,
2025-05-22,2614.659912109375,2616.530029296875,2588.090087890625,2593.669921875,358100,2578.55,2542.59,2557.49,54.9,31.24,
2025-05-23,2603.570068359375,2604.139892578125,2589.510009765625,2592.090087890625,434000,2583.83,2543.68,2556.58,54.6,30.05,
2025-05-26,2598.449951171875,2644.39990234375,2595.9599609375,2644.39990234375,380200,2589.77,2545.08,2556.01,62.9,31.64,
2025-05-27,2630.2900390625,2642.6298828125,2625.659912109375,2637.219970703125,318300,2595.51,2546.35,2555.64,61.2,30.72,
2025-05-28,2648.860107421875,2692.469970703125,2643.5,2670.14990234375,405500,2601.71,2548.42,2555.33,65.7,32.47,
2025-05-29,2691.06005859375,2720.639892578125,2686.639892578125,2720.639892578125,448300,2610.29,2550.62,2555.11,71.2,33.76,
2025-05-30,2713.239990234375,2717.5400390625,2689.8701171875,2697.669921875,525700,2616.91,2552.33,2554.9,66.0,33.55,
2025-06-02,2692.909912109375,2719.8701171875,2685.139892578125,2698.969970703125,323600,2624.03,2553.74,2554.55,66.2,33.63,
2025-06-04,2737.919921875,2771.030029296875,2734.02001953125,2770.840087890625,489900,2634.58,2556.41,2554.51,73.2,36.38,
2025-06-05,2790.330078125,2831.110107421875,2787.760009765625,2812.050048828125,556000,2646.49,2559.79,2555.19,76.2,38.08,
2025-06-09,2841.56005859375,2867.27001953125,2841.389892578125,2855.77001953125,537600,2660.3,2564.26,2557.26,79.0,39.31,
2025-06-10,2872.6201171875,2885.669921875,2849.669921875,2871.85009765625,508200,2675.03,2569.38,2559.01,79.9,39.07,
2025-06-11,2887.320068359375,2908.159912109375,2879.919921875,2907.0400390625,393900,2690.02,2574.65,2560.7,81.8,38.87,
2025-06-12,2909.989990234375,2934.31005859375,2909.989990234375,2920.030029296875,713700,2705.6,2580.9,2562.52,82.4,38.05,
2025-06-13,2930.570068359375,2932.3798828125,2877.070068359375,2894.6201171875,931700,2718.3,2587.64,2564.05,76.6,39.28,
2025-06-16,2903.5,2947.070068359375,2886.1298828125,2946.659912109375,726400,2734.57,2596.95,2565.69,79.8,40.83,
2025-06-17,2959.929931640625,2998.6201171875,2925.7900390625,2950.300048828125,939600,2750.74,2605.53,2567.34,80.0,43.11,
2025-06-18,2933.6298828125,2979.320068359375,2933.6298828125,2972.18994140625,576500,2769.18,2614.85,2568.97,81.2,43.3,
2025-06-19,2989.56005859375,2996.0400390625,2954.469970703125,2977.739990234375,433300,2787.97,2624.67,2570.38,81.5,43.17,
2025-06-20,2986.52001953125,3022.06005859375,2972.3701171875,3021.840087890625,484900,2807.79,2635.8,2572.11,83.8,43.64,
2025-06-23,2992.199951171875,3019.81005859375,2971.360107421875,3014.469970703125,625700,2828.83,2649.53,2573.7,81.9,44.13,
2025-06-24,3061.139892578125,3105.0400390625,3061.139892578125,3103.639892578125,579200,2854.4,2664.91,2575.72,85.9,47.44,
2025-06-25,3127.7900390625,3129.090087890625,3084.860107421875,3108.25,644800,2877.6,2681.21,2577.72,86.1,47.21,
2025-06-26,3108.340087890625,3113.030029296875,3036.550048828125,3079.56005859375,460600,2899.71,2693.9,2579.61,79.6,49.3,
2025-06-27,3077.8701171875,3093.56005859375,3041.85009765625,3055.93994140625,381600,2919.0,2706.36,2581.4,74.7,49.48,
2025-06-30,3072.75,3086.0,3063.419921875,3071.699951171875,464200,2936.56,2718.68,2583.31,75.8,48.09,
2025-07-01,3089.639892578125,3133.52001953125,3088.449951171875,3089.64990234375,576000,2956.16,2730.92,2585.31,77.0,49.07,
2025-07-02,3083.820068359375,3090.610107421875,3032.469970703125,3075.06005859375,696800,2974.96,2743.47,2587.37,73.8,49.72,
2025-07-03,3100.330078125,3116.27001953125,3085.97998046875,3116.27001953125,539100,2992.23,2756.39,2589.58,76.7,49.11,
2025-07-04,3122.280029296875,3123.840087890625,3052.909912109375,3054.280029296875,520800,3004.34,2767.81,2591.45,64.9,50.67,
2025-07-07,3044.780029296875,3068.429931640625,3032.989990234375,3059.469970703125,359400,3014.53,2779.23,2593.42,65.4,49.58,
2025-07-08,3071.739990234375,3115.860107421875,3066.030029296875,3114.949951171875,745800,3026.68,2791.8,2596.09,70.1,50.07,
2025-07-09,3123.219970703125,3137.169921875,3111.02001953125,3133.739990234375,643000,3038.02,2803.96,2598.89,71.5,48.36,
2025-07-10,3144.139892578125,3183.22998046875,3133.81005859375,3183.22998046875,596600,3051.18,2817.18,2602.08,74.9,48.44,
2025-07-11,3186.35009765625,3216.68994140625,3170.4599609375,3175.77001953125,465300,3065.24,2829.77,2605.28,73.5,48.28,
2025-07-14,3175.590087890625,3202.06005859375,3170.719970703125,3202.030029296875,444000,3078.0,2842.83,2608.67,75.2,47.07,
2025-07-15,3194.820068359375,3216.010009765625,3183.830078125,3215.280029296875,419700,3091.25,2855.83,2612.18,76.1,46.01,
2025-07-16,3207.47998046875,3209.199951171875,3178.419921875,3186.3798828125,531500,3101.96,2868.42,2615.25,70.3,45.35,
2025-07-17,3201.419921875,3201.419921875,3152.419921875,3192.2900390625,424800,3112.69,2881.07,2618.34,70.8,45.62,
2025-07-18,3200.43994140625,3204.75,3169.68994140625,3188.070068359375,393400,3121.0,2893.36,2621.37,69.9,44.86,
2025-07-21,3191.110107421875,3211.139892578125,3188.8701171875,3210.81005859375,343900,3130.82,2905.98,2624.46,72.0,43.3,
2025-07-22,3210.1201171875,3220.27001953125,3155.25,3169.93994140625,378500,3134.13,2917.84,2627.3,63.6,44.86,
2025-07-23,3189.64990234375,3199.860107421875,3141.929931640625,3183.77001953125,664800,3137.91,2929.37,2630.06,65.1,45.79,
2025-07-24,3209.429931640625,3237.969970703125,3183.050048828125,3190.449951171875,425500,3143.45,2941.01,2633.03,65.8,46.44,
2025-07-25,3184.3701171875,3205.820068359375,3184.3701171875,3196.050048828125,389300,3150.46,2952.12,2635.66,66.4,44.66,
2025-07-28,3228.610107421875,3228.610107421875,3180.179931640625,3209.52001953125,502700,3157.35,2963.88,2638.45,68.0,44.93,
2025-07-29,3192.169921875,3232.31005859375,3169.030029296875,3230.570068359375,373200,3164.4,2975.95,2641.64,70.2,46.24,
2025-07-30,3233.31005859375,3269.39990234375,3227.280029296875,3254.469970703125,338100,3173.37,2988.97,2645.1,72.6,45.94,
2025-07-31,3275.780029296875,3288.260009765625,3227.4599609375,3245.43994140625,540300,3179.83,3001.85,2648.48,70.3,47.0,
2025-08-01,3210.320068359375,3210.320068359375,3117.919921875,3119.409912109375,507800,3183.08,3011.72,2651.03,47.8,52.76,
2025-08-04,3114.27001953125,3157.449951171875,3105.6298828125,3147.75,293500,3187.5,3022.81,2653.79,51.5,52.69,
2025-08-05,3187.14990234375,3212.31005859375,3174.22998046875,3198.0,273400,3191.65,3034.92,2656.79,57.4,53.54,
2025-08-06,3182.06005859375,3200.14990234375,3176.610107421875,3198.139892578125,327400,3194.87,3046.0,2659.8,57.4,51.39,
2025-08-07,3214.81005859375,3227.679931640625,3200.280029296875,3227.679931640625,327000,3197.09,3057.81,2662.82,60.7,49.83,
2025-08-08,3220.580078125,3227.280029296875,3198.31005859375,3210.010009765625,341400,3198.8,3068.6,2665.7,57.8,48.37,
2025-08-11,3220.719970703125,3223.22998046875,3199.89990234375,3206.77001953125,305000,3199.04,3078.33,2668.68,57.3,46.58,
2025-08-12,3209.75,3242.169921875,3189.580078125,3189.909912109375,373200,3197.77,3088.17,2671.59,54.5,47.01,
2025-08-13,3225.39990234375,3226.3701171875,3192.169921875,3224.3701171875,320100,3199.67,3098.68,2674.74,58.9,46.26,
2025-08-14,3226.52001953125,3239.550048828125,3210.830078125,3225.659912109375,441500,3201.34,3107.78,2677.84,59.1,45.01,
2025-08-18,3202.6298828125,3206.77001953125,3177.280029296875,3177.280029296875,326100,3200.8,3115.08,2680.87,51.0,45.25,
2025-08-19,3185.0400390625,3185.47998046875,3142.47998046875,3151.56005859375,285300,3197.84,3121.0,2683.63,47.4,45.09,
2025-08-20,3121.52001953125,3132.830078125,3079.27001953125,3130.090087890625,335300,3195.84,3126.16,2686.38,44.5,47.03,
2025-08-21,3140.7099609375,3166.5400390625,3134.860107421875,3141.739990234375,276900,3193.74,3130.86,2689.17,46.4,46.27,
2025-08-22,3165.409912109375,3181.949951171875,3159.449951171875,3168.72998046875,236800,3192.66,3135.83,2691.95,50.6,45.84,
2025-08-25,3195.139892578125,3209.860107421875,3180.1201171875,3209.860107421875,220200,3193.35,3142.13,2694.91,56.3,45.5,
2025-08-26,3199.919921875,3199.919921875,3175.31005859375,3179.360107421875,325400,3191.84,3146.79,2697.84,51.6,44.72,
2025-08-27,3185.8701171875,3189.31005859375,3165.77001953125,3187.159912109375,281700,3189.67,3151.53,2701.0,52.7,43.21,
2025-08-28,3175.330078125,3211.340087890625,3164.080078125,3196.320068359375,312200,3186.76,3156.01,2704.27,54.0,43.5,
2025-08-29,3208.800048828125,3212.68994140625,3184.47998046875,3186.010009765625,245100,3183.79,3160.17,2707.25,52.2,42.41,
2025-09-01,3164.580078125,3177.39990234375,3135.02001953125,3142.929931640625,260100,3184.97,3162.6,2710.08,45.5,43.02,
2025-09-02,3155.72998046875,3174.159912109375,3151.929931640625,3172.35009765625,310700,3186.2,3165.75,2713.13,50.2,42.18,
2025-09-03,3177.75,3187.47998046875,3167.22998046875,3184.419921875,335800,3185.52,3167.37,2716.22,52.0,40.61,
2025-09-04,3188.840087890625,3205.610107421875,3185.489990234375,3200.830078125,286300,3185.65,3169.22,2719.42,54.5,39.22,
2025-09-05,3208.830078125,3214.639892578125,3196.18994140625,3205.1201171875,323800,3184.52,3171.73,2722.79,55.1,37.74,
2025-09-08,3209.81005859375,3221.139892578125,3206.340087890625,3219.590087890625,372300,3185.0,3175.0,2726.48,57.3,36.19,
2025-09-09,3231.31005859375,3260.050048828125,3221.97998046875,3260.050048828125,439900,3187.67,3178.77,2730.69,62.8,36.49,
2025-09-10,3272.199951171875,3317.77001953125,3272.070068359375,3314.530029296875,564700,3193.9,3183.27,2735.17,68.6,38.01,
2025-09-11,3336.60009765625,3344.699951171875,3311.860107421875,3344.199951171875,435600,3199.89,3188.65,2739.81,71.2,37.64,
2025-09-12,3374.64990234375,3395.5400390625,3362.860107421875,3395.5400390625,448900,3208.38,3194.24,2744.44,75.1,38.62,
2025-09-15,3407.780029296875,3420.22998046875,3391.330078125,3407.31005859375,378900,3219.89,3201.3,2749.11,75.9,37.92,
2025-09-16,3421.1298828125,3452.5,3418.10009765625,3449.6201171875,406200,3234.79,3209.1,2753.95,78.6,38.44,
2025-09-17,3433.830078125,3433.830078125,3406.75,3413.39990234375,326600,3248.95,3215.07,2758.62,71.3,38.76,
2025-09-18,3432.77001953125,3461.300048828125,3422.77001953125,3461.300048828125,391200,3264.93,3221.62,2763.42,74.7,39.41,
2025-09-19,3461.22998046875,3467.889892578125,3434.610107421875,3445.239990234375,348800,3278.76,3226.86,2767.97,71.6,38.97,
2025-09-22,3463.840087890625,3482.25,3458.8701171875,3468.64990234375,287900,3291.7,3232.72,2772.71,73.3,38.83,
2025-09-23,3489.4599609375,3494.489990234375,3467.830078125,3486.18994140625,358300,3307.04,3238.4,2777.63,74.6,37.96,
2025-09-24,3492.030029296875,3497.949951171875,3442.409912109375,3472.139892578125,287100,3321.29,3243.54,2782.46,71.7,39.22,
2025-09-25,3458.97998046875,3479.419921875,3454.080078125,3471.110107421875,293100,3335.03,3249.23,2787.54,71.5,38.23,
2025-09-26,3440.389892578125,3441.909912109375,3365.72998046875,3386.050048828125,399200,3345.03,3253.11,2792.2,56.4,43.03,
2025-09-29,3414.429931640625,3439.1201171875,3413.330078125,3431.2099609375,416500,3359.44,3257.97,2796.85,61.1,43.74,
2025-09-30,3436.0,3443.3798828125,3421.889892578125,3424.60009765625,526400,3372.06,3262.25,2801.66,60.1,42.15,
2025-10-01,3444.06005859375,3459.739990234375,3440.419921875,3455.830078125,493600,3385.63,3267.97,2806.73,63.2,41.65,
2025-10-02,3525.47998046875,3565.9599609375,3512.159912109375,3549.2099609375,402100,3403.04,3275.27,2812.33,70.6,46.54,
2025-10-10,3598.110107421875,3617.860107421875,3569.43994140625,3610.60009765625,407400,3423.32,3283.68,2818.58,74.3,48.12,
2025-10-13,3550.080078125,3584.550048828125,3522.5400390625,3584.550048828125,408000,3441.57,3291.45,2824.42,70.3,50.98,
2025-10-14,3604.1201171875,3646.77001953125,3535.52001953125,3561.81005859375,734100,3456.65,3298.49,2830.01,66.9,55.28,
2025-10-15,3580.639892578125,3659.909912109375,3577.06005859375,3657.280029296875,543600,3473.79,3307.03,2835.89,72.8,58.34,
2025-10-16,3675.820068359375,3748.3701171875,3675.820068359375,3748.3701171875,495800,3494.0,3316.91,2842.16,77.0,60.68,
2025-10-17,3732.760009765625,3794.8701171875,3722.070068359375,3748.889892578125,420800,3511.67,3326.97,2848.46,77.1,61.54,
2025-10-20,3775.39990234375,3814.68994140625,3728.3798828125,3814.68994140625,410100,3532.04,3340.88,2855.25,79.7,63.31,
2025-10-21,3851.010009765625,3893.06005859375,3816.18994140625,3823.840087890625,526900,3550.75,3354.4,2861.94,80.0,64.39,
2025-10-22,3827.22998046875,3883.679931640625,3794.52001953125,3883.679931640625,597200,3574.26,3368.12,2869.18,82.2,66.16,
2025-10-23,3835.7900390625,3902.2099609375,3822.330078125,3845.56005859375,423600,3593.48,3381.06,2876.39,76.6,67.14,
2025-10-24,3893.22998046875,3951.070068359375,3886.639892578125,3941.590087890625,426900,3618.29,3395.34,2883.89,80.2,69.88,
2025-10-27,3999.7900390625,4042.830078125,3999.7900390625,4042.830078125,517000,3647.0,3412.0,2891.9,83.2,72.12,
2025-10-28,4010.469970703125,4018.219970703125,3972.56005859375,4010.409912109375,408200,3673.21,3428.07,2899.8,79.1,71.99,
2025-10-29,4061.5400390625,4084.090087890625,4014.840087890625,4081.14990234375,466900,3703.66,3445.9,2908.18,81.3,72.11,
2025-10-30,4105.9501953125,4146.72021484375,4070.7900390625,4086.889892578125,566500,3734.45,3463.15,2916.62,81.4,72.38,
2025-10-31,4083.25,4122.08984375,4059.739990234375,4107.5,408300,3770.52,3480.78,2925.16,82.1,71.66,
2025-11-03,4123.35986328125,4221.919921875,4123.35986328125,4221.8701171875,472700,3810.06,3501.68,2934.06,85.1,74.72,
2025-11-04,4219.240234375,4226.75,4117.91015625,4121.740234375,423500,3844.91,3521.08,2942.23,73.5,77.16,
2025-11-05,4055.469970703125,4055.469970703125,3867.81005859375,4004.419921875,594200,3872.34,3538.57,2949.79,62.7,89.78,
2025-11-06,4092.4599609375,4111.9599609375,3985.2900390625,4026.449951171875,423400,3896.21,3556.26,2957.32,63.8,92.42,
2025-11-07,3963.719970703125,4037.610107421875,3887.320068359375,3953.760009765625,377100,3913.36,3571.96,2964.48,57.8,96.55,
2025-11-10,3991.8701171875,4092.909912109375,3984.239990234375,4073.239990234375,339500,3937.8,3589.23,2972.26,63.8,99.59,
2025-11-11,4124.2998046875,4187.4599609375,4066.580078125,4106.39013671875,377600,3965.03,3607.77,2980.35,65.3,101.11,
2025-11-12,4097.43994140625,4154.6201171875,4088.860107421875,4150.39013671875,334600,3989.68,3627.03,2988.61,67.2,98.59,
2025-11-13,4127.56982421875,4188.5400390625,4123.83984375,4170.6298828125,424200,4010.8,3646.52,2996.98,68.0,96.17,
2025-11-14,4061.909912109375,4092.760009765625,4011.39990234375,4011.570068359375,400000,4023.93,3663.03,3004.4,55.6,100.67,
2025-11-17,4078.570068359375,4089.8798828125,4045.39990234375,4089.25,344100,4037.66,3681.96,3012.23,59.5,99.08,
2025-11-18,4044.469970703125,4072.409912109375,3953.260009765625,3953.6201171875,319700,4044.15,3697.58,3019.4,51.1,101.71,
2025-11-19,3966.639892578125,3966.639892578125,3854.949951171875,3929.510009765625,338200,4046.44,3712.48,3026.46,49.7,102.42,
2025-11-20,4030.969970703125,4059.3701171875,4001.31005859375,4004.85009765625,360300,4054.4,3728.56,3033.75,53.8,104.38,
2025-11-21,3908.699951171875,3911.550048828125,3838.4599609375,3853.260009765625,319300,4049.99,3741.53,3040.43,45.8,108.81,
2025-11-24,3915.159912109375,3917.159912109375,3838.199951171875,3846.06005859375,373100,4040.15,3754.06,3046.98,45.4,106.68,
2025-11-25,3942.360107421875,3946.610107421875,3833.35009765625,3857.780029296875,279300,4032.52,3766.01,3053.68,46.1,107.15,
2025-11-26,3891.8798828125,3960.8701171875,3866.659912109375,3960.8701171875,295300,4026.5,3778.94,3061.22,52.1,106.86,
2025-11-27,3989.449951171875,4023.419921875,3968.429931640625,3986.909912109375,257900,4021.5,3791.79,3068.74,53.5,103.7,
2025-11-28,3995.300048828125,3995.300048828125,3921.889892578125,3926.590087890625,241900,4012.46,3802.41,3075.83,49.9,101.53,
2025-12-01,3967.919921875,3977.31005859375,3892.080078125,3920.3701171875,296900,3997.38,3812.67,3082.75,49.5,100.37,
2025-12-02,3939.090087890625,3994.929931640625,3935.139892578125,3994.929931640625,319000,3991.04,3823.58,3090.11,54.0,98.52,
2025-12-03,4010.260009765625,4052.830078125,3987.760009765625,4036.300048828125,290900,3992.64,3836.04,3097.69,56.3,96.14,
2025-12-04,4018.909912109375,4028.530029296875,3982.5400390625,4028.510009765625,352000,3992.74,3847.38,3105.14,55.7,93.11,
2025-12-05,4023.5,4100.0498046875,4003.2900390625,4100.0498046875,478500,4000.05,3860.48,3112.89,59.7,93.37,
2025-12-08,4109.25,4154.85009765625,4081.260009765625,4154.85009765625,395600,4004.13,3874.2,3120.75,62.5,91.96,
2025-12-09,4129.77001953125,4152.18017578125,4121.2099609375,4143.5498046875,400600,4005.99,3887.35,3128.52,61.6,87.79,
2025-12-10,4159.0498046875,4172.64013671875,4123.60009765625,4135.0,317900,4005.22,3900.61,3136.14,60.8,85.02,
2025-12-11,4163.31982421875,4170.77001953125,4103.2001953125,4110.6201171875,539800,4002.22,3913.4,3143.56,58.6,83.78,
2025-12-12,4123.830078125,4168.169921875,4120.72998046875,4167.16015625,426600,4010.0,3929.02,3151.04,62.0,81.9,
2025-12-15,4053.739990234375,4123.18994140625,4052.64990234375,4090.590087890625,346800,4010.07,3942.21,3158.22,55.3,84.23,
2025-12-16,4093.320068359375,4099.009765625,3996.22998046875,3999.1298828125,374000,4012.34,3953.7,3164.94,48.6,85.56,
2025-12-17,4019.429931640625,4060.239990234375,3994.64990234375,4056.409912109375,361000,4018.69,3965.71,3172.0,52.5,84.13,
2025-12-18,3989.60009765625,4030.64990234375,3975.5,3994.510009765625,581400,4018.17,3974.62,3178.82,48.2,83.9,
2025-12-19,4055.780029296875,4055.780029296875,3997.050048828125,4020.550048828125,442700,4026.54,3982.81,3185.72,50.1,82.28,
2025-12-22,4096.259765625,4105.93017578125,4083.1298828125,4105.93017578125,315600,4039.53,3993.24,3193.14,55.6,82.51,
2025-12-23,4127.39990234375,4140.83984375,4110.25,4117.31982421875,385800,4052.51,4004.35,3201.06,56.3,79.11,
2025-12-24,4136.240234375,4137.2001953125,4106.6201171875,4108.6201171875,363600,4059.9,4013.38,3208.96,55.6,75.64,
2025-12-26,4130.3701171875,4143.14013671875,4116.52978515625,4129.68017578125,510200,4067.03,4021.01,3216.81,57.0,72.7,
2025-12-29,4146.47998046875,4220.56005859375,4146.47998046875,4220.56005859375,502400,4081.73,4030.44,3225.04,62.6,74.0,
2025-12-30,4193.75,4226.35986328125,4186.9501953125,4214.169921875,408200,4096.42,4038.43,3233.29,62.0,71.53,
2026-01-02,4224.52978515625,4313.5498046875,4216.68017578125,4309.6298828125,406300,4112.16,4048.14,3241.99,67.2,73.52,
2026-01-05,4385.919921875,4457.52001953125,4381.93017578125,4457.52001953125,513900,4133.22,4059.62,3251.59,73.3,78.83,
2026-01-06,4446.080078125,4525.47998046875,4395.0,4525.47998046875,498400,4158.07,4073.22,3261.34,75.5,82.52,
2026-01-07,4566.33984375,4611.72021484375,4488.2001953125,4551.06005859375,553700,4180.62,4085.41,3271.23,76.3,85.45,
2026-01-08,4531.4599609375,4622.31982421875,4527.5,4552.3701171875,440100,4200.49,4095.6,3281.16,76.3,86.12,
2026-01-09,4530.02978515625,4590.02978515625,4500.47998046875,4586.31982421875,399200,4222.63,4107.12,3291.03,77.5,86.36,
2026-01-12,4639.89013671875,4652.5400390625,4567.5498046875,4624.7900390625,394800,4247.12,4117.99,3301.1,78.7,86.27,
2026-01-13,4662.43994140625,4693.06982421875,4641.580078125,4692.64013671875,429200,4276.22,4130.11,3311.42,80.8,84.98,
2026-01-14,4685.10986328125,4723.10009765625,4669.31982421875,4723.10009765625,550400,4304.02,4142.42,3321.85,81.6,82.75,
2026-01-15,4710.27978515625,4797.5498046875,4705.43994140625,4797.5498046875,545200,4339.37,4153.93,3332.62,83.5,83.42,
2026-01-16,4820.66015625,4855.60986328125,4797.75,4840.740234375,720900,4381.45,4168.31,3343.66,84.5,81.61,
2026-01-19,4829.39990234375,4917.3701171875,4827.9501953125,4904.66015625,570800,4423.86,4186.32,3355.11,85.9,82.17,
2026-01-20,4900.27978515625,4935.47998046875,4823.8798828125,4885.75,667700,4468.42,4203.5,3366.32,83.5,84.27,
2026-01-21,4808.93994140625,4910.5400390625,4807.1298828125,4909.93017578125,600100,4512.89,4222.63,3377.83,84.1,85.64,
2026-01-22,4987.06005859375,5019.5400390625,4934.169921875,4952.52978515625,568600,4555.22,4240.21,3389.8,85.2,87.35,
2026-01-23,4984.080078125,5021.1298828125,4926.22021484375,4990.06982421875,612600,4598.86,4257.88,3402.35,86.0,87.89,
2026-01-26,4997.5400390625,5023.759765625,4940.77978515625,4949.58984375,446900,4640.91,4273.87,3414.49,80.6,87.54,
2026-01-27,4932.89013671875,5084.85009765625,4890.72021484375,5084.85009765625,476200,4688.67,4292.15,3427.38,84.2,95.15,
2026-01-28,5145.39013671875,5183.43994140625,5124.7998046875,5170.81005859375,593100,4736.18,4315.34,3440.8,86.0,95.4,
2026-01-29,5243.419921875,5252.60986328125,5073.1201171875,5221.25,699700,4786.53,4337.98,3454.58,86.9,101.4,
2026-01-30,5210.35009765625,5321.68017578125,5199.77978515625,5224.35986328125,862500,4832.27,4363.39,3469.06,86.9,102.87,
2026-02-02,5122.6201171875,5196.7099609375,4933.580078125,4949.669921875,572500,4856.88,4383.8,3482.14,61.4,116.29,
2026-02-03,5114.81005859375,5288.080078125,5101.31005859375,5288.080078125,672600,4895.01,4409.46,3497.11,72.2,132.16,
2026-02-04,5260.7099609375,5376.919921875,5243.10986328125,5371.10009765625,789900,4936.01,4439.82,3511.74,74.1,132.27,
2026-02-05,5251.02978515625,5304.39990234375,5142.2001953125,5163.56982421875,911900,4966.57,4466.17,3525.4,62.5,139.18,
2026-02-06,5013.14990234375,5120.77001953125,4899.2998046875,5089.14013671875,745800,4991.71,4490.79,3538.56,59.0,148.11,
2026-02-09,5299.10009765625,5322.35009765625,5265.080078125,5298.0400390625,617700,5025.37,4517.54,3552.67,65.0,154.19,
2026-02-10,5350.2099609375,5363.6201171875,5286.669921875,5301.68994140625,712300,5055.82,4543.83,3566.94,65.1,148.67,
2026-02-11,5293.75,5374.22998046875,5257.52978515625,5354.490234375,753800,5087.39,4572.39,3581.36,66.5,146.39,
2026-02-12,5425.39013671875,5522.27001953125,5399.52001953125,5522.27001953125,750600,5123.63,4604.43,3596.55,70.7,147.92,
2026-02-13,5513.7099609375,5583.740234375,5480.919921875,5507.009765625,1290700,5156.94,4634.67,3611.65,69.8,144.7,
2026-02-19,5642.08984375,5681.64990234375,5614.97021484375,5677.25,1185800,5195.57,4667.49,3627.6,73.6,146.83,
2026-02-20,5696.89013671875,5809.91015625,5684.580078125,5808.52978515625,1749300,5241.71,4703.09,3644.01,76.1,145.82,
2026-02-23,5903.10986328125,5931.85986328125,5792.56982421875,5846.08984375,1477800,5288.52,4738.01,3660.63,76.8,145.36,
2026-02-24,5853.47998046875,5969.64013671875,5775.60986328125,5969.64013671875,1602000,5339.37,4774.31,3677.75,78.9,148.83,
2026-02-25,6022.7001953125,6144.7099609375,5984.27978515625,6083.85986328125,1415300,5394.06,4813.11,3695.42,80.7,150.71,
2026-02-26,6121.02978515625,6313.27001953125,6107.41015625,6307.27001953125,1409600,5461.95,4856.56,3714.13,83.5,156.33,
2026-02-27,6197.490234375,6347.41015625,6153.8701171875,6244.1298828125,1166100,5519.91,4899.23,3732.57,79.9,158.99,
2026-03-03,6165.14990234375,6180.4501953125,5791.64990234375,5791.91015625,1227200,5550.97,4931.72,3748.73,59.9,179.95,
2026-03-04,5592.58984375,5672.1201171875,5059.4501953125,5093.5400390625,1637600,5544.58,4951.78,3761.33,42.3,219.41,
2026-03-05,5250.919921875,5715.2998046875,5248.1298828125,5583.89990234375,1660700,5562.56,4983.48,3776.35,52.8,248.15,
2026-03-06,5491.02001953125,5609.97998046875,5381.27001953125,5584.8701171875,1223000,5594.32,5014.05,3791.39,52.8,246.77,
2026-03-09,5265.3701171875,5327.419921875,5096.16015625,5251.8701171875,1026200,5592.51,5039.2,3804.61,46.2,264.05,
2026-03-10,5523.2099609375,5595.8798828125,5427.8798828125,5532.58984375,923200,5600.58,5069.44,3819.23,51.7,269.76,
2026-03-11,5658.72021484375,5746.35986328125,5559.68994140625,5609.9501953125,1050900,5622.9,5099.52,3834.08,53.1,265.76,
2026-03-12,5567.64990234375,5629.06982421875,5527.47021484375,5583.25,801300,5647.61,5128.83,3848.89,52.5,254.03,
2026-03-13,5412.39013671875,5537.58984375,5392.52001953125,5487.240234375,907700,5657.07,5156.41,3863.19,50.4,249.51,
2026-03-16,5510.81982421875,5561.419921875,5448.75,5549.85009765625,1073900,5669.48,5184.81,3877.92,51.8,239.74,
2026-03-17,5711.7998046875,5717.1298828125,5632.85986328125,5640.47998046875,1135100,5683.77,5213.21,3893.12,53.7,234.56,
2026-03-18,5767.10009765625,5934.35009765625,5766.14013671875,5925.02978515625,1143800,5703.91,5247.43,3909.61,59.4,238.8,
2026-03-19,5761.39990234375,5863.39013671875,5738.9501953125,5763.22021484375,1184200,5716.72,5276.5,3925.46,55.3,235.03,
2026-03-20,5813.35009765625,5833.68017578125,5764.64013671875,5781.2001953125,1490800,5721.92,5302.97,3941.41,55.6,223.28,
2026-03-23,5580.14990234375,5580.14990234375,5397.93994140625,5405.75,1125600,5701.78,5320.58,3955.21,46.9,234.7,
2026-03-24,5638.2001953125,5643.0,5395.169921875,5553.919921875,1170500,5687.17,5340.63,3969.8,50.2,235.64,
2026-03-25,5680.330078125,5740.97021484375,5630.06982421875,5642.2099609375,763200,5670.8,5362.43,3984.66,52.1,232.17,
2026-03-26,5594.06005859375,5598.3701171875,5448.1201171875,5460.4599609375,925100,5639.63,5379.91,3998.36,48.1,229.45,
2026-03-27,5300.60986328125,5462.509765625,5220.10009765625,5438.8701171875,900100,5596.21,5396.2,4012.06,47.6,230.38,
2026-03-30,5181.7998046875,5297.35009765625,5151.22021484375,5277.2998046875,727400,5547.87,5407.89,4024.96,44.0,234.47,
2026-03-31,5143.75,5233.990234375,5042.990234375,5052.4599609375,1163300,5510.9,5414.48,4036.36,39.6,234.46,
2026-04-01,5330.0400390625,5512.330078125,5272.4501953125,5478.7001953125,959000,5530.16,5428.1,4049.7,49.9,250.56,
2026-04-02,5551.68994140625,5574.6201171875,5170.27001953125,5234.0498046875,1428200,5512.66,5435.97,4061.59,45.1,261.54,
2026-04-03,5375.5,5419.4501953125,5316.419921875,5377.2998046875,1185200,5502.29,5445.42,4074.12,48.2,256.1,
2026-04-06,5423.35009765625,5505.60986328125,5404.91015625,5450.330078125,1110500,5512.21,5456.71,4086.83,49.8,246.98,
2026-04-07,5552.18994140625,5594.89990234375,5424.4599609375,5494.77978515625,990400,5510.32,5468.41,4099.71,50.8,241.51,
2026-04-08,5804.7001953125,5919.60009765625,5774.0,5872.33984375,932600,5523.44,5486.8,4114.59,58.2,254.6,
2026-04-09,5826.4501953125,5862.41015625,5757.490234375,5778.009765625,1026700,5533.17,5502.56,4128.75,55.9,244.62,
2026-04-10,5876.1201171875,5918.58984375,5850.830078125,5858.8701171875,1002400,5551.76,5520.75,4143.29,57.4,237.19,
2026-04-13,5737.27978515625,5827.72998046875,5730.22998046875,5808.6201171875,1083200,5564.69,5535.22,4157.48,56.1,229.44,
2026-04-14,5960.0,6026.52001953125,5938.330078125,5967.75,889500,5581.06,5551.16,4172.43,59.3,228.61,
2026-04-15,6141.60009765625,6183.2099609375,6064.22998046875,6091.39013671875,923800,5589.38,5568.56,4187.77,61.6,227.67,
2026-04-16,6149.490234375,6231.02978515625,6126.06005859375,6226.0498046875,925700,5612.52,5588.6,4203.83,64.0,221.38,
2026-04-17,6227.330078125,6230.31982421875,6159.8798828125,6191.919921875,689700,5633.05,5613.44,4219.27,62.9,210.6,
2026-04-20,6213.919921875,6278.35986328125,6176.75,6219.08984375,692900,5673.72,5632.06,4234.83,63.4,202.82,
2026-04-21,6302.5400390625,6388.47021484375,6302.5400390625,6388.47021484375,792000,5715.45,5652.41,4251.37,66.6,200.43,
2026-04-22,6387.56982421875,6423.2900390625,6318.509765625,6417.93017578125,900100,5754.23,5677.5,4268.18,67.1,193.6,
2026-04-23,6488.830078125,6557.759765625,6309.10009765625,6475.81005859375,1042400,5805.0,5705.23,4285.2,68.2,197.53,
2026-04-24,6496.10009765625,6516.5400390625,6403.740234375,6475.6298828125,878200,5856.84,5728.78,4302.13,68.2,191.48,
2026-04-27,6533.60009765625,6657.22021484375,6529.18994140625,6615.02978515625,842700,5923.73,5755.05,4319.83,70.9,190.77,
2026-04-28,6646.7998046875,6712.72998046875,6621.72998046875,6641.02001953125,1139500,6003.15,5780.78,4337.46,71.3,184.12,
2026-04-29,6619.0,6702.3798828125,6596.02978515625,6690.89990234375,717900,6063.76,5804.15,4355.64,72.3,178.57,
2026-04-30,6739.39013671875,6750.27001953125,6597.830078125,6598.8701171875,685500,6132.01,5825.99,4373.34,67.8,176.7,
2026-05-04,6782.93017578125,6937.0,6741.6298828125,6936.990234375,873000,6209.99,5851.18,4392.45,74.1,188.23,
2026-05-06,7093.009765625,7426.60009765625,7093.009765625,7384.56005859375,995700,6306.7,5882.71,4413.7,79.8,209.76,
2026-05-07,7499.06982421875,7531.8798828125,7257.89013671875,7490.0498046875,767500,6406.46,5915.58,4435.23,80.8,214.35,
2026-05-08,7353.93994140625,7511.009765625,7318.9599609375,7498.0,523100,6487.75,5946.15,4456.85,80.9,212.75,
2026-05-11,7775.31005859375,7899.31982421875,7713.490234375,7822.240234375,731300,6589.96,5980.92,4479.95,83.9,226.22,
2026-05-12,7953.41015625,7999.669921875,7421.7099609375,7643.14990234375,1021100,6679.17,6007.64,4502.09,76.7,251.35,
2026-05-13,7513.64990234375,7855.47021484375,7402.35986328125,7844.009765625,738700,6780.94,6039.63,4525.37,78.9,265.76,
2026-05-14,7873.91015625,7991.0400390625,7842.72021484375,7981.41015625,849900,6881.63,6083.42,4549.32,80.3,257.37,
2026-05-15,7951.75,8046.77978515625,7371.68017578125,7493.18017578125,885600,6951.72,6131.42,4570.85,64.4,287.21,
2026-05-18,7443.2900390625,7636.2001953125,7142.7099609375,7516.0400390625,566600,7016.22,6170.06,4592.37,64.7,301.94,
2026-05-19,7425.66015625,7446.56982421875,7141.91015625,7271.66015625,533500,7070.2,6203.8,4612.88,58.1,307.1,
2026-05-20,7324.52001953125,7324.52001953125,7053.83984375,7208.9501953125,492500,7119.7,6242.94,4633.01,56.5,304.5,
2026-05-21,7486.3701171875,7819.22998046875,7486.3701171875,7815.58984375,621100,7191.05,6288.6,4656.13,66.2,326.34,
2026-05-22,7873.1201171875,7886.64013671875,7780.1298828125,7847.7099609375,435500,7262.54,6333.35,4679.39,66.6,310.64,
2026-05-26,8070.91015625,8131.14990234375,8008.18994140625,8047.509765625,519600,7341.12,6382.64,4703.58,69.2,308.69,
2026-05-27,8242.1201171875,8457.08984375,8220.0400390625,8228.7001953125,619500,7428.78,6437.47,4728.57,71.4,315.9,
2026-05-28,8165.72998046875,8253.599609375,7841.009765625,8185.2900390625,669000,7507.29,6490.18,4753.22,70.1,322.81,
2026-05-29,8384.3095703125,8476.150390625,8273.740234375,8476.150390625,735100,7599.05,6546.89,4779.38,73.5,320.53,
2026-06-01,8485.669921875,8874.16015625,8485.669921875,8788.3798828125,636200,7703.92,6604.16,4807.72,76.6,326.06,
2026-06-02,8883.1904296875,8933.6201171875,8503.1201171875,8801.490234375,632600,7814.05,6664.92,4835.99,76.7,333.52,
2026-06-04,8623.8203125,8759.0498046875,8577.2998046875,8639.41015625,437900,7899.17,6722.09,4863.2,71.7,325.71,
2026-06-05,8323.2001953125,8382.16015625,8038.10009765625,8160.58984375,463200,7937.98,6777.18,4888.01,59.4,345.4,
2026-06-08,8048.08984375,8048.08984375,7442.72998046875,7484.41015625,452200,7937.69,6815.79,4909.29,47.1,372.0,
2026-06-09,7697.759765625,8119.08984375,7598.8701171875,8096.93017578125,448500,7967.64,6864.89,4933.73,56.0,390.76,
2026-06-10,7899.77001953125,7996.68017578125,7541.10986328125,7730.81982421875,460900,7963.07,6910.29,4956.35,50.5,402.55,
2026-06-11,7509.6201171875,7800.6201171875,7394.4599609375,7763.9501953125,478700,7969.11,6956.8,4979.22,51.0,402.81,
2026-06-12,8263.849609375,8434.400390625,8079.77001953125,8123.6201171875,493400,7983.09,7013.72,5003.72,55.9,421.93,
2026-06-15,8526.1201171875,8603.48046875,8450.240234375,8545.98046875,516600,8011.32,7083.59,5030.32,60.8,426.07,
2026-06-16,8696.5498046875,8753.8203125,8540.41015625,8726.599609375,586300,8072.99,7148.55,5058.06,62.7,410.88,
2026-06-17,8622.1298828125,8872.1796875,8605.66015625,8864.240234375,571200,8140.4,7221.15,5086.63,64.1,400.57,
2026-06-18,8884.919921875,9106.0703125,8867.33984375,9063.83984375,510900,8230.01,7294.89,5116.3,66.2,389.23,
2026-06-19,9288.8896484375,9385.58984375,8831.7197265625,9052.419921875,517200,8322.18,7366.93,5145.85,65.9,400.99,
2026-06-22,8954.4296875,9253.0,8900.6796875,9114.5498046875,381100,8387.13,7439.32,5175.58,66.6,397.51,
2026-06-23,9083.5400390625,9175.4501953125,8203.83984375,8203.83984375,488700,8404.94,7485.95,5200.55,50.6,438.52,
2026-06-24,8356.7900390625,8577.51953125,8080.990234375,8471.01953125,418200,8426.11,7539.81,5227.01,54.1,442.66,
2026-06-25,8703.419921875,9044.0400390625,8693.6201171875,8930.2998046875,456900,8461.19,7601.24,5255.72,59.4,451.97,
2026-06-26,8813.1796875,8861.7001953125,8126.83984375,8411.2099609375,518500,8472.49,7653.29,5281.8,52.1,477.08,
2026-06-29,8394.650390625,8394.650390625,8394.650390625,8394.650390625,0,8468.41,7701.83,5307.84,51.9,444.19,
2026-06-30,8416.7001953125,8667.73046875,8220.7998046875,8476.48046875,449800,8452.82,7749.53,5334.51,52.9,444.38,
2026-07-01,8591.5,8620.150390625,8143.330078125,8303.41015625,468200,8427.91,7791.08,5360.16,50.4,446.7,
2026-07-02,7933.10009765625,8136.27978515625,7616.330078125,7648.08984375,505200,8378.35,7820.2,5382.48,42.2,463.87,
2026-07-03,7739.75,8136.27978515625,7378.10009765625,8088.33984375,465800,8374.74,7857.59,5406.92,48.3,484.89,
2026-07-06,8186.81982421875,8327.259765625,7815.52978515625,8051.330078125,448700,8403.08,7890.85,5431.15,47.8,486.81,
2026-07-07,7919.2001953125,7954.5498046875,7389.22021484375,7656.31005859375,516400,8381.05,7915.61,5453.33,43.2,499.33,
2026-07-08,7452.47998046875,7791.66015625,7186.2099609375,7246.7900390625,501100,8356.85,7931.03,5473.27,38.9,506.91,
2026-07-09,7486.64013671875,7543.85986328125,7063.759765625,7291.91015625,582800,8333.25,7947.36,5493.15,39.6,504.99,
2026-07-10,7552.490234375,7704.93017578125,7429.509765625,7475.93994140625,453200,8300.86,7964.58,5513.81,42.5,498.42,
2026-07-13,7412.02978515625,7529.06982421875,6783.43017578125,6806.93017578125,474100,8213.91,7967.89,5530.87,35.8,516.08,
2026-07-14,6769.06005859375,6979.919921875,6448.85986328125,6856.830078125,491600,8120.42,7971.21,5548.12,36.6,517.15,
2026-07-15,7082.91015625,7424.18017578125,7082.91015625,7284.41015625,397900,8041.43,7984.92,5567.29,43.2,520.74,
2026-07-16,6960.5,6995.93017578125,6730.8701171875,6820.60009765625,424300,7929.27,7982.6,5584.33,38.5,523.08,
2026-07-20,6643.580078125,6814.85986328125,6472.7998046875,6516.27001953125,345800,7802.46,7965.23,5599.6,35.8,510.56,
2026-07-21,6553.8798828125,6836.85986328125,6429.02978515625,6747.9501953125,391100,7684.13,7950.39,5616.12,39.3,503.22,
2026-07-22,7052.08984375,7166.0,6791.06005859375,6797.7001953125,373800,7613.82,7936.38,5632.76,40.1,497.14,
2026-07-23,6963.35009765625,7108.43994140625,6892.64013671875,7096.89013671875,397300,7545.12,7921.88,5650.81,44.6,483.83,
2026-07-24,7000.77978515625,7000.77978515625,6650.41015625,6690.6201171875,397700,7433.13,7902.83,5666.91,40.2,481.16,
2026-07-27,6806.27001953125,6806.27001953125,6557.39013671875,6755.75,275700,7350.36,7881.06,5683.33,41.2,464.57,
2026-07-28,6400.27001953125,6413.56982421875,5992.91015625,6023.66015625,331300,7231.81,7841.9,5696.52,34.2,485.87,
2026-07-29,6089.10986328125,6228.52001953125,5262.77001953125,5663.240234375,457400,7091.15,7805.31,5707.68,31.4,520.15,
2026-07-30,5681.77001953125,5976.81982421875,5547.41015625,5593.56005859375,378900,6955.66,7766.86,5718.52,30.8,513.67,
2026-07-31,5657.7900390625,6630.77001953125,5629.759765625,6595.4501953125,434400,6903.02,7753.33,5734.22,45.2,551.06,
2026-08-03,6358.27001953125,6393.0,6223.2900390625,6257.4501953125,273000,6811.48,7734.3,5747.76,42.0,538.28,
2026-08-04,6351.3798828125,6389.39990234375,6080.25,6358.9501953125,313000,6726.86,7705.17,5761.5,43.3,521.92,
2026-08-05,6603.47998046875,6674.66015625,6540.27001953125,6598.259765625,338500,6673.96,7680.18,5776.57,46.3,507.19,
2026-08-06,6478.75,6550.93994140625,6238.31982421875,6296.3798828125,284500,6626.44,7645.16,5790.25,43.2,496.67,
2026-08-07,6365.06982421875,6415.60009765625,6158.72998046875,6258.77001953125,299400,6574.78,7605.76,5803.25,42.8,479.54,
2026-08-10,6306.330078125,6394.06005859375,6232.4501953125,6299.66015625,293700,6515.97,7568.05,5816.01,43.4,456.83,
2026-08-11,6240.06005859375,6405.81005859375,6213.77978515625,6345.52978515625,333500,6492.9,7525.43,5828.99,44.1,437.92,
2026-08-12,6438.5,6668.43017578125,6413.5,6579.0400390625,360700,6479.01,7481.25,5842.81,47.7,429.7,
2026-08-13,6773.919921875,6895.6298828125,6748.1298828125,6813.33984375,418900,6455.45,7441.48,5857.76,51.0,421.62,
2026-08-14,6995.669921875,7010.85986328125,6848.43017578125,6977.93994140625,332900,6463.32,7408.26,5873.23,53.3,405.62,
2026-08-18,7127.77001953125,7216.6201171875,6788.77978515625,6869.830078125,402700,6481.0,7382.44,5888.35,51.6,407.2,
2026-08-19,6528.77001953125,6614.39013671875,6400.81005859375,6471.169921875,305800,6467.16,7362.18,5901.0,45.8,411.62,
2026-08-20,6680.33984375,6904.5498046875,6600.08984375,6852.580078125,304500,6469.9,7337.29,5915.05,51.4,413.17,
2026-08-21,6759.9501953125,6954.1201171875,6742.43994140625,6912.9501953125,408000,6460.71,7320.93,5929.56,52.3,398.78,
2026-08-24,6881.06982421875,6884.56982421875,6656.06982421875,6696.9599609375,267700,6461.02,7299.59,5942.64,49.0,388.65,
2026-08-25,6535.93017578125,6747.16015625,6408.81982421875,6742.740234375,286800,6460.37,7271.97,5955.92,49.7,385.05,
2026-08-26,6727.25,6887.18017578125,6704.10009765625,6808.2099609375,329400,6499.6,7237.22,5969.43,50.8,370.63,
2026-08-27,6996.1201171875,6996.1201171875,6841.8798828125,6912.3701171875,268500,6562.06,7200.93,5982.88,52.5,357.57,
2026-08-28,6846.5400390625,6901.77978515625,6780.1298828125,6788.8798828125,292600,6621.82,7159.43,5996.21,50.3,341.48,
2026-08-31,6613.580078125,6820.10009765625,6547.759765625,6820.02001953125,364300,6633.05,7114.55,6010.29,50.8,336.54,
2026-09-01,6784.2900390625,6857.35009765625,6732.47021484375,6835.7998046875,273600,6661.97,7070.22,6024.34,51.1,321.42,
2026-09-02,6625.47021484375,6694.56982421875,6558.2998046875,6562.72021484375,324100,6672.16,7019.18,6037.38,45.8,318.28,
2026-09-03,6650.330078125,6682.97021484375,6439.490234375,6579.47998046875,433500,6671.22,6986.69,6049.91,46.2,312.94,
2026-09-04,6654.35986328125,6746.14013671875,6632.77001953125,6687.2099609375,238200,6690.76,6951.02,6062.82,48.6,302.49,
2026-09-07,6910.77978515625,6995.39990234375,6867.91015625,6995.39013671875,240400,6727.59,6912.32,6077.04,54.9,302.9,
2026-09-08,7045.7900390625,7171.52001953125,6951.77978515625,6954.52001953125,335200,6760.33,6883.19,6090.96,54.0,296.96,
2026-09-09,6972.8701171875,7112.47998046875,6968.06005859375,7051.64013671875,322200,6795.64,6856.33,6106.16,55.9,287.03,
2026-09-10,7038.85009765625,7072.7900390625,6898.4501953125,7033.919921875,422600,6818.38,6827.47,6120.89,55.4,278.98,
2026-09-11,6802.5,6948.830078125,6802.5,6909.91015625,268900,6823.21,6799.6,6135.67,52.2,275.58,
2026-09-14,6692.60986328125,6773.97021484375,6654.81982421875,6684.3701171875,297200,6808.53,6780.33,6149.44,46.9,274.12,
2026-09-15,6659.25,6715.4599609375,6582.2001953125,6627.259765625,287900,6796.41,6751.11,6162.55,45.6,264.06,
2026-09-16,6611.240234375,6717.97021484375,6598.8701171875,6717.97021484375,209100,6808.75,6724.44,6176.88,48.0,253.7,
2026-09-17,6779.02001953125,6795.52978515625,6697.85009765625,6715.41015625,197208,6801.89,6705.62,6191.23,47.9,242.56,
