session_date,open,high,low,close,volume,ma20,ma50,ma200,rsi14,atr14,vol_index
2019-07-01,279.5899963378906,279.67999267578125,276.8500061035156,277.2699890136719,74400000,,,,,,
2019-07-02,276.05999755859375,277.4599914550781,274.6300048828125,275.9700012207031,65500000,,,,,,
2019-07-03,275.57000732421875,276.69000244140625,271.8999938964844,272.3699951171875,97500000,,,,,,
2019-07-04,273.17999267578125,274.6099853515625,271.92999267578125,274.5400085449219,77500000,,,,,,
2019-07-05,274.739990234375,275.2300109863281,272.4100036621094,274.3500061035156,60000000,,,,,,
2019-07-08,271.3800048828125,271.6700134277344,268.3800048828125,268.54998779296875,75100000,,,,,,
2019-07-09,269.6000061035156,270.2200012207031,267.7200012207031,267.7200012207031,71900000,,,,,,
2019-07-10,269.2900085449219,270.3299865722656,268.6000061035156,268.75,67500000,,,,,,
2019-07-11,270.5799865722656,272.9700012207031,270.4599914550781,271.7799987792969,107400000,,,,,,
2019-07-12,272.2099914550781,273.2300109863281,271.2799987792969,272.67999267578125,55700000,,,,,,
2019-07-15,272.05999755859375,273.3800048828125,270.989990234375,272.6400146484375,83600000,,,,,,
2019-07-16,272.7900085449219,274.5400085449219,272.1400146484375,274.04998779296875,137100000,,,,,,
2019-07-17,272.1300048828125,272.2799987792969,270.2900085449219,271.4800109863281,117900000,,,,,,
2019-07-18,271.04998779296875,271.6300048828125,269.7300109863281,270.6700134277344,80100000,,,,,,
2019-07-19,272.7099914550781,274.95001220703125,272.2099914550781,274.54998779296875,87900000,,,,45.1,3.22,
2019-07-22,273.8999938964844,275.3500061035156,273.57000732421875,274.54998779296875,60900000,,,,45.1,3.12,
2019-07-23,274.92999267578125,276.55999755859375,274.8399963378906,275.9200134277344,95100000,,,,48.1,3.04,
2019-07-24,275.1199951171875,276.4800109863281,272.9100036621094,273.2200012207031,84300000,,,,43.1,3.08,
2019-07-25,274.0799865722656,274.6199951171875,271.25,273.0400085449219,95700000,,,,42.8,3.1,
2019-07-26,271.4100036621094,272.55999755859375,270.57000732421875,272.25,89800000,272.82,,,41.3,3.05,
2019-07-29,271.2099914550781,271.9100036621094,267.07000732421875,267.75,78800000,272.34,,,34.2,3.21,
2019-07-30,268.69000244140625,269.7900085449219,268.3299865722656,268.95001220703125,64500000,271.99,,,37.3,3.12,
2019-07-31,268.4599914550781,269.1400146484375,265.0,266.3399963378906,96200000,271.69,,,33.6,3.19,
2019-08-01,264.9700012207031,267.44000244140625,264.4700012207031,265.7300109863281,72600000,271.25,,,32.8,3.18,
2019-08-02,262.6099853515625,263.94000244140625,261.75,262.989990234375,99700000,270.68,,,29.3,3.24,
2019-08-05,261.1000061035156,261.3999938964844,256.760009765625,257.19000244140625,131000000,270.11,,,23.7,3.45,
2019-08-06,250.85000610351562,257.0400085449219,250.24000549316406,253.41000366210938,123200000,269.4,,,20.8,3.7,
2019-08-07,254.4600067138672,254.89999389648438,251.0800018310547,252.0,90700000,268.56,,,19.9,3.71,
2019-08-08,254.11000061035156,255.3300018310547,252.3699951171875,252.39999389648438,163700000,267.59,,,21.0,3.68,
2019-08-09,255.1300048828125,256.1499938964844,254.41000366210938,254.85000610351562,117700000,266.7,,,27.6,3.69,
2019-08-12,255.57000732421875,256.42999267578125,254.42999267578125,255.35000610351562,69400000,265.83,,,28.9,3.57,
2019-08-13,253.5,254.5800018310547,252.6300048828125,252.8300018310547,76800000,264.77,,,26.3,3.51,
2019-08-14,255.83999633789062,256.82000732421875,254.58999633789062,254.86000061035156,82200000,263.94,,,31.6,3.54,
2019-08-16,252.75999450683594,253.94000244140625,251.4600067138672,253.89999389648438,71800000,263.1,,,30.5,3.53,
2019-08-19,255.1999969482422,255.83999633789062,254.25,255.11000061035156,66000000,262.13,,,33.7,3.42,
2019-08-20,255.52999877929688,258.6199951171875,254.74000549316406,258.04998779296875,81700000,261.31,,,40.7,3.45,
2019-08-21,257.1499938964844,259.489990234375,257.1099853515625,258.3800048828125,65500000,260.43,,,41.5,3.37,
2019-08-22,258.5299987792969,258.7300109863281,256.25,256.2799987792969,67300000,259.58,,,38.2,3.31,
2019-08-23,255.11000061035156,256.8800048828125,254.91000366210938,256.1099853515625,54800000,258.74,,,37.9,3.21,
2019-08-26,251.8000030517578,253.13999938964844,250.99000549316406,252.19000244140625,62600000,257.73,,,32.3,3.35,
2019-08-27,253.74000549316406,254.9600067138672,252.52999877929688,253.5,93400000,257.02,,,35.7,3.31,
2019-08-28,254.1999969482422,255.97999572753906,253.64999389648438,255.52999877929688,58300000,256.35,,,40.7,3.25,
2019-08-29,255.67999267578125,256.2799987792969,253.60000610351562,254.30999755859375,64800000,255.75,,,38.8,3.21,
2019-08-30,256.8500061035156,259.6099853515625,256.7200012207031,259.0,94200000,255.41,,,48.9,3.36,
2019-09-02,258.25,259.739990234375,257.79998779296875,259.0799865722656,54900000,255.22,,,49.0,3.26,
2019-09-03,258.54998779296875,259.6700134277344,257.3999938964844,258.25,64300000,255.27,,,47.4,3.19,
2019-09-04,257.8900146484375,261.69000244140625,257.760009765625,261.69000244140625,69300000,255.68,,,54.1,3.24,
2019-09-05,262.5299987792969,266.0,262.2699890136719,264.44000244140625,89000000,256.31,,,58.6,3.32,
2019-09-06,266.20001220703125,266.3599853515625,264.739990234375,265.5299987792969,59200000,256.96,,,60.3,3.22,
2019-09-09,266.1099853515625,268.6700134277344,265.9200134277344,267.3999938964844,62200000,257.59,264.19,,63.1,3.21,
2019-09-10,267.9599914550781,269.1300048828125,267.3500061035156,268.760009765625,66300000,258.26,264.02,,65.0,3.11,
2019-09-11,270.3500061035156,271.3500061035156,269.5799865722656,270.8399963378906,103900000,259.16,263.92,,67.7,3.07,
2019-09-16,271.4800109863281,272.0299987792969,269.5899963378906,272.0199890136719,103300000,260.02,263.92,,69.2,3.03,
2019-09-17,271.4599914550781,272.260009765625,270.8999938964844,271.67999267578125,73700000,260.91,263.86,,68.2,2.91,
2019-09-18,271.8800048828125,273.7200012207031,271.0400085449219,273.05999755859375,67600000,261.8,263.83,,70.1,2.89,
2019-09-19,273.1099853515625,276.1499938964844,273.0299987792969,274.9200134277344,70500000,262.65,263.96,,72.4,2.91,
2019-09-20,275.010009765625,276.6700134277344,274.4599914550781,276.44000244140625,74000000,263.55,264.13,,74.1,2.86,
2019-09-23,275.8599853515625,277.1099853515625,275.6400146484375,276.6499938964844,60200000,264.57,264.29,,74.4,2.76,
2019-09-24,276.4100036621094,278.1700134277344,275.54998779296875,277.9700012207031,68300000,265.66,264.42,,75.9,2.75,
2019-09-25,276.6700134277344,277.0400085449219,274.1199951171875,274.4200134277344,70800000,266.77,264.45,,64.7,2.83,
2019-09-26,275.6099853515625,276.3800048828125,273.5,274.8900146484375,89600000,267.84,264.5,,65.4,2.83,
2019-09-27,273.32000732421875,273.3999938964844,270.5199890136719,271.3299865722656,57700000,268.63,264.44,,56.0,2.94,
2019-09-30,270.6099853515625,273.8500061035156,270.05999755859375,273.54998779296875,54700000,269.6,264.48,,59.9,3.0,
2019-10-01,273.42999267578125,275.3800048828125,272.80999755859375,274.4200134277344,52600000,270.37,264.56,,61.3,2.97,
2019-10-02,272.3900146484375,272.4200134277344,268.54998779296875,268.54998779296875,66200000,270.84,264.44,,48.7,3.18,
2019-10-04,268.1400146484375,270.1600036621094,267.3900146484375,267.3900146484375,62900000,271.3,264.29,,46.6,3.15,
2019-10-07,269.1199951171875,269.75,266.8299865722656,267.6700134277344,53600000,271.6,264.13,,47.2,3.13,
2019-10-08,268.8999938964844,271.510009765625,267.9700012207031,271.3599853515625,75100000,271.94,264.09,,54.2,3.18,
2019-10-10,268.7900085449219,270.7799987792969,266.2300109863281,268.79998779296875,98200000,272.11,264.01,,49.3,3.32,
2019-10-11,271.67999267578125,272.67999267578125,270.5799865722656,271.29998779296875,59600000,272.3,263.99,,53.7,3.36,
2019-10-14,274.7099914550781,275.75,273.9700012207031,274.2300109863281,71000000,272.57,264.12,,58.3,3.44,
2019-10-15,273.8500061035156,275.0899963378906,273.8299865722656,274.3399963378906,53100000,272.75,264.23,,58.5,3.28,
2019-10-16,276.260009765625,277.5899963378906,275.239990234375,276.32000732421875,65400000,272.96,264.43,,61.4,3.28,
2019-10-17,275.9200134277344,276.67999267578125,274.6199951171875,275.57000732421875,53900000,273.16,264.62,,59.7,3.19,
2019-10-18,275.989990234375,277.05999755859375,272.2799987792969,272.80999755859375,71500000,273.15,264.82,,53.7,3.31,
2019-10-21,273.8699951171875,274.1000061035156,272.6700134277344,273.7900085449219,45400000,273.09,265.15,,55.4,3.17,
2019-10-22,275.3999938964844,278.19000244140625,274.92999267578125,277.4100036621094,63900000,273.14,265.63,,61.1,3.26,
2019-10-23,276.8299865722656,277.2900085449219,275.3399963378906,276.2300109863281,65300000,273.12,266.12,,58.5,3.18,
2019-10-24,277.70001220703125,277.8399963378906,274.30999755859375,276.70001220703125,73700000,273.05,266.6,,59.3,3.2,
2019-10-25,277.6000061035156,277.6700134277344,275.70001220703125,277.07000732421875,58300000,273.19,267.05,,59.9,3.11,
2019-10-28,278.1600036621094,279.4200134277344,277.2900085449219,277.7799987792969,59100000,273.33,267.49,,61.1,3.06,
2019-10-29,279.25,279.489990234375,276.80999755859375,277.54998779296875,57100000,273.64,267.99,,60.5,3.03,
2019-10-30,277.489990234375,277.489990234375,274.95001220703125,275.510009765625,72500000,273.74,268.4,,54.9,3.0,
2019-10-31,276.8399963378906,279.0400085449219,275.82000732421875,275.82000732421875,78300000,273.81,268.84,,55.6,3.04,
2019-11-01,276.1700134277344,278.54998779296875,275.5899963378906,278.42999267578125,58500000,274.3,269.31,,60.8,3.03,
2019-11-04,279.8999938964844,282.7699890136719,279.8999938964844,282.5400085449219,77000000,275.06,269.8,,67.4,3.13,
2019-11-05,282.989990234375,284.4599914550781,282.2699890136719,284.3800048828125,76400000,275.9,270.32,,69.8,3.06,
2019-11-06,284.30999755859375,286.42999267578125,283.70001220703125,284.5199890136719,78000000,276.56,270.88,,70.0,3.04,
2019-11-07,284.0400085449219,284.82000732421875,283.04998779296875,284.3699951171875,70700000,277.33,271.45,,69.5,2.95,
2019-11-08,285.80999755859375,286.1199951171875,282.57000732421875,283.1300048828125,73700000,277.93,272.07,,65.4,2.99,
2019-11-11,283.29998779296875,283.29998779296875,280.3999938964844,280.8500061035156,61600000,278.26,272.61,,58.7,2.98,
2019-11-12,281.8999938964844,283.6499938964844,280.7900085449219,283.6499938964844,65600000,278.72,273.17,,63.6,2.97,
2019-11-13,282.2799987792969,282.489990234375,280.6199951171875,281.2799987792969,60100000,278.97,273.71,,57.4,2.98,
2019-11-14,281.8999938964844,283.92999267578125,281.1000061035156,283.92999267578125,79800000,279.39,274.21,,61.9,2.97,
2019-11-15,283.8500061035156,287.7200012207031,283.29998779296875,287.2900085449219,71700000,280.11,274.78,,66.7,3.07,
2019-11-18,287.1000061035156,287.7799987792969,285.94000244140625,287.17999267578125,56100000,280.78,275.36,,66.4,2.98,
2019-11-19,285.739990234375,286.3399963378906,283.7300109863281,286.2300109863281,68200000,281.22,275.85,,63.8,3.02,
2019-11-20,284.2699890136719,285.2900085449219,282.0,282.2099914550781,73600000,281.52,276.2,,54.0,3.1,
2019-11-21,281.8900146484375,282.3299865722656,276.9800109863281,278.2799987792969,81800000,281.6,276.46,,46.5,3.26,
2019-11-22,278.57000732421875,279.8900146484375,278.1400146484375,279.42999267578125,74300000,281.72,276.7,,48.7,3.16,
2019-11-25,281.7699890136719,283.5299987792969,281.4800109863281,282.19000244140625,64500000,281.94,276.97,,53.8,3.22,
2019-11-26,283.0899963378906,284.8699951171875,281.7699890136719,281.8299865722656,119500000,282.15,277.19,,53.0,3.21,
2019-11-27,283.55999755859375,284.0199890136719,281.2699890136719,282.8500061035156,60900000,282.52,277.4,,54.9,3.18,
2019-11-28,281.2300109863281,282.79998779296875,281.04998779296875,281.2300109863281,61600000,282.79,277.59,,51.4,3.08,
2019-11-29,282.0799865722656,282.1000061035156,276.3399963378906,276.7799987792969,74600000,282.71,277.67,,43.3,3.27,
2019-12-02,278.2699890136719,279.44000244140625,276.9700012207031,277.44000244140625,66600000,282.45,277.72,,44.7,3.23,
2019-12-03,274.92999267578125,276.6300048828125,273.8800048828125,276.19000244140625,67300000,282.04,277.71,,42.5,3.25,
2019-12-04,274.3599853515625,274.67999267578125,272.5299987792969,274.1499938964844,81900000,281.52,277.66,,39.2,3.28,
2019-12-05,275.6499938964844,276.6300048828125,272.5299987792969,273.29998779296875,66500000,280.97,277.57,,37.9,3.34,
2019-12-06,275.19000244140625,277.0,274.75,276.55999755859375,70100000,280.64,277.61,,45.5,3.37,
2019-12-09,278.30999755859375,278.75,277.0199890136719,278.0299987792969,70500000,280.5,277.68,,48.5,3.28,
2019-12-10,276.79998779296875,279.75,276.6199951171875,279.30999755859375,56700000,280.28,277.83,,51.1,3.27,
2019-12-11,279.19000244140625,281.0299987792969,278.45001220703125,280.2799987792969,66800000,280.23,277.97,,53.0,3.22,
2019-12-12,282.6199951171875,285.42999267578125,282.6199951171875,285.1099853515625,133600000,280.29,278.18,,61.2,3.36,
2019-12-13,289.3399963378906,290.1099853515625,288.32000732421875,290.1099853515625,99600000,280.43,278.61,,67.5,3.48,
2019-12-16,289.5400085449219,290.79998779296875,289.3599853515625,289.760009765625,73700000,280.56,279.06,,66.6,3.33,
2019-12-17,291.760009765625,294.5,290.5199890136719,294.3999938964844,94400000,280.97,279.6,,71.5,3.43,
2019-12-18,294.30999755859375,295.8500061035156,293.04998779296875,294.2200012207031,76900000,281.57,280.05,,71.1,3.39,
2019-12-19,295.05999755859375,295.8399963378906,292.82000732421875,294.30999755859375,70200000,282.37,280.56,,71.2,3.36,
2019-12-20,295.5799865722656,295.8599853515625,293.95001220703125,295.30999755859375,76000000,283.17,281.04,,72.3,3.26,
2019-12-23,295.8399963378906,296.1199951171875,293.80999755859375,294.8699951171875,62100000,283.8,281.46,,71.0,3.19,
2019-12-24,295.17999267578125,295.25,292.4700012207031,292.8999938964844,60600000,284.36,281.83,,65.5,3.16,
2019-12-26,293.1199951171875,294.07000732421875,291.7900085449219,294.05999755859375,68500000,284.92,282.18,,67.1,3.1,
2019-12-27,292.3699951171875,296.95001220703125,291.2799987792969,295.20001220703125,77500000,285.61,282.58,,68.7,3.28,
2019-12-30,294.6000061035156,295.489990234375,293.3999938964844,293.7699890136719,55000000,286.46,282.99,,64.5,3.2,
2020-01-02,294.19000244140625,294.57000732421875,289.9599914550781,290.3500061035156,66200000,287.11,283.33,,55.8,3.3,
2020-01-03,293.1000061035156,294.8800048828125,289.0400085449219,290.739990234375,79800000,287.84,283.59,,56.6,3.48,
2020-01-06,287.7300109863281,289.4100036621094,287.489990234375,288.42999267578125,70000000,288.55,283.84,,51.3,3.46,
2020-01-07,290.010009765625,292.260009765625,289.6400146484375,291.2300109863281,65300000,289.45,284.13,,56.6,3.49,
2020-01-08,288.94000244140625,291.010009765625,287.29998779296875,289.4200134277344,124500000,290.09,284.37,,52.6,3.52,
2020-01-09,293.8299865722656,294.4100036621094,292.1000061035156,294.4100036621094,111800000,290.91,284.71,,60.8,3.63,
2020-01-10,294.79998779296875,297.1700134277344,294.1700134277344,297.05999755859375,94200000,291.8,285.1,,64.3,3.58,
2020-01-13,296.6199951171875,300.30999755859375,296.5299987792969,300.1300048828125,81700000,292.79,285.59,,67.9,3.59,
2020-01-14,302.20001220703125,303.6099853515625,300.69000244140625,301.5299987792969,92100000,293.61,286.1,,69.5,3.59,
2020-01-15,299.9100036621094,301.1300048828125,298.82000732421875,299.739990234375,71800000,294.09,286.53,,65.2,3.52,
2020-01-16,299.92999267578125,302.9100036621094,298.95001220703125,302.7799987792969,85700000,294.74,286.93,,68.7,3.56,
2020-01-17,305.07000732421875,306.04998779296875,302.510009765625,303.29998779296875,81500000,295.19,287.31,,69.3,3.55,
2020-01-20,304.989990234375,307.5400085449219,304.7699890136719,305.5799865722656,78000000,295.76,287.73,,71.7,3.6,
2020-01-21,304.94000244140625,306.0899963378906,301.8500061035156,302.1099853515625,67600000,296.15,288.09,,63.5,3.65,
2020-01-22,301.7900085449219,306.5199890136719,301.1600036621094,306.0799865722656,79300000,296.68,288.55,,68.0,3.77,
2020-01-23,303.7699890136719,304.7200012207031,301.7099914550781,302.3299865722656,86900000,297.06,288.98,,60.4,3.81,
2020-01-28,294.9800109863281,296.29998779296875,291.29998779296875,292.7699890136719,130200000,297.05,289.16,,46.2,4.33,
2020-01-29,294.3800048828125,295.6700134277344,292.45001220703125,293.9800109863281,85700000,297.05,289.41,,47.9,4.25,
2020-01-30,293.2699890136719,294.1099853515625,287.0899963378906,288.3699951171875,101500000,296.71,289.5,,41.4,4.45,
2020-01-31,290.239990234375,291.4700012207031,284.5299987792969,284.5299987792969,101500000,296.24,289.45,,37.7,4.63,
2020-02-03,280.1700134277344,286.239990234375,279.7799987792969,285.04998779296875,111100000,295.98,289.4,,38.5,4.76,
2020-02-04,285.19000244140625,291.3800048828125,285.1099853515625,290.67999267578125,105500000,295.98,289.49,,46.6,4.87,
2020-02-05,293.57000732421875,294.260009765625,290.29998779296875,292.0199890136719,102600000,296.15,289.69,,48.3,4.8,
2020-02-06,294.739990234375,300.9800109863281,294.32000732421875,300.6499938964844,110200000,296.63,290.14,,57.8,5.1,
2020-02-07,299.5899963378906,300.04998779296875,296.010009765625,298.2099914550781,108100000,297.07,290.51,,54.8,5.07,
2020-02-10,294.07000732421875,296.7300109863281,293.3299865722656,296.239990234375,72200000,297.16,290.79,,52.4,5.05,
2020-02-11,297.9100036621094,301.1000061035156,297.4800109863281,299.2799987792969,78400000,297.27,291.14,,55.6,5.04,
2020-02-12,299.8299865722656,302.20001220703125,298.0899963378906,301.5400085449219,110600000,297.34,291.52,,57.9,4.97,
2020-02-13,302.7900085449219,304.42999267578125,300.4800109863281,300.92999267578125,115100000,297.31,291.91,,57.1,4.9,
2020-02-14,300.95001220703125,304.20001220703125,299.17999267578125,303.010009765625,80500000,297.47,292.44,,59.3,4.91,
2020-02-17,302.8399963378906,304.04998779296875,300.989990234375,302.760009765625,84300000,297.47,292.94,,58.9,4.78,
2020-02-18,300.260009765625,301.2900085449219,297.20001220703125,297.739990234375,84800000,297.19,293.37,,51.5,4.83,
2020-02-19,299.67999267578125,300.3800048828125,295.5299987792969,298.3299865722656,84300000,296.83,293.86,,52.2,4.83,
2020-02-20,300.3399963378906,301.3500061035156,295.010009765625,296.6499938964844,90000000,296.56,294.32,,49.8,4.94,
2020-02-21,292.1600036621094,295.239990234375,291.9599914550781,292.4200134277344,100700000,295.87,294.64,,44.3,4.92,
2020-02-24,285.510009765625,286.6199951171875,281.0199890136719,281.0199890136719,132800000,294.81,294.7,,33.6,5.39,
2020-02-25,280.4800109863281,284.6300048828125,279.7699890136719,284.239990234375,117000000,294.38,294.8,,38.1,5.35,
2020-02-26,278.45001220703125,281.9800109863281,277.67999267578125,279.94000244140625,119600000,293.68,294.79,,34.7,5.44,
2020-02-27,279.4599914550781,281.0899963378906,276.07000732421875,277.0899963378906,110500000,293.12,294.63,,32.6,5.41,
2020-02-28,272.3299865722656,273.9800109863281,267.2300109863281,268.0199890136719,202600000,292.29,294.19,,27.0,5.72,
2020-03-02,269.5899963378906,272.6000061035156,265.70001220703125,270.3699951171875,163700000,291.56,293.8,,30.3,5.81,
2020-03-03,277.44000244140625,277.5400085449219,270.7900085449219,271.55999755859375,146700000,290.6,293.35,,32.0,5.91,
2020-03-04,270.1300048828125,278.8999938964844,270.1300048828125,278.1300048828125,208500000,289.91,293.02,,40.6,6.11,
2020-03-05,280.6600036621094,282.04998779296875,277.9100036621094,281.3800048828125,147400000,288.94,292.76,,44.4,5.97,
2020-03-06,276.739990234375,278.30999755859375,274.0,275.1000061035156,140900000,287.79,292.36,,39.2,6.07,
2020-03-09,266.3900146484375,267.75,261.760009765625,263.1099853515625,182700000,286.13,291.73,,31.7,6.59,
2020-03-10,261.94000244140625,265.57000732421875,260.75,264.6700134277344,173100000,284.4,291.16,,33.5,6.46,
2020-03-11,264.6300048828125,265.0400085449219,255.69000244140625,257.010009765625,194200000,282.17,290.42,,29.4,6.67,
2020-03-12,253.92999267578125,255.49000549316406,243.75999450683594,247.6199951171875,242500000,279.51,289.47,,25.3,7.14,
2020-03-13,231.7100067138672,246.19000244140625,227.36000061035156,240.64999389648438,298900000,276.39,288.41,,22.8,8.08,
2020-03-16,245.2100067138672,245.2100067138672,232.75999450683594,232.97000122070312,175100000,272.9,287.26,,20.4,8.39,
2020-03-17,222.94000244140625,234.55999755859375,222.4600067138672,226.88999938964844,216700000,269.36,285.98,,18.7,8.65,
2020-03-18,228.6300048828125,230.0399932861328,215.80999755859375,215.8300018310547,208000000,265.23,284.53,,16.1,9.05,
2020-03-19,220.72000122070312,220.85000610351562,196.27000427246094,199.27999877929688,303600000,260.36,282.69,,13.1,10.16,
2020-03-20,204.83999633789062,214.0800018310547,200.5399932861328,213.6699981689453,269300000,256.43,281.18,,25.9,10.49,
2020-03-23,200.8000030517578,206.66000366210938,198.6699981689453,201.8699951171875,210300000,252.47,279.32,,22.9,10.81,
2020-03-24,207.64999389648438,220.33999633789062,205.41000366210938,220.33999633789062,225700000,249.27,277.79,,35.4,11.36,
2020-03-25,228.3699951171875,233.4199981689453,224.74000549316406,232.88999938964844,306100000,246.92,276.45,,42.2,11.48,
2020-03-26,231.91000366210938,236.61000061035156,229.22000122070312,229.33999633789062,290800000,244.53,275.0,,40.9,11.19,
2020-03-27,239.11000061035156,239.47999572753906,227.00999450683594,233.7899932861328,249100000,242.82,273.68,,43.3,11.28,
2020-03-30,227.0500030517578,234.6999969482422,225.08999633789062,232.4499969482422,167200000,240.93,272.28,,42.8,11.16,
2020-03-31,235.1999969482422,237.47000122070312,232.5,236.82000732421875,240400000,239.19,270.95,,45.2,10.72,
2020-04-01,234.22999572753906,237.52000427246094,226.33999633789062,226.35000610351562,228600000,236.6,269.36,,40.7,10.76,
2020-04-02,227.47000122070312,232.22000122070312,223.60000610351562,231.83999633789062,181800000,234.12,267.96,,43.9,10.6,
2020-04-03,232.47999572753906,234.4499969482422,229.22999572753906,231.6999969482422,181000000,231.95,266.47,,43.8,10.22,
2020-04-06,234.39999389648438,241.19000244140625,233.75,240.80999755859375,190700000,230.84,265.24,,49.1,10.17,
2020-04-07,245.64999389648438,247.38999938964844,240.67999267578125,244.8699951171875,224500000,229.85,264.28,,51.3,9.92,
2020-04-08,243.7100067138672,246.99000549316406,241.77000427246094,241.88999938964844,173100000,229.09,263.24,,49.6,9.59,
2020-04-09,246.1300048828125,246.4600067138672,243.11000061035156,245.61000061035156,175900000,228.99,262.38,,51.7,9.23,
2020-04-10,245.13999938964844,248.2100067138672,244.02000427246094,248.0,286100000,229.36,261.65,,53.1,8.87,
2020-04-13,246.58999633789062,246.89999389648438,243.38999938964844,243.39999389648438,195900000,229.88,260.82,,50.1,8.56,
2020-04-14,246.1999969482422,248.5500030517578,244.5800018310547,247.4499969482422,193100000,230.91,259.95,,52.7,8.32,
2020-04-16,244.99000549316406,247.8699951171875,243.61000061035156,247.10000610351562,197500000,232.47,259.06,,52.4,8.03,
2020-04-17,252.52000427246094,257.3699951171875,252.3800048828125,255.02000427246094,287400000,235.26,258.14,,57.3,8.19,
2020-04-20,253.85000610351562,255.92999267578125,251.4600067138672,252.13999938964844,211000000,237.18,257.22,272.16,55.1,7.92,
2020-04-21,250.25999450683594,251.8800048828125,245.11000061035156,249.39999389648438,257200000,239.56,256.29,272.02,53.0,7.86,
2020-04-22,246.16000366210938,252.17999267578125,244.55999755859375,251.8800048828125,184500000,241.14,255.34,271.9,54.7,7.84,
2020-04-23,253.4199981689453,255.22000122070312,251.5800018310547,253.74000549316406,163800000,242.18,254.38,271.8,55.9,7.54,
2020-04-24,252.47000122070312,252.86000061035156,249.19000244140625,250.27999877929688,154300000,243.23,253.37,271.68,53.0,7.33,
2020-04-27,251.17999267578125,255.7899932861328,250.61000061035156,254.83999633789062,151400000,244.28,252.41,271.59,56.2,7.2,
2020-04-28,255.91000366210938,257.3399963378906,253.22000122070312,256.3900146484375,172400000,245.48,251.48,271.52,57.3,6.98,
2020-04-29,256.5799865722656,259.6700134277344,256.0400085449219,258.1499938964844,184500000,246.54,250.69,271.48,58.6,6.74,
2020-05-04,252.44000244140625,253.6999969482422,250.33999633789062,250.60000610351562,174000000,247.76,249.73,271.39,51.5,6.82,
2020-05-06,253.75999450683594,255.00999450683594,251.25999450683594,255.0,133300000,248.91,248.9,271.3,55.0,6.64,
2020-05-07,253.8800048828125,256.1400146484375,253.3699951171875,254.4600067138672,114400000,250.05,248.14,271.21,54.4,6.37,
2020-05-08,256.6600036621094,258.2900085449219,256.2300109863281,256.6199951171875,125200000,250.84,247.65,271.13,56.2,6.19,
2020-05-11,257.6700134277344,258.8699951171875,254.58999633789062,254.9499969482422,144300000,251.35,247.07,271.04,54.5,6.05,
2020-05-12,255.3300018310547,255.55999755859375,250.97999572753906,253.3699951171875,166800000,251.92,246.53,270.94,52.8,5.95,
2020-05-13,250.02999877929688,255.85000610351562,249.9499969482422,255.85000610351562,141200000,252.43,246.11,270.87,55.1,5.94,
2020-05-14,253.25999450683594,254.38999938964844,252.08999633789062,253.64999389648438,167600000,252.71,245.82,270.77,52.6,5.79,
2020-05-15,255.33999633789062,255.49000549316406,252.02000427246094,253.7899932861328,228900000,253.23,245.49,270.66,52.8,5.62,
2020-05-18,254.5500030517578,256.30999755859375,252.9499969482422,255.44000244140625,223000000,253.63,245.17,270.56,54.5,5.46,
2020-05-19,261.1199951171875,262.3399963378906,259.9599914550781,261.7900085449219,253300000,254.37,244.84,270.5,60.6,5.56,
2020-05-20,260.4800109863281,263.25,260.4800109863281,262.7200012207031,140300000,254.75,244.47,270.45,61.4,5.36,
2020-05-21,264.5199890136719,264.8500061035156,263.07000732421875,263.739990234375,159500000,255.33,244.24,270.41,62.4,5.13,
2020-05-22,263.82000732421875,264.07000732421875,258.3399963378906,259.6199951171875,166000000,255.84,244.17,270.37,56.5,5.17,
2020-05-25,260.95001220703125,262.82000732421875,259.1600036621094,262.760009765625,125400000,256.39,244.13,270.34,59.6,5.07,
2020-05-26,263.4800109863281,267.30999755859375,262.95001220703125,267.30999755859375,175400000,257.07,244.34,270.34,63.7,5.03,
2020-05-27,266.7099914550781,269.1700134277344,265.8599853515625,267.6400146484375,247200000,257.93,244.74,270.35,64.0,4.91,
2020-05-28,270.1700134277344,271.44000244140625,264.8500061035156,268.2900085449219,248900000,258.61,245.29,270.38,64.5,5.03,
2020-05-29,266.6199951171875,269.6099853515625,265.2300109863281,268.32000732421875,269500000,259.2,246.0,270.43,64.6,4.98,
2020-06-01,269.2900085449219,273.3900146484375,268.92999267578125,273.19000244140625,171500000,259.96,246.93,270.53,68.9,4.99,
2020-06-02,272.6499938964844,276.4700012207031,272.2200012207031,276.0799865722656,251000000,261.23,248.13,270.65,71.2,4.93,
2020-06-03,279.1400146484375,287.489990234375,278.9800109863281,285.9100036621094,476500000,262.78,249.86,270.82,77.3,5.4,
2020-06-04,291.1700134277344,292.8999938964844,284.92999267578125,286.45001220703125,364600000,264.37,251.32,270.98,77.6,5.58,
2020-06-05,286.29998779296875,291.5,284.5,290.6199951171875,282100000,266.07,253.09,271.15,79.7,5.68,
2020-06-08,295.4100036621094,295.67999267578125,289.7099914550781,290.7699890136719,286700000,267.87,254.5,271.34,79.7,5.7,
2020-06-09,293.9599914550781,294.8699951171875,287.8299865722656,291.32000732421875,268600000,269.76,255.67,271.53,80.0,5.8,
2020-06-10,291.0299987792969,292.9200134277344,289.6000061035156,291.8999938964844,229100000,271.57,256.92,271.72,80.3,5.62,
2020-06-11,289.9800109863281,292.0799865722656,284.2900085449219,288.6199951171875,275900000,273.31,258.02,271.88,73.3,5.78,
2020-06-12,276.9700012207031,282.5400085449219,276.04998779296875,281.7799987792969,232800000,274.71,259.0,272.0,61.4,6.26,
2020-06-15,278.6099853515625,280.8699951171875,267.95001220703125,267.95001220703125,262400000,275.34,259.63,272.05,45.3,6.8,
2020-06-16,275.8900146484375,282.5899963378906,274.0,282.5899963378906,247900000,276.38,260.75,272.18,57.9,7.36,
2020-06-17,282.0799865722656,284.8999938964844,278.3299865722656,283.0199890136719,337200000,277.39,261.78,272.32,58.2,7.31,
2020-06-18,281.739990234375,283.3900146484375,280.0199890136719,281.9100036621094,181600000,278.3,262.78,272.47,57.0,7.02,
2020-06-19,284.55999755859375,284.70001220703125,278.5299987792969,283.3699951171875,189100000,279.49,263.63,272.61,58.2,6.96,
2020-06-22,281.010009765625,283.7099914550781,280.3399963378906,281.4200134277344,139800000,280.42,264.36,272.74,56.0,6.71,
2020-06-23,284.6400146484375,286.0400085449219,279.260009765625,281.94000244140625,163700000,281.15,265.16,272.88,56.5,6.71,
2020-06-24,283.7099914550781,288.29998779296875,283.29998779296875,286.70001220703125,200600000,282.11,265.99,273.02,60.6,6.69,
2020-06-25,282.3800048828125,284.3599853515625,279.7300109863281,279.7300109863281,153000000,282.68,266.62,273.12,52.7,6.71,
2020-06-26,283.3599853515625,284.5799865722656,280.6499938964844,283.3800048828125,169000000,283.43,267.42,273.25,55.9,6.57,
2020-06-29,279.3599853515625,281.7699890136719,277.05999755859375,278.0400085449219,137800000,283.68,268.03,273.33,50.5,6.56,
2020-06-30,282.54998779296875,283.9800109863281,280.0899963378906,280.0899963378906,179500000,283.88,268.69,273.41,52.4,6.51,
2020-07-01,283.1000061035156,283.8399963378906,279.44000244140625,280.260009765625,133800000,283.59,269.2,273.48,52.6,6.36,
2020-07-02,281.29998779296875,283.8900146484375,280.7099914550781,283.8599853515625,111400000,283.46,269.83,273.57,56.0,6.17,
2020-07-03,285.5899963378906,286.0899963378906,283.3599853515625,285.8900146484375,100200000,283.23,270.56,273.65,57.9,5.92,
2020-07-06,286.8399963378906,291.1400146484375,286.30999755859375,290.6199951171875,128100000,283.22,271.33,273.75,61.9,5.87,
2020-07-07,292.739990234375,292.9800109863281,286.760009765625,286.7699890136719,156100000,282.99,272.0,273.82,57.1,5.9,
2020-07-08,287.20001220703125,288.4100036621094,285.17999267578125,285.9700012207031,119400000,282.7,272.71,273.9,56.2,5.71,
2020-07-09,287.79998779296875,289.4100036621094,287.0799865722656,287.25,140600000,282.63,273.36,273.97,57.4,5.55,
2020-07-10,287.8699951171875,288.0899963378906,283.510009765625,285.05999755859375,136800000,282.79,273.93,274.02,54.5,5.48,
2020-07-13,287.9200134277344,290.489990234375,286.8599853515625,289.8399963378906,127100000,283.89,274.56,274.08,59.3,5.47,
2020-07-14,288.4200134277344,289.6300048828125,286.8900146484375,289.6300048828125,126300000,284.24,275.35,274.15,59.0,5.29,
2020-07-15,292.94000244140625,294.4200134277344,290.8900146484375,292.2699890136719,168300000,284.7,276.09,274.22,61.6,5.26,
2020-07-16,292.3399963378906,292.739990234375,288.4599914550781,289.25,129400000,285.07,276.79,274.29,57.2,5.19,
2020-07-17,289.8999938964844,292.1000061035156,289.8999938964844,291.57000732421875,118600000,285.48,277.49,274.38,59.6,5.02,
2020-07-20,292.760009765625,292.760009765625,289.010009765625,290.80999755859375,161800000,285.95,278.2,274.48,58.4,4.93,
2020-07-21,294.0299987792969,296.1099853515625,293.20001220703125,295.1600036621094,367000000,286.61,279.04,274.58,62.9,4.96,
2020-07-22,294.7099914550781,296.1400146484375,293.3900146484375,294.0400085449219,327300000,286.97,279.8,274.68,61.1,4.8,
2020-07-23,293.6199951171875,293.6199951171875,290.489990234375,292.3699951171875,251000000,287.61,280.58,274.8,58.4,4.71,
2020-07-24,289.8399963378906,292.739990234375,289.4200134277344,290.6600036621094,216200000,287.97,281.31,274.92,55.6,4.61,
2020-07-27,291.0299987792969,295.260009765625,290.82000732421875,293.510009765625,193200000,288.74,282.08,275.05,59.1,4.61,
2020-07-28,296.5299987792969,301.3399963378906,296.3800048828125,300.1300048828125,301300000,289.75,282.84,275.19,65.7,4.84,
2020-07-29,300.57000732421875,303.510009765625,299.6099853515625,301.25,264400000,290.8,283.61,275.35,66.7,4.77,
2020-07-30,303.1300048828125,304.1300048828125,301.489990234375,301.8500061035156,191800000,291.7,284.37,275.5,67.2,4.64,
2020-07-31,303.69000244140625,304.1600036621094,298.8900146484375,299.32000732421875,202000000,292.37,285.17,275.63,62.6,4.68,
2020-08-03,299.57000732421875,300.3299865722656,297.57000732421875,299.4599914550781,179700000,292.81,285.9,275.76,62.7,4.54,
2020-08-04,302.5,304.2699890136719,301.4800109863281,303.0400085449219,219900000,293.62,286.62,275.89,66.5,4.56,
2020-08-05,303.94000244140625,306.6700134277344,302.9100036621094,306.6400146484375,210800000,294.66,287.4,276.04,69.8,4.51,
2020-08-06,307.8800048828125,312.8399963378906,307.8800048828125,311.32000732421875,254200000,295.86,288.26,276.24,73.5,4.63,
2020-08-07,311.989990234375,314.1099853515625,310.0,312.57000732421875,299100000,297.23,289.14,276.43,74.3,4.59,
2020-08-10,312.75,317.8399963378906,312.0799865722656,316.7699890136719,261200000,298.58,290.01,276.63,77.1,4.67,
2020-08-11,317.6300048828125,322.6400146484375,317.55999755859375,321.0199890136719,297600000,300.15,290.91,276.85,79.6,4.76,
2020-08-12,320.30999755859375,322.67999267578125,317.29998779296875,322.67999267578125,293100000,301.67,291.65,277.08,80.4,4.8,
2020-08-13,325.8399963378906,326.2200012207031,319.6600036621094,323.3299865722656,285700000,303.38,292.39,277.31,80.8,4.93,
2020-08-14,321.5899963378906,322.6600036621094,316.2799987792969,319.239990234375,260400000,304.76,292.96,277.52,72.1,5.08,
2020-08-18,319.57000732421875,321.69000244140625,311.20001220703125,312.8399963378906,247500000,305.86,293.4,277.7,61.1,5.47,
2020-08-19,315.9599914550781,316.82000732421875,313.17999267578125,313.5400085449219,159900000,306.78,293.84,277.89,61.8,5.36,
2020-08-20,310.45001220703125,312.7699890136719,301.1499938964844,301.5899963378906,249700000,307.16,294.04,278.02,46.7,5.86,
2020-08-21,306.1700134277344,309.8800048828125,303.1499938964844,306.1600036621094,166300000,307.85,294.39,278.15,51.6,6.04,
2020-08-24,306.8599853515625,310.2699890136719,303.3900146484375,309.3299865722656,142200000,308.78,294.94,278.29,54.7,6.1,
2020-08-25,312.45001220703125,314.1400146484375,310.57000732421875,313.5899963378906,197800000,309.78,295.85,278.43,58.5,6.0,
2020-08-26,313.6099853515625,315.0799865722656,309.739990234375,314.19000244140625,193500000,310.49,296.49,278.58,59.0,5.96,
2020-08-27,314.4599914550781,315.1700134277344,311.3699951171875,311.3800048828125,175600000,310.99,297.05,278.72,55.5,5.8,
2020-08-28,313.8599853515625,315.95001220703125,311.05999755859375,312.239990234375,256400000,311.51,297.66,278.86,56.3,5.74,
2020-08-31,315.4599914550781,316.1099853515625,307.1199951171875,307.1400146484375,312200000,311.9,298.13,279.0,50.1,5.97,
2020-09-01,309.0799865722656,311.1499938964844,307.6300048828125,309.80999755859375,342800000,312.42,298.7,279.13,53.0,5.83,
2020-09-02,311.69000244140625,312.9200134277344,308.5199890136719,311.5,337000000,312.84,299.29,279.28,54.9,5.73,
2020-09-03,314.7300109863281,317.4599914550781,314.45001220703125,316.42999267578125,342200000,313.33,299.89,279.44,59.7,5.74,
2020-09-04,308.25,312.6400146484375,308.0400085449219,312.0299987792969,408000000,313.37,300.53,279.56,54.1,5.93,
2020-09-07,312.0799865722656,314.44000244140625,310.92999267578125,313.6700134277344,264700000,313.42,301.14,279.7,55.8,5.76,
2020-09-08,316.30999755859375,317.42999267578125,314.55999755859375,317.3800048828125,227300000,313.45,301.93,279.85,59.4,5.62,
2020-09-09,313.5400085449219,315.8999938964844,312.8999938964844,313.7699890136719,198500000,313.09,302.6,280.01,54.7,5.54,
2020-09-10,317.9200134277344,318.3800048828125,315.4599914550781,316.5299987792969,234300000,312.78,303.33,280.2,57.5,5.47,
2020-09-11,315.6400146484375,316.7699890136719,313.20001220703125,316.45001220703125,165200000,312.44,303.98,280.39,57.4,5.33,
2020-09-14,319.8299865722656,321.2200012207031,318.5400085449219,320.9800109863281,176800000,312.53,304.68,280.58,61.8,5.29,
2020-09-15,321.82000732421875,323.57000732421875,320.5400085449219,323.3599853515625,152400000,313.05,305.33,280.79,63.9,5.13,
2020-09-16,323.1400146484375,324.19000244140625,321.5199890136719,322.30999755859375,146900000,313.49,306.04,280.98,62.2,4.96,
2020-09-17,321.29998779296875,322.2300109863281,316.9200134277344,318.0,178300000,314.31,306.69,281.17,55.9,4.99,
2020-09-18,319.20001220703125,319.80999755859375,316.6199951171875,318.3900146484375,153500000,314.92,307.31,281.38,56.3,4.86,
2020-09-21,318.1300048828125,320.8599853515625,314.7799987792969,315.8900146484375,165900000,315.25,307.92,281.57,52.8,4.95,
2020-09-22,315.5299987792969,316.0199890136719,307.3999938964844,308.82000732421875,304400000,315.01,308.3,281.73,44.2,5.21,
2020-09-23,311.5,311.760009765625,303.2900085449219,309.6400146484375,208100000,314.79,308.7,281.91,45.3,5.44,
2020-09-24,304.8500061035156,306.9800109863281,301.95001220703125,302.4800109863281,181200000,314.34,308.91,282.06,38.2,5.6,
2020-09-25,305.3800048828125,305.54998779296875,301.92999267578125,303.57000732421875,156900000,313.91,309.2,282.19,39.8,5.46,
2020-09-28,306.489990234375,308.3399963378906,304.6400146484375,307.0299987792969,173200000,313.9,309.5,282.34,44.5,5.41,
2020-09-29,310.010009765625,311.3399963378906,308.5199890136719,309.44000244140625,138800000,313.88,309.88,282.49,47.6,5.33,
2020-10-05,309.6499938964844,314.6600036621094,309.0899963378906,313.510009765625,158000000,313.98,310.24,282.65,52.5,5.35,
2020-10-06,315.1300048828125,316.4800109863281,313.0299987792969,314.45001220703125,139900000,313.89,310.65,282.8,53.5,5.21,
2020-10-07,312.3399963378906,317.44000244140625,311.82000732421875,317.3500061035156,124400000,314.15,311.15,282.93,56.8,5.24,
2020-10-08,320.30999755859375,320.3800048828125,316.6000061035156,317.4700012207031,168700000,314.34,311.69,283.07,56.9,5.14,
2020-10-12,318.989990234375,320.010009765625,317.6700134277344,319.1499938964844,140900000,314.43,312.2,283.2,58.8,4.95,
2020-10-13,321.0400085449219,321.45001220703125,316.9800109863281,319.5799865722656,126700000,314.72,312.59,283.32,59.3,4.92,
2020-10-14,319.6000061035156,319.8800048828125,315.7099914550781,316.57000732421875,129300000,314.72,312.9,283.44,54.4,4.86,
2020-10-15,315.760009765625,315.8900146484375,312.3999938964844,313.9200134277344,124400000,314.6,313.14,283.53,50.4,4.82,
2020-10-16,314.4100036621094,315.4700012207031,309.6700134277344,311.8299865722656,126400000,314.14,313.39,283.61,47.4,4.89,
2020-10-19,313.42999267578125,314.94000244140625,312.19000244140625,312.5899963378906,138200000,313.6,313.65,283.71,48.6,4.76,
2020-10-20,311.0199890136719,314.9100036621094,309.95001220703125,314.7099914550781,135700000,313.22,313.88,283.81,51.8,4.77,
2020-10-21,315.3399963378906,316.6099853515625,314.1600036621094,315.760009765625,136800000,313.11,314.07,283.92,53.4,4.61,
2020-10-22,313.6199951171875,314.2900085449219,311.54998779296875,313.7699890136719,140700000,312.88,314.12,284.02,50.1,4.58,
2020-10-23,314.9800109863281,315.8299865722656,312.30999755859375,314.7900085449219,198000000,312.82,314.16,284.14,51.7,4.5,
2020-10-26,315.6300048828125,316.7799987792969,313.3299865722656,313.5299987792969,170900000,313.06,314.09,284.25,49.5,4.43,
2020-10-27,311.5,313.92999267578125,310.54998779296875,311.79998779296875,162300000,313.17,313.91,284.37,46.6,4.35,
2020-10-28,310.6600036621094,313.29998779296875,309.44000244140625,313.1700134277344,120200000,313.7,313.72,284.48,49.2,4.32,
2020-10-29,308.989990234375,310.55999755859375,306.6300048828125,309.94000244140625,139000000,314.02,313.45,284.58,43.8,4.48,
2020-10-30,308.9100036621094,309.0799865722656,301.5799865722656,301.6000061035156,178900000,313.75,313.1,284.62,33.7,4.75,
2020-11-02,302.6700134277344,306.42999267578125,301.3699951171875,305.95001220703125,111000000,313.57,312.96,284.66,41.3,4.78,
2020-11-03,308.1400146484375,312.3500061035156,308.010009765625,312.07000732421875,129000000,313.5,312.93,284.72,50.0,4.89,
2020-11-04,314.30999755859375,315.6199951171875,311.3699951171875,313.8299865722656,212300000,313.47,313.18,284.78,52.2,4.85,
2020-11-05,315.739990234375,321.510009765625,315.2699890136719,321.510009765625,186100000,313.68,313.48,284.89,60.4,5.05,
2020-11-06,322.7200012207031,324.2799987792969,320.6099853515625,322.1000061035156,144000000,313.91,313.74,284.99,61.0,4.95,
2020-11-09,325.25,328.0199890136719,324.510009765625,325.8299865722656,276800000,314.24,313.98,285.1,64.4,5.02,
2020-11-10,326.3299865722656,327.0,323.7900085449219,326.1300048828125,331200000,314.57,314.22,285.21,64.6,4.89,
2020-11-11,327.0400085449219,331.4599914550781,327.010009765625,331.1199951171875,323200000,315.3,314.62,285.35,68.8,4.92,
2020-11-12,330.57000732421875,331.5799865722656,328.4599914550781,329.7200012207031,342300000,316.09,314.97,285.47,66.4,4.79,
2020-11-13,329.0899963378906,333.1499938964844,328.25,333.0299987792969,291400000,317.15,315.49,285.62,69.1,4.8,
2020-11-16,335.20001220703125,341.1499938964844,335.20001220703125,340.6300048828125,465700000,318.55,316.1,285.86,74.3,5.04,
2020-11-17,340.8399963378906,342.57000732421875,339.05999755859375,339.8500061035156,403200000,319.81,316.67,286.09,72.9,4.93,
2020-11-18,341.07000732421875,341.80999755859375,338.6400146484375,339.9599914550781,231600000,321.02,317.14,286.35,73.0,4.8,
2020-11-19,338.55999755859375,340.4200134277344,337.510009765625,340.1600036621094,215100000,322.34,317.7,286.63,73.1,4.67,
2020-11-20,339.4800109863281,341.7099914550781,338.5899963378906,340.6199951171875,179100000,323.63,318.24,286.9,73.5,4.56,
2020-11-23,341.510009765625,348.94000244140625,340.6000061035156,348.4599914550781,380800000,325.37,318.86,287.19,78.6,4.83,
2020-11-24,350.29998779296875,352.54998779296875,348.6099853515625,350.2799987792969,295400000,327.3,319.59,287.49,79.6,4.77,
2020-11-25,353.04998779296875,353.9599914550781,346.1700134277344,348.29998779296875,333100000,329.05,320.23,287.72,75.5,4.99,
2020-11-26,348.6600036621094,352.1199951171875,346.7699890136719,352.1199951171875,182200000,331.16,320.94,287.99,77.9,5.02,
2020-11-27,351.8299865722656,353.19000244140625,350.6300048828125,352.7300109863281,178400000,333.72,321.58,288.28,78.2,4.84,
2020-11-30,354.70001220703125,354.7799987792969,346.04998779296875,346.04998779296875,339100000,335.72,322.03,288.51,65.7,5.12,
2020-12-01,349.3699951171875,353.260009765625,349.07000732421875,352.3999938964844,260000000,337.74,322.63,288.76,70.5,5.27,
2020-12-02,354.3299865722656,359.1499938964844,354.0,358.6600036621094,220900000,339.98,323.45,289.05,74.4,5.37,
2020-12-03,360.3599853515625,361.6600036621094,358.45001220703125,361.6600036621094,206900000,341.99,324.31,289.35,76.0,5.22,
2020-12-04,363.2799987792969,369.6700134277344,363.2300109863281,367.6300048828125,281100000,344.27,325.35,289.67,78.8,5.42,
2020-12-07,368.5899963378906,371.510009765625,365.32000732421875,369.8599853515625,221800000,346.47,326.57,290.03,79.8,5.47,
2020-12-08,369.7300109863281,370.1099853515625,363.4100036621094,363.45001220703125,192400000,348.33,327.64,290.36,69.9,5.56,
2020-12-09,363.7699890136719,371.6400146484375,363.7699890136719,371.4700012207031,192000000,350.35,329.02,290.73,74.2,5.75,
2020-12-10,370.739990234375,372.67999267578125,365.760009765625,369.3699951171875,344600000,352.33,330.34,291.11,71.3,5.83,
2020-12-11,370.45001220703125,374.29998779296875,370.3900146484375,372.239990234375,331000000,354.29,331.64,291.57,72.9,5.77,
2020-12-14,372.1400146484375,374.7200012207031,370.5,371.55999755859375,284500000,355.84,332.88,292.01,71.9,5.66,
2020-12-15,371.75,372.6400146484375,367.70001220703125,370.8800048828125,243300000,357.39,334.03,292.46,70.9,5.61,
2020-12-16,371.8599853515625,374.5299987792969,371.0299987792969,372.5299987792969,189000000,359.02,335.19,292.94,71.9,5.47,
2020-12-17,372.1199951171875,372.6000061035156,368.07000732421875,372.0,244600000,360.61,336.29,293.46,71.0,5.4,
2020-12-18,372.0199890136719,373.3699951171875,370.5,371.54998779296875,307500000,362.16,337.37,293.97,70.2,5.22,
2020-12-21,371.510009765625,372.44000244140625,368.04998779296875,372.17999267578125,252600000,363.35,338.43,294.47,70.7,5.16,
2020-12-22,371.0799865722656,371.9100036621094,366.42999267578125,366.42999267578125,291100000,364.15,339.37,294.91,60.8,5.2,
2020-12-23,367.0199890136719,371.92999267578125,364.7200012207031,371.32000732421875,296000000,365.3,340.46,295.36,65.3,5.35,
2020-12-24,371.6700134277344,380.2900085449219,371.6700134277344,379.17999267578125,314400000,366.66,341.77,295.88,71.0,5.6,
2020-12-28,381.510009765625,383.8399963378906,378.44000244140625,379.92999267578125,304300000,368.02,343.13,296.46,71.5,5.59,
2020-12-29,380.3399963378906,382.30999755859375,377.0400085449219,381.2699890136719,234700000,369.78,344.5,297.05,72.4,5.57,
2020-12-30,381.2099914550781,390.0400085449219,379.1400146484375,389.2900085449219,236900000,371.62,345.99,297.71,77.0,5.95,
2021-01-04,389.5,400.7799987792969,388.8800048828125,399.8800048828125,361900000,373.68,347.68,298.47,81.4,6.37,
2021-01-05,399.7900085449219,406.0299987792969,396.42999267578125,406.0299987792969,470900000,375.9,349.52,299.3,83.4,6.6,
2021-01-06,406.3299865722656,411.2099914550781,401.05999755859375,402.0799865722656,429100000,377.62,351.27,300.14,77.6,6.86,
2021-01-07,404.0,414.6499938964844,403.989990234375,410.80999755859375,460300000,379.67,353.21,301.06,80.8,7.26,
2021-01-08,412.05999755859375,431.989990234375,412.05999755859375,430.2200012207031,499100000,383.01,355.58,302.13,85.6,8.26,
2021-01-11,431.69000244140625,449.0400085449219,424.1600036621094,431.1300048828125,545800000,385.99,357.94,303.29,85.8,9.45,
2021-01-12,430.79998779296875,432.0400085449219,416.2900085449219,427.8699951171875,362400000,388.92,360.3,304.36,81.8,9.9,
2021-01-13,427.9800109863281,433.2699890136719,424.9700012207031,430.3800048828125,303700000,391.83,362.87,305.51,82.5,9.78,
2021-01-14,430.42999267578125,431.5400085449219,427.1300048828125,429.8500061035156,284700000,394.74,365.35,306.55,81.8,9.4,
2021-01-15,430.3699951171875,436.3500061035156,420.3299865722656,420.42999267578125,279500000,397.22,367.52,307.49,70.6,9.87,
2021-01-18,419.70001220703125,419.70001220703125,408.69000244140625,410.5,289200000,399.12,369.45,308.4,61.0,10.0,
2021-01-19,410.2099914550781,421.3500061035156,410.2099914550781,421.3500061035156,259900000,401.58,371.45,309.34,66.4,10.09,
2021-01-20,425.1700134277344,429.3900146484375,419.2699890136719,424.010009765625,259500000,404.21,373.49,310.29,67.6,10.09,
2021-01-21,425.2900085449219,431.04998779296875,424.6400146484375,430.2699890136719,302500000,407.11,375.58,311.26,70.2,9.87,
2021-01-22,430.7300109863281,433.8399963378906,427.1300048828125,427.1300048828125,269300000,410.15,377.6,312.26,67.2,9.64,
2021-01-25,427.6400146484375,437.9599914550781,427.1700134277344,437.29998779296875,231200000,413.45,379.72,313.29,71.4,9.73,
2021-01-26,436.2699890136719,437.19000244140625,425.6400146484375,426.7300109863281,236600000,415.82,381.66,314.27,62.5,9.87,
2021-01-27,427.1099853515625,432.6199951171875,423.2300109863281,423.6700134277344,205600000,418.01,383.47,315.18,60.1,9.83,
2021-01-28,422.9200134277344,422.9200134277344,413.3399963378906,416.3999938964844,242900000,419.77,384.99,316.04,54.8,9.87,
2021-01-29,417.9200134277344,421.04998779296875,402.94000244140625,404.55999755859375,305300000,420.53,386.28,316.85,47.5,10.46,
2021-02-01,404.7099914550781,415.5299987792969,400.5899963378906,415.45001220703125,235000000,421.31,387.79,317.7,53.7,10.78,
2021-02-02,416.7699890136719,427.6300048828125,416.7699890136719,421.0299987792969,219000000,422.06,389.41,318.57,56.5,10.88,
2021-02-03,422.69000244140625,427.510009765625,419.75,425.2099914550781,248300000,423.22,391.1,319.48,58.5,10.66,
2021-02-04,425.9200134277344,426.2300109863281,415.5799865722656,418.30999755859375,263600000,423.59,392.5,320.33,54.0,10.65,
2021-02-05,419.8399963378906,424.20001220703125,417.8500061035156,423.29998779296875,221600000,423.24,393.96,321.21,56.6,10.35,
2021-02-08,422.29998779296875,424.6199951171875,418.3699951171875,418.95001220703125,229500000,422.64,395.37,322.03,53.8,10.05,
2021-02-09,420.7099914550781,424.94000244140625,417.8699951171875,417.9100036621094,201500000,422.14,396.69,322.86,53.1,9.84,
2021-02-10,418.3999938964844,421.4800109863281,414.7699890136719,419.6499938964844,184800000,421.6,398.03,323.71,54.1,9.62,
2021-02-15,420.8500061035156,428.6400146484375,420.6000061035156,427.010009765625,191200000,421.46,399.65,324.59,58.4,9.57,
2021-02-16,427.79998779296875,432.25,426.7300109863281,429.239990234375,176100000,421.9,401.18,325.46,59.6,9.28,
2021-02-17,429.20001220703125,429.239990234375,421.7699890136719,424.20001220703125,230400000,422.58,402.49,326.33,55.6,9.15,
2021-02-18,423.9200134277344,425.3800048828125,417.44000244140625,417.44000244140625,181400000,422.39,403.61,327.15,50.7,9.07,
2021-02-19,417.9800109863281,421.3599853515625,411.5799865722656,420.94000244140625,246900000,422.24,404.67,327.97,53.0,9.12,
2021-02-22,421.9599914550781,425.8999938964844,416.79998779296875,416.8800048828125,273000000,421.57,405.62,328.76,50.1,9.12,
2021-02-23,415.07000732421875,419.5799865722656,410.8399963378906,415.82000732421875,228400000,421.0,406.66,329.59,49.4,9.09,
2021-02-24,415.7799987792969,420.04998779296875,406.8599853515625,407.1600036621094,252600000,419.49,407.38,330.35,43.5,9.38,
2021-02-25,412.04998779296875,422.55999755859375,412.04998779296875,422.5199890136719,200300000,419.28,408.44,331.19,53.9,9.81,
2021-02-26,421.19000244140625,421.19000244140625,406.5899963378906,409.9100036621094,297500000,418.59,409.19,331.96,46.4,10.25,
2021-03-02,411.0,422.4100036621094,411.0,414.79998779296875,229900000,418.51,410.06,332.76,49.3,10.41,
2021-03-03,414.45001220703125,420.2699890136719,412.3999938964844,420.2699890136719,198300000,419.3,411.05,333.59,52.5,10.23,
2021-03-04,419.3399963378906,419.3399963378906,411.2799987792969,414.1700134277344,214000000,419.24,411.88,334.38,48.8,10.14,
2021-03-05,413.32000732421875,413.7799987792969,405.92999267578125,412.0,293700000,418.78,412.68,335.17,47.6,10.0,
2021-03-08,412.8599853515625,416.3699951171875,407.6000061035156,408.3399963378906,216900000,417.94,413.41,335.95,45.4,9.92,
2021-03-09,407.3299865722656,408.8299865722656,399.3699951171875,405.7900085449219,313300000,417.32,414.09,336.7,43.9,9.88,
2021-03-10,406.3699951171875,411.2200012207031,402.3699951171875,403.4800109863281,172500000,416.32,414.83,337.41,42.6,9.81,
2021-03-11,404.3599853515625,413.239990234375,404.3599853515625,411.0199890136719,231900000,415.93,415.62,338.15,48.2,9.81,
2021-03-12,413.6700134277344,417.760009765625,413.6700134277344,416.1300048828125,184700000,415.84,416.36,338.91,51.7,9.59,
2021-03-15,416.5799865722656,417.69000244140625,413.6099853515625,414.17999267578125,161300000,415.57,417.05,339.68,50.3,9.19,
2021-03-16,414.82000732421875,418.05999755859375,414.1099853515625,417.30999755859375,155200000,415.08,417.77,340.46,52.5,8.82,
2021-03-17,417.3500061035156,417.6700134277344,411.32000732421875,414.010009765625,132800000,414.32,418.26,341.19,50.0,8.64,
2021-03-18,414.9700012207031,420.8599853515625,414.9700012207031,417.05999755859375,164100000,413.96,418.6,341.94,52.2,8.51,
2021-03-19,416.70001220703125,416.7099914550781,410.5899963378906,412.9100036621094,189000000,413.74,418.74,342.66,49.0,8.37,
2021-03-22,412.9200134277344,414.4800109863281,410.2699890136719,412.6400146484375,270000000,413.32,418.95,343.38,48.8,8.07,
2021-03-23,412.8900146484375,416.1499938964844,408.3999938964844,408.7099914550781,234500000,412.91,418.91,344.06,45.7,8.05,
2021-03-24,407.32000732421875,408.760009765625,404.0299987792969,407.1000061035156,193100000,412.48,418.45,344.71,44.4,7.81,
2021-03-25,407.0299987792969,411.2699890136719,405.5899963378906,408.5299987792969,180900000,412.54,418.0,345.33,45.8,7.66,
2021-03-26,409.1600036621094,413.0400085449219,409.1300048828125,412.8900146484375,305200000,412.06,417.7,345.96,50.0,7.43,
2021-03-29,413.8999938964844,414.7200012207031,410.45001220703125,412.04998779296875,312500000,412.17,417.33,346.57,49.2,7.21,
2021-03-30,412.32000732421875,417.44000244140625,412.32000732421875,416.6099853515625,207500000,412.26,417.07,347.19,53.5,7.08,
2021-03-31,417.1199951171875,420.17999267578125,415.0400085449219,415.0400085449219,225900000,412.0,416.96,347.81,51.9,6.94,
2021-04-01,416.989990234375,419.7799987792969,416.510009765625,419.4200134277344,184600000,412.26,417.14,348.45,55.9,6.78,
2021-04-02,422.19000244140625,425.1300048828125,422.0199890136719,423.739990234375,163100000,412.85,417.18,349.13,59.5,6.71,
2021-04-05,425.1499938964844,426.30999755859375,422.1600036621094,424.8500061035156,157700000,413.67,417.2,349.84,60.4,6.52,
2021-04-06,425.17999267578125,427.67999267578125,423.3500061035156,425.8800048828125,163000000,414.68,417.11,350.63,61.3,6.37,
2021-04-07,426.2200012207031,428.3800048828125,424.9599914550781,426.70001220703125,176700000,415.84,417.1,351.35,62.0,6.16,
2021-04-08,426.7300109863281,427.32000732421875,424.3599853515625,426.8599853515625,221900000,416.63,416.9,352.07,62.1,5.93,
2021-04-09,427.260009765625,428.6499938964844,423.3299865722656,424.29998779296875,167000000,417.04,416.85,352.78,58.3,5.88,
2021-04-12,424.7300109863281,426.6199951171875,423.1000061035156,424.2200012207031,135000000,417.54,416.86,353.49,58.2,5.72,
2021-04-13,424.3999938964844,429.8399963378906,423.8900146484375,429.0799865722656,162000000,418.13,417.11,354.23,63.2,5.73,
2021-04-14,429.1400146484375,431.6499938964844,428.0400085449219,430.7099914550781,154400000,418.96,417.63,354.97,64.7,5.58,
2021-04-15,430.4100036621094,434.3999938964844,430.3900146484375,432.6600036621094,189500000,419.74,417.98,355.7,66.5,5.47,
2021-04-16,432.42999267578125,434.57000732421875,430.9800109863281,432.42999267578125,188100000,420.72,418.21,356.46,66.0,5.33,
2021-04-19,432.739990234375,434.2799987792969,431.1600036621094,431.9599914550781,172900000,421.69,418.34,357.21,65.1,5.18,
2021-04-20,431.8999938964844,434.70001220703125,431.3800048828125,434.6000061035156,185700000,422.98,418.67,357.99,67.8,5.04,
2021-04-21,433.3999938964844,433.4700012207031,425.92999267578125,426.75,187800000,423.96,418.74,358.72,54.4,5.3,
2021-04-22,427.05999755859375,430.44000244140625,427.05999755859375,427.3699951171875,202900000,424.91,418.9,359.46,55.1,5.19,
2021-04-23,426.67999267578125,428.3299865722656,422.9200134277344,427.760009765625,160900000,425.65,419.1,360.18,55.6,5.2,
2021-04-26,428.8900146484375,432.3599853515625,428.67999267578125,432.3599853515625,244100000,426.66,419.36,360.91,61.1,5.16,
2021-04-27,432.4599914550781,433.42999267578125,430.3599853515625,432.1400146484375,216200000,427.44,419.46,361.62,60.7,5.01,
2021-04-28,432.20001220703125,432.82000732421875,426.8800048828125,427.4800109863281,261400000,428.06,419.42,362.32,53.1,5.08,
2021-04-29,428.07000732421875,430.1400146484375,424.8299865722656,426.2799987792969,231900000,428.41,419.47,363.02,51.3,5.09,
2021-04-30,426.6099853515625,426.8299865722656,421.7300109863281,422.3599853515625,255800000,428.34,419.56,363.7,45.8,5.09,
2021-05-03,422.5400085449219,426.29998779296875,419.29998779296875,420.3599853515625,234400000,428.11,419.55,364.37,43.3,5.23,
2021-05-04,420.989990234375,423.57000732421875,418.5299987792969,423.57000732421875,209000000,428.0,419.69,365.04,48.2,5.22,
2021-05-06,423.6199951171875,426.2900085449219,421.25,424.05999755859375,313800000,427.87,419.85,365.72,49.0,5.2,
2021-05-07,426.510009765625,429.94000244140625,426.0,428.55999755859375,229100000,427.95,420.28,366.4,55.2,5.25,
2021-05-10,429.0400085449219,436.7300109863281,429.0400085449219,435.6300048828125,255400000,428.52,420.54,367.13,62.9,5.46,
2021-05-11,434.1400146484375,434.1400146484375,427.2099914550781,428.7699890136719,301800000,428.74,420.92,367.81,53.3,5.67,
2021-05-12,428.739990234375,428.9599914550781,419.1099853515625,421.8599853515625,295200000,428.38,421.06,368.47,45.8,5.97,
2021-05-13,419.6000061035156,421.07000732421875,414.2799987792969,416.07000732421875,379100000,427.65,420.98,369.07,40.6,6.09,
2021-05-14,417.5,421.75,417.5,420.1700134277344,199300000,427.03,421.1,369.7,45.3,6.06,
2021-05-17,421.9700012207031,423.19000244140625,416.0799865722656,418.2699890136719,207000000,426.32,421.22,370.33,43.6,6.13,
2021-05-18,418.2799987792969,423.92999267578125,418.2799987792969,423.0899963378906,174900000,425.88,421.52,371.0,48.9,6.1,
2021-05-20,423.3800048828125,423.3800048828125,419.07000732421875,421.67999267578125,181900000,425.23,421.83,371.64,47.5,5.97,
2021-05-21,423.1199951171875,427.75,420.70001220703125,422.0799865722656,196300000,425.0,422.21,372.25,48.0,6.05,
2021-05-24,421.9200134277344,423.0899963378906,419.3800048828125,420.57000732421875,177700000,424.66,422.4,372.84,46.3,5.88,
2021-05-25,421.9100036621094,424.8299865722656,421.20001220703125,424.3500061035156,176000000,424.49,422.56,373.46,50.9,5.76,
2021-05-26,424.4599914550781,426.04998779296875,422.54998779296875,423.5400085449219,199300000,424.04,422.75,374.08,49.9,5.6,
2021-05-27,423.9200134277344,424.3800048828125,419.7799987792969,423.0,311200000,423.59,422.86,374.69,49.2,5.53,
2021-05-28,423.8800048828125,427.510009765625,423.5799865722656,425.95001220703125,203200000,423.51,423.1,375.31,53.0,5.46,
2021-05-31,426.30999755859375,428.17999267578125,424.2900085449219,427.9100036621094,230900000,423.59,423.32,375.92,55.3,5.35,
2021-06-01,428.0799865722656,432.17999267578125,426.94000244140625,430.32000732421875,225700000,423.99,423.67,376.51,58.1,5.34,
2021-06-02,430.6000061035156,433.05999755859375,429.1400146484375,430.1499938964844,292500000,424.48,424.02,377.1,57.9,5.24,
2021-06-03,430.20001220703125,435.6000061035156,430.20001220703125,433.8699951171875,219800000,424.99,424.52,377.68,62.1,5.25,
2021-06-04,433.70001220703125,433.70001220703125,429.3299865722656,432.2200012207031,290300000,425.4,425.02,378.24,59.2,5.2,
2021-06-07,432.82000732421875,435.7699890136719,430.760009765625,433.260009765625,337900000,425.64,425.52,378.79,60.5,5.19,
2021-06-08,433.2099914550781,435.0199890136719,431.7099914550781,432.8800048828125,323700000,425.5,425.92,379.34,59.8,5.05,
2021-06-09,432.3500061035156,432.5299987792969,428.1600036621094,428.1600036621094,248500000,425.47,426.24,379.89,51.7,5.03,
2021-06-10,428.2300109863281,430.8699951171875,427.5,429.3500061035156,267100000,425.84,426.49,380.47,53.4,4.91,
2021-06-11,429.6099853515625,433.4200134277344,429.6099853515625,432.7799987792969,328900000,426.68,426.85,381.06,58.0,4.85,
2021-06-14,432.70001220703125,433.5899963378906,431.2799987792969,433.2200012207031,236300000,427.33,427.12,381.72,58.6,4.67,
2021-06-15,433.4100036621094,434.989990234375,432.4800109863281,434.1300048828125,336100000,428.13,427.33,382.36,59.8,4.52,
2021-06-16,434.19000244140625,437.4700012207031,433.8800048828125,436.9599914550781,306900000,428.82,427.57,383.0,63.4,4.45,
2021-06-17,436.6099853515625,436.6300048828125,432.7799987792969,434.7300109863281,200500000,429.47,427.75,383.61,58.9,4.43,
2021-06-18,434.82000732421875,436.69000244140625,434.3900146484375,435.0199890136719,230200000,430.12,427.92,384.21,59.3,4.28,
2021-06-21,434.57000732421875,434.57000732421875,429.5199890136719,431.4599914550781,242400000,430.66,428.01,384.81,52.5,4.37,
2021-06-22,432.1000061035156,435.04998779296875,432.1000061035156,434.4200134277344,483800000,431.17,428.21,385.42,56.9,4.31,
2021-06-23,434.6499938964844,437.3699951171875,434.6199951171875,436.7300109863281,372100000,431.83,428.46,386.07,60.1,4.21,
2021-06-24,437.5400085449219,439.3699951171875,436.9599914550781,438.3800048828125,299700000,432.6,428.65,386.71,62.2,4.1,
2021-06-25,438.760009765625,442.30999755859375,438.75,440.3999938964844,367200000,433.32,428.84,387.36,64.6,4.09,
2021-06-28,440.7799987792969,441.5400085449219,438.54998779296875,439.9800109863281,237800000,433.92,428.99,387.97,63.7,4.01,
2021-06-29,440.4800109863281,440.6000061035156,436.1700134277344,437.5400085449219,231800000,434.28,429.09,388.6,58.4,4.04,
2021-06-30,437.760009765625,440.3999938964844,437.70001220703125,438.8399963378906,167400000,434.72,429.23,389.23,60.3,3.96,
2021-07-01,439.010009765625,439.260009765625,435.79998779296875,436.3399963378906,172600000,434.84,429.26,389.82,55.2,3.92,
2021-07-02,436.30999755859375,438.07000732421875,435.5400085449219,436.0,197300000,435.03,429.45,390.43,54.5,3.82,
2021-07-05,436.5299987792969,438.9200134277344,436.5299987792969,437.6600036621094,180200000,435.25,429.65,391.04,57.3,3.76,
2021-07-06,437.9599914550781,440.67999267578125,437.9599914550781,439.5,194200000,435.58,429.89,391.65,60.2,3.7,
2021-07-07,439.2900085449219,439.2900085449219,435.7799987792969,436.9700012207031,178300000,436.02,429.98,392.23,54.7,3.71,
2021-07-08,437.20001220703125,438.55999755859375,432.6000061035156,432.6300048828125,216900000,436.18,429.99,392.78,46.8,3.87,
2021-07-09,431.6400146484375,431.6499938964844,424.260009765625,427.8399963378906,238800000,435.94,430.0,393.31,39.9,4.19,
2021-07-12,429.3299865722656,432.0199890136719,429.29998779296875,431.2799987792969,135000000,435.84,430.1,393.88,46.0,4.19,
2021-07-13,432.3900146484375,435.2099914550781,432.3599853515625,434.7099914550781,148600000,435.87,430.34,394.46,51.4,4.17,
2021-07-14,434.4700012207031,434.57000732421875,431.75,433.57000732421875,147000000,435.7,430.61,395.05,49.6,4.08,
2021-07-15,434.239990234375,436.8500061035156,433.1199951171875,436.760009765625,152500000,435.8,430.87,395.68,54.3,4.06,
2021-07-16,436.239990234375,436.239990234375,432.8500061035156,434.82000732421875,149500000,435.79,431.09,396.31,51.2,4.05,
2021-07-19,432.25,432.25,428.94000244140625,429.8900146484375,152000000,435.71,431.11,396.95,44.2,4.18,
2021-07-20,427.1400146484375,428.7799987792969,425.989990234375,428.54998779296875,164000000,435.42,430.97,397.57,42.5,4.16,
2021-07-21,430.989990234375,431.2900085449219,425.82000732421875,426.0,212100000,434.88,430.92,398.17,39.4,4.25,
2021-07-22,428.75,431.92999267578125,428.6499938964844,431.3800048828125,182100000,434.53,431.11,398.78,48.0,4.37,
2021-07-23,431.75,433.2300109863281,430.2699890136719,431.54998779296875,173100000,434.09,431.42,399.37,48.3,4.27,
2021-07-26,433.1400146484375,433.2799987792969,427.4599914550781,427.4700012207031,146200000,433.47,431.56,399.93,42.9,4.38,
2021-07-27,430.1400146484375,431.1499938964844,427.8900146484375,428.2200012207031,142500000,433.0,431.76,400.49,44.2,4.33,
2021-07-28,427.29998779296875,429.7099914550781,425.3399963378906,429.1499938964844,133000000,432.51,431.88,401.05,45.7,4.33,
2021-07-29,430.5799865722656,431.19000244140625,428.17999267578125,429.489990234375,112400000,432.17,432.04,401.6,46.3,4.24,
2021-07-30,428.1199951171875,428.2099914550781,423.9100036621094,423.9100036621094,143600000,431.57,432.08,402.12,38.9,4.34,
2021-08-02,426.2900085449219,426.8500061035156,422.8599853515625,426.7900085449219,117300000,431.02,432.2,402.67,43.9,4.31,
2021-08-03,426.6499938964844,429.9800109863281,426.4200134277344,429.9800109863281,151100000,430.55,432.31,403.25,48.9,4.26,
2021-08-04,431.6000061035156,436.7099914550781,430.1600036621094,436.04998779296875,166700000,430.5,432.56,403.87,56.8,4.43,
2021-08-05,436.4599914550781,437.8500061035156,434.239990234375,434.739990234375,268000000,430.61,432.8,404.48,54.8,4.37,
2021-08-06,434.8500061035156,436.6099853515625,432.2699890136719,433.2900085449219,143700000,430.88,432.95,405.07,52.6,4.37,
2021-08-09,431.57000732421875,433.1600036621094,430.04998779296875,431.6499938964844,141000000,430.9,433.02,405.65,50.2,4.29,
2021-08-10,433.010009765625,433.1099853515625,427.2799987792969,428.55999755859375,174100000,430.59,432.98,406.23,45.9,4.4,
2021-08-11,427.1600036621094,428.8800048828125,424.29998779296875,424.739990234375,170700000,430.15,432.88,406.78,41.2,4.41,
2021-08-12,423.1700134277344,425.5299987792969,421.4200134277344,422.3800048828125,251300000,429.43,432.65,407.32,38.6,4.39,
2021-08-13,421.3800048828125,422.0400085449219,413.6400146484375,416.05999755859375,221100000,428.49,432.32,407.84,32.6,4.7,
2021-08-17,415.5,417.2300109863281,410.30999755859375,411.30999755859375,207900000,427.56,431.88,408.33,29.0,4.86,
2021-08-18,410.9200134277344,415.3800048828125,408.4599914550781,413.3599853515625,184500000,426.8,431.49,408.85,32.5,5.01,
2021-08-19,410.8399963378906,412.92999267578125,404.9100036621094,404.9599914550781,192900000,425.75,431.03,409.37,26.7,5.25,
2021-08-20,406.6400146484375,408.3500061035156,399.17999267578125,400.7799987792969,197100000,424.22,430.46,409.84,24.4,5.53,
2021-08-23,404.32000732421875,407.82000732421875,401.6300048828125,404.5799865722656,166000000,422.87,429.89,410.3,30.3,5.64,
2021-08-24,408.4700012207031,412.94000244140625,408.260009765625,412.4800109863281,165700000,422.12,429.48,410.8,40.8,5.84,
2021-08-25,414.010009765625,416.0299987792969,410.6300048828125,413.95001220703125,176200000,421.41,429.08,411.26,42.5,5.8,
2021-08-26,414.489990234375,415.739990234375,409.7900085449219,410.3800048828125,174300000,420.47,428.54,411.7,39.5,5.81,
2021-08-27,408.6300048828125,411.7900085449219,406.80999755859375,410.239990234375,132400000,419.51,428.05,412.12,39.4,5.76,
2021-08-30,414.1499938964844,414.8500061035156,410.0400085449219,411.5,145600000,418.89,427.58,412.55,41.1,5.69,
2021-08-31,411.69000244140625,419.8999938964844,409.6700134277344,419.7900085449219,171000000,418.54,427.35,412.99,50.8,6.01,
2021-09-01,419.1700134277344,421.30999755859375,417.1600036621094,419.9200134277344,151600000,418.04,427.06,413.44,51.0,5.88,
2021-09-02,419.19000244140625,420.20001220703125,414.989990234375,415.8900146484375,146900000,417.03,426.64,413.86,46.6,5.83,
2021-09-03,417.6700134277344,419.7799987792969,416.3999938964844,419.2200012207031,147700000,416.25,426.26,414.25,50.4,5.69,
2021-09-06,418.989990234375,420.739990234375,417.8500061035156,420.3699951171875,151600000,415.61,425.86,414.65,51.7,5.49,
2021-09-07,419.8500061035156,419.8800048828125,416.2799987792969,417.79998779296875,134500000,414.91,425.42,415.04,48.7,5.39,
2021-09-08,416.3500061035156,417.6199951171875,413.3399963378906,414.5400085449219,182500000,414.21,424.96,415.42,45.1,5.33,
2021-09-09,411.9800109863281,413.6400146484375,406.67999267578125,407.2799987792969,189600000,413.34,424.33,415.75,38.3,5.51,
2021-09-10,407.989990234375,409.7799987792969,405.989990234375,408.70001220703125,145000000,412.66,423.77,416.05,40.2,5.38,
2021-09-13,407.3299865722656,410.8699951171875,406.42999267578125,409.70001220703125,152900000,412.34,423.25,416.35,41.6,5.32,
2021-09-14,411.05999755859375,414.8500061035156,410.9800109863281,412.3599853515625,179800000,412.39,422.74,416.67,45.1,5.3,
2021-09-15,412.04998779296875,414.6099853515625,410.75,412.8500061035156,193200000,412.36,422.21,416.97,45.8,5.2,
2021-09-16,414.2200012207031,414.67999267578125,408.7900085449219,409.2200012207031,166100000,412.58,421.65,417.25,41.8,5.25,
2021-09-17,408.8999938964844,411.3599853515625,407.07000732421875,410.989990234375,165800000,413.09,421.22,417.58,44.4,5.18,
2021-09-23,409.0400085449219,410.9200134277344,407.3900146484375,410.4599914550781,164500000,413.38,420.87,417.87,43.7,5.07,
2021-09-24,412.010009765625,412.79998779296875,409.0899963378906,409.8399963378906,153800000,413.25,420.44,418.12,43.0,4.97,
2021-09-27,409.2799987792969,412.7200012207031,408.9700012207031,410.9700012207031,153100000,413.1,419.97,418.37,44.9,4.88,
2021-09-28,410.739990234375,411.1000061035156,405.7900085449219,406.20001220703125,175600000,412.89,419.42,418.56,39.1,4.92,
2021-09-29,400.44000244140625,402.2799987792969,396.7799987792969,400.0899963378906,180600000,412.38,418.69,418.72,33.1,5.24,
2021-09-30,399.4100036621094,402.8999938964844,397.9800109863281,401.29998779296875,182800000,411.87,418.02,418.9,35.2,5.21,
2021-10-01,399.5299987792969,400.5199890136719,394.1400146484375,394.7900085449219,155600000,410.62,417.32,419.02,29.8,5.35,
2021-10-05,391.95001220703125,392.0199890136719,384.9200134277344,388.010009765625,202500000,409.03,416.5,419.11,25.4,5.68,
2021-10-06,391.010009765625,392.3699951171875,381.92999267578125,381.92999267578125,229500000,407.33,415.62,419.16,22.3,6.02,
2021-10-07,385.8699951171875,388.7799987792969,384.5899963378906,388.1400146484375,173700000,405.78,414.76,419.25,31.6,6.08,
2021-10-08,390.4200134277344,390.70001220703125,386.5400085449219,387.4200134277344,150200000,404.13,413.88,419.33,31.2,5.94,
2021-10-12,386.2699890136719,386.6000061035156,379.0799865722656,380.69000244140625,158600000,402.27,412.94,419.37,27.1,6.11,
2021-10-13,380.1199951171875,385.7200012207031,379.30999755859375,384.1000061035156,154300000,400.75,412.06,419.43,31.9,6.13,
2021-10-14,387.3900146484375,389.6300048828125,386.4800109863281,389.5899963378906,170100000,399.87,411.27,419.52,38.9,6.09,
2021-10-15,392.94000244140625,394.5799865722656,391.3599853515625,393.19000244140625,170800000,399.09,410.54,419.63,43.1,6.01,
2021-10-18,393.3900146484375,394.1600036621094,389.739990234375,392.0199890136719,126700000,398.21,409.9,419.75,42.1,5.9,
2021-10-19,394.260009765625,395.9200134277344,393.2699890136719,395.4100036621094,113900000,397.36,409.28,419.87,46.0,5.75,
2021-10-20,397.4800109863281,398.0899963378906,393.6000061035156,393.739990234375,129200000,396.41,408.55,419.95,44.4,5.66,
2021-10-21,393.55999755859375,395.510009765625,392.3800048828125,393.17999267578125,136400000,395.6,407.69,420.01,43.8,5.48,
2021-10-22,392.82000732421875,394.9100036621094,391.5400085449219,393.3399963378906,108300000,394.72,406.87,420.07,44.0,5.33,
2021-10-25,392.45001220703125,395.989990234375,390.0199890136719,395.010009765625,152100000,393.95,406.1,420.1,46.3,5.38,
2021-10-26,397.75,399.6700134277344,396.2799987792969,399.07000732421875,135400000,393.41,405.45,420.1,51.5,5.33,
2021-10-27,398.30999755859375,398.82000732421875,394.4100036621094,395.4800109863281,193900000,392.64,404.79,420.04,47.2,5.28,
2021-10-28,394.8699951171875,397.7900085449219,393.8900146484375,393.8900146484375,180700000,392.02,404.17,420.0,45.3,5.18,
2021-10-29,396.0799865722656,396.9200134277344,387.82000732421875,388.4700012207031,146500000,391.44,403.49,419.89,39.7,5.46,
2021-11-01,390.3399963378906,391.6499938964844,389.1400146484375,389.80999755859375,121400000,390.86,402.97,419.69,41.7,5.3,
2021-11-02,392.17999267578125,398.1000061035156,392.17999267578125,394.82000732421875,126800000,390.87,402.64,419.51,48.3,5.51,
2021-11-03,395.7300109863281,395.8500061035156,388.5199890136719,389.4800109863281,137200000,390.94,402.16,419.32,42.7,5.64,
2021-11-04,393.1600036621094,395.1499938964844,390.75,391.5400085449219,185400000,391.42,401.89,419.12,45.3,5.64,
2021-11-05,394.6499938964844,394.80999755859375,387.6600036621094,389.8599853515625,139100000,391.51,401.67,418.92,43.6,5.75,
2021-11-08,390.1000061035156,390.7099914550781,385.5,389.5899963378906,126100000,391.61,401.37,418.77,43.3,5.71,
2021-11-09,389.1700134277344,393.1300048828125,388.25,390.3599853515625,127600000,392.1,400.93,418.67,44.4,5.65,
2021-11-10,388.3699951171875,390.3599853515625,385.57000732421875,386.239990234375,117600000,392.2,400.38,418.49,39.8,5.59,
2021-11-11,383.8399963378906,386.0299987792969,382.57000732421875,385.9700012207031,212900000,392.02,399.89,418.3,39.5,5.45,
2021-11-12,389.1300048828125,391.7699890136719,387.4599914550781,390.3800048828125,166300000,391.88,399.49,418.1,46.4,5.48,
2021-11-15,393.3599853515625,395.55999755859375,392.1600036621094,394.3599853515625,174900000,392.0,399.15,417.94,51.7,5.46,
2021-11-16,393.94000244140625,396.489990234375,392.6199951171875,394.07000732421875,134400000,391.93,398.63,417.72,51.3,5.34,
2021-11-17,394.8800048828125,395.25,388.70001220703125,389.44000244140625,146300000,391.72,398.02,417.54,45.3,5.43,
2021-11-18,388.8599853515625,390.0,386.30999755859375,387.44000244140625,130500000,391.43,397.45,417.35,43.0,5.31,
2021-11-19,387.9700012207031,391.239990234375,387.30999755859375,390.5299987792969,130800000,391.29,396.88,417.23,47.5,5.21,
2021-11-22,393.1600036621094,399.8800048828125,392.75,399.07000732421875,144700000,391.49,396.45,417.2,57.5,5.5,
2021-11-23,399.42999267578125,399.5199890136719,395.5799865722656,396.44000244140625,124500000,391.36,396.03,417.1,54.1,5.39,
2021-11-24,397.8800048828125,399.3800048828125,393.2699890136719,395.3999938964844,128300000,391.36,395.64,416.97,52.7,5.44,
2021-11-25,395.6700134277344,395.7300109863281,391.69000244140625,391.92999267578125,117200000,391.26,395.34,416.81,48.4,5.34,
2021-11-26,390.6099853515625,392.80999755859375,384.19000244140625,385.07000732421875,145800000,391.09,394.87,416.64,41.3,5.58,
2021-11-29,381.25,384.9700012207031,379.2699890136719,381.6300048828125,178600000,390.68,394.3,416.43,38.2,5.59,
2021-11-30,385.010009765625,386.3399963378906,370.8599853515625,373.239990234375,258500000,389.6,393.52,416.21,32.0,6.3,
2021-12-01,376.45001220703125,384.04998779296875,373.6099853515625,383.1300048828125,167600000,389.28,392.93,416.03,43.6,6.62,
2021-12-02,379.760009765625,389.6400146484375,379.5899963378906,389.6400146484375,151000000,389.19,392.54,415.88,49.7,6.87,
2021-12-03,388.2099914550781,393.29998779296875,386.4200134277344,391.9599914550781,127800000,389.29,392.15,415.71,51.7,6.87,
2021-12-06,389.95001220703125,394.3999938964844,387.5799865722656,392.8500061035156,124900000,389.46,391.8,415.52,52.5,6.86,
2021-12-07,392.8800048828125,396.4599914550781,391.2900085449219,396.30999755859375,157000000,389.76,391.53,415.38,55.5,6.74,
2021-12-08,399.8900146484375,402.3399963378906,396.32000732421875,397.2699890136719,140100000,390.31,391.26,415.28,56.4,6.69,
2021-12-09,398.19000244140625,401.1300048828125,396.92999267578125,401.1300048828125,159100000,391.06,391.16,415.18,59.6,6.51,
2021-12-10,398.2099914550781,399.1199951171875,396.5799865722656,397.9700012207031,92700000,391.44,391.11,415.09,55.9,6.37,
2021-12-13,399.3800048828125,403.3699951171875,396.8299865722656,397.2699890136719,113300000,391.59,391.03,415.0,55.1,6.39,
2021-12-14,394.5400085449219,397.0199890136719,393.5,395.4100036621094,116500000,391.66,391.05,414.94,52.9,6.2,
2021-12-15,393.989990234375,395.760009765625,392.8500061035156,395.6600036621094,88900000,391.97,391.2,414.8,53.2,5.96,
2021-12-16,398.92999267578125,399.67999267578125,395.19000244140625,397.67999267578125,94100000,392.48,391.51,414.74,55.4,5.86,
2021-12-17,394.4599914550781,399.0199890136719,394.260009765625,398.9599914550781,134700000,392.9,391.73,414.66,56.8,5.78,
2021-12-20,396.4200134277344,396.6099853515625,390.9200134277344,391.3699951171875,97300000,392.52,391.81,414.52,47.3,5.94,
2021-12-21,394.3500061035156,395.2799987792969,391.19000244140625,393.95001220703125,106000000,392.39,392.07,414.42,50.4,5.81,
2021-12-22,396.82000732421875,398.05999755859375,394.7699890136719,396.07000732421875,100300000,392.43,392.31,414.34,52.8,5.69,
2021-12-23,397.9800109863281,398.3599853515625,395.7099914550781,398.1499938964844,105300000,392.74,392.49,414.29,55.1,5.47,
2021-12-24,399.7200012207031,402.4599914550781,399.6600036621094,400.5299987792969,102500000,393.51,392.63,414.26,57.6,5.39,
2021-12-27,400.6099853515625,401.07000732421875,398.30999755859375,398.6099853515625,103600000,394.36,392.76,414.24,54.9,5.2,
2021-12-28,399.55999755859375,401.2099914550781,397.239990234375,401.2099914550781,169700000,395.76,392.88,414.19,57.8,5.11,
2021-12-29,398.739990234375,399.1600036621094,395.8500061035156,396.7200012207031,169000000,396.44,392.94,414.09,51.7,5.13,
2021-12-30,397.1300048828125,398.5899963378906,393.8900146484375,394.19000244140625,103900000,396.66,392.96,413.99,48.5,5.1,
2022-01-04,396.010009765625,396.7099914550781,393.3500061035156,395.3999938964844,117200000,396.84,393.0,413.88,50.1,4.98,
2022-01-05,394.9100036621094,395.20001220703125,387.55999755859375,390.3900146484375,175500000,396.71,392.91,413.76,44.1,5.18,
2022-01-06,386.5899963378906,390.510009765625,385.29998779296875,386.2200012207031,152400000,396.21,392.65,413.61,39.9,5.18,
2022-01-07,388.29998779296875,391.75,388.05999755859375,390.8500061035156,114300000,395.89,392.56,413.5,46.1,5.21,
2022-01-10,389.67999267578125,390.239990234375,384.7900085449219,387.5199890136719,139100000,395.21,392.43,413.37,42.7,5.27,
2022-01-11,388.32000732421875,390.42999267578125,386.260009765625,388.9700012207031,133400000,394.76,392.44,413.27,44.6,5.19,
2022-01-12,392.2900085449219,394.8699951171875,391.9599914550781,394.6600036621094,210100000,394.63,392.54,413.21,51.5,5.24,
2022-01-13,395.67999267578125,395.92999267578125,392.5199890136719,393.0,151700000,394.51,392.5,413.13,49.5,5.11,
2022-01-14,389.6600036621094,390.80999755859375,386.25,387.45001220703125,146000000,394.09,392.46,413.01,43.6,5.23,
2022-01-17,387.0,387.3299865722656,381.55999755859375,383.80999755859375,135800000,393.4,392.31,412.87,40.2,5.27,
2022-01-18,385.07000732421875,385.6300048828125,379.7900085449219,381.010009765625,127900000,392.5,392.13,412.69,37.8,5.31,
2022-01-19,377.75,381.9100036621094,376.739990234375,378.2099914550781,126200000,391.85,391.9,412.5,35.5,5.3,
2022-01-20,377.9700012207031,380.45001220703125,376.489990234375,380.3900146484375,114100000,391.17,391.7,412.31,38.6,5.21,
2022-01-21,376.739990234375,377.69000244140625,373.3500061035156,376.0799865722656,134200000,390.17,391.5,412.07,35.0,5.34,
2022-01-24,374.6400146484375,375.45001220703125,369.6300048828125,371.29998779296875,112600000,388.83,391.21,411.8,31.5,5.42,
2022-01-25,370.29998779296875,370.7300109863281,359.8500061035156,362.3900146484375,142200000,386.92,390.65,411.49,26.2,5.85,
2022-01-26,363.7200012207031,365.30999755859375,360.4700012207031,360.8299865722656,109300000,385.03,389.98,411.16,25.4,5.78,
2022-01-27,360.8299865722656,363.1099853515625,348.54998779296875,348.5799865722656,158300000,382.4,389.07,410.76,20.1,6.4,
2022-01-28,350.2900085449219,358.8399963378906,347.2799987792969,357.9800109863281,147000000,380.46,388.44,410.43,31.8,6.77,
2022-02-03,364.07000732421875,366.1300048828125,361.6000061035156,361.6000061035156,125500000,378.83,387.92,410.12,35.7,6.87,
2022-02-04,363.1000061035156,366.7900085449219,361.8399963378906,366.3399963378906,109800000,377.38,387.44,409.81,40.5,6.75,
2022-02-07,365.3999938964844,365.3999938964844,359.5899963378906,362.9200134277344,135500000,376.01,386.71,409.47,38.2,6.75,
2022-02-08,365.9100036621094,367.32000732421875,360.7799987792969,363.4800109863281,133100000,374.87,386.05,409.12,38.8,6.74,
2022-02-09,367.0199890136719,368.6499938964844,365.7900085449219,368.6499938964844,117900000,373.76,385.52,408.8,44.1,6.62,
2022-02-10,371.8399963378906,372.8599853515625,369.29998779296875,371.57000732421875,180500000,372.96,385.11,408.5,46.9,6.45,
2022-02-11,367.5400085449219,371.3500061035156,366.8999938964844,368.6099853515625,161500000,371.94,384.78,408.17,44.5,6.32,
2022-02-14,364.3599853515625,365.9700012207031,360.4599914550781,362.9800109863281,147000000,370.36,384.41,407.85,40.2,6.45,
2022-02-15,364.44000244140625,364.7900085449219,358.75,360.42999267578125,140800000,368.73,384.15,407.52,38.4,6.43,
2022-02-16,365.9599914550781,367.6600036621094,364.6400146484375,367.29998779296875,108400000,367.72,383.84,407.21,45.5,6.48,
2022-02-17,368.1099853515625,373.0299987792969,365.4800109863281,369.54998779296875,209700000,367.01,383.43,406.9,47.6,6.56,
2022-02-18,365.57000732421875,369.32000732421875,364.69000244140625,368.54998779296875,137100000,366.39,382.97,406.58,46.8,6.44,
2022-02-21,362.8299865722656,368.75,361.1400146484375,368.2900085449219,109500000,365.89,382.48,406.29,46.5,6.52,
2022-02-22,362.92999267578125,364.80999755859375,360.739990234375,363.510009765625,162900000,365.05,381.82,405.97,42.3,6.59,
2022-02-23,366.25,366.5799865722656,362.3900146484375,364.44000244140625,139900000,364.46,381.16,405.68,43.3,6.42,
2022-02-24,360.04998779296875,360.7699890136719,354.010009765625,355.0400085449219,167300000,363.65,380.24,405.36,36.0,6.71,
2022-02-25,358.7900085449219,360.8500061035156,357.0199890136719,358.44000244140625,155000000,363.45,379.45,405.03,39.9,6.64,
2022-02-28,356.5899963378906,361.5400085449219,355.7699890136719,361.5400085449219,237300000,363.49,378.74,404.72,43.4,6.58,
2022-03-02,361.5199890136719,362.80999755859375,359.8900146484375,360.5899963378906,170900000,364.09,378.04,404.38,42.6,6.32,
2022-03-03,364.3699951171875,367.3999938964844,363.989990234375,367.05999755859375,167200000,364.54,377.47,404.04,49.5,6.36,
2022-03-04,365.3500061035156,365.5400085449219,360.19000244140625,361.69000244140625,237200000,364.55,376.75,403.7,44.7,6.39,
2022-03-07,356.5899963378906,356.5899963378906,351.9100036621094,353.0299987792969,193200000,363.88,375.83,403.36,38.2,6.63,
2022-03-08,348.1199951171875,352.82000732421875,346.8500061035156,349.3800048828125,185900000,363.21,374.99,403.02,35.9,6.6,
2022-03-10,354.3299865722656,358.2699890136719,354.3299865722656,358.010009765625,212700000,362.93,374.27,402.71,44.6,6.77,
2022-03-11,355.95001220703125,356.8500061035156,353.260009765625,355.30999755859375,182500000,362.27,373.46,402.4,42.6,6.62,
2022-03-14,354.7200012207031,356.4800109863281,352.82000732421875,354.6099853515625,163900000,361.42,372.58,402.05,42.1,6.41,
2022-03-15,352.3399963378906,353.8999938964844,350.3800048828125,351.0299987792969,149100000,360.54,371.59,401.7,39.5,6.25,
2022-03-16,354.8800048828125,356.2900085449219,351.9700012207031,356.0899963378906,125100000,360.19,370.74,401.37,44.7,6.18,
2022-03-17,362.3900146484375,364.17999267578125,361.3599853515625,361.4599914550781,172500000,360.25,369.95,401.08,49.7,6.32,
2022-03-18,361.1600036621094,362.7799987792969,359.6000061035156,362.3299865722656,155300000,360.0,369.26,400.77,50.5,6.1,
2022-03-21,363.80999755859375,363.8599853515625,358.4100036621094,358.7699890136719,117100000,359.46,368.55,400.44,47.3,6.05,
2022-03-22,358.760009765625,362.1099853515625,358.6099853515625,361.6600036621094,120700000,359.11,367.88,400.14,50.0,5.87,
2022-03-23,364.05999755859375,366.3999938964844,362.8900146484375,364.8399963378906,137400000,358.94,367.37,399.83,53.0,5.79,
2022-03-24,361.8299865722656,363.5,360.3999938964844,363.3800048828125,149300000,358.93,366.91,399.51,51.5,5.69,
2022-03-25,364.760009765625,364.9200134277344,361.3399963378906,362.05999755859375,119100000,358.82,366.33,399.17,50.1,5.54,
2022-03-28,360.6300048828125,363.25,358.70001220703125,362.05999755859375,136500000,359.17,365.83,398.83,50.1,5.47,
2022-03-29,364.17999267578125,365.55999755859375,362.2699890136719,363.7699890136719,132700000,359.43,365.32,398.48,52.0,5.33,
2022-03-30,366.1700134277344,366.82000732421875,363.6400146484375,364.5,141600000,359.58,364.72,398.14,52.9,5.17,
2022-03-31,364.1000061035156,367.010009765625,363.94000244140625,365.6099853515625,388600000,359.83,364.17,397.8,54.2,5.02,
2022-04-01,363.9700012207031,364.1000061035156,361.5400085449219,363.19000244140625,446800000,359.64,363.68,397.45,50.9,4.96,
2022-04-04,361.8500061035156,365.0799865722656,360.69000244140625,364.94000244140625,171600000,359.8,363.31,397.13,53.1,4.92,
2022-04-05,366.0799865722656,366.6700134277344,363.6700134277344,364.739990234375,244200000,360.39,362.98,396.81,52.8,4.78,
2022-04-06,362.0400085449219,362.9599914550781,360.5199890136719,361.010009765625,176500000,360.97,362.64,396.45,47.5,4.74,
2022-04-07,358.42999267578125,358.9200134277344,355.3699951171875,355.7300109863281,193900000,360.85,362.14,396.06,41.2,4.8,
2022-04-08,356.8599853515625,357.6199951171875,354.2699890136719,356.010009765625,166100000,360.89,361.74,395.67,41.6,4.7,
2022-04-11,354.4700012207031,357.7300109863281,353.7799987792969,355.7799987792969,131500000,360.95,361.43,395.27,41.3,4.65,
2022-04-12,353.510009765625,354.8299865722656,351.3699951171875,352.32000732421875,129700000,361.01,361.23,394.86,37.3,4.63,
2022-04-13,353.8299865722656,359.42999267578125,353.29998779296875,359.0,177400000,361.16,361.2,394.48,47.8,4.81,
2022-04-14,359.2300109863281,359.2900085449219,356.1700134277344,357.3800048828125,159200000,360.95,361.37,394.11,45.8,4.69,
2022-04-15,354.3500061035156,355.1000061035156,352.6300048828125,353.8399963378906,142600000,360.53,361.29,393.7,41.7,4.69,
2022-04-18,352.19000244140625,354.8699951171875,351.4599914550781,353.6300048828125,111000000,360.27,361.13,393.29,41.5,4.6,
2022-04-19,355.7699890136719,358.5299987792969,355.2900085449219,357.3599853515625,130200000,360.06,360.95,392.88,47.2,4.62,
2022-04-20,357.1400146484375,358.2799987792969,354.92999267578125,357.5199890136719,148900000,359.69,360.84,392.47,47.5,4.53,
2022-04-21,358.3299865722656,360.739990234375,358.239990234375,359.0199890136719,148600000,359.47,360.75,392.06,49.8,4.44,
2022-04-22,355.5400085449219,356.0799865722656,353.6400146484375,355.42999267578125,214800000,359.14,360.49,391.65,44.7,4.5,
2022-04-25,351.3599853515625,352.260009765625,348.9100036621094,348.9800109863281,139500000,358.49,360.04,391.2,37.4,4.65,
2022-04-26,351.3299865722656,352.20001220703125,350.3800048828125,350.6700134277344,122900000,357.83,359.68,390.77,40.2,4.55,
2022-04-27,346.4200134277344,346.7799987792969,343.760009765625,346.2099914550781,146800000,356.92,359.34,390.33,35.7,4.71,
2022-04-28,348.6099853515625,350.1600036621094,346.0199890136719,350.1600036621094,164700000,356.15,359.14,389.89,41.9,4.67,
2022-04-29,350.42999267578125,355.3399963378906,349.7300109863281,355.0799865722656,182300000,355.74,358.89,389.47,48.5,4.74,
2022-05-02,351.30999755859375,354.5299987792969,350.94000244140625,354.0199890136719,131500000,355.19,358.58,389.05,47.3,4.7,
2022-05-03,354.2799987792969,356.45001220703125,353.1199951171875,353.32000732421875,132700000,354.62,358.28,388.65,46.4,4.6,
2022-05-04,354.8500061035156,356.04998779296875,352.2699890136719,353.8500061035156,279200000,354.27,357.99,388.28,47.2,4.54,
2022-05-06,350.260009765625,350.260009765625,347.9800109863281,349.0,623000000,353.93,357.7,387.87,41.3,4.64,
2022-05-10,343.2200012207031,344.7300109863281,338.4599914550781,343.6700134277344,249400000,353.31,357.28,387.42,36.0,5.06,
2022-05-11,342.2200012207031,344.45001220703125,341.2200012207031,343.44000244140625,184500000,352.69,357.05,386.97,35.8,4.93,
2022-05-12,340.1400146484375,343.0299987792969,337.6499938964844,337.94000244140625,262800000,351.98,356.64,386.47,31.0,4.99,
2022-05-13,340.489990234375,345.82000732421875,339.7200012207031,345.5,187400000,351.3,356.32,386.03,42.3,5.2,
2022-05-16,348.1300048828125,348.8800048828125,343.5199890136719,343.94000244140625,231900000,350.63,355.99,385.6,40.9,5.21,
2022-05-17,345.1400146484375,347.9100036621094,345.1300048828125,347.5299987792969,171100000,350.31,355.6,385.19,45.6,5.12,
2022-05-18,349.6199951171875,351.20001220703125,347.1499938964844,348.3399963378906,166300000,350.05,355.33,384.8,46.6,5.04,
2022-05-19,341.07000732421875,344.1000061035156,340.54998779296875,343.239990234375,196500000,349.34,355.13,384.36,41.3,5.24,
2022-05-20,345.1499938964844,349.67999267578125,344.8900146484375,349.2900085449219,133200000,348.93,355.13,383.95,48.8,5.32,
2022-05-23,351.1600036621094,351.4100036621094,348.4800109863281,350.3399963378906,183200000,348.5,354.98,383.57,50.0,5.15,
2022-05-24,349.0199890136719,349.7900085449219,344.0799865722656,344.0799865722656,151000000,347.93,354.75,383.15,43.5,5.23,
2022-05-25,346.3399963378906,347.6000061035156,343.510009765625,345.6000061035156,125100000,347.76,354.57,382.73,45.3,5.15,
2022-05-26,345.5400085449219,349.0299987792969,342.6499938964844,344.260009765625,126400000,347.44,354.44,382.3,44.0,5.24,
2022-05-27,348.4200134277344,349.1099853515625,347.1499938964844,348.0400085449219,133100000,347.53,354.28,381.92,48.7,5.21,
2022-05-30,351.5299987792969,352.8500061035156,350.07000732421875,352.489990234375,151000000,347.65,354.1,381.55,53.7,5.18,
2022-05-31,351.7900085449219,354.7200012207031,350.010009765625,354.5400085449219,266700000,347.62,353.94,381.17,55.8,5.15,
2022-06-02,352.2900085449219,352.80999755859375,349.54998779296875,350.510009765625,196100000,347.45,353.78,380.75,50.9,5.14,
2022-06-03,353.4700012207031,353.92999267578125,351.1000061035156,352.010009765625,134600000,347.38,353.58,380.33,52.5,5.01,
2022-06-07,350.0400085449219,350.5299987792969,345.0199890136719,345.6700134277344,135300000,346.97,353.2,379.89,45.5,5.16,
2022-06-08,346.4599914550781,348.1099853515625,345.55999755859375,346.2200012207031,123300000,346.83,352.86,379.47,46.1,4.97,
2022-06-09,345.3500061035156,346.82000732421875,343.69000244140625,346.6199951171875,191400000,346.98,352.55,379.06,46.7,4.84,
2022-06-10,342.32000732421875,343.25,340.6600036621094,341.8900146484375,136200000,346.9,352.14,378.64,41.5,4.92,
2022-06-13,335.760009765625,335.9700012207031,329.8800048828125,329.8800048828125,163800000,346.5,351.47,378.18,32.0,5.42,
2022-06-14,325.67999267578125,329.2699890136719,323.3599853515625,328.2300109863281,174300000,345.64,350.74,377.74,30.9,5.5,
2022-06-15,327.70001220703125,328.29998779296875,320.2900085449219,322.2099914550781,159400000,344.55,349.87,377.3,27.4,5.68,
2022-06-16,326.7200012207031,328.8399963378906,321.5400085449219,322.25,138800000,343.29,349.05,376.84,27.4,5.8,
2022-06-17,316.3599853515625,320.7099914550781,314.7900085449219,320.0899963378906,197300000,341.87,348.16,376.42,26.2,5.92,
2022-06-20,321.4599914550781,321.6199951171875,311.7099914550781,314.44000244140625,151100000,340.43,347.15,375.98,23.2,6.2,
2022-06-21,315.95001220703125,318.739990234375,313.6600036621094,316.3800048828125,120100000,338.79,346.26,375.54,26.3,6.12,
2022-06-22,317.4700012207031,317.6300048828125,308.0799865722656,308.0799865722656,161700000,336.67,345.31,375.02,22.2,6.37,
2022-06-23,308.80999755859375,310.94000244140625,304.1300048828125,305.45001220703125,197700000,334.74,344.29,374.48,21.1,6.4,
2022-06-24,307.4700012207031,313.4200134277344,306.2699890136719,312.07000732421875,137800000,333.07,343.42,373.99,30.6,6.51,
2022-06-27,314.30999755859375,319.0799865722656,311.8500061035156,316.20001220703125,136500000,331.66,342.7,373.52,35.8,6.56,
2022-06-28,316.6499938964844,319.1099853515625,315.19000244140625,319.1099853515625,117300000,330.22,341.9,373.05,39.3,6.37,
2022-06-29,314.3299865722656,315.1600036621094,312.5199890136719,312.8599853515625,132700000,328.24,341.01,372.52,34.9,6.39,
2022-06-30,311.20001220703125,311.6300048828125,307.20001220703125,307.20001220703125,143700000,325.87,340.08,371.96,31.5,6.34,
2022-07-01,308.7200012207031,310.54998779296875,301.95001220703125,304.0199890136719,136300000,323.54,339.09,371.4,29.8,6.5,
2022-07-04,304.4599914550781,305.82000732421875,300.82000732421875,304.010009765625,128400000,321.14,338.02,370.82,29.8,6.39,
2022-07-05,307.1499938964844,309.989990234375,305.3500061035156,309.0299987792969,110100000,319.31,337.05,370.26,36.3,6.36,
2022-07-06,307.1400146484375,307.8999938964844,302.05999755859375,302.2799987792969,156300000,317.12,335.91,369.69,32.0,6.41,
2022-07-07,304.29998779296875,310.07000732421875,304.20001220703125,308.30999755859375,126300000,315.2,334.97,369.16,38.9,6.5,
2022-07-08,310.7300109863281,313.010009765625,310.0199890136719,310.1499938964844,108500000,313.61,334.19,368.67,40.9,6.38,
2022-07-11,311.04998779296875,311.8599853515625,307.9700012207031,308.2900085449219,94900000,312.53,333.35,368.17,39.5,6.2,
2022-07-12,306.94000244140625,307.55999755859375,303.32000732421875,305.0299987792969,107100000,311.37,332.52,367.64,37.1,6.11,
2022-07-13,306.239990234375,308.6199951171875,304.989990234375,306.5899963378906,110900000,310.59,331.65,367.12,39.0,5.93,
2022-07-14,304.70001220703125,307.92999267578125,303.6499938964844,305.3500061035156,116000000,309.75,330.66,366.58,38.0,5.81,
2022-07-15,307.45001220703125,308.1400146484375,302.1000061035156,307.9100036621094,125200000,309.14,329.74,366.07,41.3,5.83,
2022-07-18,311.05999755859375,315.1700134277344,310.6000061035156,314.8699951171875,113900000,309.16,328.97,365.59,49.2,5.93,
2022-07-19,313.3800048828125,314.05999755859375,311.80999755859375,313.8999938964844,95300000,309.04,328.17,365.11,48.3,5.73,
2022-07-20,319.1499938964844,319.67999267578125,315.4800109863281,316.0199890136719,113800000,309.43,327.51,364.64,50.6,5.73,
2022-07-21,316.2200012207031,320.1400146484375,316.2200012207031,319.67999267578125,91200000,310.14,327.03,364.18,54.3,5.62,
2022-07-22,319.1199951171875,320.94000244140625,317.0,317.3299865722656,120600000,310.41,326.51,363.74,51.6,5.5,
2022-07-25,316.3999938964844,320.07000732421875,316.20001220703125,318.3399963378906,94000000,310.51,326.11,363.33,52.7,5.38,
2022-07-26,317.3900146484375,319.9100036621094,317.0299987792969,319.6099853515625,87500000,310.54,325.6,362.92,54.1,5.2,
2022-07-27,319.8299865722656,320.0400085449219,317.29998779296875,319.739990234375,88700000,310.88,325.11,362.55,54.3,5.03,
2022-07-28,322.8900146484375,323.7300109863281,320.760009765625,321.6199951171875,131100000,311.6,324.59,362.21,56.5,4.95,
2022-07-29,324.3800048828125,325.8299865722656,321.95001220703125,323.30999755859375,163700000,312.57,324.09,361.92,58.5,4.9,
2022-08-01,322.1400146484375,324.30999755859375,320.8599853515625,322.9700012207031,111100000,313.52,323.69,361.59,57.9,4.8,
2022-08-02,322.6400146484375,322.8500061035156,320.2099914550781,321.6400146484375,113100000,314.15,323.13,361.27,55.6,4.65,
2022-08-03,321.4800109863281,323.79998779296875,320.25,323.79998779296875,93900000,315.22,322.6,360.98,58.5,4.57,
2022-08-04,326.1099853515625,326.3999938964844,324.3800048828125,325.4700012207031,110200000,316.08,322.23,360.69,60.6,4.43,
2022-08-05,326.7099914550781,328.4700012207031,326.3599853515625,327.5,119900000,316.95,321.87,360.38,63.0,4.33,
2022-08-08,326.04998779296875,327.45001220703125,325.2099914550781,327.2300109863281,113700000,317.9,321.53,360.05,62.5,4.18,
2022-08-09,327.2099914550781,328.6199951171875,325.2799987792969,328.1099853515625,121600000,319.05,321.13,359.73,63.6,4.12,
2022-08-10,326.29998779296875,326.42999267578125,323.8599853515625,324.3500061035156,135000000,319.94,320.57,359.37,55.9,4.13,
2022-08-11,328.20001220703125,329.9200134277344,327.739990234375,329.9200134277344,140000000,321.17,320.07,359.05,63.0,4.23,
2022-08-12,329.2300109863281,331.1199951171875,329.07000732421875,330.6700134277344,138100000,322.3,319.68,358.74,63.9,4.08,
2022-08-16,332.67999267578125,333.4700012207031,331.0799865722656,331.7799987792969,131400000,323.15,319.27,358.43,65.1,3.99,
2022-08-17,332.1099853515625,333.239990234375,329.29998779296875,329.9100036621094,105800000,323.95,318.96,358.11,61.2,3.98,
2022-08-18,327.4700012207031,329.94000244140625,326.05999755859375,328.79998779296875,101500000,324.59,318.61,357.76,59.0,3.98,
2022-08-19,329.05999755859375,329.0799865722656,326.3399963378906,326.7900085449219,125300000,324.94,318.21,357.41,55.0,3.89,
2022-08-22,323.2900085449219,324.4200134277344,321.8299865722656,322.7699890136719,93500000,325.22,317.83,357.06,48.0,3.96,
2022-08-23,320.8500061035156,321.5,318.260009765625,318.69000244140625,118000000,325.23,317.61,356.71,42.2,4.0,
2022-08-24,320.1499938964844,320.989990234375,318.1600036621094,319.8599853515625,156500000,325.25,317.44,356.36,44.3,3.92,
2022-08-25,321.5799865722656,323.6300048828125,320.80999755859375,323.6300048828125,130700000,325.44,317.47,356.0,50.5,3.91,
2022-08-26,325.3599853515625,326.5899963378906,323.29998779296875,323.9100036621094,188800000,325.56,317.5,355.68,50.9,3.86,
2022-08-29,317.45001220703125,317.4700012207031,315.4800109863281,316.3500061035156,203700000,325.21,317.43,355.3,40.5,4.19,
2022-08-30,317.9700012207031,320.0,316.94000244140625,319.489990234375,133500000,325.03,317.53,354.95,45.5,4.15,
2022-08-31,316.9599914550781,323.3699951171875,316.260009765625,322.9599914550781,228400000,325.1,317.66,354.61,50.4,4.36,
2022-09-01,318.739990234375,318.760009765625,315.0199890136719,315.0199890136719,183400000,324.66,317.8,354.24,41.2,4.62,
2022-09-02,316.4599914550781,316.739990234375,312.17999267578125,312.9200134277344,133800000,324.03,317.95,353.87,39.2,4.61,
2022-09-05,313.0899963378906,315.2200012207031,310.9100036621094,312.4700012207031,112400000,323.28,317.96,353.5,38.7,4.59,
2022-09-06,313.3599853515625,314.9700012207031,311.69000244140625,313.010009765625,91500000,322.57,317.89,353.12,39.6,4.5,
2022-09-07,310.8599853515625,311.1000061035156,306.69000244140625,308.1600036621094,146300000,321.57,317.67,352.69,34.8,4.63,
2022-09-08,310.2300109863281,310.510009765625,308.260009765625,309.1199951171875,149100000,320.81,317.6,352.26,36.4,4.47,
2022-09-13,313.92999267578125,319.3699951171875,313.92999267578125,318.55999755859375,150600000,320.24,317.82,351.91,49.9,4.88,
2022-09-14,310.0799865722656,313.94000244140625,309.05999755859375,312.739990234375,118200000,319.35,318.0,351.53,43.7,5.21,
2022-09-15,313.1499938964844,313.8399963378906,310.6300048828125,310.6300048828125,111200000,318.29,318.13,351.13,41.7,5.07,
2022-09-16,308.5799865722656,309.5400085449219,307.0299987792969,308.69000244140625,135900000,317.23,318.12,350.68,39.9,4.96,
2022-09-19,309.5799865722656,309.8900146484375,305.67999267578125,306.489990234375,101200000,316.11,318.21,350.23,37.9,4.91,
2022-09-20,308.760009765625,309.9800109863281,306.7900085449219,307.5400085449219,97000000,315.15,318.19,349.79,39.5,4.81,
2022-09-21,305.0899963378906,306.07000732421875,303.7699890136719,304.6700134277344,104500000,314.25,318.08,349.36,36.7,4.73,
2022-09-22,300.6700134277344,302.19000244140625,299.29998779296875,301.6499938964844,115000000,313.39,317.95,348.94,34.1,4.78,
2022-09-23,301.4800109863281,302.0899963378906,296.8500061035156,297.739990234375,114600000,312.29,317.81,348.52,30.9,4.81,
2022-09-26,293.6499938964844,293.9599914550781,289.010009765625,289.7699890136719,177700000,310.59,317.47,348.1,25.7,5.09,
2022-09-27,290.2699890136719,290.75,286.760009765625,290.20001220703125,152300000,308.91,317.17,347.64,26.5,5.01,
2022-09-28,287.6600036621094,289.75,280.79998779296875,283.19000244140625,160800000,307.25,316.67,347.11,22.6,5.33,
2022-09-29,286.6000061035156,287.80999755859375,282.55999755859375,282.6499938964844,128400000,305.41,316.03,346.56,22.3,5.32,
2022-09-30,281.75,284.3500061035156,278.3900146484375,281.3599853515625,143700000,303.33,315.38,346.0,21.7,5.37,
2022-10-04,286.25,288.9599914550781,285.4200134277344,288.2699890136719,120000000,301.99,314.82,345.46,33.1,5.53,
2022-10-05,293.8699951171875,294.4700012207031,287.44000244140625,289.04998779296875,138900000,300.8,314.21,344.92,34.3,5.63,
2022-10-06,291.20001220703125,293.32000732421875,290.0899963378906,291.260009765625,93900000,299.74,313.69,344.37,37.6,5.54,
2022-10-07,288.3500061035156,292.20001220703125,287.8399963378906,290.4100036621094,128200000,298.61,313.13,343.83,36.9,5.45,
2022-10-11,284.3900146484375,284.9599914550781,282.0400085449219,284.9599914550781,127800000,297.45,312.44,343.27,32.3,5.66,
2022-10-12,285.2300109863281,287.5199890136719,284.32000732421875,287.0899963378906,120900000,296.35,311.78,342.73,35.6,5.48,
2022-10-13,286.2699890136719,286.3599853515625,282.57000732421875,282.57000732421875,133300000,294.55,311.0,342.16,32.0,5.42,
2022-10-14,287.5899963378906,290.32000732421875,286.5899963378906,289.3599853515625,132100000,293.38,310.32,341.62,41.6,5.58,
2022-10-17,285.8900146484375,290.0400085449219,284.9100036621094,289.57000732421875,111600000,292.32,309.65,341.08,41.9,5.55,
2022-10-18,293.3399963378906,293.7799987792969,289.7699890136719,293.5899963378906,117100000,291.57,309.09,340.59,47.0,5.45,
2022-10-19,293.4100036621094,295.3399963378906,290.8999938964844,291.2900085449219,110900000,290.81,308.44,340.07,44.6,5.38,
2022-10-20,289.3299865722656,290.07000732421875,286.5,288.6099853515625,136900000,289.86,307.71,339.54,41.9,5.34,
2022-10-21,287.67999267578125,290.3800048828125,287.44000244140625,288.57000732421875,102400000,289.06,306.93,338.99,41.9,5.17,
2022-10-24,293.6000061035156,294.239990234375,290.5199890136719,291.4700012207031,116200000,288.55,306.21,338.44,46.0,5.2,
2022-10-25,291.2900085449219,293.75,290.5299987792969,291.5799865722656,116400000,288.24,305.48,337.91,46.1,5.06,
2022-10-26,292.2099914550781,295.2799987792969,291.3999938964844,293.8500061035156,122300000,288.44,304.87,337.37,49.4,4.98,
2022-10-27,295.8500061035156,299.19000244140625,295.010009765625,298.82000732421875,176200000,288.88,304.25,336.88,55.7,5.0,
2022-10-28,296.79998779296875,298.45001220703125,294.6499938964844,295.05999755859375,131100000,289.47,303.54,336.39,50.5,4.94,
2022-10-31,298.6099853515625,300.04998779296875,296.45001220703125,299.5799865722656,121100000,290.32,302.89,335.91,55.8,4.95,
2022-11-01,300.5299987792969,304.010009765625,299.8399963378906,303.8800048828125,272500000,291.44,302.37,335.47,60.2,4.91,
2022-11-02,302.489990234375,305.1000061035156,302.0199890136719,303.8699951171875,192300000,292.22,301.87,335.06,60.1,4.78,
2022-11-03,298.54998779296875,303.79998779296875,297.6199951171875,301.6600036621094,179800000,292.85,301.37,334.62,56.8,4.88,
2022-11-04,301.1600036621094,304.3299865722656,299.4599914550781,304.3299865722656,182700000,293.51,301.0,334.2,59.7,4.88,
2022-11-07,306.0799865722656,308.1499938964844,305.04998779296875,307.8699951171875,148900000,294.38,300.79,333.8,63.2,4.81,
2022-11-08,310.0799865722656,312.57000732421875,309.2099914550781,312.010009765625,143000000,295.73,300.63,333.38,66.9,4.8,
2022-11-09,313.3999938964844,316.0899963378906,312.5400085449219,315.2300109863281,162100000,297.14,300.46,332.99,69.4,4.75,
2022-11-10,312.6300048828125,314.9100036621094,311.1300048828125,311.1300048828125,150000000,298.57,300.21,332.61,62.8,4.7,
2022-11-11,320.4700012207031,323.510009765625,319.9700012207031,323.0899963378906,236300000,300.25,300.34,332.31,71.4,5.25,
2022-11-14,323.4100036621094,324.7300109863281,320.8599853515625,321.5299987792969,267600000,301.85,300.38,332.01,69.1,5.15,
2022-11-15,322.760009765625,323.0299987792969,319.9599914550781,322.30999755859375,144800000,303.29,300.37,331.73,69.7,5.0,
2022-11-16,322.9800109863281,322.9800109863281,318.0199890136719,321.9599914550781,177100000,304.82,300.51,331.44,69.1,5.0,
2022-11-17,319.9800109863281,320.3500061035156,316.75,316.75,157400000,306.23,300.58,331.14,61.3,5.02,
2022-11-18,317.6300048828125,320.70001220703125,316.70001220703125,317.1199951171875,136500000,307.65,300.68,330.87,61.6,4.94,
2022-11-21,317.2200012207031,317.6499938964844,312.989990234375,314.6700134277344,123400000,308.81,300.71,330.63,58.1,4.92,
2022-11-22,312.8800048828125,315.0899963378906,311.69000244140625,312.0199890136719,116000000,309.84,300.79,330.39,54.4,4.81,
2022-11-23,314.8399963378906,315.239990234375,312.6499938964844,314.1099853515625,148200000,310.85,300.89,330.22,56.7,4.7,
2022-11-24,316.6000061035156,317.3299865722656,315.2699890136719,317.29998779296875,99500000,311.77,300.86,330.01,60.1,4.59,
2022-11-25,317.2799987792969,318.1000061035156,315.760009765625,316.07000732421875,102900000,312.82,300.93,329.79,58.2,4.43,
2022-11-28,313.8900146484375,313.8900146484375,311.2799987792969,312.2099914550781,96000000,313.46,300.96,329.51,52.7,4.46,
2022-11-29,311.7900085449219,315.739990234375,311.07000732421875,315.5799865722656,94400000,314.04,301.1,329.28,56.6,4.47,
2022-11-30,314.3500061035156,321.010009765625,314.20001220703125,321.0,189100000,314.9,301.39,329.07,61.9,4.64,
2022-12-01,325.3699951171875,325.489990234375,321.44000244140625,322.0199890136719,130300000,315.92,301.68,328.83,62.9,4.63,
2022-12-02,320.760009765625,320.760009765625,315.0199890136719,315.0199890136719,114800000,316.45,301.89,328.55,53.2,4.8,
2022-12-05,316.260009765625,317.07000732421875,312.9200134277344,313.9100036621094,114000000,316.75,302.13,328.28,51.9,4.75,
2022-12-06,310.8999938964844,313.3399963378906,309.70001220703125,310.1400146484375,100000000,316.66,302.38,328.01,47.4,4.71,
2022-12-07,309.1099853515625,310.25,308.0799865722656,308.2699890136719,92900000,316.31,302.75,327.75,45.4,4.53,
2022-12-08,308.7799987792969,309.0,306.010009765625,308.239990234375,121100000,316.17,303.11,327.46,45.3,4.42,
2022-12-09,309.80999755859375,312.05999755859375,308.760009765625,311.6300048828125,113500000,315.59,303.68,327.17,49.9,4.38,
2022-12-12,309.3800048828125,310.69000244140625,308.70001220703125,309.6400146484375,85700000,315.0,304.22,326.87,47.4,4.28,
2022-12-13,311.260009765625,311.8500061035156,308.5400085449219,309.55999755859375,101900000,314.36,304.78,326.58,47.3,4.21,
2022-12-14,310.8699951171875,313.4100036621094,310.57000732421875,313.2300109863281,83900000,313.92,305.28,326.33,52.4,4.18,
2022-12-15,310.7300109863281,311.9800109863281,307.7300109863281,307.7300109863281,95300000,313.47,305.65,326.04,45.3,4.28,
2022-12-16,303.4800109863281,307.4800109863281,303.0899963378906,307.4800109863281,114700000,312.99,305.98,325.81,45.0,4.3,
2022-12-19,306.3299865722656,307.989990234375,305.19000244140625,306.7699890136719,78000000,312.6,306.31,325.55,44.1,4.19,
2022-12-20,305.6499938964844,306.5799865722656,302.9599914550781,304.04998779296875,88800000,312.2,306.69,325.26,40.8,4.17,
2022-12-21,305.8399963378906,305.989990234375,302.9200134277344,303.2300109863281,77000000,311.65,307.01,324.97,39.8,4.09,
2022-12-22,304.6600036621094,307.4800109863281,303.9599914550781,307.4800109863281,233300000,311.16,307.51,324.68,46.9,4.1,
2022-12-23,303.1400146484375,304.4200134277344,301.4700012207031,302.07000732421875,94800000,310.46,307.76,324.38,40.4,4.24,
2022-12-26,301.760009765625,302.9700012207031,300.6600036621094,302.2699890136719,78900,309.97,308.02,324.12,40.7,4.1,
2022-12-27,303.7699890136719,305.0199890136719,302.8299865722656,304.2200012207031,123000000,309.4,308.23,323.9,44.0,4.0,
2022-12-28,299.3599853515625,299.3599853515625,296.5899963378906,297.0899963378906,137300000,308.2,308.35,323.59,36.2,4.26,
2022-12-29,294.9800109863281,295.94000244140625,291.1000061035156,291.1000061035156,114500000,306.66,308.4,323.27,31.2,4.39,
2023-01-02,292.8999938964844,294.0199890136719,289.19000244140625,289.7900085449219,92500000,305.4,308.42,322.95,30.2,4.42,
2023-01-03,290.6400146484375,290.95001220703125,284.32000732421875,289.5799865722656,106600000,304.18,308.38,322.64,30.0,4.57,
2023-01-04,288.3399963378906,296.70001220703125,287.94000244140625,295.9800109863281,109900000,303.47,308.47,322.34,40.6,4.87,
2023-01-05,297.6499938964844,299.69000244140625,296.010009765625,297.8699951171875,137300000,302.95,308.55,322.02,43.3,4.79,
2023-01-06,296.69000244140625,303.1000061035156,296.3999938964844,301.5299987792969,121000000,302.62,308.6,321.72,48.2,4.93,
2023-01-09,305.1000061035156,309.80999755859375,304.57000732421875,309.69000244140625,121200000,302.52,308.9,321.47,57.2,5.17,
2023-01-10,308.69000244140625,312.0,308.239990234375,309.57000732421875,111400000,302.51,309.1,321.21,57.0,5.07,
2023-01-11,311.6600036621094,312.57000732421875,309.1000061035156,310.3800048828125,102600000,302.56,309.23,320.94,57.9,4.95,
2023-01-12,312.7099914550781,312.9599914550781,309.70001220703125,310.70001220703125,130700000,302.43,309.36,320.68,58.2,4.83,
2023-01-13,312.3399963378906,315.44000244140625,311.9599914550781,313.7699890136719,128600000,302.73,309.61,320.43,61.5,4.82,
2023-01-16,314.4100036621094,317.6300048828125,314.1600036621094,316.0400085449219,119800000,303.16,309.84,320.2,63.7,4.76,
2023-01-17,316.2200012207031,316.55999755859375,312.9200134277344,313.75,101200000,303.51,309.96,319.95,59.9,4.68,
2023-01-18,313.6199951171875,314.1400146484375,310.1099853515625,311.9100036621094,93100000,303.9,309.96,319.69,57.0,4.63,
2023-01-19,310.0799865722656,313.80999755859375,310.0400085449219,313.80999755859375,86300000,304.43,309.93,319.43,59.2,4.57,
2023-01-20,313.989990234375,315.760009765625,312.5899963378906,315.5799865722656,79000000,304.84,310.02,319.19,61.2,4.47,
2023-01-25,320.80999755859375,321.4800109863281,319.75,320.760009765625,97500000,305.77,309.97,318.97,66.5,4.57,
2023-01-26,321.82000732421875,325.57000732421875,320.489990234375,325.57000732421875,117900000,306.93,310.05,318.78,70.4,4.61,
2023-01-27,326.2200012207031,329.7099914550781,324.9800109863281,327.9800109863281,156200000,308.12,310.16,318.61,72.2,4.62,
2023-01-30,328.0899963378906,328.9700012207031,322.3500061035156,322.6700134277344,141800000,309.4,310.18,318.45,63.2,4.76,
2023-01-31,322.7099914550781,323.260009765625,317.0899963378906,317.260009765625,194700000,310.71,310.19,318.25,55.6,4.86,
2023-02-01,320.5400085449219,321.6400146484375,318.6099853515625,321.19000244140625,140500000,312.28,310.27,318.08,59.4,4.83,
2023-02-02,325.94000244140625,326.7300109863281,321.9700012207031,323.92999267578125,152800000,314.0,310.46,317.94,61.9,4.88,
2023-02-03,323.5799865722656,326.489990234375,322.3900146484375,325.8599853515625,122900000,315.49,310.73,317.77,63.5,4.82,
2023-02-06,322.8999938964844,323.7099914550781,318.82000732421875,318.8299865722656,115900000,316.54,310.83,317.58,54.2,4.98,
2023-02-07,319.3599853515625,321.45001220703125,318.20001220703125,320.54998779296875,113200000,317.49,310.89,317.41,55.9,4.86,
2023-02-08,323.2699890136719,326.42999267578125,322.80999755859375,325.6300048828125,121200000,318.29,311.08,317.27,60.6,4.93,
2023-02-09,323.7099914550781,325.79998779296875,322.8299865722656,324.8999938964844,131400000,319.05,311.34,317.11,59.6,4.79,
2023-02-10,323.29998779296875,324.17999267578125,321.6199951171875,323.69000244140625,125800000,319.72,311.5,316.94,57.9,4.68,
2023-02-13,322.6600036621094,323.0400085449219,319.7799987792969,321.75,121900000,320.27,311.51,316.76,55.2,4.63,
2023-02-14,324.5,325.79998779296875,322.8299865722656,323.4700012207031,103200000,320.76,311.54,316.6,57.1,4.59,
2023-02-15,324.42999267578125,324.5400085449219,317.4100036621094,317.989990234375,136800000,320.85,311.6,316.44,49.9,4.77,
2023-02-16,320.0,324.3500061035156,319.6300048828125,324.1000061035156,133700000,321.37,311.81,316.31,56.5,4.88,
2023-02-17,320.1499938964844,323.6700134277344,320.010009765625,320.7799987792969,119700000,321.81,312.02,316.18,52.5,4.82,
2023-02-20,321.07000732421875,322.9700012207031,318.1499938964844,321.7900085449219,113000000,322.21,312.29,316.04,53.5,4.82,
2023-02-21,322.1600036621094,322.8800048828125,320.0199890136719,321.55999755859375,117800000,322.51,312.56,315.87,53.2,4.68,
2023-02-22,317.94000244140625,318.739990234375,315.8299865722656,315.94000244140625,131300000,322.27,312.64,315.68,46.4,4.76,
2023-02-23,317.7699890136719,321.1300048828125,317.0899963378906,319.44000244140625,144600000,321.97,312.84,315.51,50.7,4.79,
2023-02-24,319.8900146484375,321.2699890136719,316.79998779296875,316.94000244140625,120100000,321.41,312.99,315.33,47.7,4.77,
2023-02-27,314.2900085449219,314.42999267578125,311.6300048828125,313.94000244140625,109300000,320.98,313.0,315.15,44.4,4.81,
2023-02-28,315.75,317.69000244140625,314.1300048828125,314.79998779296875,131200000,320.85,313.14,315.01,45.6,4.73,
2023-03-02,315.29998779296875,318.8800048828125,314.3999938964844,316.260009765625,134700000,320.61,313.32,314.87,47.6,4.71,
2023-03-03,317.69000244140625,318.29998779296875,315.29998779296875,316.3599853515625,113900000,320.23,313.51,314.76,47.7,4.59,
2023-03-06,319.2200012207031,321.2900085449219,317.8699951171875,320.94000244140625,126100000,319.98,313.85,314.64,53.9,4.61,
2023-03-07,320.0400085449219,321.9200134277344,319.6400146484375,319.79998779296875,132300000,320.03,314.18,314.52,52.3,4.45,
2023-03-08,316.1400146484375,316.8800048828125,314.7699890136719,315.3800048828125,143300000,319.77,314.34,314.36,46.3,4.49,
2023-03-09,316.57000732421875,317.19000244140625,313.5899963378906,314.0400085449219,166500000,319.19,314.57,314.19,44.7,4.43,
2023-03-10,310.1499938964844,311.54998779296875,309.1199951171875,310.6499938964844,121800000,318.48,314.74,314.03,40.7,4.46,
2023-03-13,311.7699890136719,313.69000244140625,308.0299987792969,313.2099914550781,125400000,317.96,314.92,313.85,44.7,4.55,
2023-03-14,310.17999267578125,310.3500061035156,305.45001220703125,305.5799865722656,129900000,317.15,315.09,313.62,36.8,4.78,
2023-03-15,309.75,311.4200134277344,307.80999755859375,309.1000061035156,112100000,316.43,315.45,313.45,41.9,4.85,
2023-03-16,305.8699951171875,309.2699890136719,304.6300048828125,308.3900146484375,111900000,315.95,315.82,313.26,41.2,4.84,
2023-03-17,312.20001220703125,312.67999267578125,309.79998779296875,312.07000732421875,126100000,315.35,316.27,313.1,46.3,4.8,
2023-03-20,311.5899963378906,313.44000244140625,309.3900146484375,309.489990234375,89500000,314.78,316.54,312.91,43.5,4.74,
2023-03-21,311.8599853515625,312.04998779296875,309.6400146484375,310.3599853515625,84200000,314.21,316.79,312.7,44.7,4.59,
2023-03-22,313.3299865722656,314.260009765625,311.94000244140625,314.1099853515625,93700000,313.84,317.05,312.49,49.9,4.54,
2023-03-23,311.510009765625,315.75,311.4100036621094,315.75,111600000,313.83,317.17,312.32,52.0,4.52,
2023-03-24,315.1700134277344,315.8599853515625,312.489990234375,314.29998779296875,110700000,313.57,317.26,312.13,50.0,4.44,
2023-03-27,314.8299865722656,314.8399963378906,311.239990234375,312.8500061035156,101000000,313.37,317.31,311.97,48.0,4.38,
2023-03-28,314.1499938964844,316.3599853515625,313.489990234375,316.3599853515625,120400000,313.49,317.42,311.82,52.9,4.32,
2023-03-29,315.67999267578125,317.0299987792969,314.94000244140625,317.010009765625,152800000,313.6,317.49,311.67,53.7,4.16,
2023-03-30,318.510009765625,319.4800109863281,316.7799987792969,318.04998779296875,187300000,313.69,317.53,311.55,55.2,4.06,
2023-03-31,319.6000061035156,322.5400085449219,319.1700134277344,322.0299987792969,194200000,313.97,317.69,311.51,60.2,4.09,
2023-04-03,323.17999267578125,323.2099914550781,319.7300109863281,320.3800048828125,138000000,313.95,317.86,311.47,57.3,4.04,
2023-04-04,320.9700012207031,322.8500061035156,320.239990234375,321.75,155300000,314.04,318.02,311.47,59.1,3.94,
2023-04-05,322.0400085449219,323.9599914550781,321.3500061035156,323.55999755859375,121200000,314.45,318.18,311.48,61.3,3.85,
2023-04-06,322.3699951171875,322.3999938964844,317.7799987792969,317.82000732421875,145400000,314.64,318.12,311.47,51.6,3.98,
2023-04-07,321.2900085449219,323.8900146484375,320.5299987792969,323.3599853515625,137000000,315.28,318.08,311.51,58.5,4.13,
2023-04-10,323.2699890136719,327.8900146484375,323.07000732421875,326.3800048828125,144400000,315.93,318.05,311.56,61.6,4.18,
2023-04-11,328.0,331.5799865722656,326.8699951171875,330.8699951171875,148400000,317.2,318.21,311.67,65.8,4.26,
2023-04-12,330.8800048828125,332.79998779296875,329.7699890136719,332.0899963378906,252100000,318.35,318.51,311.81,66.9,4.17,
2023-04-13,330.05999755859375,333.0899963378906,329.6300048828125,333.0899963378906,172600000,319.58,318.75,311.91,67.8,4.12,
2023-04-14,335.4200134277344,335.7699890136719,332.489990234375,333.67999267578125,298800000,320.66,318.94,312.0,68.3,4.06,
2023-04-17,333.6199951171875,334.29998779296875,332.17999267578125,333.9200134277344,245000000,321.89,319.1,312.07,68.5,3.92,
2023-04-18,334.92999267578125,334.9700012207031,331.3500061035156,333.5,238300000,323.04,319.4,312.18,67.6,3.9,
2023-04-19,333.3399963378906,334.9599914550781,332.9599914550781,333.7699890136719,167700000,324.03,319.66,312.31,67.9,3.76,
2023-04-20,332.4200134277344,333.6499938964844,331.17999267578125,332.6600036621094,176400000,324.87,319.8,312.45,65.2,3.68,
2023-04-21,332.0799865722656,332.489990234375,329.55999755859375,330.94000244140625,146600000,325.7,319.92,312.59,61.2,3.64,
2023-04-24,329.989990234375,330.3500061035156,328.05999755859375,328.70001220703125,133300000,326.5,320.02,312.69,56.4,3.58,
2023-04-25,329.70001220703125,329.8800048828125,322.4700012207031,324.4800109863281,163600000,326.9,320.08,312.8,48.6,3.86,
2023-04-26,324.57000732421875,325.6099853515625,323.29998779296875,323.9700012207031,142100000,327.25,320.09,312.88,47.7,3.75,
2023-04-27,323.7799987792969,325.739990234375,321.17999267578125,325.0899963378906,147100000,327.6,320.23,312.95,49.8,3.8,
2023-04-28,327.3500061035156,328.55999755859375,324.7699890136719,326.4599914550781,156800000,327.82,320.27,313.04,52.3,3.8,
2023-05-02,326.989990234375,329.489990234375,326.739990234375,329.0899963378906,113900000,328.26,320.44,313.16,56.8,3.75,
2023-05-03,326.989990234375,327.92999267578125,325.8299865722656,326.5199890136719,103800000,328.5,320.54,313.26,51.7,3.71,
2023-05-04,325.75,326.3299865722656,324.260009765625,326.1700134277344,98900000,328.63,320.63,313.36,51.0,3.61,
2023-05-08,329.010009765625,330.04998779296875,328.20001220703125,328.8999938964844,98800000,329.18,320.89,313.47,55.9,3.63,
2023-05-09,328.67999267578125,328.9200134277344,326.80999755859375,328.2200012207031,91000000,329.43,321.06,313.54,54.4,3.52,
2023-05-10,327.7300109863281,327.8999938964844,324.94000244140625,326.0400085449219,97600000,329.41,321.24,313.6,50.0,3.5,
2023-05-11,327.17999267578125,328.42999267578125,325.2799987792969,325.2799987792969,99100000,329.13,321.47,313.64,48.5,3.48,
2023-05-12,324.8299865722656,325.239990234375,322.9700012207031,323.6099853515625,99500000,328.7,321.65,313.66,45.3,3.39,
2023-05-15,322.989990234375,324.55999755859375,321.6099853515625,324.4599914550781,89300000,328.27,321.81,313.7,47.2,3.36,
2023-05-16,327.010009765625,327.7200012207031,324.6000061035156,325.30999755859375,104600000,327.85,321.99,313.73,49.1,3.36,
2023-05-17,325.6099853515625,327.5400085449219,324.82000732421875,326.6099853515625,92300000,327.49,322.1,313.77,52.0,3.31,
2023-05-18,329.07000732421875,329.8699951171875,327.67999267578125,329.8399963378906,94700000,327.31,322.3,313.82,58.2,3.31,
2023-05-19,332.6700134277344,334.2699890136719,332.0,334.2300109863281,108700000,327.33,322.68,313.88,65.0,3.39,
2023-05-22,334.5,337.6600036621094,333.42999267578125,336.2699890136719,111100000,327.51,323.13,313.95,67.6,3.45,
2023-05-23,337.32000732421875,338.5400085449219,336.3699951171875,337.0899963378906,88900000,327.82,323.66,314.02,68.6,3.36,
2023-05-24,335.3599853515625,337.32000732421875,335.0899963378906,336.489990234375,95100000,328.21,324.12,314.09,66.9,3.28,
2023-05-25,337.7200012207031,338.20001220703125,334.9800109863281,335.3500061035156,94200000,328.75,324.72,314.15,63.8,3.28,
2023-05-26,336.8699951171875,338.05999755859375,335.8900146484375,337.1099853515625,106700000,329.41,325.28,314.21,66.4,3.24,
2023-05-30,340.5299987792969,341.739990234375,339.7300109863281,341.5,130100000,330.23,325.94,314.28,71.9,3.34,
2023-05-31,341.54998779296875,342.510009765625,339.0400085449219,339.1199951171875,191200000,330.86,326.48,314.34,65.6,3.35,
2023-06-01,338.3599853515625,339.6099853515625,337.2900085449219,338.0799865722656,96800000,331.31,327.05,314.39,63.1,3.27,
2023-06-02,340.57000732421875,342.67999267578125,340.1199951171875,342.6700134277344,97300000,332.12,327.7,314.48,68.9,3.37,
2023-06-05,344.8900146484375,344.95001220703125,343.0400085449219,343.9100036621094,117500000,333.0,328.29,314.55,70.2,3.29,
2023-06-07,344.760009765625,345.6300048828125,343.0299987792969,343.2200012207031,115800000,333.72,328.84,314.61,68.4,3.24,
2023-06-08,342.1600036621094,342.75,340.4800109863281,342.75,155300000,334.45,329.41,314.67,67.2,3.2,
2023-06-09,344.2799987792969,347.4200134277344,343.3399963378906,346.7900085449219,139700000,335.48,330.09,314.75,72.0,3.31,
2023-06-12,347.5400085449219,348.17999267578125,343.70001220703125,344.57000732421875,115900000,336.45,330.66,314.83,66.3,3.39,
2023-06-13,346.9200134277344,347.4599914550781,345.3800048828125,346.3900146484375,119400000,337.59,331.24,314.93,68.5,3.36,
2023-06-14,346.489990234375,346.8800048828125,343.69000244140625,344.6499938964844,124600000,338.6,331.77,315.04,64.1,3.35,
2023-06-15,345.92999267578125,346.5799865722656,342.7200012207031,343.19000244140625,117100000,339.49,332.2,315.16,60.7,3.38,
2023-06-16,345.0899963378906,345.3500061035156,343.1300048828125,345.1700134277344,153600000,340.42,332.69,315.29,63.6,3.3,
2023-06-19,344.3599853515625,344.54998779296875,341.9800109863281,343.1300048828125,120300000,341.08,333.12,315.38,58.8,3.29,
2023-06-20,341.9800109863281,343.0199890136719,341.1499938964844,342.5799865722656,157400000,341.5,333.5,315.48,57.5,3.2,
2023-06-21,341.4800109863281,342.0299987792969,338.9800109863281,339.44000244140625,127000000,341.66,333.93,315.59,50.9,3.23,
2023-06-22,338.5199890136719,341.55999755859375,338.4599914550781,341.1199951171875,103400000,341.86,334.29,315.7,54.0,3.22,
2023-06-23,341.95001220703125,342.2099914550781,338.2099914550781,338.45001220703125,100400000,341.96,334.53,315.78,48.7,3.27,
2023-06-26,338.3800048828125,340.7799987792969,337.6199951171875,340.3800048828125,101500000,342.21,334.72,315.9,52.3,3.27,
2023-06-27,340.4200134277344,340.45001220703125,338.6499938964844,340.32000732421875,97600000,342.37,334.89,316.04,52.2,3.16,
2023-06-28,341.3800048828125,341.6000061035156,337.6000061035156,338.4100036621094,96700000,342.22,334.99,316.17,48.3,3.22,
2023-06-29,338.4599914550781,340.3399963378906,336.3900146484375,336.3900146484375,105400000,342.08,335.05,316.29,44.6,3.27,
2023-06-30,337.55999755859375,338.9800109863281,335.0400085449219,337.95001220703125,104000000,342.07,335.13,316.44,47.9,3.32,
2023-07-03,340.260009765625,343.5,340.07000732421875,343.0799865722656,98800000,342.09,335.32,316.61,57.2,3.48,
2023-07-04,343.5400085449219,343.8800048828125,341.4200134277344,341.5899963378906,103800000,341.98,335.47,316.72,54.2,3.41,
2023-07-05,341.4700012207031,342.82000732421875,338.92999267578125,339.0400085449219,130500000,341.77,335.6,316.85,49.4,3.44,
2023-07-06,338.19000244140625,338.8800048828125,335.54998779296875,336.20001220703125,146400000,341.44,335.71,316.98,44.7,3.44,
2023-07-07,334.7900085449219,334.7900085449219,330.3299865722656,331.57000732421875,134900000,340.68,335.77,317.1,38.2,3.62,
2023-07-10,331.82000732421875,333.6000061035156,330.3900146484375,330.8399963378906,116800000,339.99,335.89,317.22,37.3,3.59,
2023-07-11,333.4700012207031,337.0199890136719,332.9100036621094,337.0199890136719,147300000,339.53,336.15,317.36,48.5,3.77,
2023-07-12,336.82000732421875,339.4599914550781,336.1499938964844,339.4599914550781,185300000,339.27,336.44,317.54,52.1,3.74,
2023-07-13,341.6000061035156,343.010009765625,341.1000061035156,341.1300048828125,154100000,339.16,336.73,317.74,54.5,3.73,
2023-07-14,343.489990234375,346.92999267578125,342.8999938964844,346.92999267578125,155000000,339.25,337.09,317.98,61.6,3.88,
2023-07-17,345.3800048828125,346.9800109863281,344.739990234375,345.75,150900000,339.38,337.48,318.26,59.6,3.76,
2023-07-18,346.489990234375,346.9800109863281,342.8999938964844,343.3800048828125,131100000,339.42,337.82,318.53,55.6,3.78,
2023-07-19,345.6099853515625,345.69000244140625,341.7799987792969,343.1099853515625,123800000,339.61,338.1,318.83,55.1,3.79,
2023-07-20,341.3699951171875,343.2900085449219,340.6199951171875,341.6700134277344,116400000,339.63,338.37,319.12,52.7,3.71,
2023-07-21,339.19000244140625,342.3900146484375,337.45001220703125,342.3900146484375,130800000,339.83,338.7,319.43,53.8,3.8,
2023-07-24,341.9800109863281,345.8699951171875,340.6700134277344,344.32000732421875,151500000,340.03,339.08,319.71,56.7,3.9,
2023-07-25,345.7799987792969,346.2699890136719,342.92999267578125,344.9200134277344,200900000,340.26,339.51,319.99,57.6,3.86,
2023-07-26,345.17999267578125,345.4200134277344,339.5299987792969,340.55999755859375,296500000,340.37,339.83,320.23,49.6,4.0,
2023-07-27,341.6400146484375,345.5,340.5799865722656,344.760009765625,238900000,340.78,340.22,320.51,56.0,4.07,
2023-07-28,343.54998779296875,344.3399963378906,341.30999755859375,344.0299987792969,197300000,341.09,340.57,320.8,54.7,4.03,
2023-07-31,346.5,347.17999267578125,344.7200012207031,345.6199951171875,168100000,341.21,340.88,321.09,57.0,3.96,
2023-08-01,347.3500061035156,351.2300109863281,346.55999755859375,351.0,171300000,341.69,341.22,321.44,63.8,4.08,
2023-08-02,349.1000061035156,349.739990234375,343.25,343.79998779296875,174000000,341.92,341.37,321.71,52.0,4.34,
2023-08-03,344.79998779296875,345.04998779296875,340.1000061035156,341.5400085449219,169200000,342.19,341.46,321.97,48.9,4.39,
2023-08-04,341.6000061035156,342.7200012207031,340.6199951171875,341.25,118800000,342.67,341.55,322.21,48.5,4.22,
2023-08-07,339.6000061035156,343.17999267578125,339.4599914550781,339.67999267578125,117900000,343.12,341.64,322.45,46.3,4.19,
2023-08-08,342.1199951171875,342.6199951171875,337.25,337.95001220703125,127800000,343.16,341.66,322.69,44.0,4.27,
2023-08-09,339.0,342.3800048828125,338.45001220703125,341.6099853515625,115500000,343.27,341.66,322.96,49.8,4.28,
2023-08-10,339.69000244140625,340.4599914550781,339.0899963378906,340.4599914550781,164700000,343.24,341.68,323.2,48.1,4.16,
2023-08-11,341.8800048828125,343.0299987792969,338.79998779296875,338.9800109863281,128900000,342.84,341.7,323.44,45.9,4.16,
2023-08-14,338.5799865722656,339.5199890136719,335.2799987792969,336.3299865722656,125100000,342.37,341.58,323.65,42.3,4.17,
2023-08-16,333.69000244140625,334.1700134277344,330.5400085449219,331.2799987792969,126700000,341.76,341.32,323.82,36.3,4.28,
2023-08-17,329.6300048828125,330.42999267578125,325.739990234375,330.2300109863281,118000000,341.12,341.06,323.99,35.2,4.37,
2023-08-18,326.8999938964844,330.6499938964844,326.239990234375,328.4200134277344,119200000,340.46,340.78,324.14,33.3,4.38,
2023-08-21,329.45001220703125,331.0899963378906,328.29998779296875,328.8399963378906,100100000,339.78,340.42,324.26,34.2,4.26,
2023-08-22,331.6499938964844,332.5299987792969,328.69000244140625,329.70001220703125,94000000,339.05,340.12,324.39,36.1,4.23,
2023-08-23,328.95001220703125,330.2200012207031,327.8699951171875,329.1499938964844,87600000,338.26,339.78,324.53,35.4,4.1,
2023-08-24,333.1400146484375,334.0400085449219,332.1400146484375,333.82000732421875,105000000,337.92,339.56,324.68,45.0,4.15,
2023-08-25,329.30999755859375,331.3999938964844,328.6600036621094,330.25,82400000,337.2,339.3,324.79,40.1,4.23,
2023-08-28,330.25,332.6700134277344,330.25,332.5299987792969,95100000,336.62,339.05,324.89,44.3,4.1,
2023-08-29,333.57000732421875,334.4599914550781,332.70001220703125,333.760009765625,88500000,336.03,338.86,324.98,46.4,3.94,
2023-08-30,337.1099853515625,337.69000244140625,334.94000244140625,334.94000244140625,89300000,335.23,338.71,325.1,48.5,3.94,
2023-08-31,335.3800048828125,336.05999755859375,333.3900146484375,334.75,146200000,334.77,338.61,325.16,48.2,3.85,
2023-09-01,334.1099853515625,338.95001220703125,334.07000732421875,338.2799987792969,119800000,334.61,338.56,325.24,54.3,3.92,
2023-09-04,339.1000061035156,341.0199890136719,337.6000061035156,341.0199890136719,96700000,334.6,338.61,325.34,58.4,3.89,
2023-09-05,340.1499938964844,341.45001220703125,339.25,340.2900085449219,82800000,334.63,338.61,325.43,56.9,3.77,
2023-09-06,339.6600036621094,340.4800109863281,337.3599853515625,337.8500061035156,91700000,334.62,338.56,325.53,52.2,3.72,
2023-09-07,336.92999267578125,338.0199890136719,335.0799865722656,336.739990234375,88400000,334.38,338.52,325.63,50.2,3.67,
2023-09-08,336.2900085449219,336.6600036621094,333.9200134277344,336.3999938964844,79800000,334.18,338.52,325.74,49.5,3.61,
2023-09-11,336.5199890136719,337.6199951171875,335.3299865722656,337.5799865722656,112600000,334.11,338.52,325.87,51.8,3.51,
2023-09-12,338.510009765625,338.80999755859375,335.2799987792969,335.5400085449219,94700000,334.07,338.37,325.98,47.8,3.51,
2023-09-13,335.8299865722656,337.6099853515625,334.6700134277344,335.989990234375,106800000,334.3,338.25,326.07,48.7,3.47,
2023-09-14,337.3399963378906,341.19000244140625,336.6400146484375,341.19000244140625,121400000,334.85,338.3,326.2,58.2,3.6,
2023-09-15,341.55999755859375,346.2900085449219,341.0199890136719,344.9800109863281,159800000,335.68,338.47,326.36,63.5,3.71,
2023-09-18,342.9800109863281,344.3900146484375,340.510009765625,340.6700134277344,100500000,336.27,338.65,326.48,55.0,3.77,
2023-09-19,341.5,342.17999267578125,338.2099914550781,338.82000732421875,96100000,336.73,338.81,326.57,51.8,3.78,
2023-09-20,338.5400085449219,339.8699951171875,337.57000732421875,338.75,104300000,337.21,338.85,326.66,51.6,3.68,
2023-09-21,336.7300109863281,337.5400085449219,333.010009765625,333.0400085449219,96300000,337.17,338.72,326.75,42.7,3.82,
2023-09-22,329.8999938964844,332.5899963378906,329.1099853515625,332.0199890136719,87000000,337.26,338.54,326.84,41.4,3.83,
2023-09-25,331.3999938964844,332.6499938964844,330.1000061035156,331.5799865722656,84400000,337.21,338.23,326.95,40.8,3.74,
2023-09-26,331.510009765625,331.55999755859375,326.6300048828125,326.8999938964844,90000000,336.87,337.85,327.04,34.9,3.83,
2023-09-27,325.04998779296875,327.5,324.7300109863281,326.7099914550781,81600000,336.45,337.52,327.13,34.7,3.75,
2023-10-04,322.6099853515625,322.6099853515625,318.8800048828125,319.45001220703125,149200000,335.69,337.05,327.17,27.6,4.04,
2023-10-05,321.4599914550781,321.7099914550781,318.4599914550781,318.5799865722656,104500000,334.7,336.59,327.21,26.9,3.99,
2023-10-06,319.2699890136719,320.6700134277344,318.44000244140625,318.94000244140625,87500000,333.6,336.12,327.26,27.7,3.86,
2023-10-10,322.9700012207031,324.8500061035156,319.05999755859375,319.1099853515625,128800000,332.54,335.61,327.29,28.1,4.01,
2023-10-11,323.9599914550781,327.260009765625,323.95001220703125,324.739990234375,119100000,331.89,335.21,327.38,40.3,4.3,
2023-10-12,326.8900146484375,328.8500061035156,326.8900146484375,328.8500061035156,108800000,331.49,334.97,327.48,47.3,4.29,
2023-10-13,326.1099853515625,327.3299865722656,325.42999267578125,325.7699890136719,91800000,330.96,334.59,327.58,43.2,4.23,
2023-10-16,324.1000061035156,326.0,321.32000732421875,323.2900085449219,93100000,330.25,334.18,327.67,40.2,4.26,
2023-10-17,325.70001220703125,328.260009765625,325.010009765625,327.3500061035156,88500000,329.84,333.81,327.79,46.8,4.31,
2023-10-18,326.32000732421875,329.05999755859375,326.1199951171875,328.82000732421875,134100000,329.48,333.37,327.9,49.0,4.21,
2023-10-19,324.75,325.0799865722656,322.3999938964844,322.760009765625,115700000,328.56,332.95,328.0,41.4,4.37,
2023-10-20,319.45001220703125,320.17999267578125,316.2799987792969,317.9599914550781,112700000,327.21,332.48,328.08,36.6,4.52,
2023-10-23,317.42999267578125,318.29998779296875,315.0899963378906,315.5,89200000,325.95,331.96,328.14,34.4,4.43,
2023-10-24,317.3399963378906,318.6300048828125,311.7699890136719,318.42999267578125,93300000,324.93,331.54,328.25,39.1,4.6,
2023-10-25,319.260009765625,319.5899963378906,316.29998779296875,316.489990234375,91200000,323.81,331.11,328.37,37.2,4.51,
2023-10-26,311.3599853515625,312.3699951171875,307.75,307.75,110800000,322.55,330.43,328.46,30.1,4.81,
2023-10-27,309.67999267578125,310.42999267578125,307.239990234375,308.5299987792969,92900000,321.38,329.79,328.56,31.3,4.69,
2023-10-30,307.010009765625,310.1199951171875,306.8900146484375,308.95001220703125,95800000,320.24,329.19,328.62,32.1,4.59,
2023-10-31,310.489990234375,311.5799865722656,305.1400146484375,305.55999755859375,121700000,319.18,328.58,328.66,29.4,4.72,
2023-11-01,307.54998779296875,310.4100036621094,307.3299865722656,309.7099914550781,89000000,318.33,328.15,328.7,36.3,4.73,
2023-11-02,314.5899963378906,316.510009765625,314.1199951171875,315.1600036621094,112400000,318.11,327.84,328.73,44.1,4.88,
2023-11-03,317.9599914550781,318.760009765625,316.5,318.239990234375,90000000,318.1,327.64,328.77,48.0,4.79,
2023-11-06,322.6199951171875,334.1600036621094,321.57000732421875,334.1600036621094,174400000,318.86,327.75,328.89,62.4,5.58,
2023-11-07,330.70001220703125,330.70001220703125,323.8900146484375,327.2900085449219,119900000,319.27,327.7,328.97,55.3,5.92,
2023-11-08,329.44000244140625,330.4200134277344,323.3599853515625,324.0,89900000,319.23,327.6,329.03,52.2,6.0,
2023-11-09,324.3800048828125,326.8900146484375,323.32000732421875,325.2900085449219,93300000,319.05,327.43,329.07,53.3,5.83,
2023-11-10,322.7799987792969,324.17999267578125,321.260009765625,323.75,65700000,318.95,327.3,329.12,51.8,5.7,
2023-11-13,326.7799987792969,327.6300048828125,322.6400146484375,323.30999755859375,68700000,318.95,327.11,329.18,51.3,5.65,
2023-11-14,326.1199951171875,327.79998779296875,325.79998779296875,326.57000732421875,75500000,318.91,326.97,329.24,54.5,5.56,
2023-11-15,333.1499938964844,333.9700012207031,330.989990234375,333.9599914550781,117100000,319.17,326.95,329.33,60.7,5.7,
2023-11-16,333.5199890136719,334.8999938964844,332.1600036621094,334.30999755859375,80900000,319.75,326.94,329.4,61.0,5.48,
2023-11-17,332.9100036621094,333.7099914550781,331.1600036621094,332.05999755859375,72700000,320.45,326.81,329.43,58.2,5.32,
2023-11-20,331.29998779296875,335.55999755859375,331.04998779296875,334.2300109863281,73800000,321.39,326.68,329.47,60.1,5.26,
2023-11-21,336.1199951171875,337.75,335.6400146484375,336.57000732421875,80900000,322.29,326.6,329.54,62.1,5.14,
2023-11-22,334.0799865722656,337.55999755859375,333.4599914550781,336.80999755859375,72500000,323.31,326.58,329.63,62.3,5.06,
2023-11-23,337.4599914550781,338.0199890136719,335.7900085449219,336.9100036621094,72800000,324.77,326.59,329.71,62.4,4.86,
2023-11-24,337.260009765625,337.8800048828125,334.0,334.0,73100000,326.04,326.54,329.76,57.9,4.79,
2023-11-27,334.4200134277344,336.0400085449219,332.5799865722656,333.6700134277344,73000000,327.28,326.46,329.8,57.4,4.69,
2023-11-28,335.1499938964844,337.6499938964844,334.489990234375,337.5199890136719,97400000,328.88,326.5,329.89,61.6,4.64,
2023-11-29,336.6400146484375,337.1000061035156,334.3399963378906,336.6199951171875,88800000,330.22,326.51,329.98,60.1,4.54,
2023-11-30,335.6099853515625,338.42999267578125,334.8999938964844,338.42999267578125,169500000,331.39,326.46,330.04,62.1,4.47,
2023-12-01,336.7099914550781,336.7300109863281,334.4100036621094,334.79998779296875,95300000,332.21,326.25,330.09,56.1,4.43,
2023-12-04,337.20001220703125,337.760009765625,335.6300048828125,336.1400146484375,90900000,332.31,326.16,330.15,57.7,4.33,
2023-12-05,335.2099914550781,335.2699890136719,332.6099853515625,332.8500061035156,93800000,332.59,326.04,330.21,52.6,4.27,
2023-12-06,334.29998779296875,335.4700012207031,333.45001220703125,333.45001220703125,86200000,333.06,325.94,330.26,53.4,4.15,
2023-12-07,332.95001220703125,333.9599914550781,331.4200134277344,332.6700134277344,85700000,333.43,325.93,330.33,52.1,4.04,
2023-12-08,335.3299865722656,337.2699890136719,334.9100036621094,336.6000061035156,72000000,334.07,326.02,330.39,57.6,4.08,
2023-12-11,337.67999267578125,338.2099914550781,335.7699890136719,337.92999267578125,80200000,334.81,326.15,330.48,59.2,3.96,
2023-12-12,339.4200134277344,340.69000244140625,338.80999755859375,339.7699890136719,96200000,335.47,326.41,330.57,61.5,3.88,
2023-12-13,339.0899963378906,339.4599914550781,336.5400085449219,336.67999267578125,74900000,335.6,326.61,330.64,55.9,3.83,
2023-12-14,341.9700012207031,342.67999267578125,339.3900146484375,341.3299865722656,156800000,335.95,327.04,330.77,61.6,3.99,
2023-12-15,343.42999267578125,345.67999267578125,342.94000244140625,343.989990234375,144500000,336.55,327.55,330.89,64.4,4.01,
2023-12-18,344.3599853515625,344.510009765625,342.2300109863281,343.5,126800000,337.01,328.04,331.03,63.5,3.89,
2023-12-19,343.17999267578125,344.1499938964844,342.1700134277344,343.95001220703125,165200000,337.38,328.54,331.18,64.0,3.75,
2023-12-20,346.6700134277344,350.3999938964844,346.2200012207031,350.1099853515625,213300000,338.05,329.05,331.35,70.2,3.94,
2023-12-21,348.25,349.7799987792969,346.70001220703125,348.7799987792969,128100000,338.64,329.45,331.52,67.5,3.91,
2023-12-22,351.67999267578125,352.3299865722656,349.1499938964844,349.1499938964844,114800000,339.4,329.91,331.68,67.9,3.88,
2023-12-26,350.57000732421875,351.1600036621094,349.0,350.42999267578125,109400000,340.23,330.46,331.83,69.2,3.76,
2023-12-27,350.04998779296875,352.4599914550781,348.92999267578125,352.4599914550781,129900000,340.98,330.96,331.99,71.2,3.74,
2023-12-28,352.75,357.989990234375,352.010009765625,357.989990234375,108300000,342.05,331.54,332.2,75.8,3.9,
2024-01-02,356.42999267578125,361.5299987792969,355.9599914550781,360.54998779296875,106700000,343.16,332.3,332.44,77.6,4.02,
2024-01-03,356.739990234375,356.82000732421875,351.20001220703125,351.20001220703125,117700000,343.98,332.96,332.64,60.1,4.4,
2024-01-04,349.1000061035156,350.760009765625,347.1300048828125,348.07000732421875,103100000,344.57,333.61,332.81,55.6,4.38,
2024-01-05,348.2200012207031,348.8699951171875,346.32000732421875,347.2200012207031,82200000,345.29,334.19,333.02,54.4,4.25,
2024-01-08,348.1700134277344,349.3900146484375,345.4800109863281,345.5799865722656,78200000,345.9,334.77,333.2,52.1,4.22,
2024-01-09,350.010009765625,350.20001220703125,343.0,343.80999755859375,94900000,346.45,335.49,333.38,49.6,4.44,
2024-01-10,344.2099914550781,345.05999755859375,340.260009765625,340.6600036621094,95500000,346.66,336.13,333.52,45.5,4.46,
2024-01-11,340.32000732421875,342.7900085449219,339.92999267578125,340.2799987792969,163500000,346.78,336.76,333.68,45.0,4.35,
2024-01-12,339.7900085449219,341.04998779296875,337.2200012207031,338.2200012207031,86800000,346.7,337.41,333.82,42.3,4.31,
2024-01-15,338.6099853515625,340.5400085449219,337.6600036621094,339.239990234375,86500000,346.83,338.01,333.94,44.1,4.21,
2024-01-16,337.760009765625,338.739990234375,334.2200012207031,334.7300109863281,94300000,346.5,338.4,334.04,38.5,4.27,
2024-01-17,335.510009765625,336.05999755859375,326.05999755859375,326.1099853515625,134900000,345.6,338.55,334.1,30.6,4.68,
2024-01-18,326.8800048828125,328.7799987792969,325.1000061035156,327.1300048828125,98200000,344.78,338.41,334.17,32.4,4.6,
2024-01-19,331.6000061035156,333.2699890136719,330.6300048828125,332.989990234375,102400000,344.24,338.53,334.25,41.6,4.71,
2024-01-22,335.760009765625,336.1499938964844,332.6300048828125,332.6300048828125,92600000,343.36,338.7,334.33,41.2,4.63,
2024-01-23,334.8699951171875,335.1199951171875,332.2300109863281,334.9700012207031,95100000,342.67,338.89,334.41,44.7,4.5,
2024-01-24,334.45001220703125,334.6600036621094,331.010009765625,333.2699890136719,100900000,341.88,339.08,334.47,42.7,4.47,
2024-01-25,333.20001220703125,334.19000244140625,331.3699951171875,333.79998779296875,101100000,341.05,339.29,334.54,43.6,4.35,
2024-01-26,331.989990234375,337.6700134277344,331.2799987792969,334.2099914550781,86500000,340.13,339.45,334.6,44.3,4.49,
2024-01-29,335.67999267578125,340.510009765625,334.6600036621094,337.8399963378906,114400000,339.13,339.52,334.67,50.0,4.62,
2024-01-30,340.9599914550781,341.6199951171875,337.0799865722656,337.4800109863281,128300000,337.97,339.59,334.77,49.4,4.62,
2024-01-31,335.5,337.20001220703125,335.1499938964844,336.239990234375,126900000,337.22,339.67,334.83,47.5,4.45,
2024-02-01,335.8900146484375,342.4800109863281,335.8900146484375,342.4100036621094,243100000,336.94,339.83,334.91,56.6,4.61,
2024-02-02,345.1000061035156,353.44000244140625,344.94000244140625,353.42999267578125,212400000,337.25,340.17,335.03,67.4,5.07,
2024-02-05,352.70001220703125,352.9599914550781,344.95001220703125,349.1499938964844,189500000,337.43,340.42,335.11,61.0,5.31,
2024-02-06,348.2300109863281,350.42999267578125,345.5199890136719,347.79998779296875,132600000,337.63,340.64,335.18,59.1,5.28,
2024-02-07,349.79998779296875,354.7099914550781,348.9599914550781,352.25,246800000,338.21,341.0,335.28,63.2,5.4,
2024-02-08,353.44000244140625,354.9599914550781,352.0,353.2900085449219,192000000,338.86,341.39,335.37,64.1,5.22,
2024-02-13,356.8500061035156,358.67999267578125,356.1000061035156,357.3800048828125,156000000,339.82,341.79,335.49,67.4,5.23,
2024-02-14,351.5199890136719,353.7699890136719,350.6199951171875,352.69000244140625,120500000,340.49,342.11,335.59,60.5,5.34,
2024-02-15,355.8299865722656,356.0199890136719,351.2099914550781,351.2099914550781,121300000,341.31,342.37,335.68,58.4,5.31,
2024-02-16,354.19000244140625,355.5799865722656,352.1700134277344,355.5199890136719,121500000,342.78,342.78,335.8,62.4,5.24,
2024-02-19,356.3999938964844,361.32000732421875,356.3999938964844,360.8800048828125,139800000,344.47,343.28,335.96,66.7,5.28,
2024-02-20,359.5299987792969,359.9200134277344,355.07000732421875,356.9200134277344,119300000,345.67,343.76,336.13,61.1,5.32,
2024-02-21,357.07000732421875,358.80999755859375,354.69000244140625,356.0400085449219,109100000,346.84,344.21,336.29,59.9,5.23,
2024-02-22,358.8699951171875,358.9700012207031,355.8599853515625,357.6700134277344,128300000,347.97,344.71,336.45,61.4,5.08,
2024-02-23,360.3999938964844,362.7200012207031,358.17999267578125,358.57000732421875,133400000,349.24,345.15,336.61,62.3,5.08,
2024-02-26,356.75,357.1400146484375,352.9100036621094,355.4800109863281,140500000,350.32,345.5,336.74,57.6,5.12,
2024-02-27,356.3900146484375,356.4200134277344,352.0199890136719,352.760009765625,137900000,351.25,345.76,336.87,53.8,5.07,
2024-02-28,353.05999755859375,357.510009765625,352.30999755859375,356.7900085449219,127200000,352.2,346.16,337.03,58.2,5.08,
2024-02-29,355.3800048828125,356.4599914550781,353.2900085449219,355.57000732421875,187600000,353.1,346.45,337.16,56.5,4.96,
2024-03-04,358.989990234375,361.9800109863281,358.4800109863281,361.1000061035156,152500000,354.35,346.79,337.32,62.1,5.07,
2024-03-05,359.3900146484375,362.5400085449219,357.5899963378906,357.5899963378906,134900000,355.1,347.07,337.48,57.1,5.06,
2024-03-06,356.010009765625,357.25,354.5199890136719,356.25,123900000,355.25,347.32,337.64,55.2,4.92,
2024-03-07,357.79998779296875,358.6099853515625,354.9599914550781,356.82000732421875,120300000,355.63,347.45,337.8,55.9,4.83,
2024-03-08,360.8699951171875,362.7200012207031,360.010009765625,361.7099914550781,117500000,356.32,347.71,337.99,61.1,4.9,
2024-03-11,359.30999755859375,360.94000244140625,358.20001220703125,358.3399963378906,120800000,356.63,347.89,338.15,56.2,4.8,
2024-03-12,359.95001220703125,362.0,357.8800048828125,361.1099853515625,125900000,357.02,348.11,338.33,59.1,4.76,
2024-03-13,363.1499938964844,364.42999267578125,361.260009765625,363.0400085449219,133900000,357.3,348.32,338.49,61.0,4.65,
2024-03-14,363.8500061035156,366.67999267578125,363.5,366.67999267578125,266400000,358.0,348.49,338.66,64.5,4.58,
2024-03-15,364.1199951171875,364.6700134277344,359.3900146484375,359.3900146484375,201900000,358.41,348.47,338.77,54.2,4.77,
2024-03-18,360.739990234375,361.7699890136719,358.5299987792969,361.30999755859375,120500000,358.7,348.67,338.89,56.2,4.66,
2024-03-19,359.0299987792969,359.07000732421875,355.510009765625,357.3299865722656,147000000,358.52,348.86,339.0,51.2,4.75,
2024-03-20,361.07000732421875,363.5799865722656,359.92999267578125,363.32000732421875,147700000,358.84,349.18,339.14,57.3,4.85,
2024-03-21,369.9700012207031,373.82000732421875,368.82000732421875,373.6600036621094,154700000,359.72,349.74,339.32,65.4,5.26,
2024-03-22,373.2699890136719,375.1000061035156,370.7099914550781,372.6499938964844,138500000,360.47,350.32,339.47,64.1,5.19,
2024-03-25,373.69000244140625,375.2300109863281,369.7699890136719,370.7300109863281,118900000,361.08,350.92,339.63,61.6,5.21,
2024-03-26,373.7699890136719,377.8299865722656,373.17999267578125,374.6000061035156,135100000,362.04,351.61,339.82,64.6,5.35,
2024-03-27,372.5799865722656,375.3299865722656,372.4800109863281,374.0799865722656,147600000,363.1,352.32,339.97,63.9,5.17,
2024-03-28,373.7799987792969,374.79998779296875,372.2300109863281,373.2200012207031,134100000,363.93,353.0,340.12,62.6,4.98,
2024-03-29,375.0400085449219,375.55999755859375,372.7699890136719,374.6300048828125,136800000,364.88,353.8,340.28,63.9,4.83,
2024-04-01,377.6600036621094,378.2900085449219,374.19000244140625,374.2799987792969,117500000,365.54,354.76,340.43,63.3,4.78,
2024-04-02,374.1600036621094,377.2900085449219,373.44000244140625,376.3399963378906,149600000,366.47,355.75,340.58,65.2,4.71,
2024-04-03,373.0899963378906,373.6300048828125,369.7200012207031,369.7200012207031,155100000,367.15,356.48,340.71,55.2,4.85,
2024-04-04,374.45001220703125,376.20001220703125,373.3900146484375,375.6099853515625,129800000,368.09,357.34,340.85,61.0,4.96,
2024-04-05,371.510009765625,374.1300048828125,370.20001220703125,371.57000732421875,160500000,368.58,358.07,340.99,55.7,4.99,
2024-04-08,372.6199951171875,373.9599914550781,371.6000061035156,372.510009765625,117600000,369.29,358.86,341.13,56.6,4.81,
2024-04-09,374.6600036621094,375.4700012207031,369.9599914550781,370.2699890136719,124600000,369.75,359.59,341.26,53.7,4.86,
2024-04-11,364.5299987792969,372.489990234375,364.17999267578125,370.7200012207031,147000000,370.13,360.32,341.4,54.2,5.11,
2024-04-12,371.20001220703125,371.42999267578125,366.4800109863281,367.25,163700000,370.16,360.91,341.52,49.7,5.09,
2024-04-15,364.2799987792969,365.739990234375,361.010009765625,365.30999755859375,122900000,370.46,361.46,341.65,47.3,5.18,
2024-04-16,361.510009765625,362.04998779296875,355.20001220703125,356.6700134277344,137500000,370.22,361.87,341.73,38.4,5.53,
2024-04-17,358.2099914550781,359.1099853515625,352.7900085449219,352.7900085449219,108300000,370.0,362.08,341.8,35.2,5.58,
2024-04-18,354.25,360.3299865722656,353.4800109863281,359.05999755859375,155200000,369.78,362.19,341.89,43.4,5.72,
2024-04-19,353.8999938964844,355.3699951171875,347.1199951171875,352.5799865722656,163700000,368.73,362.26,341.95,38.1,6.17,
2024-04-22,355.67999267578125,357.4800109863281,353.7200012207031,356.8900146484375,152400000,367.94,362.44,342.05,43.1,6.08,
2024-04-23,357.55999755859375,358.8299865722656,355.8599853515625,355.9800109863281,131100000,367.2,362.52,342.15,42.3,5.86,
2024-04-24,361.6600036621094,364.07000732421875,361.3399963378906,363.6000061035156,115500000,366.65,362.72,342.27,50.4,6.02,
2024-04-25,359.04998779296875,360.57000732421875,356.510009765625,356.510009765625,107800000,365.78,362.71,342.34,44.2,6.09,
2024-04-26,360.17999267578125,362.0799865722656,358.9800109863281,361.0199890136719,154200000,365.17,362.87,342.44,48.5,6.05,
2024-04-29,363.7099914550781,364.7300109863281,362.1300048828125,364.4800109863281,145800000,364.66,363.14,342.57,51.7,5.89,
2024-04-30,365.1700134277344,367.94000244140625,364.20001220703125,365.1300048828125,130200000,364.2,363.33,342.71,52.2,5.73,
2024-05-02,363.3699951171875,365.69000244140625,363.3699951171875,364.30999755859375,107200000,363.6,363.4,342.87,51.4,5.49,
2024-05-03,367.57000732421875,367.9100036621094,363.5799865722656,363.5799865722656,90400000,363.29,363.53,343.04,50.6,5.41,
2024-05-07,370.05999755859375,372.79998779296875,369.8500061035156,372.79998779296875,157600000,363.15,363.87,343.22,59.1,5.68,
2024-05-08,372.32000732421875,374.1199951171875,371.5799865722656,374.0899963378906,127000000,363.28,364.2,343.39,60.1,5.46,
2024-05-09,373.70001220703125,374.4599914550781,368.760009765625,368.8299865722656,146400000,363.09,364.4,343.53,54.1,5.47,
2024-05-10,372.7300109863281,373.79998779296875,370.4100036621094,371.0799865722656,141900000,363.13,364.71,343.65,56.1,5.44,
2024-05-13,372.1000061035156,373.0400085449219,368.7900085449219,370.989990234375,204900000,363.15,365.08,343.77,56.0,5.35,
2024-05-14,371.69000244140625,372.1199951171875,369.8999938964844,371.0400085449219,124300000,363.34,365.36,343.91,56.1,5.13,
2024-05-16,377.3299865722656,378.04998779296875,373.92999267578125,374.6000061035156,182200000,363.8,365.74,344.07,59.6,5.26,
2024-05-17,374.42999267578125,374.69000244140625,370.4599914550781,370.5799865722656,123100000,364.5,365.93,344.21,54.3,5.19,
2024-05-20,373.20001220703125,375.70001220703125,372.2200012207031,373.67999267578125,154400000,365.54,366.25,344.37,57.4,5.18,
2024-05-21,372.3900146484375,373.07000732421875,370.8999938964844,371.54998779296875,119600000,366.17,366.56,344.51,54.7,5.01,
2024-05-22,371.1400146484375,372.69000244140625,368.7200012207031,371.4100036621094,139400000,367.11,366.85,344.64,54.5,4.94,
2024-05-23,370.8500061035156,373.7200012207031,368.8999938964844,371.6199951171875,136100000,367.84,367.05,344.8,54.7,4.93,
2024-05-24,367.3500061035156,367.69000244140625,365.2699890136719,366.0799865722656,127100000,368.35,367.21,344.9,47.4,5.03,
2024-05-27,366.9800109863281,371.8599853515625,366.2900085449219,371.1600036621094,216900000,368.73,367.41,345.04,53.6,5.08,
2024-05-28,369.7099914550781,372.3399963378906,369.5799865722656,371.3299865722656,144600000,369.47,367.57,345.17,53.7,4.92,
2024-05-29,371.0400085449219,371.5299987792969,364.9599914550781,364.9599914550781,151700000,369.66,367.54,345.24,46.0,5.04,
2024-05-30,363.3299865722656,363.510009765625,358.70001220703125,358.70001220703125,124300000,369.38,367.52,345.31,39.9,5.12,
2024-05-31,362.0199890136719,362.80999755859375,358.1199951171875,358.2099914550781,234100000,369.03,367.46,345.39,39.4,5.09,
2024-06-03,361.6600036621094,367.010009765625,361.6099853515625,365.4800109863281,174500000,369.09,367.63,345.51,48.5,5.36,
2024-06-04,363.3699951171875,365.07000732421875,362.2300109863281,362.5199890136719,169200000,369.04,367.61,345.63,45.5,5.21,
2024-06-05,365.6400146484375,367.760009765625,363.3900146484375,366.44000244140625,152800000,368.72,367.46,345.77,49.9,5.21,
2024-06-07,370.79998779296875,372.80999755859375,368.57000732421875,371.3900146484375,126600000,368.58,367.44,345.92,54.9,5.29,
2024-06-10,367.760009765625,370.3500061035156,366.3500061035156,367.4599914550781,116200000,368.51,367.37,346.06,50.6,5.27,
2024-06-11,369.6099853515625,369.8999938964844,367.1499938964844,367.7099914550781,127500000,368.35,367.24,346.2,50.9,5.09,
2024-06-12,368.42999267578125,371.7099914550781,367.8999938964844,371.1199951171875,134900000,368.35,367.18,346.37,54.4,5.02,
2024-06-13,376.92999267578125,378.80999755859375,374.6499938964844,374.75,249100000,368.54,367.21,346.59,57.9,5.21,
2024-06-14,375.760009765625,377.67999267578125,374.5,376.0,173200000,368.61,367.24,346.82,59.1,5.06,
2024-06-17,375.4200134277344,376.57000732421875,373.32000732421875,373.8599853515625,130800000,368.77,367.23,347.05,56.2,4.93,
2024-06-18,377.07000732421875,378.7200012207031,376.1199951171875,377.7300109863281,158200000,368.97,367.25,347.29,60.0,4.93,
2024-06-19,381.2799987792969,383.7200012207031,381.2099914550781,383.010009765625,168600000,369.55,367.52,347.56,64.5,5.0,
2024-06-20,383.8599853515625,385.760009765625,382.6600036621094,384.7799987792969,147400000,370.22,367.7,347.84,65.9,4.87,
2024-06-21,382.3699951171875,382.9200134277344,379.6499938964844,380.8800048828125,175200000,370.68,367.89,348.07,60.3,4.89,
2024-06-24,378.9200134277344,380.4700012207031,377.1499938964844,378.3900146484375,126700000,371.29,368.01,348.31,57.0,4.8,
2024-06-25,378.1199951171875,380.94000244140625,378.1199951171875,379.8500061035156,132700000,371.73,368.2,348.55,58.4,4.66,
2024-06-26,378.5199890136719,383.05999755859375,377.8699951171875,383.010009765625,125400000,372.31,368.44,348.79,61.5,4.7,
2024-06-27,378.9800109863281,382.2699890136719,378.05999755859375,382.2699890136719,125600000,373.18,368.75,349.03,60.4,4.72,
2024-06-28,383.5,384.0199890136719,381.489990234375,384.0199890136719,122300000,374.44,369.12,349.28,62.1,4.56,
2024-07-01,383.1000061035156,384.75,382.07000732421875,384.3399963378906,110300000,375.75,369.67,349.51,62.4,4.43,
2024-07-02,383.3299865722656,384.6600036621094,380.739990234375,381.20001220703125,133100000,376.54,370.24,349.71,57.2,4.39,
2024-07-03,383.17999267578125,383.4800109863281,379.8900146484375,383.2300109863281,122500000,377.57,370.72,349.92,59.6,4.33,
2024-07-04,386.82000732421875,388.5299987792969,385.9100036621094,388.5299987792969,148800000,378.68,371.44,350.18,65.0,4.4,
2024-07-05,390.510009765625,396.4200134277344,390.489990234375,395.4700012207031,153400000,379.88,372.22,350.47,70.5,4.65,
2024-07-08,395.6199951171875,396.8999938964844,394.0199890136719,394.4700012207031,127700000,381.23,372.98,350.76,68.8,4.53,
2024-07-09,396.5899963378906,396.9200134277344,393.30999755859375,395.7900085449219,148100000,382.64,373.63,351.05,69.8,4.46,
2024-07-10,395.010009765625,396.0799865722656,394.0199890136719,395.6000061035156,131900000,383.86,374.41,351.35,69.5,4.29,
2024-07-11,398.82000732421875,400.30999755859375,396.69000244140625,398.5199890136719,163300000,385.05,375.16,351.66,71.8,4.32,
2024-07-12,394.489990234375,395.2300109863281,390.42999267578125,392.2900085449219,174100000,385.86,375.72,351.92,61.0,4.59,
2024-07-15,394.0899963378906,395.3900146484375,391.3900146484375,393.8399963378906,165500000,386.86,376.29,352.16,62.5,4.55,
2024-07-16,393.79998779296875,396.17999267578125,393.20001220703125,395.30999755859375,164800000,387.74,376.91,352.44,63.9,4.43,
2024-07-17,394.92999267578125,395.4800109863281,391.2200012207031,391.54998779296875,197300000,388.17,377.47,352.7,57.8,4.42,
2024-07-18,385.239990234375,389.0,384.5299987792969,389.0,269900000,388.38,377.79,352.95,54.1,4.61,
2024-07-19,385.0199890136719,385.7099914550781,381.2099914550781,383.8900146484375,127900000,388.53,377.99,353.21,47.4,4.83,
2024-07-22,383.44000244140625,384.25,378.05999755859375,379.8399963378906,127300000,388.6,378.21,353.45,42.9,4.93,
2024-07-23,383.79998779296875,384.9100036621094,380.3999938964844,381.6499938964844,151500000,388.69,378.42,353.7,45.4,4.94,
2024-07-24,378.5799865722656,381.95001220703125,377.3800048828125,378.6600036621094,137400000,388.47,378.58,353.96,42.1,4.91,
2024-07-25,372.9100036621094,374.0,370.5299987792969,371.260009765625,156500000,387.92,378.58,354.18,35.3,5.14,
2024-07-26,373.44000244140625,375.19000244140625,371.739990234375,374.20001220703125,195100000,387.43,378.57,354.45,39.5,5.06,
2024-07-29,376.8500061035156,380.44000244140625,375.8699951171875,378.7300109863281,146400000,387.15,378.73,354.75,45.4,5.14,
2024-07-30,375.3900146484375,376.4700012207031,373.5400085449219,374.8699951171875,139000000,386.84,378.76,355.03,41.7,5.15,
2024-07-31,376.010009765625,380.489990234375,374.010009765625,380.489990234375,151700000,386.7,378.94,355.34,48.3,5.24,
2024-08-01,383.67999267578125,384.5400085449219,380.4700012207031,380.5400085449219,123700000,386.3,379.12,355.62,48.3,5.16,
2024-08-02,371.760009765625,372.8399963378906,363.8900146484375,365.1700134277344,155200000,384.78,378.99,355.8,35.6,5.98,
2024-08-05,355.2799987792969,355.2799987792969,324.5199890136719,331.8599853515625,263500000,381.65,378.31,355.83,22.0,8.45,
2024-08-06,345.6300048828125,350.7200012207031,338.20001220703125,341.7300109863281,205500000,378.95,377.72,355.92,30.5,9.2,
2024-08-07,340.9100036621094,352.7200012207031,340.0799865722656,349.0899963378906,159300000,376.62,377.27,356.03,36.0,9.44,
2024-08-08,343.260009765625,348.8900146484375,341.55999755859375,346.70001220703125,159500000,374.03,376.91,356.12,35.0,9.31,
2024-08-09,353.82000732421875,353.8599853515625,349.7300109863281,351.5199890136719,125100000,372.0,376.76,356.26,38.7,9.15,
2024-08-12,353.6400146484375,356.6000061035156,353.25,355.6099853515625,98100000,370.08,376.71,356.45,41.7,8.86,
2024-08-13,356.9700012207031,358.69000244140625,354.70001220703125,357.0199890136719,110000000,368.17,376.54,356.66,42.7,8.51,
2024-08-14,361.1099853515625,362.07000732421875,358.8800048828125,360.3900146484375,103700000,366.61,376.5,356.87,45.2,8.27,
2024-08-16,368.3500061035156,369.3599853515625,366.2699890136719,369.1099853515625,125800000,365.62,376.55,357.13,51.1,8.32,
2024-08-19,369.0899963378906,369.1300048828125,364.010009765625,365.5199890136719,106600000,364.7,376.44,357.42,48.8,8.09,
2024-08-20,369.3900146484375,370.6700134277344,367.6400146484375,368.989990234375,105900000,364.16,376.47,357.72,51.1,7.88,
2024-08-21,367.0899963378906,369.0199890136719,366.5299987792969,368.2200012207031,107300000,363.48,376.48,358.02,50.6,7.49,
2024-08-22,369.7099914550781,369.80999755859375,366.6400146484375,369.1000061035156,103900000,363.01,376.44,358.34,51.2,7.19,
2024-08-23,366.7799987792969,369.7900085449219,366.3999938964844,367.9100036621094,96400000,362.84,376.3,358.63,50.3,6.91,
2024-08-26,370.010009765625,370.3599853515625,365.260009765625,366.30999755859375,114500000,362.44,376.11,358.88,48.9,6.78,
2024-08-27,365.94000244140625,366.3500061035156,363.6199951171875,364.55999755859375,95300000,361.74,375.92,359.12,47.5,6.49,
2024-08-28,364.760009765625,365.3999938964844,362.05999755859375,365.2799987792969,119900000,361.26,375.67,359.27,48.2,6.27,
2024-08-29,359.5799865722656,361.5899963378906,358.2300109863281,360.1000061035156,121400000,360.24,375.21,359.44,43.7,6.33,
2024-08-30,362.2099914550781,363.54998779296875,361.1099853515625,361.54998779296875,135300000,359.29,374.75,359.62,45.2,6.12,
2024-09-02,362.57000732421875,363.1000061035156,358.3900146484375,362.0899963378906,100600000,359.13,374.37,359.81,45.8,6.02,
2024-09-03,362.0,363.8699951171875,358.79998779296875,358.79998779296875,105600000,360.48,373.98,359.98,42.8,5.95,
2024-09-04,348.19000244140625,351.0400085449219,346.29998779296875,346.6600036621094,138900000,360.73,373.32,360.1,33.9,6.42,
2024-09-05,348.9599914550781,351.3599853515625,344.0899963378906,345.9200134277344,139100000,360.57,372.58,360.2,33.4,6.48,
2024-09-06,346.1400146484375,346.25,340.0799865722656,342.3699951171875,107600000,360.35,371.78,360.24,31.3,6.46,
2024-09-09,335.7900085449219,341.44000244140625,334.57000732421875,340.17999267578125,99100000,359.78,370.9,360.27,30.0,6.55,
2024-09-10,340.67999267578125,341.5,338.1499938964844,338.4800109863281,104400000,358.93,369.98,360.3,29.0,6.32,
2024-09-11,338.0799865722656,338.32000732421875,332.7200012207031,335.6499938964844,124600000,357.86,369.07,360.31,27.3,6.28,
2024-09-12,340.94000244140625,343.8500061035156,339.2300109863281,343.8500061035156,144300000,357.03,368.28,360.34,38.2,6.42,
2024-09-13,343.4700012207031,345.2699890136719,342.04998779296875,343.69000244140625,104100000,355.76,367.39,360.38,38.1,6.19,
2024-09-19,345.5799865722656,346.239990234375,338.55999755859375,343.2799987792969,154500000,354.65,366.34,360.41,37.8,6.3,
2024-09-20,346.7699890136719,348.8900146484375,344.5400085449219,344.6700134277344,171800000,353.43,365.35,360.46,39.7,6.25,
2024-09-23,345.010009765625,346.1400146484375,343.6700134277344,345.7799987792969,116100000,352.31,364.35,360.52,41.2,5.98,
2024-09-24,347.19000244140625,349.6099853515625,344.75,349.6099853515625,122800000,351.34,363.43,360.58,46.3,5.9,
2024-09-25,352.510009765625,354.0899963378906,344.55999755859375,344.55999755859375,156600000,350.17,362.35,360.62,41.2,6.16,
2024-09-26,350.67999267578125,356.44000244140625,350.44000244140625,356.44000244140625,139500000,349.68,361.63,360.71,54.0,6.57,
2024-09-27,356.92999267578125,358.7099914550781,353.92999267578125,353.92999267578125,142200000,349.14,360.83,360.81,51.5,6.44,
2024-09-30,355.8299865722656,356.2900085449219,344.760009765625,344.760009765625,142500000,348.12,359.82,360.85,43.4,6.8,
2024-10-02,340.760009765625,344.8299865722656,339.5299987792969,340.7200012207031,133700000,347.15,358.81,360.89,40.4,6.7,
2024-10-04,341.0899963378906,344.2900085449219,339.8800048828125,341.739990234375,127700000,346.16,357.86,360.93,41.5,6.53,
2024-10-07,342.6300048828125,347.75,340.19000244140625,347.3399963378906,141500000,345.42,357.13,361.01,47.3,6.61,
2024-10-08,344.7300109863281,345.8699951171875,342.8900146484375,344.2300109863281,123000000,344.69,356.42,361.04,44.6,6.45,
2024-10-10,347.0199890136719,347.54998779296875,344.82000732421875,345.2099914550781,172700000,344.62,355.69,361.08,45.7,6.23,
2024-10-11,347.1700134277344,348.7699890136719,345.1700134277344,345.45001220703125,108900000,344.6,355.02,361.11,45.9,6.04,
2024-10-14,346.4800109863281,350.55999755859375,346.4800109863281,349.739990234375,107000000,344.97,354.59,361.18,50.5,5.97,
2024-10-15,351.0400085449219,351.4599914550781,348.6600036621094,351.07000732421875,118800000,345.51,354.13,361.22,51.9,5.75,
2024-10-16,346.3399963378906,349.1099853515625,345.5400085449219,347.260009765625,133300000,345.95,353.5,361.24,47.8,5.73,
2024-10-17,348.8399963378906,349.17999267578125,346.32000732421875,347.7300109863281,146900000,346.55,352.96,361.26,48.4,5.53,
2024-10-18,348.5899963378906,349.239990234375,344.7200012207031,345.4200134277344,106400000,346.63,352.26,361.27,45.9,5.45,
2024-10-21,346.25,348.6199951171875,345.1199951171875,346.6199951171875,103200000,346.78,351.58,361.25,47.4,5.32,
2024-10-22,346.1600036621094,346.7300109863281,341.54998779296875,342.0899963378906,126800000,346.72,351.12,361.22,42.5,5.31,
2024-10-23,342.44000244140625,347.75,341.239990234375,346.2699890136719,123500000,346.8,351.41,361.2,47.8,5.39,
2024-10-24,344.6099853515625,345.9700012207031,342.6700134277344,342.8800048828125,124400000,346.65,351.43,361.17,44.3,5.26,
2024-10-25,345.0400085449219,347.25,342.3399963378906,343.3699951171875,132300000,346.34,351.31,361.12,44.9,5.24,
2024-10-28,344.07000732421875,347.5299987792969,343.739990234375,347.2699890136719,120400000,346.48,351.33,361.07,49.9,5.16,
2024-10-29,346.5899963378906,348.2799987792969,344.55999755859375,348.2799987792969,134500000,346.07,351.26,361.01,51.1,5.06,
2024-10-30,346.6499938964844,347.7900085449219,343.8500061035156,345.0,128000000,345.62,351.05,360.97,47.1,5.01,
2024-10-31,342.20001220703125,343.29998779296875,339.17999267578125,339.32000732421875,147400000,345.35,350.7,360.93,41.0,5.07,
2024-11-01,337.55999755859375,339.92999267578125,336.5799865722656,337.489990234375,104600000,345.19,350.24,360.88,39.3,4.95,
2024-11-04,338.4200134277344,343.6000061035156,337.79998779296875,343.6000061035156,99300000,345.28,349.73,360.87,47.3,5.03,
2024-11-05,340.7200012207031,342.8800048828125,339.7799987792969,341.4700012207031,88200000,344.99,349.25,360.86,45.1,4.94,
2024-11-06,343.5199890136719,343.80999755859375,337.6099853515625,340.6099853515625,132100000,344.81,348.68,360.86,44.2,5.03,
2024-11-07,339.69000244140625,343.0199890136719,337.760009765625,340.8699951171875,167200000,344.59,348.13,360.86,44.5,5.05,
2024-11-08,343.7799987792969,344.55999755859375,338.82000732421875,339.7099914550781,139500000,344.3,347.54,360.87,43.2,5.1,
2024-11-11,338.6199951171875,338.6199951171875,333.760009765625,334.6400146484375,169000000,343.55,346.88,360.85,37.8,5.16,
2024-11-12,333.6700134277344,334.29998779296875,327.07000732421875,327.30999755859375,173500000,342.36,346.1,360.81,31.6,5.33,
2024-11-13,325.3800048828125,327.20001220703125,318.5799865722656,318.8399963378906,171300000,340.94,345.18,360.77,26.2,5.58,
2024-11-14,320.32000732421875,321.8699951171875,316.989990234375,317.70001220703125,213700000,339.44,344.23,360.73,25.6,5.53,
2024-11-15,318.19000244140625,322.5799865722656,316.1400146484375,320.5299987792969,177500000,338.19,343.44,360.66,30.1,5.59,
2024-11-18,324.739990234375,330.32000732421875,324.07000732421875,328.44000244140625,159100000,337.28,342.78,360.64,40.8,5.89,
2024-11-19,328.1700134277344,329.760009765625,327.25,328.1099853515625,141900000,336.59,342.1,360.61,40.5,5.65,
2024-11-20,328.7300109863281,330.3299865722656,327.5799865722656,329.0199890136719,109900000,335.72,341.5,360.59,41.7,5.44,
2024-11-21,327.739990234375,331.80999755859375,327.6700134277344,329.489990234375,116400000,335.05,341.16,360.57,42.3,5.35,
2024-11-22,331.20001220703125,334.0,330.8399963378906,332.3599853515625,113300000,334.5,340.89,360.56,46.2,5.29,
2024-11-25,335.6600036621094,337.80999755859375,334.1400146484375,336.6300048828125,213400000,333.97,340.77,360.55,51.4,5.3,
2024-11-26,334.7900085449219,336.1600036621094,334.0799865722656,335.6000061035156,133000000,333.34,340.68,360.54,50.2,5.1,
2024-11-27,334.8500061035156,335.6300048828125,331.55999755859375,332.32000732421875,121800000,332.7,340.56,360.52,46.3,5.03,
2024-11-28,331.6000061035156,333.2699890136719,330.8900146484375,331.45001220703125,102700000,332.31,340.48,360.47,45.3,4.84,
2024-11-29,330.17999267578125,330.29998779296875,323.54998779296875,325.45001220703125,134800000,331.71,340.11,360.33,39.0,5.06,
2024-12-02,328.4700012207031,328.8900146484375,324.489990234375,325.3399963378906,117600000,330.79,339.74,360.21,38.9,5.01,
2024-12-03,327.45001220703125,331.6000061035156,327.45001220703125,331.44000244140625,129900000,330.29,339.5,360.13,47.5,5.1,
2024-12-04,324.3800048828125,329.010009765625,323.8999938964844,326.5899963378906,217700000,329.59,339.14,360.0,42.4,5.28,
2024-12-05,327.44000244140625,327.44000244140625,322.79998779296875,323.8699951171875,144900000,328.74,338.7,359.85,39.8,5.23,
2024-12-06,325.17999267578125,326.2099914550781,317.70001220703125,322.07000732421875,156200000,327.86,338.15,359.67,38.1,5.46,
2024-12-09,317.29998779296875,318.70001220703125,313.510009765625,313.739990234375,151000000,326.81,337.54,359.48,31.6,5.69,
2024-12-10,317.0199890136719,321.1099853515625,317.0,320.7900085449219,139100000,326.49,336.82,359.33,40.8,5.81,
2024-12-11,319.55999755859375,323.989990234375,319.3599853515625,323.8599853515625,104200000,326.74,336.22,359.17,44.4,5.72,
2024-12-12,325.8399963378906,330.1000061035156,324.7900085449219,329.0400085449219,174000000,327.31,335.91,359.01,49.8,5.76,
2024-12-13,328.1400146484375,331.6700134277344,327.4599914550781,330.489990234375,115700000,327.8,335.7,358.88,51.2,5.65,
2024-12-16,332.9200134277344,333.5899963378906,328.6300048828125,329.6099853515625,108900000,327.86,335.46,358.75,50.3,5.6,
2024-12-17,329.25,329.3800048828125,324.8999938964844,325.25,125100000,327.72,335.02,358.58,45.8,5.54,
2024-12-18,326.0,330.8999938964844,325.8999938964844,329.7200012207031,96300000,327.76,334.73,358.44,50.7,5.54,
2024-12-19,321.4200134277344,324.3699951171875,321.1099853515625,322.3800048828125,104100000,327.4,334.27,358.27,43.7,5.76,
2024-12-20,321.3800048828125,321.79998779296875,315.82000732421875,318.3299865722656,125000000,326.7,333.73,358.1,40.4,5.82,
2024-12-23,321.0,324.0,319.7699890136719,322.9800109863281,100600000,326.02,333.19,357.93,45.5,5.81,
2024-12-24,324.1099853515625,324.5,321.8599853515625,323.3900146484375,78500000,325.41,332.64,357.77,46.0,5.58,
2024-12-26,324.4800109863281,324.4800109863281,321.4200134277344,321.45001220703125,92600000,324.86,332.12,357.57,44.1,5.4,
2024-12-27,320.239990234375,321.29998779296875,316.9100036621094,319.0299987792969,86700000,324.24,331.55,357.38,41.9,5.34,
2024-12-30,318.1300048828125,322.20001220703125,316.94000244140625,317.82000732421875,73600000,323.86,331.0,357.19,40.8,5.34,
2025-01-02,317.67999267578125,319.010009765625,315.82000732421875,317.7699890136719,91300000,323.48,330.42,356.99,40.8,5.18,
2025-01-03,318.260009765625,326.05999755859375,318.0400085449219,324.0,110700000,323.11,330.06,356.8,48.8,5.4,
2025-01-06,325.82000732421875,331.6099853515625,324.8900146484375,331.5199890136719,102000000,323.36,329.76,356.67,56.5,5.56,
2025-01-07,335.4599914550781,336.6000061035156,330.8900146484375,330.8900146484375,133100000,323.71,329.52,356.52,55.7,5.57,
2025-01-08,328.9800109863281,336.0199890136719,328.9800109863281,334.95001220703125,139800000,324.35,329.36,356.38,59.5,5.68,
2025-01-09,336.1099853515625,338.1199951171875,334.7699890136719,335.3999938964844,145200000,325.43,329.12,356.22,59.9,5.51,
2025-01-10,336.6000061035156,337.6099853515625,333.3900146484375,334.54998779296875,139700000,326.12,328.84,356.1,58.7,5.42,
2025-01-13,333.1000061035156,334.1000061035156,329.5299987792969,330.30999755859375,116800000,326.44,328.55,355.94,53.0,5.39,
2025-01-14,331.4599914550781,332.1199951171875,328.8500061035156,330.739990234375,115700000,326.53,328.38,355.81,53.5,5.24,
2025-01-15,332.8299865722656,335.1099853515625,330.2799987792969,330.9700012207031,155700000,326.55,328.25,355.65,53.8,5.21,
2025-01-16,335.70001220703125,336.7200012207031,334.6400146484375,335.7300109863281,136000000,326.86,328.09,355.46,59.2,5.25,
2025-01-17,334.7099914550781,336.1400146484375,333.2900085449219,335.0899963378906,133700000,327.35,327.96,355.27,58.2,5.08,
2025-01-20,336.30999755859375,336.7900085449219,333.4200134277344,333.94000244140625,111700000,327.56,327.83,355.09,56.4,4.95,
2025-01-21,336.1199951171875,338.70001220703125,333.0199890136719,334.44000244140625,125000000,328.17,327.7,354.89,57.0,5.01,
2025-01-22,336.95001220703125,339.510009765625,335.19000244140625,338.760009765625,164400000,329.19,327.68,354.71,62.1,5.01,
2025-01-23,337.55999755859375,337.80999755859375,334.5,334.5,127000000,329.76,327.68,354.52,55.2,4.96,
2025-01-24,336.1700134277344,338.17999267578125,335.17999267578125,336.739990234375,118300000,330.43,327.87,354.33,57.8,4.87,
2025-01-31,336.45001220703125,337.1499938964844,330.20001220703125,333.3599853515625,175500000,331.03,328.16,354.12,52.7,5.02,
2025-02-03,326.44000244140625,326.79998779296875,322.30999755859375,324.54998779296875,159300000,331.3,328.3,353.86,42.2,5.45,
2025-02-04,328.5799865722656,332.75,327.2699890136719,328.7200012207031,151300000,331.85,328.46,353.66,47.6,5.64,
2025-02-05,332.04998779296875,333.6600036621094,330.9599914550781,332.4700012207031,127500000,332.58,328.54,353.44,51.9,5.59,
2025-02-06,334.30999755859375,336.5299987792969,332.9800109863281,336.5299987792969,168900000,333.21,328.71,353.27,56.0,5.48,
2025-02-07,335.9200134277344,336.3599853515625,333.4100036621094,333.8900146484375,148400000,333.33,328.81,353.07,52.8,5.31,
2025-02-10,332.05999755859375,335.3399963378906,330.6499938964844,334.5,146800000,333.51,328.91,352.9,53.5,5.27,
2025-02-11,335.94000244140625,338.1099853515625,334.82000732421875,336.6700134277344,142300000,333.59,328.99,352.73,55.9,5.15,
2025-02-12,335.7900085449219,337.6499938964844,334.489990234375,337.2300109863281,206200000,333.68,329.0,352.58,56.5,5.01,
2025-02-13,338.5299987792969,341.0899963378906,337.92999267578125,341.05999755859375,263600000,334.01,329.11,352.45,60.6,4.93,
2025-02-14,341.8800048828125,344.1400146484375,341.2900085449219,342.760009765625,237000000,334.63,329.32,352.38,62.3,4.8,
2025-02-17,343.2900085449219,345.55999755859375,342.75,345.1099853515625,157300000,335.35,329.6,352.35,64.5,4.65,
2025-02-18,345.6700134277344,348.2799987792969,344.510009765625,347.8399963378906,180400000,336.19,330.04,352.29,67.0,4.59,
2025-02-19,349.0299987792969,355.8599853515625,349.0299987792969,354.5299987792969,254900000,337.13,330.63,352.3,72.1,4.84,
2025-02-20,353.3500061035156,354.29998779296875,350.7799987792969,352.1499938964844,218100000,337.99,331.04,352.28,68.1,4.76,
2025-02-21,352.1700134277344,352.2300109863281,349.54998779296875,351.9200134277344,175200000,338.89,331.55,352.26,67.7,4.61,
2025-02-24,348.9800109863281,349.8999938964844,347.4100036621094,349.8999938964844,197100000,339.66,332.07,352.19,64.2,4.6,
2025-02-25,345.8299865722656,349.2300109863281,345.5799865722656,347.5400085449219,188700000,340.1,332.58,352.14,60.2,4.58,
2025-02-26,347.44000244140625,350.510009765625,346.25,349.30999755859375,194200000,340.84,333.29,352.08,62.1,4.56,
2025-02-27,348.5199890136719,348.9100036621094,344.95001220703125,346.45001220703125,159500000,341.32,333.8,351.99,57.4,4.54,
2025-02-28,341.1600036621094,341.57000732421875,334.05999755859375,334.2699890136719,248800000,341.37,334.01,351.84,42.5,5.11,
2025-03-04,332.5799865722656,336.57000732421875,331.6700134277344,334.0199890136719,187000000,341.84,334.11,351.69,42.3,5.09,
2025-03-05,336.8900146484375,338.7699890136719,334.25,337.0799865722656,200000000,342.26,334.24,351.56,46.3,5.07,
2025-03-06,339.1600036621094,341.0899963378906,338.07000732421875,340.30999755859375,171100000,342.65,334.46,351.39,50.2,4.99,
2025-03-07,336.9100036621094,340.07000732421875,335.3900146484375,338.4200134277344,182000000,342.75,334.72,351.21,48.0,4.99,
2025-03-10,337.1199951171875,340.260009765625,336.5400085449219,338.7900085449219,139500000,342.99,334.9,351.06,48.5,4.9,
2025-03-11,331.6400146484375,336.3999938964844,330.2200012207031,334.9599914550781,172600000,343.02,335.15,350.88,44.0,5.16,
2025-03-12,337.0199890136719,341.5299987792969,335.6400146484375,340.8900146484375,206800000,343.23,335.6,350.73,51.5,5.26,
2025-03-13,344.2799987792969,344.9800109863281,339.2300109863281,341.4200134277344,192100000,343.44,335.97,350.59,52.1,5.29,
2025-03-14,340.2300109863281,342.1199951171875,339.8999938964844,340.79998779296875,134300000,343.42,336.32,350.42,51.3,5.07,
2025-03-17,343.989990234375,348.260009765625,343.989990234375,348.19000244140625,172200000,343.69,336.86,350.3,59.6,5.24,
2025-03-18,350.80999755859375,352.3500061035156,346.9599914550781,347.8399963378906,179400000,343.83,337.43,350.18,59.0,5.25,
2025-03-19,347.8999938964844,352.8399963378906,347.8500061035156,350.8500061035156,160900000,343.98,338.09,350.07,62.1,5.24,
2025-03-20,353.7099914550781,354.70001220703125,351.1400146484375,353.5,159000000,343.93,338.81,349.98,64.5,5.14,
2025-03-21,353.5799865722656,355.3900146484375,351.7300109863281,355.17999267578125,190600000,344.08,339.43,349.9,66.0,5.03,
2025-03-24,353.7200012207031,355.94000244140625,352.70001220703125,353.239990234375,76900000,344.15,339.87,349.84,62.7,4.9,
2025-03-25,356.1300048828125,356.4800109863281,350.69000244140625,351.0899963378906,101800000,344.21,340.27,349.74,59.2,4.97,
2025-03-26,352.7799987792969,355.55999755859375,351.6400146484375,355.0,88200000,344.58,340.67,349.65,63.2,4.93,
2025-03-27,351.3999938964844,353.54998779296875,349.6300048828125,350.260009765625,91600000,344.63,340.97,349.58,55.9,4.96,
2025-03-28,347.54998779296875,347.7699890136719,341.760009765625,342.9599914550781,83700000,344.45,341.14,349.5,47.0,5.22,
2025-03-31,336.95001220703125,337.1600036621094,332.2200012207031,332.3999938964844,108900000,344.36,341.18,349.37,37.6,5.61,
2025-04-01,336.7200012207031,339.67999267578125,334.3500061035156,338.2200012207031,91600000,344.57,341.33,349.24,44.2,5.73,
2025-04-02,338.760009765625,339.7099914550781,335.42999267578125,336.260009765625,92500000,344.53,341.43,349.1,42.6,5.63,
2025-04-03,326.2200012207031,332.9599914550781,326.2200012207031,332.9200134277344,105100000,344.16,341.38,348.94,39.9,5.94,
2025-04-04,327.3699951171875,335.1099853515625,324.8399963378906,328.6700134277344,133800000,343.67,341.25,348.72,36.7,6.25,
2025-04-07,313.5199890136719,315.29998779296875,309.3999938964844,309.6000061035156,140800000,342.21,340.76,348.43,26.4,7.18,
2025-04-08,317.07000732421875,317.42999267578125,309.25,310.0299987792969,116000000,340.97,340.27,348.15,26.9,7.25,
2025-04-09,309.2300109863281,310.8999938964844,303.4100036621094,304.5299987792969,116800000,339.15,339.59,347.81,24.6,7.27,
2025-04-10,318.6199951171875,325.0799865722656,318.1300048828125,325.0799865722656,135600000,338.33,339.4,347.56,43.8,8.22,
2025-04-11,318.7200012207031,322.67999267578125,317.7300109863281,322.32000732421875,98500000,337.41,339.11,347.3,42.3,8.16,
2025-04-14,325.5199890136719,327.25,324.5799865722656,325.3299865722656,77700000,336.26,338.95,347.05,44.6,7.93,
2025-04-15,326.6199951171875,329.0899963378906,326.3999938964844,328.1400146484375,73700000,335.28,339.02,346.81,46.7,7.63,
2025-04-16,326.989990234375,327.5,322.80999755859375,323.5299987792969,79500000,333.91,338.92,346.51,43.7,7.46,
2025-04-17,324.0799865722656,326.82000732421875,323.2799987792969,326.29998779296875,78800000,332.55,338.8,346.22,46.0,7.18,
2025-04-18,326.4200134277344,328.8900146484375,325.80999755859375,328.3500061035156,72500000,331.21,338.63,345.95,47.6,6.89,
2025-04-21,328.760009765625,330.8800048828125,327.79998779296875,329.30999755859375,66100000,330.02,338.54,345.71,48.4,6.62,
2025-04-22,328.1400146484375,330.1000061035156,327.3800048828125,328.6099853515625,73900000,328.89,338.42,345.45,47.9,6.34,
2025-04-23,333.510009765625,334.20001220703125,331.7200012207031,333.94000244140625,87700000,327.84,338.37,345.21,52.5,6.29,
2025-04-24,333.8699951171875,334.739990234375,331.5400085449219,333.7200012207031,90900000,327.01,338.3,344.96,52.3,6.07,
2025-04-25,336.8500061035156,338.07000732421875,335.4700012207031,336.8699951171875,127800000,326.71,338.21,344.73,55.0,5.94,
2025-04-28,337.25,338.32000732421875,336.07000732421875,337.0799865722656,115700000,326.94,338.1,344.49,55.2,5.68,
2025-04-29,337.4800109863281,340.57000732421875,336.42999267578125,339.05999755859375,118000000,326.98,337.98,344.28,57.0,5.57,
2025-04-30,338.6199951171875,340.1700134277344,336.7099914550781,338.739990234375,111200000,327.11,337.8,344.06,56.6,5.42,
2025-05-02,338.6700134277344,339.8800048828125,336.1400146484375,338.7900085449219,101900000,327.4,337.48,343.81,56.6,5.3,
2025-05-07,341.2799987792969,342.3699951171875,339.239990234375,341.30999755859375,117400000,328.03,337.27,343.54,59.2,5.18,
2025-05-08,342.44000244140625,343.54998779296875,341.42999267578125,341.4700012207031,124200000,329.63,337.06,343.27,59.3,4.97,
2025-05-09,342.7699890136719,343.1400146484375,340.6199951171875,341.489990234375,88700000,331.2,336.89,343.0,59.4,4.79,
2025-05-12,343.92999267578125,347.0799865722656,343.0799865722656,347.0799865722656,117100000,333.33,336.88,342.76,65.0,4.85,
2025-05-13,346.5199890136719,349.17999267578125,346.2200012207031,347.1700134277344,114500000,334.43,336.84,342.5,65.1,4.71,
2025-05-14,350.05999755859375,353.0,349.25,351.7900085449219,118500000,335.9,336.94,342.3,69.2,4.79,
2025-05-15,350.8900146484375,352.6000061035156,348.6300048828125,349.1600036621094,93800000,337.1,337.24,342.08,64.6,4.73,
2025-05-16,350.55999755859375,351.2300109863281,349.3399963378906,350.45001220703125,105600000,338.21,337.57,341.85,65.8,4.54,
2025-05-19,348.3800048828125,348.8599853515625,345.0799865722656,346.57000732421875,93500000,339.36,337.76,341.63,59.2,4.6,
2025-05-20,349.42999267578125,350.0400085449219,346.3900146484375,347.0199890136719,101500000,340.4,337.89,341.42,59.7,4.54,
2025-05-21,349.1499938964844,351.0299987792969,348.6600036621094,349.3800048828125,100000000,341.45,338.11,341.25,62.3,4.5,
2025-05-22,347.6600036621094,348.0199890136719,343.92999267578125,344.79998779296875,108100000,342.22,338.23,341.07,54.8,4.57,
2025-05-23,346.42999267578125,346.8699951171875,344.80999755859375,345.2799987792969,108300000,343.06,338.44,340.89,55.4,4.39,
2025-05-26,346.07000732421875,352.1099853515625,345.5299987792969,352.1099853515625,117100000,343.97,338.66,340.76,63.0,4.56,
2025-05-27,349.95001220703125,351.8399963378906,349.3699951171875,351.2799987792969,126600000,344.84,338.86,340.66,61.7,4.43,
2025-05-28,353.05999755859375,359.4599914550781,352.260009765625,356.3599853515625,161200000,345.82,339.17,340.57,66.5,4.7,
2025-05-29,359.510009765625,363.2900085449219,358.6099853515625,363.0799865722656,153200000,347.12,339.47,340.49,71.5,4.86,
2025-05-30,361.9100036621094,362.8399963378906,358.80999755859375,359.6199951171875,204200000,348.15,339.71,340.41,66.0,4.82,
2025-06-02,358.760009765625,362.9599914550781,357.67999267578125,359.69000244140625,112800000,349.19,339.88,340.31,66.1,4.85,
2025-06-04,365.510009765625,369.95001220703125,364.8599853515625,369.8999938964844,169800000,350.75,340.21,340.25,73.2,5.24,
2025-06-05,372.7200012207031,379.6000061035156,372.3500061035156,376.5400085449219,174200000,352.51,340.64,340.31,76.6,5.56,
2025-06-09,381.25,385.0299987792969,380.92999267578125,382.989990234375,188400000,354.59,341.23,340.57,79.4,5.76,
2025-06-10,385.3999938964844,386.80999755859375,381.7099914550781,384.7900085449219,211000000,356.75,341.91,340.78,80.1,5.72,
2025-06-11,387.1199951171875,390.0199890136719,386.1400146484375,389.7900085449219,168000000,358.89,342.6,340.99,81.9,5.68,
2025-06-12,390.1099853515625,393.0199890136719,389.4599914550781,390.6199951171875,219800000,361.06,343.41,341.21,82.2,5.53,
2025-06-13,392.54998779296875,392.8800048828125,385.04998779296875,387.29998779296875,203900000,362.84,344.3,341.38,76.8,5.7,
2025-06-16,388.70001220703125,394.3999938964844,386.1600036621094,394.1600036621094,165000000,365.09,345.53,341.58,79.8,5.88,
2025-06-17,395.82000732421875,402.3299865722656,392.45001220703125,395.17999267578125,219200000,367.32,346.67,341.77,80.2,6.16,
2025-06-18,392.6400146484375,399.94000244140625,392.6400146484375,398.8599853515625,154500000,369.94,347.92,341.96,81.6,6.24,
2025-06-19,401.6199951171875,402.5400085449219,396.3299865722656,399.2900085449219,155400000,372.55,349.25,342.11,81.8,6.24,
2025-06-20,400.69000244140625,405.3699951171875,399.0,405.32000732421875,215500000,375.35,350.78,342.31,84.0,6.25,
2025-06-23,400.8500061035156,405.25,397.9100036621094,404.32000732421875,211700000,378.32,352.68,342.49,82.2,6.33,
2025-06-24,411.4200134277344,418.1400146484375,411.2300109863281,417.760009765625,236400000,381.95,354.83,342.73,86.3,6.87,
2025-06-25,421.6499938964844,422.010009765625,415.6400146484375,419.510009765625,227200000,385.32,357.13,342.99,86.8,6.83,
2025-06-26,419.7300109863281,420.6000061035156,409.8599853515625,415.6600036621094,197100000,388.54,358.94,343.23,80.7,7.11,
2025-06-27,415.3599853515625,417.82000732421875,410.55999755859375,412.7200012207031,145800000,391.36,360.75,343.46,76.4,7.12,
2025-06-30,415.2799987792969,416.9800109863281,413.1700134277344,414.6000061035156,141100000,393.93,362.54,343.71,77.2,6.92,
2025-07-01,417.1099853515625,423.07000732421875,416.2099914550781,416.260009765625,169400000,396.76,364.3,343.96,78.0,7.03,
2025-07-02,415.3999938964844,416.57000732421875,408.5899963378906,414.42999267578125,157000000,399.5,366.12,344.23,75.0,7.1,
2025-07-03,418.30999755859375,420.94000244140625,416.1199951171875,420.94000244140625,165600000,402.05,368.01,344.53,78.2,7.05,
2025-07-04,422.239990234375,422.55999755859375,412.29998779296875,412.739990234375,159900000,403.86,369.7,344.78,66.7,7.28,
2025-07-07,410.69000244140625,414.5299987792969,408.8900146484375,413.0199890136719,114600000,405.36,371.37,345.06,66.9,7.17,
2025-07-08,414.7900085449219,421.4700012207031,413.9700012207031,421.2200012207031,154500000,407.19,373.22,345.43,71.7,7.26,
2025-07-09,421.739990234375,423.010009765625,419.3299865722656,422.0199890136719,152100000,408.8,374.99,345.81,72.1,7.0,
2025-07-10,423.42999267578125,428.4200134277344,421.8800048828125,428.4200134277344,158400000,410.69,376.88,346.24,75.3,6.97,
2025-07-11,429.0299987792969,433.9599914550781,427.0799865722656,428.07000732421875,148000000,412.73,378.7,346.68,74.8,6.96,
2025-07-14,428.2099914550781,432.5199890136719,427.2799987792969,432.489990234375,128600000,414.64,380.61,347.15,76.9,6.84,
2025-07-15,431.0400085449219,434.8999938964844,429.5400085449219,434.7799987792969,137600000,416.62,382.53,347.64,77.9,6.73,
2025-07-16,433.7699890136719,434.0799865722656,429.6400146484375,431.1600036621094,125100000,418.24,384.38,348.08,72.4,6.62,
2025-07-17,432.7200012207031,432.8699951171875,425.989990234375,431.6400146484375,160800000,419.85,386.23,348.52,72.7,6.64,
2025-07-18,432.8299865722656,433.760009765625,428.5299987792969,431.1000061035156,127900000,421.14,388.03,348.96,71.9,6.54,
2025-07-21,431.6000061035156,434.9700012207031,431.260009765625,434.55999755859375,125900000,422.66,389.89,349.41,74.0,6.35,
2025-07-22,434.4100036621094,436.05999755859375,426.1499938964844,428.04998779296875,124100000,423.17,391.62,349.82,64.1,6.6,
2025-07-23,430.7200012207031,432.1600036621094,424.1700134277344,430.0400085449219,133000000,423.7,393.28,350.22,65.6,6.7,
2025-07-24,433.6199951171875,437.0199890136719,429.05999755859375,430.0299987792969,141600000,424.41,394.94,350.65,65.6,6.79,
2025-07-25,429.489990234375,432.20001220703125,429.3399963378906,430.7799987792969,118100000,425.32,396.52,351.02,66.2,6.51,
2025-07-28,435.0400085449219,435.07000732421875,428.1600036621094,433.3699951171875,161900000,426.26,398.2,351.42,68.4,6.54,
2025-07-29,430.7699890136719,436.1700134277344,427.2300109863281,435.8399963378906,145300000,427.23,399.91,351.87,70.3,6.71,
2025-07-30,436.3999938964844,442.1400146484375,436.0199890136719,439.80999755859375,145500000,428.5,401.77,352.37,73.1,6.68,
2025-07-31,442.5299987792969,444.3299865722656,436.1600036621094,438.6000061035156,173100000,429.39,403.61,352.85,70.9,6.79,
2025-08-01,432.75,432.80999755859375,420.4200134277344,420.7200012207031,150500000,429.79,405.03,353.22,47.9,7.6,
2025-08-04,420.2300109863281,426.3699951171875,418.8500061035156,424.7900085449219,110000000,430.37,406.63,353.62,51.7,7.6,
2025-08-05,430.6199951171875,433.67999267578125,428.0299987792969,431.25,116600000,430.88,408.35,354.05,57.1,7.69,
2025-08-06,428.8999938964844,431.1099853515625,427.8900146484375,430.67999267578125,115500000,431.31,409.92,354.48,56.5,7.38,
2025-08-07,433.3999938964844,435.3500061035156,430.8599853515625,435.3500061035156,116300000,431.66,411.6,354.91,60.2,7.19,
2025-08-08,434.44000244140625,436.0400085449219,431.6199951171875,433.4700012207031,114700000,431.93,413.15,355.32,58.1,6.99,
2025-08-11,434.92999267578125,435.2099914550781,432.1300048828125,433.2900085449219,108500000,431.97,414.55,355.75,57.9,6.71,
2025-08-12,434.1099853515625,438.989990234375,431.5400085449219,431.6300048828125,106200000,431.81,415.99,356.17,55.8,6.76,
2025-08-13,436.92999267578125,437.2099914550781,432.239990234375,436.9200134277344,131300000,432.1,417.54,356.63,60.6,6.68,
2025-08-14,436.92999267578125,438.6600036621094,434.5199890136719,436.57000732421875,136000000,432.34,418.87,357.08,60.1,6.5,
2025-08-18,433.010009765625,433.2300109863281,429.1700134277344,429.19000244140625,111500000,432.25,419.92,357.51,51.3,6.56,
2025-08-19,430.2799987792969,430.6000061035156,424.7699890136719,426.17999267578125,107400000,431.83,420.79,357.91,48.2,6.51,
2025-08-20,422.2099914550781,424.1400146484375,416.9100036621094,423.6600036621094,143900000,431.61,421.56,358.32,45.7,6.71,
2025-08-21,425.1199951171875,428.30999755859375,424.1499938964844,424.4100036621094,134500000,431.33,422.26,358.72,46.6,6.56,
2025-08-22,428.0,430.30999755859375,426.94000244140625,428.5,96300000,431.25,423.01,359.13,51.2,6.51,
2025-08-25,431.8399963378906,433.8900146484375,429.8999938964844,433.8900146484375,87400000,431.41,423.95,359.56,56.6,6.43,
2025-08-26,432.1300048828125,432.17999267578125,428.739990234375,429.4100036621094,143600000,431.21,424.65,359.98,51.5,6.34,
2025-08-27,429.8599853515625,430.44000244140625,427.07000732421875,430.30999755859375,92800000,430.93,425.35,360.43,52.5,6.13,
2025-08-28,428.3399963378906,434.2099914550781,426.75,431.80999755859375,89900000,430.53,426.01,360.9,54.0,6.22,
2025-08-29,433.69000244140625,434.3599853515625,429.95001220703125,430.1199951171875,83000000,430.11,426.63,361.34,51.9,6.09,
2025-09-01,426.30999755859375,428.30999755859375,422.19000244140625,423.3299865722656,74100000,430.24,426.99,361.75,44.5,6.22,
2025-09-02,424.9800109863281,428.6499938964844,424.7799987792969,428.1499938964844,77000000,430.41,427.47,362.18,50.0,6.16,
2025-09-03,428.8299865722656,430.55999755859375,427.3699951171875,430.3699951171875,83400000,430.36,427.72,362.63,52.3,5.95,
2025-09-04,430.4200134277344,433.0299987792969,430.1000061035156,432.32000732421875,79600000,430.44,427.97,363.09,54.3,5.73,
2025-09-05,433.7799987792969,434.54998779296875,431.7799987792969,432.8599853515625,96600000,430.32,428.32,363.59,54.9,5.52,
2025-09-08,433.95001220703125,435.1400146484375,432.8699951171875,434.8500061035156,69700000,430.39,428.76,364.12,57.0,5.29,
2025-09-09,436.1700134277344,441.2799987792969,435.0199890136719,441.2799987792969,93400000,430.79,429.29,364.74,63.1,5.37,
2025-09-10,443.2799987792969,450.760009765625,442.95001220703125,450.04998779296875,114200000,431.71,429.97,365.4,69.4,5.66,
2025-09-11,453.3900146484375,454.7799987792969,449.4200134277344,454.0,135300000,432.56,430.76,366.06,71.8,5.64,
2025-09-12,459.260009765625,462.760009765625,457.5400085449219,462.739990234375,126600000,433.87,431.6,366.74,76.1,5.87,
2025-09-15,465.29998779296875,467.44000244140625,462.3399963378906,464.6499938964844,120600000,435.64,432.63,367.42,77.0,5.81,
2025-09-16,466.8800048828125,473.3500061035156,466.29998779296875,472.8500061035156,138900000,437.98,433.83,368.14,80.2,6.02,
2025-09-17,469.80999755859375,469.94000244140625,465.4800109863281,466.989990234375,102000000,440.14,434.75,368.83,72.4,6.11,
2025-09-18,470.0199890136719,475.3399963378906,468.510009765625,475.3399963378906,112100000,442.69,435.81,369.54,76.0,6.27,
2025-09-19,475.5899963378906,477.1300048828125,471.8500061035156,473.44000244140625,135300000,444.94,436.71,370.22,73.6,6.2,
2025-09-22,476.3399963378906,480.3800048828125,475.9700012207031,478.2900085449219,103600000,447.16,437.72,370.94,75.7,6.26,
2025-09-23,482.0799865722656,482.9200134277344,478.510009765625,481.5400085449219,107400000,449.76,438.7,371.68,77.0,6.14,
2025-09-24,482.1000061035156,483.6099853515625,475.6499938964844,480.3900146484375,104600000,452.27,439.61,372.43,75.5,6.27,
2025-09-25,477.7200012207031,481.739990234375,477.1700134277344,480.6300048828125,107200000,454.71,440.6,373.2,75.6,6.15,
2025-09-26,475.8399963378906,476.3800048828125,464.8299865722656,468.0299987792969,110100000,456.6,441.33,373.92,60.4,6.84,
2025-09-29,472.1099853515625,476.57000732421875,471.79998779296875,475.2200012207031,80900000,459.2,442.21,374.64,64.7,6.96,
2025-09-30,476.3399963378906,477.3500061035156,473.510009765625,474.0299987792969,88300000,461.49,443.0,375.37,63.5,6.74,
2025-10-01,477.1600036621094,479.80999755859375,476.489990234375,479.3699951171875,89100000,463.94,444.03,376.15,66.6,6.67,
2025-10-02,491.25,498.2200012207031,489.5299987792969,493.4100036621094,160800000,467.0,445.29,377.01,73.1,7.54,
2025-10-10,504.20001220703125,508.5199890136719,500.489990234375,506.9700012207031,168800000,470.7,446.83,377.97,77.6,8.08,
2025-10-13,496.45001220703125,501.8699951171875,492.4599914550781,501.8699951171875,135800000,474.05,448.25,378.88,72.7,8.54,
2025-10-14,505.4599914550781,511.5899963378906,493.05999755859375,496.8900146484375,161900000,476.84,449.53,379.74,68.1,9.25,
2025-10-15,499.8900146484375,511.1300048828125,499.2099914550781,510.54998779296875,119800000,479.86,451.02,380.65,73.1,9.61,
2025-10-16,513.1699829101562,524.4500122070312,513.0800170898438,524.4500122070312,146200000,483.38,452.71,381.62,77.0,9.91,
2025-10-17,522.1799926757812,532.280029296875,520.5800170898438,525.47998046875,151500000,486.52,454.45,382.6,77.3,10.04,
2025-10-20,529.8200073242188,535.280029296875,522.0700073242188,535.280029296875,119800000,490.05,456.74,383.65,79.7,10.27,
2025-10-21,540.75,546.9600219726562,534.22998046875,535.280029296875,159400000,493.17,458.95,384.68,79.7,10.44,
2025-10-22,534.97998046875,542.5900268554688,529.5900268554688,542.5900268554688,118100000,496.95,461.18,385.78,81.4,10.63,
2025-10-23,534.75,545.1199951171875,532.8400268554688,536.3699951171875,128000000,500.0,463.29,386.87,75.6,10.74,
2025-10-24,543.6500244140625,551.510009765625,542.6799926757812,550.010009765625,157100000,503.83,465.58,388.01,79.1,11.06,
2025-10-27,558.989990234375,565.7899780273438,558.5999755859375,565.6900024414062,180300000,508.2,468.23,389.22,82.3,11.4,
2025-10-28,560.1900024414062,561.5,554.75,559.510009765625,162800000,512.1,470.75,390.41,77.3,11.36,
2025-10-29,567.4400024414062,571.969970703125,560.25,571.510009765625,188800000,516.66,473.55,391.67,79.8,11.44,
2025-10-30,574.75,582.25,571.7899780273438,575.2100219726562,204800000,521.39,476.32,392.96,80.6,11.39,
2025-10-31,575.0800170898438,581.25,570.9099731445312,579.4600219726562,205200000,526.96,479.17,394.27,81.4,11.32,
2025-11-03,580.8099975585938,599.0499877929688,580.72998046875,599.030029296875,164800000,533.15,482.57,395.64,84.6,11.91,
2025-11-04,598.0,599.469970703125,581.4099731445312,581.9400024414062,162300000,538.54,485.69,396.89,72.7,12.35,
2025-11-05,571.4099731445312,571.4099731445312,543.8599853515625,565.4000244140625,236200000,542.85,488.52,398.07,63.4,14.19,
2025-11-06,578.7899780273438,581.3499755859375,562.2000122070312,568.3800048828125,199400000,546.59,491.4,399.23,64.3,14.54,
2025-11-07,558.739990234375,570.7899780273438,548.3400268554688,557.97998046875,176100000,549.14,493.99,400.35,58.9,15.1,
2025-11-10,564.02001953125,578.77001953125,562.6300048828125,575.3099975585938,146300000,552.82,496.82,401.55,64.3,15.51,
2025-11-11,583.5800170898438,594.1199951171875,575.1500244140625,581.4099731445312,169600000,557.04,499.86,402.8,66.0,15.76,
2025-11-12,579.1699829101562,588.0700073242188,577.510009765625,586.72998046875,139800000,560.85,502.99,404.08,67.4,15.39,
2025-11-13,583.3800048828125,591.97998046875,582.8200073242188,588.6500244140625,161800000,564.06,506.12,405.37,67.9,14.94,
2025-11-14,571.97998046875,576.3699951171875,563.4199829101562,563.4299926757812,141900000,565.96,508.79,406.51,55.3,15.68,
2025-11-17,574.4299926757812,576.8499755859375,569.9000244140625,576.6500244140625,107300000,568.03,511.86,407.72,59.5,15.52,
2025-11-18,569.3699951171875,573.9000244140625,556.1500244140625,556.4500122070312,122900000,569.09,514.42,408.83,51.5,15.87,
2025-11-19,557.760009765625,557.8800048828125,541.8499755859375,552.6599731445312,118200000,569.59,516.87,409.92,50.1,15.88,
2025-11-20,569.219970703125,573.2899780273438,563.7000122070312,564.2000122070312,111500000,570.98,519.51,411.05,54.1,16.22,
2025-11-21,550.0700073242188,550.8800048828125,538.0399780273438,540.3599853515625,103500000,570.5,521.66,412.08,45.9,16.93,
2025-11-24,550.52001953125,551.9000244140625,539.52001953125,540.8099975585938,162100000,569.25,523.78,413.1,46.1,16.61,
2025-11-25,556.5399780273438,557.6099853515625,540.8200073242188,544.6199951171875,100300000,568.51,525.84,414.16,47.5,16.62,
2025-11-26,549.1199951171875,559.47998046875,545.0800170898438,559.3699951171875,116300000,567.9,528.03,415.33,52.9,16.49,
2025-11-27,564.239990234375,569.77001953125,560.22998046875,563.3599853515625,88200000,567.31,530.22,416.5,54.3,16.06,
2025-11-28,564.3599853515625,564.3599853515625,553.47998046875,554.0,91200000,566.04,532.04,417.61,50.6,15.69,
2025-12-01,560.5700073242188,562.1099853515625,549.030029296875,553.9600219726562,91600000,563.78,533.83,418.7,50.6,15.5,
2025-12-02,556.8499755859375,566.030029296875,556.02001953125,565.719970703125,120300000,562.97,535.68,419.86,55.0,15.26,
2025-12-03,567.8900146484375,573.8400268554688,564.1900024414062,570.7899780273438,110200000,563.24,537.76,421.04,56.8,14.86,
2025-12-04,567.3599853515625,569.760009765625,562.52001953125,569.75,109700000,563.31,539.65,422.2,56.3,14.39,
2025-12-05,568.4099731445312,580.8099975585938,565.47998046875,580.8099975585938,126800000,564.45,541.8,423.42,60.3,14.45,
2025-12-08,581.8900146484375,589.1699829101562,577.2999877929688,589.1699829101562,111100000,565.14,544.01,424.66,63.1,14.27,
2025-12-09,585.2999877929688,588.4299926757812,582.6300048828125,585.760009765625,98600000,565.36,546.1,425.88,61.2,13.72,
2025-12-10,588.22998046875,591.739990234375,583.6400146484375,585.52001953125,87300000,565.3,548.2,427.08,61.1,13.32,
2025-12-11,589.3900146484375,591.3200073242188,579.8300170898438,580.1599731445312,154800000,564.88,550.19,428.24,57.9,13.19,
2025-12-12,581.7100219726562,588.7100219726562,581.1400146484375,587.9299926757812,134300000,566.1,552.59,429.41,61.0,12.85,
2025-12-15,570.010009765625,579.52001953125,569.3900146484375,574.489990234375,124400000,565.99,554.57,430.52,53.7,13.26,
2025-12-16,574.5399780273438,575.5,561.3300170898438,561.52001953125,142700000,566.25,556.32,431.57,47.7,13.33,
2025-12-17,564.5900268554688,573.5399780273438,561.4000244140625,572.6199951171875,124800000,567.25,558.19,432.68,52.6,13.24,
2025-12-18,563.3300170898438,570.5399780273438,562.0999755859375,565.6500244140625,109600000,567.32,559.63,433.77,49.4,13.05,
2025-12-19,575.27001953125,575.27001953125,566.1900024414062,568.4000244140625,152200000,568.72,560.86,434.87,50.7,12.8,
2025-12-22,580.6300048828125,582.72998046875,578.8499755859375,582.72998046875,122000000,570.82,562.48,436.05,56.7,12.91,
2025-12-23,585.4299926757812,588.5599975585938,583.5499877929688,584.6400146484375,135800000,572.82,564.24,437.3,57.4,12.41,
2025-12-24,587.3699951171875,588.030029296875,583.8599853515625,584.2100219726562,97800000,574.06,565.71,438.55,57.2,11.82,
2025-12-26,587.8900146484375,592.2000122070312,586.9199829101562,590.0800170898438,126900000,575.4,567.02,439.82,59.6,11.54,
2025-12-29,594.6500244140625,605.6900024414062,594.4400024414062,605.6900024414062,111600000,577.98,568.63,441.14,65.3,11.83,
2025-12-30,601.719970703125,608.4000244140625,600.6699829101562,605.97998046875,91700000,580.58,570.04,442.48,65.4,11.54,
2026-01-02,607.6599731445312,624.8699951171875,607.3900146484375,624.1699829101562,125300000,583.5,571.82,443.91,70.9,12.07,
2026-01-05,638.010009765625,648.739990234375,636.4600219726562,648.739990234375,166500000,587.4,573.94,445.48,76.4,12.96,
2026-01-06,645.5900268554688,659.4500122070312,637.0,659.4500122070312,184100000,591.89,576.4,447.07,78.3,13.64,
2026-01-07,667.219970703125,674.8599853515625,653.9299926757812,664.47998046875,194500000,596.07,578.69,448.69,79.2,14.16,
2026-01-08,660.52001953125,677.27001953125,659.9600219726562,664.1799926757812,200300000,599.82,580.66,450.3,79.0,14.38,
2026-01-09,659.6300048828125,670.3200073242188,654.7899780273438,668.25,177200000,603.94,582.84,451.9,79.7,14.46,
2026-01-12,676.9500122070312,678.9099731445312,664.0499877929688,672.8599853515625,187600000,608.31,584.86,453.53,80.6,14.49,
2026-01-13,678.3400268554688,681.239990234375,673.1300048828125,680.7100219726562,192600000,613.34,586.97,455.18,81.9,14.06,
2026-01-14,679.260009765625,685.760009765625,677.6400146484375,685.760009765625,203000000,618.23,589.1,456.84,82.8,13.63,
2026-01-15,682.52001953125,696.3900146484375,681.6799926757812,696.3900146484375,197800000,624.33,591.05,458.54,84.4,13.71,
2026-01-16,699.7100219726562,706.9400024414062,696.489990234375,704.6400146484375,247100000,631.48,593.5,460.3,85.6,13.48,
2026-01-19,702.22998046875,716.5800170898438,702.02001953125,713.9600219726562,195200000,638.55,596.47,462.12,86.8,13.56,
2026-01-20,713.219970703125,716.9600219726562,699.9299926757812,708.47998046875,256900000,645.69,599.27,463.88,82.5,13.81,
2026-01-21,696.9099731445312,715.6300048828125,696.8300170898438,714.9400024414062,213000000,653.02,602.41,465.71,83.5,14.17,
2026-01-22,728.22998046875,733.97998046875,718.7000122070312,722.2999877929688,258000000,660.0,605.35,467.6,84.6,14.51,
2026-01-23,726.7999877929688,732.530029296875,717.1199951171875,727.2899780273438,257400000,667.13,608.27,469.58,85.4,14.58,
2026-01-26,728.489990234375,732.6599731445312,719.0399780273438,720.0399780273438,177200000,673.92,610.94,471.49,79.5,14.51,
2026-01-27,717.3599853515625,745.1300048828125,711.510009765625,745.1300048828125,185800000,681.67,614.07,473.53,83.7,15.87,
2026-01-28,753.97998046875,761.5800170898438,749.77001953125,758.719970703125,218400000,689.32,617.97,475.66,85.4,15.92,
2026-01-29,771.3200073242188,773.1799926757812,743.1599731445312,765.5900268554688,245500000,697.3,621.75,477.84,86.2,16.92,
2026-01-30,763.8699951171875,784.6099853515625,763.4600219726562,768.4099731445312,222400000,704.52,625.99,480.14,86.5,17.22,
2026-02-02,752.0599975585938,764.1400146484375,723.510009765625,725.4600219726562,203000000,708.35,629.44,482.22,62.3,19.2,
2026-02-03,751.9400024414062,779.5399780273438,750.0499877929688,779.5399780273438,217800000,714.36,633.75,484.59,72.7,21.69,
2026-02-04,773.47998046875,791.6599731445312,770.469970703125,790.3800048828125,296600000,720.65,638.75,486.92,74.2,21.66,
2026-02-05,769.6099853515625,778.6199951171875,753.7999877929688,756.9500122070312,281900000,725.29,643.07,489.09,62.6,22.72,
2026-02-06,734.219970703125,753.3900146484375,718.27001953125,748.0999755859375,251900000,729.28,647.14,491.2,59.9,23.86,
2026-02-09,782.0399780273438,784.969970703125,775.9600219726562,780.9400024414062,218300000,734.69,651.58,493.47,65.8,24.79,
2026-02-10,788.760009765625,791.6799926757812,779.6900024414062,780.760009765625,347500000,739.69,655.92,495.75,65.7,23.88,
2026-02-11,778.25,792.22998046875,772.4099731445312,788.75,251100000,744.84,660.62,498.07,67.1,23.59,
2026-02-12,800.1500244140625,816.280029296875,796.3599853515625,816.280029296875,316200000,750.83,665.87,500.51,71.3,23.87,
2026-02-13,815.969970703125,827.1400146484375,811.1599731445312,814.5900268554688,333800000,756.33,670.84,502.93,70.7,23.31,
2026-02-19,836.1199951171875,841.9500122070312,830.5700073242188,840.239990234375,391900000,762.64,676.23,505.49,74.2,23.6,
2026-02-20,842.5599975585938,860.219970703125,839.97998046875,859.5900268554688,352700000,770.2,682.03,508.12,76.5,23.36,
2026-02-23,874.9299926757812,879.8499755859375,856.9000244140625,865.489990234375,356700000,777.73,687.72,510.78,77.2,23.33,
2026-02-24,866.4400024414062,886.9500122070312,855.1300048828125,886.8800048828125,253500000,785.96,693.68,513.53,79.5,23.93,
2026-02-25,895.3800048828125,913.6699829101562,888.9600219726562,903.8300170898438,348800000,794.78,700.04,516.36,81.1,24.14,
2026-02-26,910.72998046875,945.1699829101562,908.1199951171875,944.02001953125,361800000,805.98,707.21,519.39,84.2,25.37,
2026-02-27,924.5900268554688,951.6199951171875,918.77001953125,933.3400268554688,367000000,815.39,714.27,522.36,80.4,25.9,
2026-03-03,921.4600219726562,922.030029296875,859.2999877929688,859.4000244140625,417200000,820.43,719.7,524.96,60.0,29.34,
2026-03-04,827.4600219726562,845.52001953125,751.4500122070312,756.7899780273438,443200000,819.99,723.35,527.04,43.5,34.95,
2026-03-05,775.8300170898438,855.6500244140625,775.260009765625,831.219970703125,310600000,823.13,728.74,529.49,53.5,39.52,
2026-03-06,815.0399780273438,833.0800170898438,797.9000244140625,828.8300170898438,230800000,828.3,733.87,531.93,53.1,39.21,
2026-03-09,777.6699829101562,786.6599731445312,751.4199829101562,775.3099975585938,223900000,828.08,738.06,534.07,46.3,41.94,
2026-03-10,820.1099853515625,833.9400024414062,806.4099731445312,823.02001953125,192500000,829.72,743.15,536.45,52.2,43.13,
2026-03-11,842.2100219726562,854.9600219726562,825.8099975585938,834.0499877929688,216400000,833.57,748.18,538.86,53.5,42.33,
2026-03-12,826.3599853515625,836.6400146484375,819.77001953125,827.510009765625,187400000,837.54,753.03,541.25,52.6,40.51,
2026-03-13,800.3400268554688,821.5399780273438,797.1099853515625,812.9299926757812,238000000,839.14,757.61,543.56,50.6,39.79,
2026-03-16,817.510009765625,828.3800048828125,809.0599975585938,826.8300170898438,160600000,841.45,762.34,545.96,52.4,38.33,
2026-03-17,853.4000244140625,854.3900146484375,839.5,840.8900146484375,144400000,844.05,767.05,548.43,54.3,37.56,
2026-03-18,861.47998046875,890.4099731445312,860.77001953125,888.5700073242188,300700000,847.67,772.7,551.13,60.1,38.41,
2026-03-19,861.22998046875,878.8800048828125,857.72998046875,862.3699951171875,204300000,850.06,777.46,553.72,55.9,37.87,
2026-03-20,869.5800170898438,871.8599853515625,859.8300170898438,862.5,321300000,851.17,781.74,556.3,55.9,36.03,
2026-03-23,829.9600219726562,829.9600219726562,803.4199829101562,804.8599853515625,211000000,848.43,784.65,558.57,47.5,37.67,
2026-03-24,841.9199829101562,842.9400024414062,803.0800170898438,827.6400146484375,203600000,846.54,787.91,560.95,50.7,37.83,
2026-03-25,847.4600219726562,857.6300048828125,837.4299926757812,838.7000122070312,180800000,844.13,791.4,563.36,52.2,37.27,
2026-03-26,829.5999755859375,830.6199951171875,807.1300048828125,808.8900146484375,169400000,839.38,794.21,565.59,47.9,36.86,
2026-03-27,783.4099731445312,809.780029296875,772.2100219726562,805.1900024414062,198600000,832.44,796.86,567.82,47.4,36.91,
2026-03-30,765.530029296875,783.2999877929688,761.0800170898438,780.3200073242188,151400000,824.79,798.85,569.92,44.0,37.43,
2026-03-31,757.6199951171875,772.8099975585938,743.2899780273438,744.5700073242188,186400000,819.05,800.03,571.79,39.5,37.4,
2026-04-01,789.3499755859375,819.6699829101562,780.97998046875,813.8400268554688,235200000,821.9,802.38,573.98,50.0,40.09,
2026-04-02,825.52001953125,829.8099975585938,764.3400268554688,774.6300048828125,234900000,819.07,803.78,575.94,45.3,41.9,
2026-04-03,797.3400268554688,804.9500122070312,788.3900146484375,798.3200073242188,176600000,817.55,805.46,578.0,48.5,41.08,
2026-04-06,806.5900268554688,820.22998046875,804.4299926757812,811.8400268554688,164000000,819.37,807.53,580.12,50.3,39.71,
2026-04-07,829.9000244140625,836.0800170898438,809.260009765625,821.0999755859375,179800000,819.28,809.65,582.27,51.5,38.79,
2026-04-08,872.1300048828125,892.1699829101562,866.77001953125,882.8099975585938,296800000,821.72,812.87,584.75,58.9,41.09,
2026-04-09,874.489990234375,879.97998046875,862.1300048828125,865.75,290100000,823.63,815.63,587.1,56.3,39.63,
2026-04-10,882.2999877929688,890.0800170898438,877.2999877929688,878.780029296875,207900000,826.92,818.81,589.52,57.8,38.54,
2026-04-13,857.9500122070312,874.3499755859375,857.010009765625,870.780029296875,146500000,829.12,821.32,591.88,56.6,37.34,
2026-04-14,895.97998046875,907.4000244140625,891.739990234375,897.0,187200000,831.92,824.09,594.37,59.7,37.29,
2026-04-15,926.0999755859375,933.0399780273438,912.4000244140625,916.5999755859375,293900000,833.32,827.11,596.93,61.9,37.2,
2026-04-16,925.0499877929688,938.8699951171875,920.9299926757812,937.8699951171875,218000000,837.1,830.5,599.59,64.3,36.14,
2026-04-17,938.0,938.97998046875,926.77001953125,931.4099731445312,214600000,840.55,834.62,602.16,63.0,34.43,
2026-04-20,935.02001953125,945.9099731445312,929.0800170898438,935.75,152800000,847.09,837.74,604.74,63.5,33.17,
2026-04-21,949.3699951171875,962.469970703125,949.239990234375,962.260009765625,284400000,853.82,841.18,607.48,66.6,32.71,
2026-04-22,961.969970703125,966.0800170898438,949.4199829101562,964.52001953125,198300000,860.11,845.33,610.23,66.8,31.56,
2026-04-23,975.5,989.8800048828125,948.1900024414062,975.6199951171875,279700000,868.45,849.88,613.04,68.1,32.29,
2026-04-24,978.27001953125,981.719970703125,960.0900268554688,971.8699951171875,193500000,876.78,853.7,615.82,67.2,31.53,
2026-04-27,980.3499755859375,1002.780029296875,980.02001953125,995.3300170898438,192700000,887.53,857.99,618.72,70.0,31.48,
2026-04-28,1000.7100219726562,1011.5999755859375,995.3499755859375,999.030029296875,287800000,900.26,862.2,621.61,70.4,30.39,
2026-04-29,994.3800048828125,1009.8699951171875,991.4600219726562,1006.5900268554688,190000000,909.89,866.0,624.58,71.3,29.54,
2026-04-30,1015.1799926757812,1017.9600219726562,991.9099731445312,992.1500244140625,216000000,920.77,869.55,627.48,67.1,29.29,
2026-05-04,1022.4099731445312,1049.8699951171875,1014.8499755859375,1049.6600341796875,344400000,933.34,873.74,630.62,73.8,31.32,
2026-05-06,1076.72998046875,1137.22998046875,1076.72998046875,1129.6300048828125,431700000,949.23,879.14,634.16,79.9,35.34,
2026-05-07,1150.1800537109375,1156.719970703125,1110.3699951171875,1149.8599853515625,304500000,965.66,884.83,637.77,81.1,36.12,
2026-05-08,1124.949951171875,1153.800048828125,1120.239990234375,1151.1700439453125,223200000,979.08,890.12,641.38,81.2,35.94,
2026-05-11,1201.010009765625,1226.1800537109375,1192.239990234375,1211.43994140625,354200000,996.37,896.27,645.28,84.4,38.73,
2026-05-12,1233.8199462890625,1241.3900146484375,1148.239990234375,1183.4100341796875,337300000,1011.6,901.06,649.02,77.7,42.62,
2026-05-13,1158.8699951171875,1222.530029296875,1143.1300048828125,1220.1700439453125,247100000,1029.07,906.79,652.96,80.0,45.25,
2026-05-14,1223.6600341796875,1246.6099853515625,1220.3599853515625,1243.1700439453125,312900000,1046.38,914.47,657.02,81.2,43.9,
2026-05-15,1236.6600341796875,1253.6700439453125,1143.18994140625,1162.3900146484375,360400000,1058.67,922.58,660.68,65.6,48.66,
2026-05-18,1154.8399658203125,1193.3199462890625,1109.5899658203125,1171.300048828125,223900000,1070.34,929.38,664.36,66.3,51.16,
2026-05-19,1154.0899658203125,1159.1300048828125,1110.81005859375,1132.4200439453125,213200000,1080.39,935.45,667.88,60.0,51.83,
2026-05-20,1141.5699462890625,1142.239990234375,1097.8199462890625,1125.510009765625,198600000,1089.88,942.46,671.36,59.0,51.3,
2026-05-21,1171.0999755859375,1226.5899658203125,1170.6300048828125,1225.219970703125,216600000,1103.02,950.5,675.34,67.9,54.86,
2026-05-22,1232.72998046875,1235.4000244140625,1214.77001953125,1226.030029296875,165600000,1116.1,958.34,679.31,67.9,52.41,
2026-05-26,1262.199951171875,1274.9599609375,1252.1300048828125,1260.530029296875,197800000,1130.34,967.0,683.45,70.5,52.16,
2026-05-27,1296.31005859375,1340.8499755859375,1291.7099609375,1298.8599853515625,282700000,1146.69,976.72,687.76,73.1,54.17,
2026-05-28,1287.1800537109375,1305.6700439453125,1235.3199462890625,1292.5699462890625,235100000,1161.56,986.03,692.03,72.0,55.33,
2026-05-29,1327.1500244140625,1343.1400146484375,1310.5899658203125,1342.8199462890625,436000000,1178.75,996.07,696.55,75.2,54.99,
2026-06-01,1344.0899658203125,1412.5799560546875,1343.9599609375,1399.9100341796875,339000000,1198.41,1006.3,701.44,78.3,56.04,
2026-06-02,1419.0699462890625,1430.489990234375,1353.18994140625,1407.22998046875,318600000,1219.17,1017.2,706.36,78.7,57.56,
2026-06-04,1374.739990234375,1402.0400390625,1367.1500244140625,1379.56005859375,192900000,1235.66,1027.54,711.1,73.6,56.31,
2026-06-05,1323.25,1338.1300048828125,1278.6500244140625,1297.02001953125,199500000,1244.03,1037.38,715.43,61.0,59.5,
2026-06-08,1282.81005859375,1282.81005859375,1177.719970703125,1186.5400390625,201000000,1245.86,1044.56,719.19,49.0,63.77,
2026-06-09,1221.75,1297.7900390625,1206.93994140625,1293.4000244140625,205400000,1252.98,1053.65,723.49,57.7,67.16,
2026-06-10,1258.43994140625,1274.6099853515625,1197.0400390625,1227.1199951171875,198300000,1253.76,1062.02,727.45,51.8,69.25,
2026-06-11,1190.75,1243.449951171875,1171.449951171875,1231.5400390625,215900000,1256.17,1070.54,731.45,52.1,69.44,
2026-06-12,1317.780029296875,1345.969970703125,1285.47998046875,1291.3199462890625,249400000,1259.72,1080.76,735.73,56.7,72.66,
2026-06-15,1360.3299560546875,1370.93994140625,1346.1500244140625,1360.260009765625,277700000,1265.58,1093.08,740.34,61.3,73.15,
2026-06-16,1386.4200439453125,1396.5899658203125,1357.8399658203125,1391.739990234375,256300000,1277.05,1104.64,745.16,63.3,70.7,
2026-06-17,1372.1300048828125,1418.3900146484375,1370.260009765625,1416.969970703125,205500000,1289.33,1117.48,750.11,64.8,69.09,
2026-06-18,1420.989990234375,1466.739990234375,1420.949951171875,1459.22998046875,179800000,1305.67,1130.7,755.29,67.2,67.71,
2026-06-19,1499.31005859375,1518.1099853515625,1423.8399658203125,1459.47998046875,228400000,1322.37,1143.65,760.46,67.2,69.6,
2026-06-22,1442.1600341796875,1500.1199951171875,1434.0999755859375,1477.219970703125,143400000,1334.97,1156.78,765.71,68.3,69.35,
2026-06-23,1470.75,1487.31005859375,1320.800048828125,1321.699951171875,196800000,1339.75,1165.55,770.15,52.2,76.29,
2026-06-24,1348.989990234375,1389.530029296875,1300.9200439453125,1369.6199951171875,181800000,1345.21,1175.63,774.85,55.7,77.17,
2026-06-25,1408.25,1473.8299560546875,1405.72998046875,1454.1500244140625,159400000,1352.97,1187.14,779.97,61.1,79.1,
2026-06-26,1433.1500244140625,1441.9000244140625,1318.56005859375,1366.489990234375,202700000,1356.67,1197.05,784.64,53.8,83.13,
2026-06-29,1352.5400390625,1352.5400390625,1352.5400390625,1352.5400390625,0,1357.15,1206.16,789.25,52.7,78.19,
2026-06-30,1356.8599853515625,1404.0999755859375,1325.4100341796875,1370.72998046875,141500000,1355.69,1215.25,793.99,54.0,78.23,
2026-07-01,1388.8599853515625,1396.5400390625,1309.8399658203125,1335.3599853515625,164200000,1352.1,1223.2,798.53,51.1,78.83,
2026-07-02,1269.77001953125,1304.449951171875,1213.6600341796875,1219.6199951171875,181300000,1344.1,1228.96,802.47,42.9,81.9,
2026-07-03,1235.199951171875,1308.18994140625,1176.0400390625,1299.300048828125,156700000,1344.22,1236.23,806.81,49.0,85.48,
2026-07-06,1316.1400146484375,1341.1600341796875,1253.989990234375,1293.1300048828125,129300000,1349.55,1242.85,811.11,48.5,85.61,
2026-07-07,1271.0699462890625,1278.1500244140625,1180.719970703125,1225.5699462890625,184600000,1346.15,1248.07,815.06,44.0,87.52,
2026-07-08,1190.5999755859375,1251.8299560546875,1149.7099609375,1158.3699951171875,187200000,1342.72,1251.73,818.65,40.0,88.56,
2026-07-09,1202.010009765625,1212.489990234375,1130.56005859375,1169.72998046875,186300000,1339.63,1255.68,822.25,41.0,88.09,
2026-07-10,1214.6600341796875,1236.8399658203125,1188.5400390625,1196.68994140625,164000000,1334.89,1259.71,825.96,43.3,86.59,
2026-07-13,1185.030029296875,1204.9599609375,1074.2900390625,1078.780029296875,162900000,1320.82,1261.3,829.04,36.4,89.74,
2026-07-14,1073.0,1112.5,1020.6199951171875,1092.22998046875,176700000,1305.85,1263.02,832.18,37.7,89.89,
2026-07-15,1129.72998046875,1189.2900390625,1129.4100341796875,1163.9000244140625,139800000,1293.19,1266.45,835.63,43.8,90.4,
2026-07-16,1106.260009765625,1111.3199462890625,1067.1400146484375,1080.3599853515625,127400000,1274.25,1267.07,838.7,39.0,90.86,
2026-09-04,1045.4000244140625,1062.760009765625,1041.4599609375,1051.52001953125,102597,1253.85,1265.5,841.58,37.4,87.15,
