session_date,open,high,low,close,volume,ma20,ma50,ma200,rsi14,atr14,vol_index
2021-01-04,2874.5,2946.5400390625,2869.110107421875,2944.449951171875,1026500,,,,,,
2021-01-05,2943.669921875,2990.570068359375,2921.840087890625,2990.570068359375,1519900,,,,,,
2021-01-06,2993.340087890625,3027.159912109375,2961.3701171875,2968.2099609375,1793400,,,,,,
2021-01-07,2980.75,3055.280029296875,2980.75,3031.679931640625,1524700,,,,,,
2021-01-08,3040.110107421875,3161.110107421875,3040.110107421875,3152.179931640625,1297900,,,,,,
2021-01-11,3161.89990234375,3266.22998046875,3096.18994140625,3148.449951171875,1712500,,,,,,
2021-01-12,3145.8701171875,3154.7900390625,3047.56005859375,3125.949951171875,1388600,,,,,,
2021-01-13,3128.260009765625,3164.3701171875,3109.6298828125,3148.2900390625,1578000,,,,,,
2021-01-14,3148.64990234375,3159.030029296875,3128.719970703125,3149.929931640625,1233200,,,,,,
2021-01-15,3153.840087890625,3189.89990234375,3085.89990234375,3085.89990234375,1331100,,,,,,
2021-01-18,3079.89990234375,3079.89990234375,3003.889892578125,3013.929931640625,1472000,,,,,,
2021-01-19,3013.050048828125,3092.659912109375,3013.050048828125,3092.659912109375,1353300,,,,,,
2021-01-20,3115.0400390625,3145.010009765625,3077.14990234375,3114.550048828125,1192700,,,,,,
2021-01-21,3123.27001953125,3163.2099609375,3123.27001953125,3160.840087890625,1360100,,,,,,
2021-01-22,3163.830078125,3185.260009765625,3140.60009765625,3140.6298828125,1111200,,,,66.2,81.44,
2021-01-25,3144.010009765625,3212.219970703125,3142.800048828125,3208.989990234375,1093700,,,,69.9,80.74,
2021-01-26,3203.9599609375,3209.179931640625,3132.669921875,3140.31005859375,873000,,,,62.5,80.43,
2021-01-27,3143.4599609375,3182.530029296875,3118.889892578125,3122.56005859375,924600,,,,60.8,79.23,
2021-01-28,3114.97998046875,3114.97998046875,3046.639892578125,3069.050048828125,1310500,,,,55.6,79.0,
2021-01-29,3078.72998046875,3100.219970703125,2962.699951171875,2976.2099609375,995100,3089.27,,,48.1,83.18,
2021-02-01,2976.81005859375,3056.8701171875,2947.239990234375,3056.530029296875,969300,3094.87,,,53.9,85.07,
2021-02-02,3065.56005859375,3138.949951171875,3065.56005859375,3096.81005859375,887300,3100.18,,,56.5,84.88,
2021-02-03,3108.419921875,3142.260009765625,3091.85009765625,3129.679931640625,901800,3108.26,,,58.6,82.42,
2021-02-04,3135.02001953125,3135.02001953125,3068.4599609375,3087.550048828125,1460900,3111.05,,,55.0,81.28,
2021-02-05,3098.489990234375,3124.6201171875,3081.780029296875,3120.6298828125,1193500,3109.47,,,57.2,78.54,
2021-02-08,3113.6298828125,3128.5400390625,3085.590087890625,3091.239990234375,1277200,3106.61,,,54.6,76.0,
2021-02-09,3102.25,3129.659912109375,3084.669921875,3084.669921875,2145400,3104.55,,,54.0,73.78,
2021-02-10,3088.1298828125,3111.8798828125,3064.25,3100.580078125,2152900,3102.16,,,55.3,71.91,
2021-02-15,3108.699951171875,3156.56005859375,3108.699951171875,3147.0,1604700,3102.02,,,58.9,70.77,
2021-02-16,3151.85009765625,3180.93994140625,3145.840087890625,3163.25,1944400,3105.88,,,60.1,68.23,
2021-02-17,3162.949951171875,3162.949951171875,3115.47998046875,3133.72998046875,1784100,3111.87,,,56.8,66.77,
2021-02-18,3131.739990234375,3140.39990234375,3086.659912109375,3086.659912109375,1860600,3111.57,,,52.0,65.83,
2021-02-19,3089.9599609375,3109.669921875,3040.280029296875,3107.6201171875,3455500,3111.23,,,53.9,66.09,
2021-02-22,3114.030029296875,3142.47998046875,3079.159912109375,3079.75,1832000,3107.17,,,51.0,65.89,
2021-02-23,3069.260009765625,3094.2900390625,3035.4599609375,3070.090087890625,2357800,3103.65,,,50.0,65.39,
2021-02-24,3070.580078125,3092.050048828125,2993.4599609375,2994.97998046875,1560900,3092.95,,,43.0,67.76,
2021-02-25,3026.469970703125,3099.800048828125,3026.469970703125,3099.68994140625,1280100,3090.91,,,52.9,70.41,
2021-02-26,3089.489990234375,3089.489990234375,2988.280029296875,3012.949951171875,1361300,3085.43,,,45.8,73.33,
2021-03-02,3021.679931640625,3096.5,3020.739990234375,3043.8701171875,1749900,3084.17,,,48.5,74.06,
2021-03-03,3041.199951171875,3083.0400390625,3029.3701171875,3082.989990234375,2236700,3089.51,,,51.7,72.61,
2021-03-04,3076.8798828125,3076.8798828125,3022.5400390625,3043.489990234375,1279000,3088.86,,,48.4,71.74,
2021-03-05,3036.159912109375,3036.97998046875,2982.449951171875,3026.260009765625,1187200,3085.33,,,47.0,70.97,
2021-03-08,3031.989990234375,3055.64990234375,2992.639892578125,2996.110107421875,1928300,3078.66,,,44.6,70.41,
2021-03-09,2989.9599609375,3000.489990234375,2929.360107421875,2976.1201171875,1534200,3073.08,,,43.0,70.46,
2021-03-10,2980.760009765625,3013.949951171875,2951.530029296875,2958.1201171875,905600,3064.96,,,41.5,69.88,
2021-03-11,2964.300048828125,3028.3701171875,2964.300048828125,3013.699951171875,1349200,3061.08,,,47.4,69.91,
2021-03-12,3030.72998046875,3061.429931640625,3030.72998046875,3054.389892578125,1669100,3059.57,,,51.2,68.33,
2021-03-15,3057.06005859375,3065.169921875,3036.139892578125,3045.7099609375,1161800,3056.82,,,50.4,65.52,
2021-03-16,3049.22998046875,3071.5400390625,3049.22998046875,3067.169921875,1123900,3052.83,,,52.5,62.68,
2021-03-17,3067.760009765625,3069.570068359375,3027.199951171875,3047.5,815000,3047.05,3076.08,,50.4,61.23,
2021-03-18,3054.929931640625,3090.18994140625,3054.929931640625,3066.010009765625,1232600,3043.66,3078.51,,52.3,59.91,
2021-03-19,3063.010009765625,3063.010009765625,3022.489990234375,3039.530029296875,1068500,3041.3,3079.49,,49.4,58.74,
2021-03-22,3040.010009765625,3048.110107421875,3019.60009765625,3035.4599609375,915700,3037.69,3080.84,,48.9,56.58,
2021-03-23,3038.25,3058.7900390625,3003.050048828125,3004.739990234375,1331200,3033.94,3080.3,,45.5,56.52,
2021-03-24,2996.320068359375,3006.5400390625,2971.0400390625,2996.35009765625,978400,3030.26,3077.18,,44.6,55.02,
2021-03-25,2995.669921875,3024.6298828125,2987.830078125,3008.330078125,940400,3030.92,3074.38,,46.2,53.72,
2021-03-26,3012.7900390625,3041.860107421875,3012.7900390625,3041.010009765625,1036400,3027.99,3072.68,,50.6,52.27,
2021-03-29,3047.7099609375,3054.2099609375,3025.389892578125,3036.0400390625,1288800,3029.15,3070.44,,49.9,50.6,
2021-03-30,3038.43994140625,3074.570068359375,3038.43994140625,3070.0,1023100,3030.45,3068.84,,54.3,49.74,
2021-03-31,3073.389892578125,3093.889892578125,3061.39990234375,3061.419921875,1147000,3029.37,3068.35,,53.1,48.5,
2021-04-01,3073.77001953125,3090.8798828125,3069.679931640625,3087.39990234375,922700,3031.57,3069.82,,56.4,47.14,
2021-04-02,3104.719970703125,3121.580078125,3101.60009765625,3112.800048828125,792700,3035.9,3070.22,,59.4,46.22,
2021-04-05,3121.22998046875,3127.199951171875,3101.860107421875,3120.830078125,1084800,3042.13,3070.35,,60.4,44.73,
2021-04-06,3123.800048828125,3139.2900390625,3110.18994140625,3127.080078125,1279000,3049.68,3069.67,,61.1,43.61,
2021-04-07,3129.070068359375,3146.18994140625,3125.330078125,3137.409912109375,1984800,3058.64,3069.61,,62.4,41.99,
2021-04-08,3137.25,3145.81005859375,3122.090087890625,3143.260009765625,1357300,3065.12,3068.29,,63.1,40.68,
2021-04-09,3146.510009765625,3156.0400390625,3125.239990234375,3131.8798828125,1823200,3069.0,3068.12,,60.6,39.98,
2021-04-12,3134.8798828125,3147.27001953125,3127.909912109375,3135.590087890625,1048800,3073.49,3068.38,,61.2,38.5,
2021-04-13,3138.2099609375,3173.260009765625,3136.989990234375,3169.080078125,1741300,3078.59,3070.39,,65.7,38.44,
2021-04-14,3169.949951171875,3188.320068359375,3162.1201171875,3182.3798828125,1776300,3085.33,3074.51,,67.4,37.57,
2021-04-15,3180.72998046875,3204.47998046875,3178.989990234375,3194.330078125,1313000,3091.75,3077.26,,68.8,36.71,
2021-04-16,3194.080078125,3206.760009765625,3185.669921875,3198.6201171875,985300,3099.7,3079.3,,69.3,35.59,
2021-04-19,3201.110107421875,3214.449951171875,3193.39990234375,3198.840087890625,1060600,3107.87,3080.68,,69.4,34.55,
2021-04-20,3198.31005859375,3220.820068359375,3195.9599609375,3220.699951171875,1296200,3118.67,3083.35,,72.1,33.86,
2021-04-21,3214.239990234375,3214.239990234375,3165.489990234375,3171.659912109375,1767100,3127.43,3084.37,,59.2,35.38,
2021-04-22,3174.52001953125,3196.969970703125,3174.52001953125,3177.52001953125,1752700,3135.89,3086.09,,60.1,34.67,
2021-04-23,3173.469970703125,3185.969970703125,3146.5400390625,3181.080078125,1829400,3142.9,3088.02,,60.7,35.01,
2021-04-26,3191.340087890625,3217.530029296875,3191.340087890625,3217.530029296875,1298300,3151.97,3090.36,,66.1,35.11,
2021-04-27,3218.300048828125,3223.050048828125,3203.25,3215.419921875,1534200,3159.24,3091.73,,65.6,34.02,
2021-04-28,3217.2099609375,3219.68994140625,3176.550048828125,3181.469970703125,1412600,3165.24,3092.09,,57.1,34.67,
2021-04-29,3184.75,3200.409912109375,3161.06005859375,3174.070068359375,1222400,3169.58,3092.9,,55.5,35.0,
2021-04-30,3176.429931640625,3179.429931640625,3143.3798828125,3147.860107421875,1358200,3171.33,3094.12,,49.9,35.08,
2021-05-03,3149.050048828125,3174.260009765625,3120.699951171875,3127.199951171875,1040300,3171.65,3094.52,,46.0,36.4,
2021-05-04,3131.389892578125,3147.3798828125,3109.780029296875,3147.3701171875,1282900,3172.66,3095.87,,50.1,36.48,
2021-05-06,3147.719970703125,3174.159912109375,3133.639892578125,3160.429931640625,1238600,3173.81,3097.68,,52.6,36.77,
2021-05-07,3179.6298828125,3205.110107421875,3179.6298828125,3197.199951171875,988900,3176.51,3101.72,,58.9,37.34,
2021-05-10,3201.4599609375,3255.89990234375,3201.4599609375,3249.300048828125,1010200,3182.38,3104.71,,65.8,38.86,
2021-05-11,3239.919921875,3239.919921875,3192.25,3209.429931640625,1095700,3186.07,3108.64,,57.8,40.16,
2021-05-12,3209.360107421875,3212.830078125,3138.0400390625,3161.659912109375,1423200,3185.7,3111.0,,49.9,42.63,
2021-05-13,3146.969970703125,3161.929931640625,3103.8798828125,3122.110107421875,1094900,3182.69,3111.78,,44.5,43.74,
2021-05-14,3131.35009765625,3162.31005859375,3131.35009765625,3153.320068359375,835600,3180.64,3113.98,,49.2,43.48,
2021-05-17,3163.2099609375,3173.010009765625,3121.320068359375,3134.52001953125,770700,3177.43,3116.14,,46.7,44.07,
2021-05-18,3135.3798828125,3176.39990234375,3135.3798828125,3173.050048828125,785400,3176.15,3119.68,,52.1,43.91,
2021-05-20,3174.530029296875,3174.530029296875,3140.47998046875,3162.280029296875,773600,3173.22,3123.4,,50.6,43.21,
2021-05-21,3171.909912109375,3198.010009765625,3149.4599609375,3156.419921875,796800,3172.46,3127.37,,49.7,43.59,
2021-05-24,3155.909912109375,3163.27001953125,3137.81005859375,3144.300048828125,587500,3170.8,3129.98,,47.9,42.29,
2021-05-25,3152.929931640625,3173.10009765625,3148.300048828125,3171.320068359375,612700,3170.31,3132.32,,52.1,41.33,
2021-05-26,3171.909912109375,3183.969970703125,3160.300048828125,3168.429931640625,1269000,3167.86,3134.77,,51.6,40.07,
2021-05-27,3170.840087890625,3173.860107421875,3142.3701171875,3165.510009765625,1081100,3165.36,3136.74,,51.1,39.46,
2021-05-28,3172.090087890625,3198.659912109375,3171.85009765625,3188.72998046875,966000,3165.73,3139.57,,55.0,39.01,
2021-05-31,3192.06005859375,3204.2900390625,3179.8701171875,3203.919921875,1123100,3167.22,3142.32,,57.4,37.96,
2021-06-01,3207.1201171875,3233.169921875,3199.179931640625,3221.8701171875,1471800,3170.92,3145.97,,60.0,37.68,
2021-06-02,3224.39990234375,3241.070068359375,3216.10009765625,3224.22998046875,1495200,3175.77,3149.75,,60.4,36.77,
2021-06-03,3224.9599609375,3258.5,3224.9599609375,3247.429931640625,1584000,3180.77,3154.6,,63.8,36.59,
2021-06-04,3246.169921875,3246.18994140625,3218.669921875,3240.080078125,1391800,3184.76,3159.47,,62.0,36.03,
2021-06-07,3244.590087890625,3264.409912109375,3233.39990234375,3252.1201171875,1731900,3187.5,3164.35,,63.8,35.68,
2021-06-08,3251.830078125,3264.669921875,3242.56005859375,3247.830078125,1950600,3187.43,3168.49,,62.6,34.71,
2021-06-09,3245.080078125,3246.489990234375,3216.179931640625,3216.179931640625,1964500,3187.77,3172.09,,54.8,34.49,
2021-06-10,3216.93994140625,3235.389892578125,3210.31005859375,3224.639892578125,1896200,3190.91,3175.18,,56.4,33.82,
2021-06-11,3226.97998046875,3251.580078125,3226.97998046875,3249.320068359375,1643800,3197.28,3178.94,,60.7,33.32,
2021-06-14,3249.60009765625,3254.489990234375,3238.510009765625,3252.1298828125,1663900,3202.22,3182.23,,61.1,32.09,
2021-06-15,3253.169921875,3262.800048828125,3247.89990234375,3258.6298828125,1733900,3208.42,3185.15,,62.3,30.86,
2021-06-16,3259.06005859375,3281.9599609375,3256.679931640625,3278.679931640625,2345200,3213.7,3188.31,,65.6,30.46,
2021-06-17,3276.199951171875,3276.199951171875,3251.320068359375,3264.9599609375,1848200,3218.84,3191.07,,61.6,30.24,
2021-06-18,3265.679931640625,3275.760009765625,3262.580078125,3267.929931640625,1626400,3224.41,3193.68,,62.1,29.02,
2021-06-21,3264.179931640625,3264.179931640625,3225.56005859375,3240.7900390625,1508100,3229.24,3195.63,,54.7,29.97,
2021-06-22,3245.7900390625,3267.6298828125,3245.7900390625,3263.8798828125,1666300,3233.86,3198.27,,59.2,29.75,
2021-06-23,3265.72998046875,3281.8798828125,3263.070068359375,3276.18994140625,1068300,3239.25,3201.08,,61.4,28.97,
2021-06-24,3281.469970703125,3292.27001953125,3277.85009765625,3286.10009765625,1300300,3245.28,3203.42,,63.1,28.05,
2021-06-25,3289.179931640625,3316.080078125,3289.179931640625,3302.840087890625,1197600,3250.99,3205.83,,65.9,28.19,
2021-06-28,3305.4599609375,3311.68994140625,3291.300048828125,3301.889892578125,1427400,3255.89,3207.98,,65.6,27.63,
2021-06-29,3305.260009765625,3305.419921875,3276.6298828125,3286.679931640625,1211800,3259.13,3209.74,,60.8,27.71,
2021-06-30,3288.6298828125,3305.72998046875,3288.6298828125,3296.679931640625,1608900,3262.75,3211.7,,62.7,27.09,
2021-07-01,3297.919921875,3300.1201171875,3278.10009765625,3282.06005859375,1157700,3264.48,3212.92,,58.2,26.73,
2021-07-02,3282.81005859375,3295.679931640625,3278.18994140625,3281.780029296875,1019400,3266.57,3215.13,,58.1,26.07,
2021-07-05,3285.2900390625,3298.929931640625,3285.2900390625,3293.2099609375,849700,3268.62,3217.44,,60.7,25.43,
2021-07-06,3295.43994140625,3313.510009765625,3295.43994140625,3305.2099609375,1028800,3271.49,3219.92,,63.2,25.07,
2021-07-07,3303.590087890625,3303.590087890625,3277.659912109375,3285.340087890625,1146800,3274.95,3221.28,,56.7,25.24,
2021-07-08,3287.679931640625,3295.7099609375,3252.409912109375,3252.679931640625,1515200,3276.35,3222.03,,47.9,26.53,
2021-07-09,3245.52001953125,3245.52001953125,3188.800048828125,3217.949951171875,1307500,3274.78,3222.75,,40.7,29.2,
2021-07-12,3227.510009765625,3251.449951171875,3227.510009765625,3246.469970703125,1134600,3274.5,3224.2,,47.7,29.51,
2021-07-13,3253.239990234375,3273.89990234375,3253.239990234375,3271.3798828125,1149500,3275.13,3226.67,,52.9,29.36,
2021-07-14,3270.090087890625,3270.090087890625,3250.449951171875,3264.81005859375,908300,3274.44,3229.43,,51.4,28.76,
2021-07-15,3269.330078125,3286.580078125,3263.090087890625,3286.219970703125,1171900,3275.5,3232.2,,55.7,28.38,
2021-07-16,3282.889892578125,3282.889892578125,3259.320068359375,3276.909912109375,1066100,3275.95,3234.53,,53.5,28.28,
2021-07-19,3258.8701171875,3258.8701171875,3236.389892578125,3244.0400390625,1095100,3276.12,3235.47,,46.5,29.15,
2021-07-20,3223.239990234375,3234.800048828125,3214.419921875,3232.699951171875,979300,3274.56,3235.14,,44.3,29.18,
2021-07-21,3251.1298828125,3252.25,3215.909912109375,3215.909912109375,990300,3271.54,3235.27,,41.3,29.7,
2021-07-22,3235.169921875,3253.75,3235.169921875,3250.2099609375,713000,3269.75,3237.04,,49.0,30.28,
2021-07-23,3253.43994140625,3264.010009765625,3246.090087890625,3254.419921875,804600,3267.33,3239.68,,49.9,29.39,
2021-07-26,3265.989990234375,3265.989990234375,3224.949951171875,3224.949951171875,826100,3263.48,3241.12,,44.2,30.23,
2021-07-27,3244.429931640625,3252.85009765625,3230.75,3232.530029296875,991600,3260.77,3243.08,,45.9,30.06,
2021-07-28,3226.06005859375,3243.2099609375,3210.89990234375,3236.860107421875,868200,3257.78,3244.35,,46.9,30.22,
2021-07-29,3248.489990234375,3252.260009765625,3232.5,3242.64990234375,694500,3255.81,3245.96,,48.3,29.47,
2021-07-30,3234.3701171875,3234.659912109375,3202.320068359375,3202.320068359375,687500,3251.84,3246.88,,40.4,30.25,
2021-08-02,3218.419921875,3223.0400390625,3194.0,3223.0400390625,560800,3248.33,3248.45,,45.3,30.16,
2021-08-03,3221.570068359375,3237.139892578125,3213.199951171875,3237.139892578125,653200,3244.93,3249.77,,48.5,29.72,
2021-08-04,3246.64990234375,3283.139892578125,3237.550048828125,3280.3798828125,632000,3244.68,3252.01,,56.6,30.88,
2021-08-05,3283.25,3296.169921875,3273.330078125,3276.1298828125,680000,3245.85,3254.22,,55.7,30.31,
2021-08-06,3277.06005859375,3288.169921875,3261.929931640625,3270.360107421875,939900,3248.47,3255.85,,54.4,30.02,
2021-08-09,3258.10009765625,3275.14990234375,3251.739990234375,3260.419921875,706500,3249.17,3256.98,,52.1,29.54,
2021-08-10,3272.43994140625,3272.43994140625,3232.4599609375,3243.18994140625,729000,3247.76,3257.41,,48.3,30.29,
2021-08-11,3235.360107421875,3250.2099609375,3217.64990234375,3220.6201171875,616700,3245.55,3257.34,,43.8,30.45,
2021-08-12,3213.580078125,3229.590087890625,3202.110107421875,3208.3798828125,642600,3241.66,3256.56,,41.6,30.24,
2021-08-13,3205.75,3209.719970703125,3146.760009765625,3171.2900390625,695600,3236.38,3255.18,,35.6,32.58,
2021-08-17,3169.739990234375,3179.489990234375,3134.47998046875,3143.090087890625,690800,3231.33,3253.0,,31.9,33.46,
2021-08-18,3141.97998046875,3175.8798828125,3124.56005859375,3158.929931640625,622800,3227.64,3251.22,,35.9,34.74,
2021-08-19,3140.010009765625,3158.0,3097.830078125,3097.830078125,655600,3221.74,3248.85,,28.8,36.62,
2021-08-20,3111.10009765625,3122.090087890625,3049.030029296875,3060.510009765625,672100,3212.25,3245.57,,25.4,39.23,
2021-08-23,3086.81005859375,3111.81005859375,3064.64990234375,3090.2099609375,570400,3204.04,3242.39,,32.2,40.09,
2021-08-24,3119.699951171875,3142.580078125,3115.22998046875,3138.300048828125,586500,3199.71,3240.11,,41.4,40.97,
2021-08-25,3148.1298828125,3161.0,3124.25,3146.81005859375,600400,3195.42,3237.88,,42.9,40.66,
2021-08-26,3151.300048828125,3159.3701171875,3121.0400390625,3128.530029296875,727700,3190.01,3234.87,,40.5,40.5,
2021-08-27,3116.2900390625,3143.010009765625,3106.969970703125,3133.89990234375,520700,3184.57,3232.25,,41.5,40.18,
2021-08-30,3160.8701171875,3164.8701171875,3132.77001953125,3144.18994140625,602900,3181.66,3229.78,,43.5,39.6,
2021-08-31,3144.489990234375,3199.889892578125,3130.300048828125,3199.27001953125,660500,3180.47,3228.95,,52.8,41.74,
2021-09-01,3195.669921875,3215.1298828125,3185.800048828125,3207.02001953125,746700,3178.97,3227.81,,54.0,40.86,
2021-09-02,3198.030029296875,3204.010009765625,3171.780029296875,3175.85009765625,753900,3173.74,3225.8,,48.8,40.46,
2021-09-03,3189.7099609375,3203.080078125,3181.639892578125,3201.06005859375,638300,3169.99,3224.1,,52.8,39.51,
2021-09-06,3196.300048828125,3206.25,3186.7900390625,3203.330078125,726200,3166.64,3222.11,,53.1,38.08,
2021-09-07,3200.070068359375,3201.760009765625,3176.81005859375,3187.419921875,758700,3162.99,3219.82,,50.3,37.25,
2021-09-08,3178.739990234375,3187.550048828125,3157.070068359375,3162.989990234375,858500,3158.98,3217.35,,46.3,36.77,
2021-09-09,3146.639892578125,3158.60009765625,3111.489990234375,3114.699951171875,927400,3153.68,3213.71,,39.5,37.82,
2021-09-10,3121.090087890625,3131.5400390625,3103.3798828125,3125.760009765625,723100,3149.55,3210.58,,41.6,37.13,
2021-09-13,3117.35009765625,3139.1298828125,3109.010009765625,3127.860107421875,731200,3147.38,3207.51,,42.0,36.63,
2021-09-14,3137.320068359375,3164.31005859375,3137.320068359375,3148.830078125,712400,3147.67,3204.62,,46.1,36.62,
2021-09-15,3147.2099609375,3164.010009765625,3138.800048828125,3153.39990234375,615200,3147.39,3201.58,,47.0,35.8,
2021-09-16,3165.3798828125,3167.679931640625,3126.64990234375,3130.090087890625,612000,3149.0,3198.48,,43.1,36.18,
2021-09-17,3127.75,3142.1298828125,3112.510009765625,3140.510009765625,587500,3153.0,3196.23,,45.3,35.71,
2021-09-23,3123.639892578125,3131.6298828125,3107.97998046875,3127.580078125,623000,3154.87,3194.43,,43.1,35.48,
2021-09-24,3140.72998046875,3146.860107421875,3119.39990234375,3125.239990234375,752800,3154.22,3192.0,,42.7,34.91,
2021-09-27,3121.699951171875,3146.35009765625,3119.260009765625,3133.639892578125,882600,3153.56,3189.25,,44.7,34.35,
2021-09-28,3133.39990234375,3134.4599609375,3095.719970703125,3097.919921875,894100,3152.03,3185.91,,38.6,34.66,
2021-09-29,3055.5,3069.0400390625,3030.60009765625,3060.27001953125,820700,3148.35,3181.39,,33.3,37.0,
2021-09-30,3054.8701171875,3079.429931640625,3046.429931640625,3068.820068359375,885400,3144.58,3177.23,,35.5,36.71,
2021-10-01,3056.2099609375,3062.60009765625,3015.010009765625,3019.179931640625,854800,3135.57,3172.73,,29.6,37.93,
2021-10-05,2998.169921875,2998.169921875,2940.590087890625,2962.169921875,839400,3123.33,3167.32,,24.5,40.84,
2021-10-06,2986.06005859375,2993.469970703125,2908.300048828125,2908.31005859375,900500,3109.95,3161.17,,20.9,44.0,
2021-10-07,2936.8701171875,2961.530029296875,2927.60009765625,2959.4599609375,594600,3097.87,3155.35,,31.3,44.66,
2021-10-08,2977.820068359375,2978.080078125,2949.010009765625,2956.300048828125,668200,3085.52,3149.39,,31.0,43.55,
2021-10-12,2950.219970703125,2950.93994140625,2901.510009765625,2916.3798828125,659600,3071.97,3143.22,,27.7,44.35,
2021-10-13,2913.340087890625,2953.330078125,2909.469970703125,2944.409912109375,751600,3061.04,3137.46,,33.1,44.32,
2021-10-14,2968.8701171875,2988.969970703125,2962.330078125,2988.639892578125,616600,3054.74,3132.49,,40.6,44.33,
2021-10-15,3012.6201171875,3021.89990234375,2999.330078125,3015.06005859375,857300,3049.2,3127.94,,44.5,43.54,
2021-10-18,3017.47998046875,3021.169921875,2990.43994140625,3006.679931640625,926000,3043.14,3124.03,,43.5,42.63,
2021-10-19,3022.22998046875,3034.530029296875,3014.18994140625,3029.0400390625,845400,3037.15,3120.15,,46.9,41.57,
2021-10-20,3043.1298828125,3047.239990234375,3012.969970703125,3013.1298828125,679900,3030.14,3115.67,,44.9,41.05,
2021-10-21,3012.280029296875,3025.8798828125,3002.739990234375,3007.330078125,887000,3024.0,3110.21,,44.1,39.77,
2021-10-22,3005.360107421875,3018.699951171875,2996.260009765625,3006.159912109375,695000,3017.29,3104.81,,43.9,38.53,
2021-10-25,3001.10009765625,3025.27001953125,2983.2900390625,3020.5400390625,791500,3011.93,3099.81,3142.83,46.6,38.78,
2021-10-26,3039.820068359375,3051.64990234375,3030.530029296875,3049.080078125,564100,3008.13,3095.58,3143.35,51.4,38.23,
2021-10-27,3045.830078125,3049.02001953125,3019.0,3025.489990234375,607500,3002.72,3091.23,3143.53,47.6,37.65,
2021-10-28,3023.169921875,3034.419921875,3009.550048828125,3009.550048828125,616900,2998.3,3087.01,3143.73,45.1,36.74,
2021-10-29,3025.669921875,3030.169921875,2965.39990234375,2970.679931640625,545300,2993.82,3082.25,3143.43,39.7,38.74,
2021-11-01,2984.179931640625,2991.81005859375,2976.8701171875,2978.93994140625,475000,2989.33,3078.41,3142.56,41.3,37.48,
2021-11-02,2995.580078125,3034.300048828125,2995.580078125,3013.489990234375,525400,2989.04,3075.82,3141.89,47.6,38.76,
2021-11-03,3020.360107421875,3020.8701171875,2969.010009765625,2975.7099609375,658300,2989.72,3072.15,3141.14,42.3,39.69,
2021-11-04,3000.919921875,3011.56005859375,2978.070068359375,2983.219970703125,771700,2993.46,3069.86,3140.31,43.6,39.42,
2021-11-05,3003.530029296875,3003.530029296875,2953.9599609375,2969.27001953125,687400,2993.95,3068.03,3139.41,41.7,40.14,
2021-11-08,2965.360107421875,2968.179931640625,2930.89990234375,2960.199951171875,559600,2994.15,3065.43,3138.78,40.4,40.02,
2021-11-09,2958.14990234375,2987.280029296875,2949.169921875,2962.4599609375,707800,2996.45,3061.92,3138.52,40.9,39.88,
2021-11-10,2947.4599609375,2958.610107421875,2924.360107421875,2930.169921875,567300,2995.74,3057.58,3137.71,36.4,39.75,
2021-11-11,2911.409912109375,2925.18994140625,2903.719970703125,2924.919921875,571900,2992.56,3053.51,3136.76,35.7,38.8,
2021-11-12,2945.949951171875,2973.840087890625,2938.27001953125,2968.800048828125,665000,2990.24,3050.21,3135.8,45.1,39.53,
2021-11-15,2989.679931640625,3003.7099609375,2979.9599609375,2999.52001953125,638900,2989.88,3047.32,3135.09,50.5,39.2,
2021-11-16,2995.679931640625,3011.8798828125,2985.340087890625,2997.2099609375,579000,2988.29,3043.28,3134.04,50.1,38.29,
2021-11-17,3004.02001953125,3004.669921875,2957.699951171875,2962.419921875,540700,2985.76,3038.38,3133.15,44.4,38.91,
2021-11-18,2959.260009765625,2964.47998046875,2937.530029296875,2947.3798828125,541100,2982.76,3033.81,3132.27,42.1,38.06,
2021-11-19,2951.06005859375,2974.639892578125,2948.070068359375,2971.02001953125,656300,2981.0,3029.21,3131.78,46.7,37.29,
2021-11-22,2983.3798828125,3018.010009765625,2980.72998046875,3013.25,531000,2980.64,3025.41,3131.97,53.7,37.98,
2021-11-23,3013.159912109375,3016.360107421875,2992.139892578125,2997.330078125,524200,2978.05,3021.61,3131.67,51.0,37.0,
2021-11-24,3006.340087890625,3017.89990234375,2981.02001953125,2994.2900390625,556600,2976.49,3018.24,3131.16,50.5,36.99,
2021-11-25,2996.739990234375,2996.739990234375,2973.239990234375,2980.27001953125,595400,2975.03,3015.55,3130.41,48.0,36.03,
2021-11-26,2973.0400390625,2985.77001953125,2930.31005859375,2936.43994140625,594700,2973.32,3011.76,3129.65,41.2,37.41,
2021-11-29,2906.14990234375,2930.219970703125,2890.780029296875,2909.320068359375,841700,2969.83,3007.39,3128.6,37.7,38.0,
2021-11-30,2932.7099609375,2942.929931640625,2822.72998046875,2839.010009765625,982400,2961.11,3001.19,3127.34,30.4,43.87,
2021-12-01,2860.1201171875,2905.739990234375,2837.030029296875,2899.719970703125,563100,2957.31,2996.12,3126.41,41.0,45.65,
2021-12-02,2874.639892578125,2945.27001953125,2874.639892578125,2945.27001953125,533700,2955.41,2992.42,3125.64,47.5,47.43,
2021-12-03,2935.929931640625,2975.43994140625,2927.550048828125,2968.330078125,486100,2955.37,2988.98,3124.74,50.4,47.46,
2021-12-06,2954.820068359375,2983.5,2932.489990234375,2973.25,479400,2956.02,2985.89,3123.79,51.1,47.72,
2021-12-07,2973.840087890625,2992.31005859375,2960.89990234375,2991.719970703125,540900,2957.48,2983.22,3123.08,53.5,46.55,
2021-12-08,3017.929931640625,3036.1298828125,2995.340087890625,3001.800048828125,487800,2961.06,2980.59,3122.66,54.8,46.4,
2021-12-09,3007.0,3029.570068359375,3001.550048828125,3029.570068359375,513000,2966.3,2979.22,3122.27,58.3,45.09,
2021-12-10,3008.699951171875,3017.639892578125,2998.2900390625,3010.22998046875,451200,2968.37,2978.22,3121.92,55.1,44.1,
2021-12-13,3019.669921875,3043.830078125,3000.510009765625,3001.659912109375,375400,2968.47,2976.88,3121.58,53.7,44.05,
2021-12-14,2983.949951171875,3001.699951171875,2976.159912109375,2987.949951171875,581200,2968.01,2976.25,3121.54,51.4,42.72,
2021-12-15,2979.830078125,2992.300048828125,2973.0,2989.389892578125,432500,2969.36,2976.8,3120.99,51.7,41.05,
2021-12-16,3013.260009765625,3018.199951171875,2989.6298828125,3006.409912109375,402400,2972.31,2978.76,3120.96,54.4,40.18,
2021-12-17,2985.199951171875,3017.72998046875,2984.18994140625,3017.72998046875,451400,2974.65,2979.92,3120.83,56.2,39.7,
2021-12-20,3001.330078125,3001.330078125,2962.070068359375,2963.0,377100,2972.13,2980.06,3120.23,46.7,40.84,
2021-12-21,2981.669921875,2984.56005859375,2955.89990234375,2975.030029296875,410500,2971.02,2981.23,3119.89,48.8,39.97,
2021-12-22,2993.5,3000.7900390625,2976.64990234375,2984.47998046875,461400,2970.53,2982.03,3119.68,50.4,38.96,
2021-12-23,2998.02001953125,3000.699951171875,2980.909912109375,2998.169921875,483300,2971.42,2982.22,3119.69,52.7,37.59,
2021-12-24,3009.47998046875,3025.77001953125,3009.47998046875,3012.429931640625,537500,2975.22,2982.17,3119.87,55.0,36.87,
2021-12-27,3013.93994140625,3017.31005859375,2999.300048828125,2999.550048828125,475000,2979.73,2982.03,3120.08,52.5,35.53,
2021-12-28,3006.77001953125,3020.2900390625,2991.550048828125,3020.239990234375,607000,2988.8,2981.85,3120.11,56.0,35.04,
2021-12-29,3002.89990234375,3007.719970703125,2988.669921875,2993.2900390625,545800,2993.47,2981.45,3119.8,50.7,34.79,
2021-12-30,2999.75,3005.360107421875,2975.739990234375,2977.64990234375,460600,2995.09,2980.86,3119.46,47.9,34.42,
2022-01-04,2991.969970703125,2995.25,2973.080078125,2989.239990234375,621200,2996.14,2980.52,3119.07,50.1,33.55,
2022-01-05,2984.050048828125,2986.199951171875,2936.72998046875,2953.969970703125,786900,2995.18,2979.19,3118.61,44.0,34.9,
2022-01-06,2925.39990234375,2952.5400390625,2915.3798828125,2920.530029296875,785500,2991.62,2976.62,3117.88,39.1,35.17,
2022-01-07,2933.780029296875,2959.030029296875,2933.10009765625,2954.889892578125,545800,2989.27,2975.21,3117.45,45.8,35.4,
2022-01-10,2947.3701171875,2951.1201171875,2910.89990234375,2926.719970703125,477000,2984.13,2973.55,3116.91,41.8,36.02,
2022-01-11,2930.929931640625,2943.570068359375,2909.820068359375,2927.3798828125,565800,2979.99,2972.68,3116.52,41.9,35.86,
2022-01-12,2950.780029296875,2972.580078125,2950.31005859375,2972.47998046875,519000,2978.53,2972.56,3116.4,50.0,36.52,
2022-01-13,2979.909912109375,2982.139892578125,2958.389892578125,2962.090087890625,604600,2977.23,2971.53,3116.17,48.3,35.61,
2022-01-14,2937.610107421875,2944.969970703125,2914.72998046875,2921.919921875,532300,2973.86,2970.45,3115.58,42.4,36.45,
2022-01-17,2918.550048828125,2919.669921875,2875.97998046875,2890.10009765625,592900,2968.04,2968.59,3114.85,38.4,37.13,
2022-01-18,2898.97998046875,2902.7900390625,2857.260009765625,2864.239990234375,553700,2960.37,2966.49,3113.82,35.5,37.73,
2022-01-19,2840.340087890625,2871.7900390625,2832.179931640625,2842.280029296875,463400,2954.33,2964.13,3112.72,33.1,37.86,
2022-01-20,2842.280029296875,2862.699951171875,2830.969970703125,2862.679931640625,395400,2948.72,2962.13,3111.6,37.2,37.42,
2022-01-21,2837.489990234375,2847.949951171875,2817.110107421875,2834.2900390625,532500,2941.21,2960.22,3110.21,34.1,38.01,
2022-01-24,2823.760009765625,2828.110107421875,2780.679931640625,2792.0,473600,2930.9,2957.56,3108.56,30.0,39.12,
2022-01-25,2786.409912109375,2789.6201171875,2703.989990234375,2720.389892578125,639400,2916.3,2952.59,3106.53,24.7,42.61,
2022-01-26,2729.75,2744.139892578125,2708.10009765625,2709.239990234375,471800,2901.78,2946.78,3104.39,24.0,42.14,
2022-01-27,2709.239990234375,2722.860107421875,2614.489990234375,2614.489990234375,487100,2881.49,2939.13,3101.75,18.9,46.87,
2022-01-28,2617.8701171875,2668.590087890625,2591.530029296875,2663.340087890625,433700,2865.0,2933.15,3099.4,27.4,49.03,
2022-02-03,2706.340087890625,2735.340087890625,2702.780029296875,2707.820068359375,435300,2851.5,2928.36,3097.26,34.1,50.67,
2022-02-04,2714.830078125,2751.800048828125,2712.8701171875,2750.260009765625,535900,2839.56,2923.94,3095.17,39.9,50.19,
2022-02-07,2750.699951171875,2750.699951171875,2718.93994140625,2745.06005859375,417600,2829.11,2918.58,3092.98,39.4,48.88,
2022-02-08,2767.760009765625,2779.85009765625,2726.719970703125,2746.469970703125,559600,2820.41,2913.56,3090.74,39.6,49.18,
2022-02-09,2772.6298828125,2773.3798828125,2753.510009765625,2768.85009765625,538700,2811.11,2909.05,3088.59,42.9,47.59,
2022-02-10,2787.43994140625,2788.27001953125,2761.760009765625,2771.929931640625,509300,2803.37,2904.89,3086.46,43.3,46.08,
2022-02-11,2739.139892578125,2766.699951171875,2735.080078125,2747.7099609375,480300,2794.38,2901.11,3084.1,40.6,45.42,
2022-02-14,2715.10009765625,2724.719970703125,2688.239990234375,2704.47998046875,616000,2780.98,2897.01,3081.76,36.2,46.43,
2022-02-15,2712.449951171875,2716.449951171875,2665.469970703125,2676.5400390625,588700,2766.7,2893.77,3079.25,33.7,46.75,
2022-02-16,2719.610107421875,2730.429931640625,2711.340087890625,2729.679931640625,422100,2757.09,2890.36,3077.0,42.0,47.26,
2022-02-17,2735.110107421875,2770.659912109375,2711.989990234375,2744.090087890625,611000,2749.79,2886.34,3074.63,44.0,48.08,
2022-02-18,2714.52001953125,2747.080078125,2711.8798828125,2744.52001953125,512900,2743.81,2881.86,3072.28,44.1,47.16,
2022-02-21,2706.64990234375,2746.6201171875,2694.89990234375,2743.800048828125,495000,2738.88,2877.28,3070.09,44.0,47.48,
2022-02-22,2705.080078125,2721.840087890625,2690.090087890625,2706.7900390625,648100,2731.09,2871.58,3067.75,39.6,47.93,
2022-02-23,2727.429931640625,2729.56005859375,2705.31005859375,2719.530029296875,537700,2725.35,2865.93,3065.61,41.7,46.24,
2022-02-24,2689.280029296875,2694.550048828125,2642.6298828125,2648.800048828125,925900,2718.19,2858.32,3063.22,34.3,48.43,
2022-02-25,2678.469970703125,2694.81005859375,2665.9599609375,2676.760009765625,664100,2716.01,2851.65,3060.86,38.9,48.25,
2022-02-28,2663.0,2699.179931640625,2658.25,2699.179931640625,613300,2715.51,2845.6,3058.56,42.4,47.73,
2022-03-02,2698.31005859375,2716.4599609375,2692.239990234375,2703.52001953125,527800,2719.96,2839.91,3056.09,43.1,46.05,
2022-03-03,2729.860107421875,2748.2099609375,2726.35009765625,2747.080078125,614300,2724.14,2835.06,3053.58,49.5,45.95,
2022-03-04,2736.580078125,2736.580078125,2702.340087890625,2713.429931640625,765300,2724.42,2829.2,3051.1,45.3,45.87,
2022-03-07,2680.169921875,2680.169921875,2644.10009765625,2651.31005859375,571300,2719.48,2821.87,3048.55,38.7,47.54,
2022-03-08,2617.330078125,2647.179931640625,2605.81005859375,2622.39990234375,540100,2713.34,2815.06,3046.05,36.0,47.4,
2022-03-10,2660.860107421875,2682.7900390625,2660.860107421875,2680.320068359375,613500,2710.04,2809.17,3043.68,44.2,48.33,
2022-03-11,2665.949951171875,2672.6201171875,2647.280029296875,2661.280029296875,796500,2704.66,2802.7,3041.32,42.3,47.23,
2022-03-14,2654.929931640625,2661.760009765625,2633.31005859375,2645.64990234375,635900,2698.34,2795.65,3038.68,40.8,45.89,
2022-03-15,2630.31005859375,2641.969970703125,2615.080078125,2621.530029296875,603700,2692.03,2787.84,3035.98,38.4,44.8,
2022-03-16,2649.85009765625,2659.89990234375,2630.030029296875,2659.22998046875,736000,2689.77,2781.03,3033.49,43.9,44.34,
2022-03-17,2703.27001953125,2714.0,2694.510009765625,2694.510009765625,545500,2690.67,2774.51,3031.24,48.5,45.08,
2022-03-18,2695.639892578125,2708.159912109375,2688.7099609375,2707.02001953125,643500,2689.54,2768.79,3028.92,50.0,43.25,
2022-03-21,2717.81005859375,2717.81005859375,2683.68994140625,2686.050048828125,502000,2686.64,2762.96,3026.51,47.4,42.6,
2022-03-22,2686.679931640625,2712.139892578125,2686.580078125,2710.0,489100,2684.91,2757.37,3024.23,50.6,41.42,
2022-03-23,2727.1201171875,2742.27001953125,2720.830078125,2735.050048828125,883000,2684.47,2752.99,3021.96,53.7,40.77,
2022-03-24,2716.25,2729.659912109375,2705.139892578125,2729.659912109375,959600,2685.62,2749.18,3019.59,52.9,39.99,
2022-03-25,2740.830078125,2740.949951171875,2722.360107421875,2729.97998046875,599800,2686.14,2744.68,3017.13,53.0,38.46,
2022-03-28,2721.219970703125,2737.4599609375,2707.739990234375,2729.56005859375,768000,2690.18,2740.74,3014.66,52.9,37.84,
2022-03-29,2745.6201171875,2754.179931640625,2733.219970703125,2741.070068359375,726700,2693.39,2737.01,3012.13,54.7,36.89,
2022-03-30,2758.31005859375,2760.60009765625,2740.02001953125,2746.739990234375,837800,2695.77,2732.49,3009.66,55.5,35.73,
2022-03-31,2743.239990234375,2765.199951171875,2743.199951171875,2757.64990234375,1029500,2698.48,2728.41,3007.19,57.3,34.75,
2022-04-01,2745.85009765625,2745.85009765625,2729.679931640625,2739.85009765625,1305000,2698.11,2724.76,3004.65,53.6,34.26,
2022-04-04,2729.860107421875,2758.3798828125,2722.449951171875,2757.89990234375,1022500,2700.34,2722.12,3002.36,56.6,34.38,
2022-04-05,2765.5,2769.179931640625,2750.5,2759.199951171875,1605600,2705.73,2720.02,3000.03,56.8,33.26,
2022-04-06,2739.070068359375,2747.85009765625,2730.659912109375,2735.030029296875,1321300,2711.36,2717.87,2997.46,51.7,32.92,
2022-04-07,2714.699951171875,2718.5,2693.360107421875,2695.860107421875,998200,2712.14,2714.54,2994.68,44.6,33.55,
2022-04-08,2706.639892578125,2712.0,2685.52001953125,2700.389892578125,948000,2714.1,2711.86,2991.88,45.5,33.04,
2022-04-11,2687.5400390625,2711.02001953125,2683.9599609375,2693.10009765625,742100,2716.47,2709.88,2988.96,44.3,32.62,
2022-04-12,2674.169921875,2685.080078125,2658.39990234375,2666.760009765625,870000,2718.73,2708.81,2985.97,39.9,32.77,
2022-04-13,2677.530029296875,2717.6298828125,2672.60009765625,2716.489990234375,732000,2721.59,2708.95,2983.21,49.9,34.06,
2022-04-14,2719.340087890625,2720.300048828125,2702.610107421875,2716.7099609375,664800,2722.7,2711.0,2980.59,50.0,32.89,
2022-04-15,2695.52001953125,2705.409912109375,2685.010009765625,2696.06005859375,693700,2722.16,2711.65,2977.75,46.3,32.8,
2022-04-18,2685.0400390625,2701.110107421875,2681.3701171875,2693.2099609375,1024600,2722.51,2711.36,2974.83,45.7,31.87,
2022-04-19,2707.760009765625,2723.97998046875,2705.320068359375,2718.889892578125,1256100,2722.96,2710.73,2972.0,51.0,31.79,
2022-04-20,2718.489990234375,2724.4599609375,2702.840087890625,2718.68994140625,1735700,2722.14,2710.21,2969.08,50.9,31.07,
2022-04-21,2725.7099609375,2737.5400390625,2725.0400390625,2728.2099609375,1002600,2722.07,2709.84,2966.21,52.9,30.19,
2022-04-22,2704.719970703125,2708.580078125,2690.47998046875,2704.7099609375,1239400,2720.8,2708.56,2963.3,47.8,30.73,
2022-04-25,2676.669921875,2680.35009765625,2657.0400390625,2657.1298828125,1017600,2717.18,2706.26,2960.1,39.6,31.94,
2022-04-26,2674.0,2678.050048828125,2663.830078125,2668.31005859375,889600,2713.54,2704.67,2957.03,42.1,31.15,
2022-04-27,2630.580078125,2641.820068359375,2615.5,2639.06005859375,1071800,2708.16,2703.37,2953.82,37.7,32.7,
2022-04-28,2656.5400390625,2667.489990234375,2638.3701171875,2667.489990234375,898900,2703.65,2703.18,2950.69,43.9,32.45,
2022-04-29,2669.179931640625,2696.10009765625,2664.06005859375,2695.050048828125,975000,2701.41,2702.49,2947.64,49.1,32.42,
2022-05-02,2669.2099609375,2689.909912109375,2667.85009765625,2687.449951171875,873400,2697.89,2701.36,2944.65,47.8,32.04,
2022-05-03,2690.159912109375,2702.10009765625,2680.4599609375,2680.4599609375,883100,2693.95,2700.08,2941.79,46.6,31.3,
2022-05-04,2690.449951171875,2696.030029296875,2667.22998046875,2677.570068359375,1180500,2691.08,2698.75,2939.09,46.0,31.12,
2022-05-06,2650.889892578125,2652.510009765625,2635.969970703125,2644.510009765625,1333600,2688.51,2697.51,2936.08,40.3,31.87,
2022-05-10,2590.1298828125,2602.75,2553.010009765625,2596.56005859375,840900,2683.32,2695.05,2932.7,33.7,36.13,
2022-05-11,2586.52001953125,2599.110107421875,2579.090087890625,2592.27001953125,679300,2678.28,2693.92,2929.34,33.2,34.98,
2022-05-12,2569.5,2591.570068359375,2546.800048828125,2550.080078125,899900,2672.45,2691.38,2925.66,28.6,35.73,
2022-05-13,2570.010009765625,2605.840087890625,2565.9599609375,2604.239990234375,788300,2666.83,2689.49,2922.3,40.2,37.16,
2022-05-16,2624.68994140625,2629.199951171875,2593.610107421875,2596.580078125,780000,2660.83,2687.35,2919.06,39.2,37.05,
2022-05-17,2603.580078125,2621.840087890625,2603.580078125,2620.43994140625,873000,2657.05,2684.81,2916.0,43.8,36.21,
2022-05-18,2634.75,2644.1298828125,2618.0,2625.97998046875,869300,2653.68,2683.07,2913.05,44.8,35.49,
2022-05-19,2576.239990234375,2597.7900390625,2568.5400390625,2592.340087890625,676900,2647.36,2681.89,2909.76,40.0,37.05,
2022-05-20,2605.780029296875,2641.679931640625,2605.3798828125,2639.2900390625,752400,2643.39,2682.22,2906.68,48.3,37.93,
2022-05-23,2651.6298828125,2653.8701171875,2634.2900390625,2647.3798828125,641900,2639.35,2681.56,2903.8,49.6,36.62,
2022-05-24,2638.93994140625,2646.989990234375,2605.8701171875,2605.8701171875,850700,2634.4,2680.46,2900.66,43.6,36.97,
2022-05-25,2621.75,2630.169921875,2602.93994140625,2617.219970703125,710200,2632.41,2679.89,2897.56,45.5,36.27,
2022-05-26,2616.989990234375,2641.909912109375,2602.010009765625,2612.449951171875,595300,2629.61,2679.71,2894.41,44.8,36.53,
2022-05-27,2640.75,2644.7099609375,2631.489990234375,2638.050048828125,590500,2629.56,2679.28,2891.59,49.3,36.23,
2022-05-30,2662.31005859375,2672.739990234375,2654.179931640625,2669.659912109375,469300,2629.67,2678.79,2888.82,54.3,36.12,
2022-05-31,2666.8798828125,2685.89990234375,2654.320068359375,2685.89990234375,670700,2629.22,2678.36,2886.07,56.7,35.79,
2022-06-02,2670.739990234375,2674.0,2653.590087890625,2658.989990234375,524900,2627.79,2677.82,2882.96,51.9,35.54,
2022-06-03,2679.570068359375,2681.510009765625,2663.0,2670.64990234375,562200,2627.3,2677.03,2879.93,53.7,34.61,
2022-06-07,2659.27001953125,2662.0400390625,2622.780029296875,2626.340087890625,524300,2624.74,2674.86,2876.71,46.5,35.56,
2022-06-08,2633.530029296875,2639.52001953125,2621.9599609375,2626.14990234375,576000,2623.82,2672.79,2873.54,46.5,34.28,
2022-06-09,2618.919921875,2627.8798828125,2606.610107421875,2625.43994140625,814500,2625.27,2670.7,2870.45,46.4,33.35,
2022-06-10,2596.3701171875,2602.800048828125,2583.739990234375,2595.8701171875,723800,2625.45,2668.03,2867.33,41.7,33.94,
2022-06-13,2550.2099609375,2550.320068359375,2504.510009765625,2504.510009765625,659800,2623.17,2663.29,2863.81,31.3,38.04,
2022-06-14,2472.9599609375,2503.169921875,2457.389892578125,2492.969970703125,671200,2617.6,2658.22,2860.42,30.3,38.69,
2022-06-15,2490.010009765625,2495.5400390625,2436.0400390625,2447.3798828125,713800,2610.14,2652.01,2856.94,26.5,40.18,
2022-06-16,2481.659912109375,2500.360107421875,2447.330078125,2451.409912109375,583800,2601.69,2646.25,2853.4,27.4,41.1,
2022-06-17,2409.719970703125,2441.340087890625,2396.469970703125,2440.929931640625,634200,2592.44,2639.91,2850.12,26.5,42.09,
2022-06-20,2449.889892578125,2449.889892578125,2372.35009765625,2391.030029296875,592100,2582.37,2632.54,2846.77,22.9,44.62,
2022-06-21,2402.989990234375,2423.47998046875,2385.60009765625,2408.929931640625,479400,2570.86,2626.02,2843.36,26.8,44.14,
2022-06-22,2417.110107421875,2418.050048828125,2342.81005859375,2342.81005859375,531800,2555.63,2618.96,2839.39,22.3,46.36,
2022-06-23,2347.840087890625,2361.22998046875,2306.47998046875,2314.320068359375,749200,2541.05,2611.24,2835.22,20.7,46.96,
2022-06-24,2327.110107421875,2373.47998046875,2319.989990234375,2366.60009765625,654100,2528.52,2604.71,2831.42,30.6,47.83,
2022-06-27,2383.199951171875,2418.93994140625,2365.860107421875,2401.919921875,509700,2517.99,2599.41,2827.76,36.4,48.2,
2022-06-28,2405.199951171875,2422.10009765625,2393.9599609375,2422.090087890625,564700,2507.19,2593.52,2824.14,39.5,46.77,
2022-06-29,2387.10009765625,2393.25,2375.449951171875,2377.989990234375,422100,2492.61,2586.75,2820.04,35.4,46.76,
2022-06-30,2368.570068359375,2368.570068359375,2332.590087890625,2332.639892578125,515000,2474.95,2579.48,2815.67,31.8,46.66,
2022-07-01,2342.919921875,2354.969970703125,2291.489990234375,2305.419921875,530100,2457.27,2571.72,2811.31,29.8,47.87,
2022-07-04,2310.72998046875,2318.31005859375,2276.6298828125,2300.340087890625,467700,2438.75,2563.35,2806.81,29.4,47.42,
2022-07-05,2322.110107421875,2344.080078125,2309.6201171875,2341.780029296875,323600,2424.53,2555.82,2802.5,36.3,47.16,
2022-07-06,2330.110107421875,2332.139892578125,2290.330078125,2292.010009765625,410600,2407.82,2547.09,2798.03,32.3,47.47,
2022-07-07,2308.969970703125,2344.139892578125,2307.89990234375,2334.27001953125,340000,2393.26,2539.68,2793.88,38.6,47.8,
2022-07-08,2352.489990234375,2367.840087890625,2348.739990234375,2350.610107421875,411200,2381.0,2533.55,2790.06,40.9,46.78,
2022-07-11,2357.429931640625,2363.260009765625,2337.820068359375,2340.27001953125,376900,2372.79,2526.99,2786.13,39.8,45.26,
2022-07-12,2330.8798828125,2333.02001953125,2303.739990234375,2317.760009765625,379000,2364.03,2520.57,2782.08,37.7,44.64,
2022-07-13,2324.449951171875,2341.18994140625,2312.489990234375,2328.610107421875,308400,2358.09,2513.79,2777.98,39.4,43.5,
2022-07-14,2316.409912109375,2338.2900390625,2307.68994140625,2322.320068359375,348900,2351.63,2506.33,2773.83,38.7,42.58,
2022-07-15,2335.1201171875,2337.300048828125,2293.449951171875,2330.97998046875,319300,2346.14,2499.2,2769.83,40.2,42.67,
2022-07-18,2350.47998046875,2376.5,2344.1201171875,2375.25,324100,2345.35,2493.1,2766.01,47.4,42.87,
2022-07-19,2367.52001953125,2372.739990234375,2359.590087890625,2370.969970703125,339200,2343.45,2486.97,2762.22,46.8,40.93,
2022-07-20,2406.2900390625,2410.06005859375,2382.64990234375,2386.85009765625,333000,2345.65,2481.81,2758.53,49.3,40.8,
2022-07-21,2387.909912109375,2411.9599609375,2387.909912109375,2409.159912109375,295500,2350.39,2478.07,2754.91,52.6,39.68,
2022-07-22,2405.3701171875,2417.909912109375,2391.47998046875,2393.139892578125,381400,2351.72,2474.08,2751.38,50.1,38.73,
2022-07-25,2385.64990234375,2412.469970703125,2385.64990234375,2403.68994140625,322900,2351.81,2471.16,2748.1,51.7,37.88,
2022-07-26,2397.27001953125,2415.389892578125,2395.169921875,2412.9599609375,415100,2351.35,2467.33,2744.82,53.2,36.62,
2022-07-27,2412.52001953125,2415.530029296875,2396.18994140625,2415.530029296875,333400,2353.23,2463.71,2741.8,53.6,35.38,
2022-07-28,2437.570068359375,2443.429931640625,2429.070068359375,2435.27001953125,490900,2358.36,2460.01,2739.17,56.8,34.85,
2022-07-29,2453.530029296875,2463.050048828125,2442.010009765625,2451.5,499000,2365.66,2456.52,2736.89,59.3,34.34,
2022-08-01,2444.050048828125,2461.39990234375,2437.1298828125,2452.25,487000,2373.26,2453.71,2734.35,59.5,33.62,
2022-08-02,2451.0,2451.070068359375,2428.760009765625,2439.6201171875,549800,2378.15,2449.72,2731.77,56.5,32.9,
2022-08-03,2438.56005859375,2461.449951171875,2433.1201171875,2461.449951171875,475200,2386.62,2446.0,2729.49,60.2,32.57,
2022-08-04,2478.43994140625,2478.949951171875,2465.320068359375,2473.110107421875,398500,2393.57,2443.35,2727.13,62.0,31.5,
2022-08-05,2481.429931640625,2497.580078125,2480.050048828125,2490.800048828125,409400,2400.57,2440.82,2724.65,64.7,31.0,
2022-08-08,2481.169921875,2494.0,2477.760009765625,2493.10009765625,418100,2408.22,2438.43,2722.04,65.1,29.94,
2022-08-09,2493.570068359375,2506.489990234375,2481.360107421875,2503.4599609375,454200,2417.5,2435.74,2719.52,66.6,29.6,
2022-08-10,2493.699951171875,2494.14990234375,2478.2099609375,2480.8798828125,479300,2425.11,2431.96,2716.78,60.2,29.29,
2022-08-11,2507.739990234375,2523.780029296875,2506.409912109375,2523.780029296875,505100,2435.19,2428.72,2714.33,66.8,30.26,
2022-08-12,2519.659912109375,2533.199951171875,2514.31005859375,2527.93994140625,445100,2445.04,2426.1,2711.94,67.3,29.45,
2022-08-16,2543.050048828125,2546.35009765625,2532.199951171875,2533.52001953125,398100,2452.95,2423.36,2709.57,68.1,28.66,
2022-08-17,2536.570068359375,2543.14990234375,2512.010009765625,2516.469970703125,417800,2460.22,2421.16,2707.05,63.2,28.84,
2022-08-18,2499.300048828125,2515.3701171875,2488.090087890625,2508.050048828125,381400,2466.28,2418.8,2704.35,60.8,28.8,
2022-08-19,2510.719970703125,2510.719970703125,2492.68994140625,2492.68994140625,459700,2470.46,2416.14,2701.68,56.7,28.03,
2022-08-22,2467.3798828125,2475.77001953125,2457.080078125,2462.5,422400,2473.93,2413.48,2698.95,49.5,28.58,
2022-08-23,2449.31005859375,2454.550048828125,2431.830078125,2435.340087890625,471000,2475.51,2412.09,2696.27,44.2,28.72,
2022-08-24,2446.179931640625,2454.010009765625,2430.68994140625,2447.449951171875,423300,2477.24,2411.18,2693.61,46.9,28.34,
2022-08-25,2459.7900390625,2477.260009765625,2455.320068359375,2477.260009765625,426000,2480.32,2411.78,2690.93,53.1,28.44,
2022-08-26,2489.139892578125,2497.760009765625,2476.75,2481.030029296875,519900,2482.61,2412.37,2688.46,53.8,27.91,
2022-08-29,2432.06005859375,2432.889892578125,2417.010009765625,2426.889892578125,447200,2481.38,2412.09,2685.68,43.4,30.49,
2022-08-30,2441.2099609375,2453.909912109375,2433.47998046875,2450.929931640625,336200,2481.31,2413.29,2683.09,48.2,30.24,
2022-08-31,2433.469970703125,2473.75,2426.139892578125,2472.050048828125,435900,2482.93,2414.55,2680.64,52.0,31.48,
2022-09-01,2443.0,2443.610107421875,2415.610107421875,2415.610107421875,579300,2480.64,2416.01,2677.91,42.9,33.27,
2022-09-02,2427.699951171875,2432.3701171875,2402.669921875,2409.409912109375,391400,2477.46,2417.91,2675.31,42.0,33.01,
2022-09-05,2410.070068359375,2424.77001953125,2392.6298828125,2403.679931640625,354700,2473.1,2418.65,2672.7,41.2,32.95,
2022-09-06,2409.719970703125,2422.530029296875,2399.260009765625,2410.02001953125,294100,2468.95,2418.81,2669.91,42.5,32.26,
2022-09-07,2395.659912109375,2398.39990234375,2365.35009765625,2376.4599609375,377900,2462.6,2417.9,2666.79,37.6,33.15,
2022-09-08,2393.27001953125,2394.06005859375,2379.06005859375,2384.280029296875,423600,2457.77,2418.03,2663.73,39.3,32.03,
2022-09-13,2418.590087890625,2453.949951171875,2418.590087890625,2449.5400390625,366900,2454.06,2420.37,2661.16,51.7,34.72,
2022-09-14,2390.469970703125,2418.419921875,2381.5,2411.419921875,461300,2448.23,2422.49,2658.48,45.8,37.1,
2022-09-15,2416.010009765625,2421.6298828125,2401.830078125,2401.830078125,423900,2441.65,2424.52,2655.64,44.5,35.87,
2022-09-16,2387.56005859375,2395.10009765625,2371.110107421875,2382.780029296875,440300,2434.96,2425.34,2652.48,41.8,35.5,
2022-09-19,2388.72998046875,2389.85009765625,2352.760009765625,2355.659912109375,403700,2427.34,2426.61,2649.28,38.3,35.61,
2022-09-20,2373.639892578125,2382.52001953125,2359.840087890625,2367.85009765625,419200,2421.1,2427.28,2646.14,40.7,34.99,
2022-09-21,2351.5400390625,2360.27001953125,2341.7900390625,2347.2099609375,378000,2415.33,2427.21,2642.98,38.0,34.35,
2022-09-22,2319.699951171875,2335.110107421875,2309.10009765625,2332.31005859375,446600,2410.18,2427.05,2639.96,36.1,34.62,
2022-09-23,2331.330078125,2334.06005859375,2285.7099609375,2290.0,446300,2402.31,2426.5,2636.86,31.4,35.6,
2022-09-26,2260.800048828125,2260.800048828125,2215.360107421875,2220.93994140625,621400,2389.49,2424.34,2633.77,25.5,38.39,
2022-09-27,2224.389892578125,2227.35009765625,2197.89990234375,2223.860107421875,487600,2376.64,2422.37,2630.39,26.1,37.75,
2022-09-28,2206.14990234375,2223.56005859375,2151.60009765625,2169.2900390625,595700,2363.76,2419.14,2626.51,22.3,40.21,
2022-09-29,2197.75,2210.610107421875,2170.139892578125,2170.929931640625,508200,2349.76,2415.05,2622.52,22.7,40.29,
2022-09-30,2161.110107421875,2177.199951171875,2134.77001953125,2155.489990234375,950000,2333.93,2410.74,2618.44,21.7,40.45,
2022-10-04,2189.510009765625,2212.3798828125,2180.840087890625,2209.3798828125,420700,2323.62,2407.2,2614.52,33.1,41.62,
2022-10-05,2248.85009765625,2253.929931640625,2204.030029296875,2215.219970703125,855400,2313.91,2403.32,2610.59,34.2,42.21,
2022-10-06,2230.429931640625,2250.8701171875,2223.360107421875,2237.860107421875,642700,2305.62,2400.21,2606.63,38.5,41.74,
2022-10-07,2217.840087890625,2245.8798828125,2215.080078125,2232.840087890625,428500,2296.76,2396.79,2602.75,37.9,40.96,
2022-10-11,2193.02001953125,2193.050048828125,2174.06005859375,2192.070068359375,859100,2287.54,2392.38,2598.7,33.4,42.23,
2022-10-12,2191.35009765625,2205.02001953125,2181.64990234375,2202.469970703125,658000,2278.45,2388.12,2594.77,35.5,40.89,
2022-10-13,2198.2900390625,2198.340087890625,2162.8701171875,2162.8701171875,792200,2264.11,2382.67,2590.64,31.4,40.8,
2022-10-14,2200.659912109375,2220.5400390625,2193.6298828125,2212.550048828125,512900,2254.17,2377.89,2586.67,40.6,42.0,
2022-10-17,2187.169921875,2221.050048828125,2177.659912109375,2219.7099609375,498500,2245.06,2373.24,2582.68,41.8,42.1,
2022-10-18,2249.14990234375,2251.739990234375,2220.7099609375,2249.949951171875,580700,2238.42,2369.44,2579.11,46.7,41.38,
2022-10-19,2249.35009765625,2266.800048828125,2234.590087890625,2237.43994140625,895000,2232.51,2364.96,2575.42,45.0,40.73,
2022-10-20,2225.530029296875,2231.52001953125,2200.43994140625,2218.090087890625,1108000,2225.02,2359.86,2571.59,42.5,40.46,
2022-10-21,2210.590087890625,2224.0400390625,2204.639892578125,2213.1201171875,637400,2218.32,2354.31,2567.67,41.8,38.96,
2022-10-24,2248.260009765625,2256.669921875,2229.85009765625,2236.159912109375,444700,2213.51,2349.17,2563.79,46.0,39.28,
2022-10-25,2237.0400390625,2253.239990234375,2230.75,2235.070068359375,456700,2210.77,2343.8,2559.96,45.8,38.08,
2022-10-26,2240.699951171875,2258.110107421875,2234.489990234375,2249.56005859375,563300,2212.2,2339.18,2556.11,48.5,37.05,
2022-10-27,2266.070068359375,2290.56005859375,2262.02001953125,2288.780029296875,587700,2215.44,2334.48,2552.59,55.0,37.33,
2022-10-28,2276.72998046875,2292.64990234375,2266.43994140625,2268.39990234375,427100,2220.4,2329.29,2549.04,51.4,36.54,
2022-10-31,2293.75,2295.510009765625,2273.72998046875,2293.610107421875,401300,2226.53,2324.49,2545.56,55.3,35.86,
2022-11-01,2301.580078125,2335.570068359375,2297.570068359375,2335.219970703125,597100,2235.52,2320.86,2542.47,61.0,36.3,
2022-11-02,2326.050048828125,2346.320068359375,2323.3701171875,2336.8701171875,450200,2241.89,2317.44,2539.55,61.2,35.35,
2022-11-03,2297.449951171875,2342.860107421875,2296.43994140625,2329.169921875,550300,2247.59,2314.17,2536.42,59.6,36.14,
2022-11-04,2325.85009765625,2348.429931640625,2316.2900390625,2348.429931640625,436200,2253.12,2311.89,2533.53,62.2,35.85,
2022-11-07,2360.219970703125,2373.280029296875,2354.219970703125,2371.7900390625,392300,2260.07,2310.62,2530.75,65.2,35.07,
2022-11-08,2387.199951171875,2400.389892578125,2375.669921875,2399.0400390625,499800,2270.42,2309.65,2527.89,68.4,34.6,
2022-11-09,2408.5400390625,2429.64990234375,2403.639892578125,2424.409912109375,680500,2281.51,2308.59,2525.2,71.0,34.32,
2022-11-10,2405.77001953125,2426.10009765625,2401.989990234375,2402.22998046875,899000,2293.48,2307.02,2522.6,65.8,33.59,
2022-11-11,2466.89990234375,2486.4599609375,2463.510009765625,2483.159912109375,758000,2307.01,2308.14,2520.56,73.4,37.21,
2022-11-14,2485.179931640625,2499.429931640625,2470.60009765625,2474.64990234375,730900,2319.76,2308.61,2518.62,71.6,36.61,
2022-11-15,2482.760009765625,2485.199951171875,2463.64990234375,2480.330078125,617100,2331.28,2308.78,2516.81,72.1,35.53,
2022-11-16,2487.0,2487.0,2446.7900390625,2477.449951171875,657600,2343.28,2310.02,2514.88,71.4,35.87,
2022-11-17,2466.5,2467.389892578125,2442.89990234375,2442.89990234375,914400,2354.52,2310.69,2512.92,63.7,35.77,
2022-11-18,2448.1298828125,2471.8701171875,2442.8701171875,2444.47998046875,589500,2366.09,2311.5,2511.19,63.9,35.29,
2022-11-21,2446.050048828125,2448.139892578125,2409.360107421875,2419.5,544500,2375.25,2311.69,2509.68,58.6,35.54,
2022-11-22,2405.9599609375,2426.39990234375,2401.5,2405.27001953125,539200,2383.76,2312.27,2508.16,55.8,34.78,
2022-11-23,2424.360107421875,2427.280029296875,2407.580078125,2418.010009765625,474800,2392.18,2312.94,2507.18,57.8,33.87,
2022-11-24,2437.510009765625,2441.330078125,2428.1201171875,2441.330078125,481200,2399.81,2312.78,2506.07,61.2,33.11,
2022-11-25,2442.2099609375,2449.659912109375,2433.570068359375,2437.860107421875,438400,2408.29,2313.31,2504.72,60.4,31.9,
2022-11-28,2425.050048828125,2425.64990234375,2401.949951171875,2408.27001953125,350100,2414.02,2313.44,2503.01,54.1,32.18,
2022-11-29,2405.5400390625,2433.8701171875,2401.10009765625,2433.389892578125,550000,2418.93,2314.45,2501.45,58.1,32.23,
2022-11-30,2424.43994140625,2472.530029296875,2421.419921875,2472.530029296875,593900,2425.71,2316.79,2500.08,63.4,33.57,
2022-12-01,2501.429931640625,2501.429931640625,2474.330078125,2479.840087890625,491200,2433.24,2319.03,2498.64,64.4,33.24,
2022-12-02,2471.5,2471.5,2434.330078125,2434.330078125,468500,2437.54,2320.77,2496.95,55.1,34.12,
2022-12-05,2442.169921875,2442.219970703125,2413.050048828125,2419.320068359375,385200,2439.92,2322.51,2495.31,52.4,33.76,
2022-12-06,2397.699951171875,2416.8798828125,2390.199951171875,2393.159912109375,367800,2439.62,2324.57,2493.75,48.0,33.43,
2022-12-07,2385.8701171875,2394.8798828125,2377.97998046875,2382.81005859375,332100,2437.54,2327.81,2492.28,46.4,32.25,
2022-12-08,2386.89990234375,2387.949951171875,2357.199951171875,2371.080078125,351600,2435.98,2330.75,2490.49,44.5,32.14,
2022-12-09,2382.72998046875,2390.080078125,2367.25,2389.0400390625,315300,2431.28,2335.15,2488.71,48.0,31.48,
2022-12-12,2373.580078125,2381.8701171875,2368.469970703125,2373.02001953125,498900,2426.2,2339.19,2486.86,45.3,30.7,
2022-12-13,2385.050048828125,2388.27001953125,2364.8701171875,2372.39990234375,447100,2420.8,2343.53,2485.0,45.2,30.18,
2022-12-14,2380.81005859375,2400.179931640625,2379.43994140625,2399.25,409400,2416.89,2347.33,2483.46,50.6,30.01,
2022-12-15,2383.830078125,2392.110107421875,2360.949951171875,2360.969970703125,374300,2412.79,2350.24,2481.67,43.9,30.6,
2022-12-16,2329.75,2360.43994140625,2326.830078125,2360.02001953125,414200,2408.57,2352.68,2480.22,43.8,30.85,
2022-12-19,2350.780029296875,2358.760009765625,2342.280029296875,2352.169921875,323600,2405.2,2355.07,2478.6,42.4,29.92,
2022-12-20,2344.72998046875,2353.860107421875,2324.659912109375,2333.2900390625,358100,2401.6,2357.9,2476.77,39.3,29.86,
2022-12-21,2346.389892578125,2347.0,2325.780029296875,2328.949951171875,329400,2397.15,2360.43,2474.9,38.7,29.25,
2022-12-22,2340.0,2356.72998046875,2335.75,2356.72998046875,552800,2392.92,2364.3,2472.95,45.3,29.14,
2022-12-23,2325.860107421875,2333.080078125,2311.89990234375,2313.68994140625,367000,2386.71,2366.32,2470.95,38.4,30.26,
2022-12-26,2312.5400390625,2321.919921875,2304.199951171875,2317.139892578125,427600,2382.16,2368.27,2469.28,39.2,29.37,
2022-12-27,2327.52001953125,2335.989990234375,2321.47998046875,2332.7900390625,448300,2377.13,2369.93,2467.83,42.8,28.62,
2022-12-28,2296.449951171875,2296.449951171875,2276.89990234375,2280.449951171875,405700,2367.52,2370.79,2465.83,35.2,30.56,
2022-12-29,2265.72998046875,2272.669921875,2236.3798828125,2236.39990234375,361000,2355.35,2371.16,2463.71,30.3,31.53,
2023-01-02,2249.949951171875,2259.8798828125,2222.3701171875,2225.669921875,346100,2344.92,2371.41,2461.61,29.3,31.96,
2023-01-03,2230.97998046875,2230.97998046875,2180.669921875,2218.679931640625,410000,2334.89,2371.06,2459.59,28.6,33.27,
2023-01-04,2205.97998046875,2260.06005859375,2198.820068359375,2255.97998046875,412700,2328.03,2371.48,2457.58,37.2,35.26,
2023-01-05,2268.199951171875,2281.389892578125,2252.969970703125,2264.64990234375,430800,2322.12,2371.78,2455.43,39.1,34.78,
2023-01-06,2253.39990234375,2300.6201171875,2253.27001953125,2289.969970703125,398300,2318.06,2371.8,2453.34,44.3,35.67,
2023-01-09,2315.8701171875,2351.06005859375,2312.56005859375,2350.18994140625,341100,2316.12,2373.44,2451.66,54.2,37.49,
2023-01-10,2348.0400390625,2370.179931640625,2344.179931640625,2351.31005859375,359600,2315.03,2374.59,2449.87,54.4,36.67,
2023-01-11,2364.050048828125,2369.659912109375,2350.360107421875,2359.530029296875,368800,2314.39,2375.08,2447.99,55.6,35.43,
2023-01-12,2376.719970703125,2377.800048828125,2358.330078125,2365.10009765625,580100,2312.68,2375.64,2446.17,56.5,34.29,
2023-01-13,2377.340087890625,2397.010009765625,2375.780029296875,2386.090087890625,861700,2313.94,2376.78,2444.45,59.7,34.12,
2023-01-16,2390.06005859375,2410.219970703125,2387.610107421875,2399.860107421875,517800,2315.93,2377.81,2442.8,61.7,33.4,
2023-01-17,2400.919921875,2404.0,2374.64990234375,2379.389892578125,536000,2317.29,2377.96,2440.99,57.2,33.12,
2023-01-18,2380.360107421875,2383.0,2356.840087890625,2368.320068359375,536200,2319.04,2377.35,2439.1,54.8,32.62,
2023-01-19,2354.56005859375,2380.340087890625,2354.56005859375,2380.340087890625,369900,2321.61,2376.47,2437.21,56.9,32.13,
2023-01-20,2380.0,2395.969970703125,2372.570068359375,2395.260009765625,302300,2323.54,2376.33,2435.49,59.4,31.51,
2023-01-25,2426.580078125,2432.7099609375,2421.510009765625,2428.570068359375,549800,2329.28,2375.23,2433.84,64.3,31.93,
2023-01-26,2436.179931640625,2468.64990234375,2426.39990234375,2468.64990234375,486600,2336.86,2375.11,2432.39,69.2,32.67,
2023-01-27,2474.52001953125,2497.39990234375,2464.530029296875,2484.02001953125,509100,2344.42,2375.19,2431.14,70.8,32.68,
2023-01-30,2484.639892578125,2491.1298828125,2446.590087890625,2450.469970703125,475100,2352.92,2374.65,2429.91,62.9,33.53,
2023-01-31,2449.919921875,2457.47998046875,2423.3701171875,2425.080078125,616900,2362.36,2374.29,2428.53,57.7,33.57,
2023-02-01,2446.030029296875,2453.2900390625,2433.3701171875,2449.800048828125,666100,2373.56,2374.4,2427.32,61.1,33.19,
2023-02-02,2481.93994140625,2486.199951171875,2454.60009765625,2468.8798828125,692800,2386.07,2375.39,2426.33,63.5,33.42,
2023-02-03,2466.5400390625,2485.080078125,2460.2099609375,2480.39990234375,496600,2397.29,2376.89,2425.15,65.0,32.81,
2023-02-06,2461.820068359375,2469.419921875,2438.0400390625,2438.18994140625,566600,2405.97,2377.29,2423.75,56.3,33.49,
2023-02-07,2440.139892578125,2456.169921875,2432.39990234375,2451.7099609375,446600,2414.06,2377.5,2422.53,58.2,32.8,
2023-02-08,2469.419921875,2487.35009765625,2465.9599609375,2483.639892578125,414800,2420.73,2378.42,2421.48,62.4,33.0,
2023-02-09,2470.659912109375,2487.139892578125,2466.610107421875,2481.52001953125,609400,2427.24,2379.88,2420.3,62.0,32.11,
2023-02-10,2470.64990234375,2473.800048828125,2454.739990234375,2469.72998046875,656900,2432.75,2380.61,2419.05,59.4,31.73,
2023-02-13,2461.9599609375,2462.580078125,2440.860107421875,2452.699951171875,485500,2437.13,2380.21,2417.67,55.9,31.52,
2023-02-14,2471.330078125,2480.340087890625,2459.830078125,2465.639892578125,348800,2441.11,2379.93,2416.48,57.9,31.25,
2023-02-15,2473.090087890625,2473.43994140625,2424.159912109375,2427.89990234375,386500,2442.51,2379.8,2415.33,50.5,32.53,
2023-02-16,2444.06005859375,2475.989990234375,2442.070068359375,2475.47998046875,387600,2447.31,2380.92,2414.37,57.8,33.64,
2023-02-17,2447.659912109375,2471.510009765625,2445.739990234375,2451.2099609375,513600,2451.46,2382.08,2413.43,53.5,33.37,
2023-02-20,2453.25,2463.169921875,2430.27001953125,2455.1201171875,390000,2455.2,2383.53,2412.37,54.1,33.33,
2023-02-21,2457.510009765625,2466.070068359375,2446.0,2458.9599609375,494300,2458.38,2385.29,2411.19,54.7,32.39,
2023-02-22,2430.8701171875,2435.97998046875,2416.159912109375,2417.679931640625,426700,2457.84,2385.86,2409.84,47.3,33.13,
2023-02-23,2430.010009765625,2449.6201171875,2422.6201171875,2439.090087890625,400300,2456.36,2387.18,2408.63,51.0,33.04,
2023-02-24,2442.489990234375,2452.969970703125,2421.469970703125,2423.610107421875,369200,2453.34,2388.2,2407.36,48.4,32.93,
2023-02-27,2405.419921875,2405.56005859375,2383.760009765625,2402.639892578125,356700,2450.95,2388.27,2406.15,45.0,33.43,
2023-02-28,2417.580078125,2431.669921875,2407.2900390625,2412.85009765625,529200,2450.34,2389.31,2405.23,46.9,33.11,
2023-03-02,2414.610107421875,2440.590087890625,2411.85009765625,2427.85009765625,427900,2449.24,2390.67,2404.41,49.8,32.8,
2023-03-03,2438.72998046875,2442.10009765625,2423.080078125,2432.070068359375,371500,2447.4,2392.26,2403.82,50.6,31.82,
2023-03-06,2452.4599609375,2464.449951171875,2441.070068359375,2462.6201171875,417900,2446.51,2394.85,2403.11,56.0,31.86,
2023-03-07,2457.0400390625,2475.72998046875,2455.64990234375,2463.35009765625,449800,2447.77,2397.54,2402.45,56.1,31.02,
2023-03-08,2435.580078125,2442.610107421875,2426.52001953125,2431.909912109375,437300,2446.78,2399.04,2401.5,49.6,31.43,
2023-03-09,2440.7900390625,2444.199951171875,2416.25,2419.090087890625,473500,2443.55,2401.15,2400.47,47.2,31.18,
2023-03-10,2389.820068359375,2400.8701171875,2383.18994140625,2394.590087890625,412900,2439.2,2402.7,2399.48,42.9,31.52,
2023-03-13,2400.449951171875,2413.239990234375,2369.7900390625,2410.60009765625,380400,2436.25,2404.26,2398.34,46.4,32.37,
2023-03-14,2390.360107421875,2390.780029296875,2348.18994140625,2348.969970703125,484800,2431.06,2405.63,2396.85,37.1,34.52,
2023-03-15,2380.090087890625,2395.360107421875,2370.77001953125,2379.719970703125,443500,2426.77,2408.49,2395.72,43.2,35.37,
2023-03-16,2357.97998046875,2382.7900390625,2346.110107421875,2377.909912109375,317300,2424.27,2411.54,2394.52,42.9,35.46,
2023-03-17,2403.699951171875,2405.35009765625,2382.800048828125,2395.68994140625,363400,2420.28,2415.08,2393.43,46.4,34.89,
2023-03-20,2391.8701171875,2405.989990234375,2378.699951171875,2379.199951171875,344700,2416.68,2417.54,2392.14,43.8,34.34,
2023-03-21,2396.5400390625,2399.52001953125,2383.169921875,2388.35009765625,354700,2413.34,2420.02,2390.73,45.6,33.34,
2023-03-22,2411.25,2417.469970703125,2402.780029296875,2416.9599609375,500900,2411.24,2422.56,2389.39,51.0,33.04,
2023-03-23,2398.27001953125,2424.47998046875,2397.909912109375,2424.47998046875,567400,2411.58,2424.04,2388.22,52.4,32.58,
2023-03-24,2421.27001953125,2423.760009765625,2399.489990234375,2414.9599609375,470100,2410.37,2425.32,2386.94,50.5,32.04,
2023-03-27,2423.93994140625,2423.93994140625,2395.969970703125,2409.219970703125,472200,2409.65,2426.31,2385.85,49.3,31.75,
2023-03-28,2418.68994140625,2434.93994140625,2415.340087890625,2434.93994140625,523500,2411.27,2427.71,2384.9,54.4,31.32,
2023-03-29,2432.6298828125,2443.949951171875,2428.610107421875,2443.919921875,496600,2412.82,2428.86,2383.99,56.0,30.17,
2023-03-30,2452.969970703125,2462.699951171875,2439.429931640625,2453.159912109375,621300,2414.09,2429.93,2383.28,57.7,29.68,
2023-03-31,2459.93994140625,2481.239990234375,2456.5400390625,2476.860107421875,721300,2416.32,2431.88,2383.14,61.8,29.57,
2023-04-03,2485.81005859375,2485.81005859375,2467.590087890625,2472.340087890625,807400,2416.81,2433.96,2383.03,60.6,28.76,
2023-04-04,2475.8701171875,2489.7099609375,2472.7900390625,2480.510009765625,830500,2417.67,2435.96,2383.2,62.0,27.94,
2023-04-05,2482.610107421875,2497.610107421875,2478.669921875,2495.2099609375,630400,2420.83,2437.96,2383.42,64.5,27.3,
2023-04-06,2488.0,2488.0,2458.5,2459.22998046875,749100,2422.84,2438.57,2383.51,55.0,27.97,
2023-04-07,2478.639892578125,2493.06005859375,2473.889892578125,2490.409912109375,584000,2427.63,2439.01,2384.01,60.4,28.39,
2023-04-10,2491.679931640625,2519.989990234375,2490.169921875,2512.080078125,716200,2432.71,2439.57,2384.52,63.7,28.49,
2023-04-11,2523.330078125,2550.969970703125,2514.419921875,2547.860107421875,766800,2442.65,2441.52,2385.55,68.4,29.24,
2023-04-12,2546.360107421875,2561.3701171875,2536.22998046875,2550.639892578125,899800,2451.2,2444.03,2386.73,68.7,28.94,
2023-04-13,2534.7099609375,2561.659912109375,2531.070068359375,2561.659912109375,840300,2460.38,2446.27,2387.7,70.1,29.06,
2023-04-14,2580.10009765625,2581.739990234375,2560.530029296875,2571.489990234375,890500,2469.17,2448.32,2388.55,71.3,28.5,
2023-04-17,2570.300048828125,2577.080078125,2561.139892578125,2575.909912109375,774600,2479.01,2450.23,2389.32,71.8,27.6,
2023-04-18,2582.22998046875,2582.22998046875,2557.18994140625,2571.090087890625,895200,2488.15,2452.89,2390.29,70.3,27.42,
2023-04-19,2570.06005859375,2582.110107421875,2568.4599609375,2575.080078125,956000,2496.05,2455.35,2391.5,70.8,26.44,
2023-04-20,2566.06005859375,2573.93994140625,2552.06005859375,2563.110107421875,950400,2502.98,2456.94,2392.79,66.7,26.19,
2023-04-21,2556.699951171875,2559.43994140625,2532.320068359375,2544.39990234375,969000,2509.46,2458.2,2394.01,60.7,26.52,
2023-04-24,2538.360107421875,2541.889892578125,2518.72998046875,2523.5,925900,2515.17,2459.28,2394.92,54.9,26.46,
2023-04-25,2531.35009765625,2531.35009765625,2472.330078125,2489.02001953125,885200,2517.87,2460.0,2395.9,46.8,28.79,
2023-04-26,2489.489990234375,2498.56005859375,2481.3798828125,2484.830078125,1088100,2519.92,2460.39,2396.65,45.9,27.96,
2023-04-27,2484.31005859375,2499.010009765625,2465.830078125,2495.81005859375,732600,2522.05,2461.74,2397.38,48.6,28.33,
2023-04-28,2511.7900390625,2517.1298828125,2489.580078125,2501.530029296875,776400,2523.29,2462.27,2398.19,50.1,28.27,
2023-05-02,2504.010009765625,2524.419921875,2503.2099609375,2524.389892578125,700300,2525.89,2463.73,2399.22,55.4,27.89,
2023-05-03,2510.18994140625,2514.3701171875,2497.830078125,2501.39990234375,887300,2526.93,2464.66,2400.08,49.7,27.79,
2023-05-04,2494.820068359375,2502.139892578125,2486.090087890625,2500.93994140625,809100,2527.22,2465.49,2400.98,49.5,26.96,
2023-05-08,2518.530029296875,2525.840087890625,2511.1298828125,2513.2099609375,653900,2529.92,2467.41,2401.89,52.6,26.81,
2023-05-09,2512.340087890625,2514.81005859375,2495.6298828125,2510.06005859375,750500,2530.9,2468.82,2402.56,51.7,26.26,
2023-05-10,2505.9599609375,2510.1298828125,2488.419921875,2496.510009765625,634400,2530.12,2470.28,2403.19,48.1,25.94,
2023-05-11,2505.570068359375,2513.820068359375,2490.080078125,2491.0,646300,2527.28,2472.05,2403.71,46.7,25.78,
2023-05-12,2487.35009765625,2487.35009765625,2472.449951171875,2475.419921875,797200,2523.52,2473.3,2404.04,42.8,25.26,
2023-05-15,2469.800048828125,2479.35009765625,2455.989990234375,2479.35009765625,483300,2519.4,2474.33,2404.47,44.0,25.13,
2023-05-16,2494.39990234375,2498.5400390625,2474.89990234375,2480.239990234375,627900,2514.84,2475.29,2404.86,44.3,25.02,
2023-05-17,2479.64990234375,2498.3701171875,2475.02001953125,2494.659912109375,563300,2510.78,2475.94,2405.26,49.1,24.9,
2023-05-18,2511.090087890625,2515.39990234375,2500.010009765625,2515.39990234375,571500,2507.99,2476.98,2405.76,55.1,24.61,
2023-05-19,2530.830078125,2538.31005859375,2524.889892578125,2537.7900390625,569300,2506.13,2479.09,2406.28,60.4,24.48,
2023-05-22,2540.030029296875,2564.090087890625,2533.5,2557.080078125,590500,2505.83,2481.85,2406.8,64.4,24.92,
2023-05-23,2565.800048828125,2577.320068359375,2561.10009765625,2567.550048828125,573800,2506.98,2485.31,2407.38,66.4,24.59,
2023-05-24,2557.110107421875,2572.2099609375,2555.0400390625,2567.449951171875,1071600,2509.18,2488.45,2408.02,66.3,24.06,
2023-05-25,2570.639892578125,2575.050048828125,2551.489990234375,2554.68994140625,916700,2512.47,2492.56,2408.49,61.5,24.02,
2023-05-26,2561.93994140625,2567.5,2553.7900390625,2558.81005859375,631800,2516.16,2496.15,2408.91,62.5,23.28,
2023-05-30,2582.409912109375,2586.219970703125,2574.820068359375,2585.52001953125,638500,2520.65,2500.3,2409.39,68.0,23.58,
2023-05-31,2586.030029296875,2596.31005859375,2575.97998046875,2577.1201171875,683900,2524.43,2503.93,2409.81,64.7,23.35,
2023-06-01,2572.56005859375,2580.14990234375,2565.0,2569.169921875,674200,2526.67,2507.73,2410.14,61.8,22.76,
2023-06-02,2586.27001953125,2601.3798828125,2583.8798828125,2601.360107421875,566500,2531.67,2511.99,2410.74,68.1,23.44,
2023-06-05,2617.429931640625,2618.6201171875,2608.010009765625,2615.409912109375,542700,2537.39,2515.96,2411.2,70.5,23.0,
2023-06-07,2623.4599609375,2629.919921875,2613.679931640625,2615.60009765625,535300,2542.51,2519.78,2411.64,70.5,22.51,
2023-06-08,2609.2099609375,2612.389892578125,2595.330078125,2610.85009765625,578700,2547.55,2523.7,2412.02,68.5,22.35,
2023-06-09,2624.14990234375,2644.699951171875,2618.449951171875,2641.159912109375,581500,2554.78,2528.33,2412.65,73.6,23.17,
2023-06-12,2647.489990234375,2650.449951171875,2623.429931640625,2629.35009765625,554300,2561.7,2532.22,2413.25,68.9,23.45,
2023-06-13,2644.429931640625,2645.6201171875,2633.52001953125,2637.949951171875,692500,2569.83,2536.1,2413.98,70.4,22.94,
2023-06-14,2640.81005859375,2642.860107421875,2614.25,2619.080078125,648800,2576.81,2539.42,2414.76,63.4,23.34,
2023-06-15,2629.239990234375,2634.219970703125,2602.52001953125,2608.5400390625,579000,2583.23,2542.06,2415.63,59.8,23.94,
2023-06-16,2623.570068359375,2625.7900390625,2612.2099609375,2625.7900390625,668400,2589.78,2545.12,2416.52,63.4,23.46,
2023-06-19,2618.06005859375,2619.43994140625,2600.489990234375,2609.5,708800,2594.49,2547.7,2417.18,58.1,23.59,
2023-06-20,2602.830078125,2610.030029296875,2596.820068359375,2604.909912109375,715800,2597.84,2549.9,2417.8,56.6,22.85,
2023-06-21,2599.18994140625,2600.969970703125,2579.52001953125,2582.6298828125,655400,2599.12,2552.37,2418.58,50.1,23.03,
2023-06-22,2575.64990234375,2597.760009765625,2575.64990234375,2593.699951171875,610200,2600.43,2554.43,2419.29,53.0,22.97,
2023-06-23,2599.0400390625,2600.81005859375,2568.070068359375,2570.10009765625,526500,2600.56,2555.59,2419.78,46.7,23.66,
2023-06-26,2568.64990234375,2585.31005859375,2562.030029296875,2582.199951171875,479200,2601.94,2556.28,2420.62,50.0,23.64,
2023-06-27,2581.02001953125,2582.0,2568.52001953125,2581.389892578125,535400,2603.07,2556.89,2421.48,49.8,22.93,
2023-06-28,2590.52001953125,2590.52001953125,2559.4599609375,2564.18994140625,484200,2602.0,2556.94,2422.28,45.2,23.51,
2023-06-29,2564.02001953125,2577.68994140625,2550.02001953125,2550.02001953125,602500,2600.64,2556.52,2422.98,41.8,23.8,
2023-06-30,2558.429931640625,2571.030029296875,2541.719970703125,2564.280029296875,508800,2600.4,2556.28,2423.92,46.2,24.2,
2023-07-03,2580.889892578125,2604.6298828125,2580.489990234375,2602.469970703125,615500,2600.46,2556.91,2425.01,55.8,25.35,
2023-07-04,2604.719970703125,2607.659912109375,2591.860107421875,2593.31005859375,673100,2599.35,2557.28,2425.73,53.3,24.67,
2023-07-05,2593.469970703125,2601.989990234375,2578.659912109375,2579.0,599400,2597.52,2557.59,2426.57,49.7,24.57,
2023-07-06,2574.75,2575.449951171875,2550.669921875,2556.2900390625,530800,2594.79,2557.83,2427.34,44.4,24.84,
2023-07-07,2547.409912109375,2547.409912109375,2515.070068359375,2526.7099609375,612100,2589.07,2557.89,2428.06,38.7,26.01,
2023-07-10,2528.080078125,2539.6298828125,2517.669921875,2520.699951171875,560600,2583.64,2558.53,2428.88,37.6,25.72,
2023-07-11,2538.840087890625,2562.489990234375,2534.47998046875,2562.489990234375,592400,2579.86,2560.08,2429.86,48.3,26.87,
2023-07-12,2557.610107421875,2574.72998046875,2554.260009765625,2574.719970703125,695500,2577.65,2561.66,2430.99,50.9,26.41,
2023-07-13,2589.889892578125,2602.2099609375,2587.75,2591.22998046875,584300,2576.78,2563.45,2432.29,54.3,26.49,
2023-07-14,2607.469970703125,2628.300048828125,2603.360107421875,2628.300048828125,568100,2576.91,2565.53,2433.98,60.8,27.25,
2023-07-17,2617.669921875,2627.1201171875,2611.550048828125,2619.0,548800,2577.38,2567.88,2435.97,58.5,26.5,
2023-07-18,2624.590087890625,2626.889892578125,2600.669921875,2607.6201171875,491100,2577.52,2570.02,2437.89,55.8,26.48,
2023-07-19,2622.239990234375,2622.5400390625,2598.52001953125,2608.239990234375,434900,2578.8,2571.92,2440.08,55.9,26.3,
2023-07-20,2595.3798828125,2611.340087890625,2589.2900390625,2600.22998046875,369700,2579.12,2573.72,2442.23,53.9,26.0,
2023-07-21,2581.06005859375,2609.760009765625,2570.580078125,2609.760009765625,499300,2581.11,2575.99,2444.5,56.0,26.94,
2023-07-24,2608.469970703125,2636.06005859375,2595.2099609375,2628.530029296875,525900,2583.42,2578.74,2446.6,59.8,27.93,
2023-07-25,2643.35009765625,2646.7099609375,2621.60009765625,2636.4599609375,721500,2586.18,2581.96,2448.7,61.3,27.73,
2023-07-26,2638.760009765625,2639.2099609375,2580.97998046875,2592.360107421875,830100,2587.59,2584.22,2450.48,49.9,29.91,
2023-07-27,2599.820068359375,2617.610107421875,2586.360107421875,2603.81005859375,591900,2590.28,2586.69,2452.33,52.4,30.0,
2023-07-28,2593.669921875,2609.5400390625,2586.330078125,2608.320068359375,497300,2592.48,2588.96,2454.41,53.4,29.52,
2023-07-31,2628.8701171875,2639.449951171875,2622.2099609375,2632.580078125,454200,2593.98,2591.31,2456.56,58.3,29.63,
2023-08-01,2644.340087890625,2668.2099609375,2639.10009765625,2667.070068359375,493600,2597.67,2593.89,2459.08,64.1,30.06,
2023-08-02,2651.530029296875,2660.89990234375,2611.77001953125,2616.469970703125,704700,2599.54,2595.08,2461.1,52.6,31.87,
2023-08-03,2624.760009765625,2625.449951171875,2591.300048828125,2605.389892578125,789400,2602.0,2595.84,2463.03,50.4,32.03,
2023-08-04,2606.169921875,2612.300048828125,2598.3798828125,2602.800048828125,645800,2605.8,2596.54,2464.8,49.9,30.74,
2023-08-07,2591.580078125,2607.360107421875,2580.7099609375,2580.7099609375,504100,2608.8,2597.06,2466.51,45.6,30.44,
2023-08-08,2598.2900390625,2601.409912109375,2568.14990234375,2573.97998046875,637000,2609.38,2597.37,2468.29,44.4,30.64,
2023-08-09,2580.60009765625,2608.97998046875,2576.2099609375,2605.1201171875,466000,2610.9,2597.76,2470.25,51.0,30.96,
2023-08-10,2592.39990234375,2601.56005859375,2590.02001953125,2601.56005859375,566500,2611.42,2598.25,2472.08,50.3,29.82,
2023-08-11,2611.25,2616.840087890625,2589.93994140625,2591.260009765625,672200,2609.56,2598.69,2473.86,48.1,29.61,
2023-08-14,2586.510009765625,2592.909912109375,2561.8798828125,2570.8701171875,622800,2607.16,2598.08,2475.47,44.0,29.72,
2023-08-16,2550.1298828125,2550.530029296875,2520.8701171875,2525.639892578125,683200,2603.06,2596.28,2476.65,36.6,31.16,
2023-08-17,2512.919921875,2520.56005859375,2482.06005859375,2519.85009765625,733900,2598.64,2594.37,2477.91,35.8,32.05,
2023-08-18,2495.179931640625,2519.60009765625,2489.6298828125,2504.5,556400,2593.85,2592.24,2478.96,33.6,31.92,
2023-08-21,2511.699951171875,2524.409912109375,2505.590087890625,2508.800048828125,398600,2588.8,2589.6,2479.83,34.8,31.06,
2023-08-22,2528.389892578125,2533.429931640625,2509.530029296875,2515.739990234375,471000,2583.16,2587.32,2480.72,36.8,30.6,
2023-08-23,2510.0,2517.510009765625,2499.889892578125,2505.5,546200,2576.62,2584.67,2481.61,35.1,29.68,
2023-08-24,2531.780029296875,2539.43994140625,2520.72998046875,2537.679931640625,440300,2573.88,2583.05,2482.55,43.9,29.98,
2023-08-25,2505.389892578125,2526.3701171875,2502.050048828125,2519.139892578125,576400,2569.65,2581.26,2483.29,40.5,30.38,
2023-08-28,2519.139892578125,2543.409912109375,2519.139892578125,2543.409912109375,483000,2566.4,2579.61,2484.01,46.3,29.95,
2023-08-29,2550.760009765625,2556.97998046875,2545.27001953125,2552.159912109375,440700,2562.38,2578.46,2484.65,48.3,28.78,
2023-08-30,2575.419921875,2578.6201171875,2561.219970703125,2561.219970703125,363000,2557.09,2577.59,2485.44,50.3,28.61,
2023-08-31,2564.449951171875,2568.06005859375,2547.719970703125,2556.27001953125,471900,2554.08,2577.06,2485.81,49.2,28.02,
2023-09-01,2551.929931640625,2568.419921875,2551.0400390625,2563.7099609375,492400,2552.0,2576.46,2486.25,51.0,27.26,
2023-09-04,2566.929931640625,2584.550048828125,2560.320068359375,2584.550048828125,342100,2551.08,2576.75,2486.78,55.7,27.04,
2023-09-05,2578.909912109375,2586.64990234375,2575.18994140625,2582.179931640625,383400,2551.16,2576.75,2487.3,55.0,25.93,
2023-09-06,2577.409912109375,2585.97998046875,2560.090087890625,2563.340087890625,421500,2550.62,2576.39,2487.9,50.0,25.93,
2023-09-07,2554.8701171875,2562.419921875,2539.239990234375,2548.260009765625,376600,2547.78,2576.07,2488.42,46.4,25.8,
2023-09-08,2546.070068359375,2550.9599609375,2530.050048828125,2547.679931640625,395800,2545.09,2576.03,2489.06,46.3,25.45,
2023-09-11,2549.8798828125,2556.889892578125,2540.43994140625,2556.8798828125,410300,2543.37,2575.88,2489.82,48.9,24.81,
2023-09-12,2566.419921875,2568.550048828125,2535.14990234375,2536.580078125,358700,2541.65,2574.56,2490.41,43.8,25.42,
2023-09-13,2536.219970703125,2549.3798828125,2528.179931640625,2534.699951171875,417000,2542.11,2573.39,2490.88,43.4,25.12,
2023-09-14,2544.889892578125,2572.889892578125,2541.110107421875,2572.889892578125,411800,2544.76,2573.27,2491.55,53.7,26.05,
2023-09-15,2574.97998046875,2611.0,2572.3701171875,2601.280029296875,441100,2549.6,2574.16,2492.52,59.6,26.95,
2023-09-18,2588.68994140625,2596.550048828125,2573.260009765625,2574.719970703125,415900,2552.89,2575.13,2493.23,52.8,27.03,
2023-09-19,2579.360107421875,2583.25,2555.4599609375,2559.2099609375,461800,2555.07,2575.9,2493.66,49.3,27.08,
2023-09-20,2556.550048828125,2566.6201171875,2551.1201171875,2559.739990234375,414700,2557.78,2575.84,2494.06,49.4,26.25,
2023-09-21,2544.81005859375,2549.6298828125,2514.9599609375,2514.969970703125,394700,2556.64,2574.65,2494.46,40.4,27.58,
2023-09-22,2491.449951171875,2513.260009765625,2486.139892578125,2508.1298828125,433200,2556.09,2572.98,2494.91,39.2,27.67,
2023-09-25,2504.10009765625,2509.3798828125,2486.43994140625,2495.760009765625,438600,2553.71,2570.33,2495.42,37.1,27.33,
2023-09-26,2493.639892578125,2495.0,2461.590087890625,2462.969970703125,427500,2549.25,2567.21,2495.82,32.2,27.82,
2023-09-27,2447.989990234375,2469.719970703125,2445.510009765625,2465.070068359375,366200,2544.44,2564.36,2496.29,32.8,27.56,
2023-10-04,2435.780029296875,2435.780029296875,2402.840087890625,2405.68994140625,424900,2536.92,2560.31,2496.37,25.7,30.04,
2023-10-05,2423.35009765625,2426.610107421875,2402.5,2403.60009765625,451700,2528.91,2556.38,2496.53,25.5,29.61,
2023-10-06,2408.81005859375,2421.179931640625,2403.919921875,2408.72998046875,289400,2520.12,2552.36,2496.71,27.1,28.75,
2023-10-10,2436.580078125,2448.239990234375,2402.43994140625,2402.580078125,415500,2511.14,2547.84,2496.72,26.3,29.97,
2023-10-11,2436.52001953125,2463.56005859375,2436.52001953125,2450.080078125,446900,2505.48,2544.11,2497.17,39.6,32.19,
2023-10-12,2465.18994140625,2479.820068359375,2464.840087890625,2479.820068359375,515500,2502.05,2541.86,2497.77,46.2,32.01,
2023-10-13,2460.85009765625,2466.6201171875,2452.830078125,2456.14990234375,582400,2497.48,2538.91,2498.29,42.3,31.65,
2023-10-16,2442.429931640625,2453.77001953125,2422.52001953125,2436.239990234375,788400,2491.45,2535.46,2498.8,39.2,31.79,
2023-10-17,2454.139892578125,2466.8701171875,2449.419921875,2460.169921875,508800,2487.62,2532.02,2499.46,44.4,31.71,
2023-10-18,2452.050048828125,2465.330078125,2450.780029296875,2462.60009765625,911500,2484.02,2527.93,2499.99,44.9,30.49,
2023-10-19,2431.919921875,2433.449951171875,2412.550048828125,2415.800048828125,756900,2476.17,2523.91,2500.5,37.7,31.88,
2023-10-20,2391.5400390625,2394.669921875,2364.010009765625,2375.0,520600,2464.85,2519.31,2500.79,32.8,33.3,
2023-10-23,2370.070068359375,2375.7900390625,2354.699951171875,2357.02001953125,395900,2453.97,2514.39,2500.91,30.9,32.43,
2023-10-24,2371.550048828125,2384.139892578125,2326.669921875,2383.510009765625,444200,2445.18,2510.45,2501.43,36.7,34.22,
2023-10-25,2389.22998046875,2389.89990234375,2362.68994140625,2363.169921875,440800,2435.35,2506.23,2502.06,34.3,33.72,
2023-10-26,2325.820068359375,2330.550048828125,2299.080078125,2299.080078125,531100,2424.56,2500.11,2502.43,28.1,35.89,
2023-10-27,2311.590087890625,2321.840087890625,2293.050048828125,2302.81005859375,514900,2414.29,2494.13,2502.85,28.9,35.38,
2023-10-30,2292.340087890625,2317.75,2292.340087890625,2310.550048828125,444800,2405.03,2488.52,2503.12,30.6,34.67,
2023-10-31,2318.389892578125,2322.449951171875,2273.969970703125,2277.989990234375,395000,2395.78,2482.66,2503.19,27.6,35.66,
2023-11-01,2292.889892578125,2312.14990234375,2288.639892578125,2301.56005859375,358200,2387.61,2478.18,2503.24,32.8,35.55,
2023-11-02,2334.9599609375,2351.909912109375,2333.409912109375,2343.1201171875,377500,2384.48,2474.65,2503.21,40.9,36.61,
2023-11-03,2365.590087890625,2370.280029296875,2351.830078125,2368.340087890625,578700,2382.72,2471.92,2503.29,45.3,35.93,
2023-11-06,2399.800048828125,2502.3701171875,2395.030029296875,2502.3701171875,528600,2387.4,2471.79,2504.01,61.4,42.94,
2023-11-07,2476.35009765625,2476.35009765625,2418.739990234375,2443.9599609375,457700,2389.47,2470.36,2504.4,54.0,45.85,
2023-11-08,2460.219970703125,2468.429931640625,2418.139892578125,2421.6201171875,467200,2388.04,2468.68,2504.58,51.4,46.16,
2023-11-09,2425.929931640625,2437.89990234375,2413.0400390625,2427.080078125,395000,2385.41,2466.47,2504.72,52.0,44.64,
2023-11-10,2406.39990234375,2413.6201171875,2393.639892578125,2409.659912109375,312500,2383.08,2464.28,2504.87,49.9,43.84,
2023-11-13,2431.239990234375,2435.320068359375,2399.0400390625,2403.760009765625,307100,2381.46,2461.49,2505.04,49.1,43.3,
2023-11-14,2424.929931640625,2442.3701171875,2422.969970703125,2433.25,307000,2380.11,2459.11,2505.31,52.9,42.97,
2023-11-15,2482.2099609375,2487.419921875,2468.429931640625,2486.669921875,419800,2381.32,2457.62,2505.77,58.8,43.77,
2023-11-16,2483.47998046875,2491.97998046875,2472.68994140625,2488.179931640625,407400,2384.94,2456.26,2506.06,58.9,42.02,
2023-11-17,2477.429931640625,2481.10009765625,2463.590087890625,2469.85009765625,388200,2389.68,2454.38,2506.07,56.1,40.77,
2023-11-20,2464.719970703125,2499.75,2464.0400390625,2491.199951171875,323800,2396.39,2452.51,2506.11,58.6,40.41,
2023-11-21,2504.699951171875,2517.739990234375,2500.909912109375,2510.419921875,345100,2402.73,2451.08,2506.41,60.7,39.42,
2023-11-22,2493.169921875,2516.719970703125,2490.429931640625,2511.699951171875,439500,2410.16,2450.04,2506.84,60.9,38.48,
2023-11-23,2515.830078125,2522.199951171875,2507.300048828125,2514.9599609375,360900,2420.95,2449.38,2507.17,61.2,36.8,
2023-11-24,2517.8798828125,2521.56005859375,2496.6298828125,2496.6298828125,359400,2430.64,2448.36,2507.3,57.8,35.95,
2023-11-27,2501.830078125,2511.3701171875,2489.179931640625,2495.659912109375,364700,2439.9,2447.13,2507.38,57.6,34.97,
2023-11-28,2506.139892578125,2522.449951171875,2502.260009765625,2521.760009765625,442400,2452.09,2446.84,2507.8,61.2,34.38,
2023-11-29,2518.800048828125,2523.97998046875,2501.43994140625,2519.81005859375,579300,2463.0,2446.54,2508.14,60.8,33.54,
2023-11-30,2512.110107421875,2535.2900390625,2507.800048828125,2535.2900390625,664300,2472.61,2445.79,2508.4,63.0,33.11,
2023-12-01,2520.489990234375,2520.489990234375,2504.06005859375,2505.010009765625,516600,2479.44,2443.86,2508.51,56.4,32.97,
2023-12-04,2522.219970703125,2525.6298828125,2510.52001953125,2514.949951171875,498900,2480.07,2442.67,2508.74,57.9,32.09,
2023-12-05,2507.449951171875,2509.739990234375,2492.550048828125,2494.280029296875,427100,2482.59,2441.37,2508.95,53.7,31.4,
2023-12-06,2503.570068359375,2509.669921875,2495.3798828125,2495.3798828125,391000,2486.27,2440.08,2509.1,53.9,30.25,
2023-12-07,2493.139892578125,2499.72998046875,2481.0,2492.070068359375,446900,2489.52,2439.62,2509.42,53.1,29.43,
2023-12-08,2510.239990234375,2521.580078125,2507.139892578125,2517.85009765625,431800,2494.93,2439.82,2509.63,57.9,29.44,
2023-12-11,2524.7900390625,2528.889892578125,2512.449951171875,2525.360107421875,435000,2501.01,2440.41,2510.0,59.2,28.51,
2023-12-12,2535.110107421875,2543.06005859375,2529.739990234375,2535.27001953125,378000,2506.11,2441.85,2510.4,60.9,27.74,
2023-12-13,2531.22998046875,2531.22998046875,2509.889892578125,2510.659912109375,377900,2507.31,2442.77,2510.66,54.7,27.57,
2023-12-14,2547.739990234375,2549.64990234375,2532.159912109375,2544.179931640625,530100,2510.11,2445.54,2511.29,60.6,28.38,
2023-12-15,2558.43994140625,2574.22998046875,2555.300048828125,2563.56005859375,465300,2514.8,2448.73,2511.91,63.5,28.5,
2023-12-18,2568.77001953125,2573.1298828125,2556.050048828125,2566.860107421875,383000,2518.58,2451.9,2512.63,64.0,27.69,
2023-12-19,2564.81005859375,2570.06005859375,2556.52001953125,2568.550048828125,392500,2521.49,2455.22,2513.46,64.3,26.68,
2023-12-20,2586.989990234375,2615.3798828125,2584.85009765625,2614.300048828125,570400,2526.62,2458.5,2514.47,70.6,28.12,
2023-12-21,2598.3701171875,2610.81005859375,2587.159912109375,2600.02001953125,578300,2530.87,2460.9,2515.33,66.6,28.05,
2023-12-22,2617.719970703125,2621.3701171875,2599.510009765625,2599.510009765625,466000,2536.02,2463.77,2516.17,66.5,27.6,
2023-12-26,2609.43994140625,2612.139892578125,2594.64990234375,2602.590087890625,439500,2541.36,2467.1,2516.87,67.0,26.88,
2023-12-27,2599.35009765625,2613.5,2590.080078125,2613.5,349700,2545.95,2470.17,2517.62,68.6,26.63,
2023-12-28,2616.27001953125,2655.280029296875,2611.719970703125,2655.280029296875,460100,2552.72,2474.02,2518.73,74.0,27.84,
2024-01-02,2645.469970703125,2675.800048828125,2641.8798828125,2669.81005859375,409900,2559.45,2479.1,2519.99,75.5,28.28,
2024-01-03,2643.5400390625,2643.719970703125,2607.31005859375,2607.31005859375,463100,2564.56,2483.75,2521.05,59.1,30.72,
2024-01-04,2592.43994140625,2602.639892578125,2580.090087890625,2587.02001953125,770200,2568.17,2488.35,2521.93,54.9,30.47,
2024-01-05,2586.889892578125,2592.2900390625,2572.60009765625,2578.080078125,520500,2572.36,2492.24,2523.08,53.1,29.7,
2024-01-08,2584.22998046875,2591.679931640625,2566.340087890625,2567.820068359375,320100,2575.98,2496.33,2524.02,51.0,29.39,
2024-01-09,2598.31005859375,2599.3701171875,2556.0,2561.239990234375,790300,2579.44,2501.57,2524.94,49.7,30.39,
2024-01-10,2563.969970703125,2568.18994140625,2539.820068359375,2541.97998046875,570000,2580.65,2506.36,2525.67,46.0,30.24,
2024-01-11,2543.030029296875,2557.300048828125,2540.27001953125,2540.27001953125,788400,2581.39,2510.95,2526.47,45.6,29.3,
2024-01-12,2536.550048828125,2543.830078125,2517.760009765625,2525.050048828125,790200,2580.88,2515.89,2527.16,42.7,29.07,
2024-01-15,2525.68994140625,2536.06005859375,2515.840087890625,2525.989990234375,800000,2581.65,2520.38,2527.7,42.9,28.44,
2024-01-16,2516.27001953125,2524.35009765625,2491.1298828125,2497.590087890625,659600,2579.32,2523.47,2528.07,37.7,28.9,
2024-01-17,2501.22998046875,2503.909912109375,2435.340087890625,2435.89990234375,965600,2572.93,2524.82,2528.17,29.3,31.73,
2024-01-18,2439.9599609375,2453.969970703125,2429.1201171875,2440.0400390625,570000,2566.59,2523.57,2528.32,30.4,31.24,
2024-01-19,2468.429931640625,2479.0,2455.5,2472.739990234375,518800,2561.8,2524.15,2528.51,38.7,31.79,
2024-01-22,2489.570068359375,2490.68994140625,2464.35009765625,2464.35009765625,386600,2554.3,2525.01,2528.62,37.5,31.4,
2024-01-23,2478.320068359375,2482.840087890625,2464.239990234375,2478.610107421875,472300,2548.23,2526.04,2528.74,40.9,30.49,
2024-01-24,2476.219970703125,2476.219970703125,2454.340087890625,2469.68994140625,395500,2541.74,2527.24,2528.71,39.4,30.04,
2024-01-25,2467.72998046875,2474.010009765625,2452.360107421875,2470.340087890625,357200,2535.13,2528.57,2528.7,39.6,29.44,
2024-01-26,2458.050048828125,2502.610107421875,2453.449951171875,2478.56005859375,292700,2528.38,2529.47,2528.69,41.8,30.85,
2024-01-29,2490.929931640625,2516.919921875,2483.81005859375,2500.64990234375,421800,2520.65,2529.75,2528.71,47.4,31.39,
2024-01-30,2523.679931640625,2528.5400390625,2498.81005859375,2498.81005859375,481800,2512.1,2529.97,2528.91,47.0,31.27,
2024-01-31,2487.89990234375,2502.449951171875,2486.969970703125,2497.090087890625,437600,2506.59,2530.51,2528.95,46.6,30.14,
2024-02-01,2491.929931640625,2542.4599609375,2491.929931640625,2542.4599609375,751100,2504.36,2531.54,2529.1,57.0,31.6,
2024-02-02,2559.39990234375,2615.340087890625,2559.389892578125,2615.31005859375,588700,2506.22,2533.63,2529.44,67.8,34.55,
2024-02-05,2612.77001953125,2612.77001953125,2562.5,2591.31005859375,511700,2507.4,2535.23,2529.64,62.2,35.85,
2024-02-06,2584.199951171875,2599.179931640625,2563.8701171875,2576.199951171875,411600,2508.15,2536.45,2529.71,59.0,35.81,
2024-02-07,2592.590087890625,2625.239990234375,2588.090087890625,2609.580078125,518200,2511.53,2538.71,2529.9,63.5,36.76,
2024-02-08,2620.260009765625,2629.510009765625,2610.2099609375,2620.320068359375,430000,2515.53,2541.2,2530.12,64.9,35.56,
2024-02-13,2644.169921875,2656.8701171875,2640.9599609375,2649.639892578125,559400,2521.76,2543.76,2530.52,68.3,35.63,
2024-02-14,2609.60009765625,2627.31005859375,2601.989990234375,2620.419921875,543500,2526.48,2545.77,2530.74,61.8,36.49,
2024-02-15,2643.81005859375,2643.860107421875,2613.800048828125,2613.800048828125,621400,2532.29,2547.34,2531.0,60.4,36.03,
2024-02-16,2635.6298828125,2648.760009765625,2625.010009765625,2648.760009765625,593800,2542.93,2550.22,2531.52,64.9,35.95,
2024-02-19,2653.1201171875,2683.389892578125,2653.1201171875,2680.260009765625,422700,2554.95,2553.52,2532.3,68.5,35.86,
2024-02-20,2671.550048828125,2673.840087890625,2643.929931640625,2657.7900390625,612700,2564.2,2556.79,2533.15,63.6,35.89,
2024-02-21,2656.919921875,2670.949951171875,2644.0400390625,2653.31005859375,562100,2573.65,2559.95,2533.99,62.6,35.25,
2024-02-22,2671.68994140625,2671.68994140625,2653.989990234375,2664.27001953125,456400,2582.93,2563.4,2534.83,64.0,34.04,
2024-02-23,2681.030029296875,2694.800048828125,2665.2099609375,2667.699951171875,415400,2592.83,2566.39,2535.66,64.5,33.79,
2024-02-26,2657.35009765625,2659.60009765625,2629.780029296875,2647.080078125,530500,2601.67,2568.83,2536.28,59.6,34.09,
2024-02-27,2654.760009765625,2654.760009765625,2619.3798828125,2625.050048828125,574300,2608.99,2570.62,2536.89,54.8,34.18,
2024-02-28,2629.110107421875,2657.320068359375,2623.14990234375,2652.2900390625,421600,2616.57,2573.46,2537.65,59.2,34.18,
2024-02-29,2643.47998046875,2647.56005859375,2628.6201171875,2642.360107421875,496100,2623.75,2575.42,2538.3,57.0,33.43,
2024-03-04,2664.52001953125,2682.800048828125,2662.320068359375,2674.27001953125,404000,2632.61,2577.63,2539.12,61.8,33.93,
2024-03-05,2660.800048828125,2684.830078125,2649.35009765625,2649.39990234375,457200,2637.96,2579.29,2539.88,56.5,34.04,
2024-03-06,2638.840087890625,2649.780029296875,2630.159912109375,2641.489990234375,379000,2639.27,2580.74,2540.63,54.9,33.01,
2024-03-07,2653.97998046875,2660.260009765625,2633.570068359375,2647.6201171875,462900,2642.08,2581.41,2541.49,55.9,32.56,
2024-03-08,2676.7900390625,2688.0,2668.3798828125,2680.35009765625,454300,2647.29,2583.02,2542.5,61.2,33.12,
2024-03-11,2665.580078125,2677.2099609375,2658.739990234375,2659.840087890625,389800,2649.8,2584.22,2543.4,56.6,32.3,
2024-03-12,2673.469970703125,2686.139892578125,2659.719970703125,2681.81005859375,404000,2652.88,2585.81,2544.33,60.0,31.88,
2024-03-13,2694.7099609375,2701.449951171875,2679.5400390625,2693.570068359375,497200,2655.07,2587.41,2545.22,61.8,31.16,
2024-03-14,2698.3701171875,2718.760009765625,2696.31005859375,2718.760009765625,609300,2659.99,2588.68,2546.13,65.3,30.74,
2024-03-15,2701.909912109375,2705.590087890625,2666.840087890625,2666.840087890625,582100,2662.64,2588.62,2546.68,54.3,32.25,
2024-03-18,2678.52001953125,2688.070068359375,2665.280029296875,2685.840087890625,408200,2664.5,2590.19,2547.27,57.1,31.57,
2024-03-19,2673.570068359375,2673.570068359375,2645.139892578125,2656.169921875,695900,2663.29,2591.57,2547.71,51.7,32.23,
2024-03-20,2680.699951171875,2692.52001953125,2674.090087890625,2690.139892578125,720500,2664.91,2593.81,2548.39,56.8,32.52,
2024-03-21,2731.179931640625,2755.449951171875,2724.25,2754.860107421875,823700,2669.99,2597.56,2549.37,64.4,34.86,
2024-03-22,2751.14990234375,2763.06005859375,2738.179931640625,2748.56005859375,509500,2674.2,2601.3,2550.19,63.2,34.15,
2024-03-25,2756.590087890625,2763.6298828125,2731.699951171875,2737.570068359375,489600,2677.69,2605.21,2550.99,61.1,33.99,
2024-03-26,2756.419921875,2779.39990234375,2752.27001953125,2757.090087890625,448300,2683.19,2609.55,2551.93,63.4,34.55,
2024-03-27,2745.0,2762.030029296875,2745.0,2755.110107421875,510600,2689.7,2614.15,2552.7,63.0,33.3,
2024-03-28,2753.219970703125,2756.860107421875,2742.679931640625,2745.820068359375,419300,2694.37,2618.55,2553.35,61.1,31.93,
2024-03-29,2757.27001953125,2757.550048828125,2739.1201171875,2746.6298828125,495500,2699.59,2623.53,2554.0,61.2,30.97,
2024-04-01,2766.239990234375,2769.8701171875,2747.39990234375,2747.860107421875,397600,2703.27,2629.77,2554.69,61.4,30.42,
2024-04-02,2744.14990234375,2760.330078125,2737.18994140625,2753.159912109375,630400,2708.45,2636.03,2555.25,62.2,29.9,
2024-04-03,2730.679931640625,2732.2900390625,2706.969970703125,2706.969970703125,640800,2711.73,2640.71,2555.64,51.6,31.06,
2024-04-04,2738.239990234375,2746.389892578125,2727.10009765625,2742.0,478000,2716.45,2646.27,2556.16,57.5,31.66,
2024-04-05,2713.9599609375,2730.469970703125,2705.31005859375,2714.2099609375,621000,2718.14,2650.98,2556.63,52.1,32.02,
2024-04-08,2718.760009765625,2725.580078125,2706.739990234375,2717.64990234375,620700,2721.03,2655.94,2557.18,52.7,31.08,
2024-04-09,2733.22998046875,2741.22998046875,2703.9599609375,2705.159912109375,470200,2722.2,2660.64,2557.58,50.3,31.52,
2024-04-11,2665.39990234375,2718.070068359375,2661.919921875,2706.9599609375,561300,2722.87,2665.2,2558.06,50.6,33.28,
2024-04-12,2710.889892578125,2712.449951171875,2678.2099609375,2681.820068359375,513700,2721.02,2668.83,2558.45,45.7,33.35,
2024-04-15,2661.360107421875,2673.260009765625,2641.159912109375,2670.429931640625,562000,2721.2,2672.26,2558.89,43.6,33.87,
2024-04-16,2644.169921875,2647.60009765625,2601.449951171875,2609.6298828125,570200,2717.39,2674.51,2558.97,34.6,36.38,
2024-04-17,2619.14990234375,2626.6298828125,2584.179931640625,2584.179931640625,414300,2713.79,2675.34,2559.04,31.7,36.81,
2024-04-18,2595.4599609375,2642.030029296875,2593.260009765625,2634.699951171875,478800,2711.02,2675.73,2559.3,42.2,38.31,
2024-04-19,2600.68994140625,2609.89990234375,2553.550048828125,2591.860107421875,809500,2702.87,2675.74,2559.35,37.0,41.37,
2024-04-22,2615.719970703125,2629.43994140625,2604.3701171875,2629.43994140625,401900,2696.91,2676.81,2559.68,43.6,41.1,
2024-04-23,2632.14990234375,2641.780029296875,2619.719970703125,2623.02001953125,430300,2691.18,2677.08,2560.04,42.8,39.74,
2024-04-24,2662.840087890625,2677.85009765625,2662.840087890625,2675.75,325100,2687.12,2678.19,2560.6,50.9,40.82,
2024-04-25,2646.800048828125,2656.510009765625,2628.6201171875,2628.6201171875,334100,2680.79,2677.77,2560.73,44.8,41.27,
2024-04-26,2650.93994140625,2662.10009765625,2641.35009765625,2656.330078125,450500,2676.32,2678.48,2561.05,48.7,40.71,
2024-04-29,2675.4599609375,2687.43994140625,2665.2099609375,2687.43994140625,470500,2673.36,2679.96,2561.59,52.7,40.03,
2024-04-30,2693.219970703125,2710.22998046875,2687.2900390625,2692.06005859375,460100,2670.57,2680.82,2562.27,53.3,38.81,
2024-05-02,2679.0400390625,2692.469970703125,2678.840087890625,2683.64990234375,351100,2667.09,2680.89,2563.05,52.1,37.01,
2024-05-03,2704.31005859375,2705.260009765625,2676.6298828125,2676.6298828125,338600,2665.58,2681.27,2563.83,51.0,36.41,
2024-05-07,2718.169921875,2734.360107421875,2716.6201171875,2734.360107421875,532200,2665.19,2682.89,2564.69,58.7,37.93,
2024-05-08,2732.110107421875,2745.050048828125,2727.929931640625,2745.050048828125,436300,2666.74,2684.5,2565.54,59.9,36.45,
2024-05-09,2743.2900390625,2749.139892578125,2710.25,2712.139892578125,423800,2666.46,2685.39,2566.15,54.4,36.62,
2024-05-10,2737.949951171875,2743.580078125,2723.2099609375,2727.6298828125,586100,2667.58,2687.0,2566.64,56.5,36.25,
2024-05-13,2735.199951171875,2738.3798828125,2713.919921875,2727.2099609375,625300,2668.6,2689.05,2567.18,56.4,35.41,
2024-05-14,2732.97998046875,2735.820068359375,2722.739990234375,2730.340087890625,443300,2671.02,2690.61,2567.8,56.8,33.81,
2024-05-16,2770.27001953125,2773.4599609375,2748.219970703125,2753.0,521800,2675.15,2692.82,2568.52,60.0,34.48,
2024-05-17,2751.469970703125,2752.169921875,2724.6201171875,2724.6201171875,575900,2680.9,2693.83,2569.14,54.6,34.04,
2024-05-20,2741.239990234375,2756.409912109375,2734.639892578125,2742.139892578125,582100,2688.8,2695.68,2569.81,57.2,33.88,
2024-05-21,2733.030029296875,2734.47998046875,2719.739990234375,2724.179931640625,560800,2693.27,2697.34,2570.28,53.8,33.06,
2024-05-22,2723.4599609375,2733.070068359375,2707.8701171875,2723.4599609375,484700,2699.85,2698.85,2570.72,53.6,32.5,
2024-05-23,2719.030029296875,2734.27001953125,2704.0,2721.81005859375,427400,2704.47,2699.68,2571.37,53.3,32.34,
2024-05-24,2693.64990234375,2696.989990234375,2681.169921875,2687.60009765625,501600,2707.7,2700.24,2571.78,46.8,32.93,
2024-05-27,2697.159912109375,2725.080078125,2693.659912109375,2722.989990234375,556700,2710.06,2701.06,2572.36,53.2,33.26,
2024-05-28,2715.52001953125,2730.1201171875,2714.340087890625,2722.85009765625,441000,2714.77,2701.65,2572.81,53.1,32.01,
2024-05-29,2719.56005859375,2721.6298828125,2677.070068359375,2677.300048828125,439000,2715.82,2700.82,2572.86,45.1,32.99,
2024-05-30,2666.6298828125,2666.6298828125,2635.43994140625,2635.43994140625,371900,2713.22,2700.19,2572.96,39.2,33.63,
2024-05-31,2657.8701171875,2664.47998046875,2635.77001953125,2636.52001953125,613700,2710.45,2699.2,2573.11,39.4,33.3,
2024-06-03,2657.81005859375,2690.72998046875,2657.81005859375,2682.52001953125,782300,2710.39,2699.73,2573.51,48.0,34.79,
2024-06-04,2668.72998046875,2679.469970703125,2659.429931640625,2662.10009765625,773500,2709.66,2699.17,2573.92,45.0,33.96,
2024-06-05,2681.110107421875,2697.429931640625,2667.6298828125,2689.5,881500,2707.42,2697.86,2574.49,49.6,34.06,
2024-06-07,2718.25,2729.6298828125,2705.22998046875,2722.669921875,783900,2706.3,2697.34,2575.08,54.6,34.49,
2024-06-10,2698.7099609375,2718.889892578125,2689.18994140625,2701.169921875,506900,2705.75,2696.62,2575.58,51.1,34.42,
2024-06-11,2716.719970703125,2718.8798828125,2702.169921875,2705.320068359375,558900,2704.64,2695.58,2576.15,51.7,33.22,
2024-06-12,2709.64990234375,2730.300048828125,2707.43994140625,2728.169921875,511000,2704.69,2695.04,2576.94,55.2,32.63,
2024-06-13,2764.179931640625,2776.719970703125,2752.610107421875,2754.889892578125,700000,2705.91,2695.22,2578.08,59.0,33.77,
2024-06-14,2759.219970703125,2769.159912109375,2750.860107421875,2758.419921875,645000,2706.18,2695.46,2579.28,59.5,32.67,
2024-06-17,2754.830078125,2759.860107421875,2741.030029296875,2744.10009765625,594000,2707.16,2695.38,2580.47,56.6,31.68,
2024-06-18,2765.699951171875,2772.35009765625,2759.030029296875,2763.919921875,561500,2708.25,2695.6,2581.75,59.5,31.43,
2024-06-19,2786.159912109375,2799.320068359375,2786.159912109375,2797.330078125,645700,2711.9,2697.41,2583.16,64.0,31.72,
2024-06-20,2802.10009765625,2812.6201171875,2796.3701171875,2807.6298828125,758200,2716.11,2698.72,2584.67,65.3,30.61,
2024-06-21,2794.8701171875,2797.0,2777.330078125,2784.260009765625,631100,2719.23,2700.12,2585.9,60.1,30.59,
2024-06-24,2772.85009765625,2782.89990234375,2758.090087890625,2764.72998046875,592800,2723.09,2701.06,2587.13,56.1,30.27,
2024-06-25,2765.760009765625,2780.419921875,2765.760009765625,2774.389892578125,714200,2725.66,2702.45,2588.28,57.6,29.23,
2024-06-26,2767.429931640625,2792.070068359375,2762.97998046875,2792.050048828125,534300,2729.12,2704.15,2589.48,60.3,29.22,
2024-06-27,2767.6201171875,2784.330078125,2761.550048828125,2784.06005859375,396700,2734.46,2706.19,2590.6,58.5,29.31,
2024-06-28,2792.7900390625,2797.820068359375,2782.39990234375,2797.820068359375,610600,2742.58,2708.74,2591.81,60.6,28.32,
2024-07-01,2792.9599609375,2805.949951171875,2783.97998046875,2804.31005859375,458800,2750.97,2712.63,2593.01,61.7,27.87,
2024-07-02,2798.64990234375,2805.419921875,2776.6201171875,2780.860107421875,538400,2755.88,2716.57,2593.99,56.0,27.93,
2024-07-03,2797.139892578125,2799.699951171875,2774.7099609375,2794.010009765625,339800,2762.48,2719.75,2595.05,58.3,27.72,
2024-07-04,2817.06005859375,2824.93994140625,2808.8798828125,2824.93994140625,393200,2769.25,2724.41,2596.36,63.2,27.95,
2024-07-05,2836.2099609375,2871.9599609375,2836.2099609375,2862.22998046875,377600,2776.23,2729.07,2597.93,68.1,29.31,
2024-07-08,2862.580078125,2868.989990234375,2855.530029296875,2857.760009765625,424600,2784.06,2733.77,2599.48,66.9,28.18,
2024-07-09,2872.6298828125,2875.3701171875,2854.1298828125,2867.3798828125,455800,2792.16,2737.6,2601.03,68.2,27.69,
2024-07-10,2863.050048828125,2871.56005859375,2858.8701171875,2867.989990234375,471800,2799.15,2742.39,2602.69,68.3,26.62,
2024-07-11,2888.760009765625,2896.429931640625,2879.280029296875,2891.35009765625,461700,2805.98,2747.09,2604.47,71.3,26.75,
2024-07-12,2867.75,2872.25,2844.8798828125,2857.0,407400,2810.91,2750.48,2605.89,61.9,28.15,
2024-07-15,2869.14990234375,2872.89990234375,2848.929931640625,2860.919921875,424500,2816.75,2753.85,2607.19,62.5,27.86,
2024-07-16,2861.7099609375,2872.2099609375,2857.070068359375,2866.090087890625,677300,2821.86,2757.5,2608.65,63.4,26.95,
2024-07-17,2865.89990234375,2868.580078125,2841.330078125,2843.2900390625,548100,2824.15,2760.84,2610.07,57.4,26.97,
2024-07-18,2805.639892578125,2824.35009765625,2799.02001953125,2824.35009765625,657700,2824.99,2762.64,2611.39,52.9,28.2,
2024-07-19,2800.2099609375,2802.679931640625,2776.989990234375,2795.4599609375,425600,2825.55,2763.64,2612.79,46.9,29.57,
2024-07-22,2790.989990234375,2795.1201171875,2752.6298828125,2763.510009765625,463400,2825.49,2764.67,2614.07,41.3,30.52,
2024-07-23,2788.830078125,2796.919921875,2765.81005859375,2774.2900390625,422700,2825.48,2765.61,2615.46,43.7,30.73,
2024-07-24,2755.5,2778.31005859375,2748.64990234375,2758.7099609375,468500,2823.82,2766.24,2616.94,41.1,30.65,
2024-07-25,2721.2900390625,2725.14990234375,2703.860107421875,2710.64990234375,439600,2820.15,2765.84,2618.17,34.2,32.38,
2024-07-26,2724.989990234375,2738.39990234375,2715.75,2731.89990234375,513000,2816.85,2765.42,2619.8,39.0,32.05,
2024-07-29,2748.320068359375,2776.860107421875,2742.68994140625,2765.530029296875,456500,2814.91,2766.24,2621.61,45.9,32.97,
2024-07-30,2744.39990234375,2754.530029296875,2732.820068359375,2738.18994140625,392900,2812.78,2766.16,2623.26,41.8,32.95,
2024-07-31,2745.580078125,2770.699951171875,2733.6298828125,2770.68994140625,556400,2811.61,2767.09,2625.1,47.8,33.25,
2024-08-01,2787.27001953125,2794.110107421875,2772.969970703125,2777.679931640625,480800,2809.25,2768.17,2626.73,49.0,32.54,
2024-08-02,2719.389892578125,2725.050048828125,2666.39990234375,2676.18994140625,531800,2799.95,2767.26,2627.72,35.9,38.17,
2024-08-05,2611.300048828125,2611.300048828125,2386.9599609375,2441.550048828125,761900,2779.14,2762.34,2627.64,21.6,56.1,
2024-08-06,2533.340087890625,2578.77001953125,2491.469970703125,2522.14990234375,566300,2761.87,2758.32,2628.07,31.7,61.9,
2024-08-07,2515.27001953125,2594.830078125,2510.820068359375,2568.409912109375,476300,2746.9,2755.23,2628.61,36.7,63.47,
2024-08-08,2530.2099609375,2570.340087890625,2518.52001953125,2556.72998046875,494700,2730.16,2752.82,2629.08,36.0,62.64,
2024-08-09,2603.080078125,2603.080078125,2575.89990234375,2588.429931640625,474200,2716.74,2751.88,2629.95,39.5,61.48,
2024-08-12,2602.159912109375,2622.860107421875,2602.010009765625,2618.300048828125,293100,2704.6,2751.52,2631.16,42.6,59.55,
2024-08-13,2624.5,2636.1201171875,2607.52001953125,2621.5,378500,2692.38,2750.3,2632.49,43.0,57.34,
2024-08-14,2649.110107421875,2653.7099609375,2632.43994140625,2644.5,328700,2682.44,2749.95,2633.79,45.5,55.54,
2024-08-16,2695.489990234375,2699.610107421875,2680.739990234375,2697.22998046875,385900,2676.08,2750.1,2635.46,50.9,55.51,
2024-08-19,2697.969970703125,2699.840087890625,2664.280029296875,2674.360107421875,395600,2670.02,2749.13,2637.34,48.6,54.09,
2024-08-20,2699.739990234375,2706.050048828125,2686.06005859375,2696.6298828125,484200,2666.68,2749.04,2639.31,50.9,52.49,
2024-08-21,2687.199951171875,2704.97998046875,2684.610107421875,2701.1298828125,417300,2663.02,2748.96,2641.26,51.3,50.19,
2024-08-22,2710.949951171875,2711.3798828125,2690.35009765625,2707.669921875,441800,2660.47,2748.55,2643.41,52.1,48.11,
2024-08-23,2690.800048828125,2712.840087890625,2689.5400390625,2701.68994140625,330600,2660.02,2747.49,2645.41,51.3,46.34,
2024-08-26,2716.8798828125,2718.469970703125,2688.7900390625,2698.010009765625,333700,2658.33,2746.28,2647.18,50.8,45.15,
2024-08-27,2696.239990234375,2700.179931640625,2681.919921875,2689.25,264100,2654.51,2745.18,2648.79,49.7,43.23,
2024-08-28,2690.590087890625,2695.510009765625,2671.590087890625,2689.830078125,280800,2652.1,2743.7,2649.73,49.7,41.85,
2024-08-29,2657.179931640625,2672.89990234375,2649.56005859375,2662.280029296875,288800,2646.68,2741.0,2650.82,45.8,41.73,
2024-08-30,2676.719970703125,2686.510009765625,2668.659912109375,2674.31005859375,278800,2641.51,2738.33,2652.08,47.8,40.48,
2024-09-02,2683.800048828125,2686.97998046875,2658.31005859375,2681.0,267000,2641.75,2736.27,2653.35,48.9,39.64,
2024-09-03,2683.1201171875,2695.590087890625,2664.6298828125,2664.6298828125,303500,2652.9,2734.26,2654.63,46.3,39.02,
2024-09-04,2589.93994140625,2608.1298828125,2578.070068359375,2580.800048828125,455500,2655.83,2730.39,2655.51,36.0,42.42,
2024-09-05,2598.360107421875,2615.800048828125,2560.64990234375,2575.5,379000,2656.19,2726.06,2656.22,35.4,43.33,
2024-09-06,2576.659912109375,2576.93994140625,2529.31005859375,2544.280029296875,374800,2655.57,2721.27,2656.51,32.4,43.63,
2024-09-09,2498.669921875,2543.219970703125,2491.300048828125,2535.929931640625,270200,2652.94,2716.03,2656.75,31.6,44.3,
2024-09-10,2542.68994140625,2544.830078125,2522.47998046875,2523.429931640625,347700,2648.2,2710.41,2657.02,30.4,42.73,
2024-09-11,2524.860107421875,2526.1298828125,2493.3701171875,2513.3701171875,302600,2642.79,2705.06,2657.13,29.4,42.02,
2024-09-12,2572.090087890625,2572.090087890625,2572.090087890625,2572.090087890625,0,2639.17,2700.62,2657.44,41.1,43.21,
2024-09-13,2571.81005859375,2584.110107421875,2562.909912109375,2575.409912109375,358300,2633.08,2695.63,2657.75,41.7,41.64,
2024-09-19,2594.669921875,2598.679931640625,2550.090087890625,2580.800048828125,385100,2628.4,2690.0,2658.08,42.7,42.14,
2024-09-20,2603.830078125,2619.550048828125,2591.39990234375,2593.3701171875,496000,2623.24,2684.71,2658.57,45.1,41.9,
2024-09-23,2596.469970703125,2603.570068359375,2588.489990234375,2602.010009765625,339100,2618.28,2679.41,2659.1,46.8,39.98,
2024-09-24,2612.449951171875,2631.679931640625,2597.81005859375,2631.679931640625,355100,2614.48,2674.68,2659.65,52.0,39.54,
2024-09-25,2652.7099609375,2663.360107421875,2596.320068359375,2596.320068359375,454500,2609.22,2668.78,2660.03,46.2,41.51,
2024-09-26,2630.909912109375,2671.570068359375,2630.300048828125,2671.570068359375,324900,2607.89,2665.07,2660.71,57.2,43.92,
2024-09-27,2674.580078125,2681.449951171875,2649.780029296875,2649.780029296875,413000,2605.92,2660.85,2661.44,53.8,43.04,
2024-09-30,2665.239990234375,2668.659912109375,2593.27001953125,2593.27001953125,358900,2601.09,2655.39,2661.83,46.0,45.35,
2024-10-02,2566.550048828125,2591.610107421875,2555.4599609375,2561.68994140625,351000,2596.06,2649.76,2662.16,42.4,44.81,
2024-10-04,2563.699951171875,2585.590087890625,2555.570068359375,2569.7099609375,414300,2590.83,2644.67,2662.54,43.6,43.76,
2024-10-07,2579.199951171875,2611.929931640625,2561.4599609375,2610.3798828125,343700,2587.3,2640.97,2663.13,49.5,44.24,
2024-10-08,2592.64990234375,2601.9599609375,2581.7900390625,2594.360107421875,318200,2583.79,2637.58,2663.51,47.4,43.12,
2024-10-10,2611.64990234375,2613.610107421875,2596.860107421875,2599.159912109375,618600,2584.71,2634.08,2663.88,48.1,41.41,
2024-10-11,2612.02001953125,2621.929931640625,2594.429931640625,2596.909912109375,491300,2585.78,2630.84,2664.19,47.8,40.42,
2024-10-14,2602.6298828125,2628.5400390625,2602.6298828125,2623.2900390625,401700,2589.73,2629.1,2664.75,51.9,39.79,
2024-10-15,2632.3701171875,2635.320068359375,2615.469970703125,2633.449951171875,438300,2594.6,2627.13,2665.2,53.4,38.37,
2024-10-16,2606.699951171875,2622.330078125,2601.35009765625,2610.360107421875,437600,2598.95,2624.03,2665.43,49.6,37.92,
2024-10-17,2620.739990234375,2622.7099609375,2603.52001953125,2609.300048828125,331300,2603.75,2621.45,2665.64,49.4,36.58,
2024-10-18,2616.0400390625,2618.320068359375,2587.9599609375,2593.820068359375,265200,2604.83,2617.91,2665.77,46.8,36.14,
2024-10-21,2600.77001953125,2618.7099609375,2594.050048828125,2604.919921875,240700,2606.31,2614.45,2665.72,48.9,35.33,
2024-10-22,2600.8701171875,2604.159912109375,2564.4599609375,2570.699951171875,343300,2605.8,2612.34,2665.58,43.2,35.7,
2024-10-23,2575.25,2607.7900390625,2567.419921875,2599.6201171875,352400,2606.12,2615.51,2665.58,48.6,36.03,
2024-10-24,2591.68994140625,2600.260009765625,2578.800048828125,2581.030029296875,343100,2605.07,2616.68,2665.47,45.6,34.99,
2024-10-25,2597.43994140625,2611.27001953125,2577.0,2583.27001953125,462900,2602.65,2616.98,2665.32,46.1,34.94,
2024-10-28,2588.449951171875,2612.9599609375,2587.199951171875,2612.429931640625,333700,2603.45,2618.1,2665.1,51.5,34.57,
2024-10-29,2606.93994140625,2617.800048828125,2595.860107421875,2617.800048828125,363300,2600.76,2618.68,2664.84,52.4,33.66,
2024-10-30,2606.989990234375,2613.469970703125,2586.8798828125,2593.7900390625,487400,2597.96,2618.19,2664.78,47.9,33.47,
2024-10-31,2575.239990234375,2579.64990234375,2552.360107421875,2556.14990234375,406600,2596.11,2616.89,2664.62,41.9,34.04,
2024-11-01,2542.9599609375,2559.300048828125,2536.840087890625,2542.360107421875,319800,2595.14,2614.84,2664.44,39.9,33.21,
2024-11-04,2549.0400390625,2588.969970703125,2542.679931640625,2588.969970703125,373900,2596.1,2612.68,2664.55,48.7,34.17,
2024-11-05,2570.239990234375,2586.72998046875,2564.659912109375,2576.8798828125,310900,2594.43,2610.73,2664.63,46.8,33.46,
2024-11-06,2591.89990234375,2592.75,2544.0400390625,2563.510009765625,548500,2592.89,2608.07,2664.73,44.7,34.55,
2024-11-07,2557.22998046875,2579.81005859375,2540.47998046875,2564.6298828125,465100,2591.16,2605.34,2664.86,44.9,34.89,
2024-11-08,2586.699951171875,2593.14990234375,2553.419921875,2561.14990234375,448700,2589.37,2602.41,2665.04,44.3,35.24,
2024-11-11,2562.050048828125,2562.050048828125,2525.56005859375,2531.659912109375,572200,2584.79,2599.0,2665.07,39.5,35.33,
2024-11-12,2527.93994140625,2532.43994140625,2481.530029296875,2482.570068359375,735800,2577.25,2594.7,2664.99,33.1,36.44,
2024-11-13,2468.27001953125,2478.8701171875,2415.77001953125,2417.080078125,619200,2567.58,2589.25,2664.9,26.8,38.61,
2024-11-14,2430.260009765625,2441.429931640625,2410.929931640625,2418.860107421875,640000,2558.06,2583.83,2664.79,27.2,38.03,
2024-11-15,2413.050048828125,2433.179931640625,2390.56005859375,2416.860107421875,623300,2549.21,2578.92,2664.51,27.0,38.36,
2024-11-18,2440.31005859375,2480.010009765625,2437.530029296875,2469.070068359375,443900,2542.42,2574.82,2664.53,38.5,40.13,
2024-11-19,2469.1298828125,2479.389892578125,2465.14990234375,2471.949951171875,410900,2537.48,2570.64,2664.5,39.1,38.28,
2024-11-20,2475.760009765625,2489.14990234375,2471.7900390625,2482.2900390625,408800,2531.62,2566.99,2664.56,41.2,36.79,
2024-11-21,2474.6201171875,2496.969970703125,2474.6201171875,2480.6298828125,451100,2526.6,2564.99,2664.62,40.9,35.75,
2024-11-22,2493.419921875,2511.22998046875,2492.2099609375,2501.239990234375,543500,2522.49,2563.5,2664.73,45.3,35.39,
2024-11-25,2524.110107421875,2541.760009765625,2517.97998046875,2534.340087890625,564700,2518.59,2563.3,2664.9,51.4,35.75,
2024-11-26,2521.389892578125,2526.6201171875,2512.2099609375,2520.360107421875,441700,2513.72,2562.99,2665.0,48.9,34.78,
2024-11-27,2518.820068359375,2526.320068359375,2498.320068359375,2503.06005859375,414300,2509.18,2562.59,2665.03,45.9,34.3,
2024-11-28,2499.68994140625,2513.6298828125,2495.639892578125,2504.669921875,342600,2506.61,2562.41,2664.85,46.3,33.13,
2024-11-29,2496.929931640625,2496.929931640625,2446.9599609375,2455.909912109375,384300,2502.28,2560.09,2664.05,38.6,34.89,
2024-12-02,2479.02001953125,2483.2900390625,2448.449951171875,2454.47998046875,328100,2495.56,2557.67,2663.36,38.4,34.88,
2024-12-03,2472.06005859375,2500.669921875,2471.550048828125,2500.10009765625,324100,2491.72,2556.06,2662.98,47.8,35.69,
2024-12-04,2450.760009765625,2483.0400390625,2442.4599609375,2464.0,670300,2486.75,2553.47,2662.26,42.3,37.26,
2024-12-05,2471.449951171875,2471.449951171875,2434.780029296875,2441.85009765625,519400,2480.61,2550.26,2661.36,39.3,37.22,
2024-12-06,2451.60009765625,2459.239990234375,2397.72998046875,2428.159912109375,630400,2473.96,2546.19,2660.26,37.6,38.95,
2024-12-09,2392.3701171875,2399.52001953125,2360.179931640625,2360.580078125,591600,2465.4,2541.48,2658.96,30.3,41.03,
2024-12-10,2384.510009765625,2419.06005859375,2384.510009765625,2417.840087890625,598800,2462.17,2536.41,2657.98,40.7,42.27,
2024-12-11,2412.14990234375,2443.340087890625,2411.3798828125,2442.510009765625,617700,2463.44,2532.26,2656.95,44.6,41.54,
2024-12-12,2456.6298828125,2487.949951171875,2448.760009765625,2482.1201171875,664200,2466.6,2530.04,2655.96,50.1,41.81,
2024-12-13,2473.75,2500.320068359375,2470.239990234375,2494.4599609375,577700,2470.48,2528.69,2655.14,51.8,40.98,
2024-12-16,2511.080078125,2515.6201171875,2483.429931640625,2488.969970703125,526700,2471.48,2527.08,2654.32,51.0,40.35,
2024-12-17,2487.31005859375,2487.31005859375,2455.050048828125,2456.81005859375,559000,2470.72,2524.01,2653.28,46.5,39.89,
2024-12-18,2463.06005859375,2492.0,2462.820068359375,2484.429931640625,441700,2470.83,2521.81,2652.36,50.5,39.55,
2024-12-19,2426.550048828125,2450.050048828125,2423.590087890625,2435.929931640625,504500,2468.59,2518.54,2651.31,44.2,41.07,
2024-12-20,2429.6298828125,2430.68994140625,2389.860107421875,2404.14990234375,617800,2463.74,2514.69,2650.2,40.6,41.43,
2024-12-23,2423.360107421875,2446.969970703125,2413.6201171875,2442.010009765625,428200,2459.12,2511.06,2649.15,46.2,41.53,
2024-12-24,2450.550048828125,2452.85009765625,2432.419921875,2440.52001953125,386800,2455.13,2507.2,2648.14,46.0,40.02,
2024-12-26,2449.52001953125,2449.52001953125,2428.820068359375,2429.669921875,322800,2451.46,2503.59,2646.92,44.6,38.64,
2024-12-27,2419.4599609375,2423.860107421875,2388.330078125,2404.77001953125,311300,2446.46,2499.5,2645.7,41.5,38.84,
2024-12-30,2397.489990234375,2429.75,2390.43994140625,2399.489990234375,304000,2443.64,2495.61,2644.49,40.9,38.87,
2025-01-02,2400.8701171875,2410.989990234375,2386.840087890625,2398.93994140625,350700,2440.87,2491.49,2643.24,40.8,37.82,
2025-01-03,2402.580078125,2454.669921875,2402.580078125,2441.919921875,407500,2437.96,2488.92,2642.05,48.4,39.1,
2025-01-06,2453.300048828125,2489.10009765625,2446.820068359375,2488.639892578125,302800,2439.19,2486.7,2641.2,55.2,39.67,
2025-01-07,2513.489990234375,2521.860107421875,2492.090087890625,2492.10009765625,407700,2441.7,2484.92,2640.25,55.6,39.21,
2025-01-08,2481.25,2526.77001953125,2481.25,2521.050048828125,362900,2446.35,2483.67,2639.38,59.4,39.66,
2025-01-09,2526.10009765625,2535.8701171875,2515.820068359375,2521.89990234375,404300,2454.41,2481.86,2638.4,59.5,38.26,
2025-01-10,2528.419921875,2535.239990234375,2506.2900390625,2515.780029296875,377600,2459.31,2479.82,2637.64,58.3,37.6,
2025-01-13,2508.14990234375,2513.929931640625,2483.72998046875,2489.56005859375,578600,2461.66,2477.74,2636.66,53.3,37.2,
2025-01-14,2501.489990234375,2504.889892578125,2482.739990234375,2497.39990234375,414500,2462.42,2476.56,2635.87,54.5,36.13,
2025-01-15,2511.070068359375,2524.360107421875,2493.10009765625,2496.81005859375,538500,2462.54,2475.65,2634.9,54.4,35.78,
2025-01-16,2528.27001953125,2534.010009765625,2519.860107421875,2527.489990234375,451100,2464.47,2474.42,2633.77,59.4,35.88,
2025-01-17,2520.85009765625,2528.47998046875,2513.840087890625,2523.550048828125,445900,2467.81,2473.36,2632.64,58.5,34.36,
2025-01-20,2533.679931640625,2536.719970703125,2516.280029296875,2520.050048828125,437500,2469.59,2472.49,2631.55,57.7,33.37,
2025-01-21,2533.22998046875,2548.43994140625,2507.949951171875,2518.030029296875,572000,2473.69,2471.56,2630.36,57.2,33.88,
2025-01-22,2535.800048828125,2552.570068359375,2526.889892578125,2547.06005859375,583700,2480.84,2471.27,2629.32,62.2,33.92,
2025-01-23,2541.239990234375,2541.60009765625,2515.489990234375,2515.489990234375,609700,2484.51,2470.95,2628.17,54.7,33.76,
2025-01-24,2529.2900390625,2542.830078125,2522.639892578125,2536.800048828125,602000,2489.32,2472.03,2627.12,58.4,33.3,
2025-01-31,2534.330078125,2537.97998046875,2496.949951171875,2517.3701171875,454400,2493.71,2474.04,2625.96,54.1,33.85,
2025-02-03,2468.739990234375,2468.739990234375,2437.610107421875,2453.949951171875,522800,2496.17,2474.74,2624.47,42.9,37.13,
2025-02-04,2481.43994140625,2508.35009765625,2471.6298828125,2481.68994140625,479400,2500.28,2476.04,2623.34,48.0,38.36,
2025-02-05,2503.93994140625,2514.7099609375,2498.739990234375,2509.27001953125,437300,2505.8,2476.84,2622.18,52.5,37.98,
2025-02-06,2521.820068359375,2536.75,2515.340087890625,2536.75,479700,2510.54,2478.14,2621.29,56.5,37.23,
2025-02-07,2532.090087890625,2537.6298828125,2519.010009765625,2521.919921875,419900,2512.2,2478.93,2620.31,53.9,35.9,
2025-02-10,2510.639892578125,2527.330078125,2499.179931640625,2521.27001953125,393600,2513.66,2479.74,2619.39,53.7,35.35,
2025-02-11,2532.8701171875,2549.43994140625,2527.739990234375,2539.050048828125,451100,2514.56,2480.5,2618.55,56.6,34.84,
2025-02-12,2534.7099609375,2549.580078125,2528.739990234375,2548.389892578125,464900,2515.88,2480.78,2617.89,58.0,33.84,
2025-02-13,2558.949951171875,2583.739990234375,2555.97998046875,2583.169921875,680300,2519.25,2482.04,2617.45,63.0,33.94,
2025-02-14,2588.199951171875,2600.570068359375,2582.840087890625,2591.050048828125,499400,2524.33,2483.8,2617.36,64.0,32.79,
2025-02-17,2595.989990234375,2612.800048828125,2592.570068359375,2610.419921875,366300,2529.98,2485.91,2617.49,66.5,32.0,
2025-02-18,2613.25,2628.469970703125,2605.14990234375,2626.81005859375,422000,2536.48,2489.33,2617.45,68.5,31.38,
2025-02-19,2633.909912109375,2680.699951171875,2633.909912109375,2671.52001953125,525800,2543.68,2493.67,2617.85,73.2,32.99,
2025-02-20,2661.719970703125,2667.590087890625,2645.530029296875,2654.06005859375,529300,2550.21,2496.75,2617.97,68.9,32.49,
2025-02-21,2653.760009765625,2656.0400390625,2638.43994140625,2654.580078125,444700,2556.93,2500.56,2618.13,68.9,31.42,
2025-02-24,2636.1201171875,2645.27001953125,2626.8798828125,2645.27001953125,536400,2563.29,2504.63,2617.98,66.5,31.16,
2025-02-25,2617.639892578125,2641.489990234375,2617.1201171875,2630.2900390625,410300,2567.46,2508.67,2617.98,62.7,30.94,
2025-02-26,2629.860107421875,2648.06005859375,2620.159912109375,2641.090087890625,386800,2573.74,2514.28,2617.91,64.3,30.72,
2025-02-27,2637.6298828125,2638.469970703125,2610.469970703125,2621.75,513900,2577.98,2518.36,2617.58,59.4,30.72,
2025-02-28,2585.610107421875,2586.780029296875,2531.239990234375,2532.780029296875,588600,2578.75,2520.17,2616.78,43.2,34.99,
2025-03-04,2522.199951171875,2548.780029296875,2513.31005859375,2528.919921875,484100,2582.5,2521.1,2616.01,42.7,35.02,
2025-03-05,2548.449951171875,2561.469970703125,2535.179931640625,2558.1298828125,569400,2586.32,2522.38,2615.42,48.0,34.85,
2025-03-06,2573.550048828125,2583.64990234375,2565.570068359375,2576.159912109375,609600,2589.67,2524.12,2614.63,51.0,34.18,
2025-03-07,2553.43994140625,2575.47998046875,2541.489990234375,2563.47998046875,567200,2591.01,2526.25,2613.72,48.9,34.21,
2025-03-10,2555.39990234375,2579.760009765625,2549.989990234375,2570.389892578125,435700,2593.43,2527.97,2613.01,50.1,33.9,
2025-03-11,2516.68994140625,2547.8798828125,2505.909912109375,2537.60009765625,399000,2594.25,2530.01,2612.06,44.6,36.08,
2025-03-12,2552.60009765625,2579.68994140625,2541.659912109375,2574.820068359375,401600,2596.03,2533.42,2611.3,51.2,36.51,
2025-03-13,2598.06005859375,2600.070068359375,2561.02001953125,2573.639892578125,427300,2597.3,2536.05,2610.51,51.0,36.69,
2025-03-14,2565.179931640625,2576.739990234375,2559.239990234375,2566.360107421875,362300,2596.46,2538.57,2609.58,49.6,35.32,
2025-03-17,2588.320068359375,2610.68994140625,2587.52001953125,2610.68994140625,396600,2597.44,2542.19,2609.01,57.0,35.96,
2025-03-18,2627.27001953125,2638.56005859375,2606.909912109375,2612.340087890625,555500,2597.53,2546.34,2608.36,57.2,35.66,
2025-03-19,2613.47998046875,2642.830078125,2613.47998046875,2628.6201171875,653300,2597.62,2550.92,2607.88,59.7,35.29,
2025-03-20,2648.159912109375,2650.719970703125,2629.199951171875,2637.10009765625,455000,2595.9,2555.69,2607.45,61.0,34.35,
2025-03-21,2633.89990234375,2645.820068359375,2617.780029296875,2643.1298828125,497500,2595.36,2559.71,2607.06,61.9,33.9,
2025-03-24,2636.429931640625,2648.820068359375,2629.3798828125,2632.070068359375,372400,2594.23,2562.58,2606.78,59.2,32.86,
2025-03-25,2653.0400390625,2654.6298828125,2612.739990234375,2615.81005859375,439300,2592.76,2565.05,2606.24,55.3,33.51,
2025-03-26,2628.090087890625,2649.14990234375,2618.050048828125,2643.93994140625,507900,2593.44,2567.51,2605.85,60.2,33.5,
2025-03-27,2620.280029296875,2633.030029296875,2603.409912109375,2607.14990234375,403300,2591.74,2569.22,2605.5,52.1,34.0,
2025-03-28,2592.6298828125,2592.6298828125,2549.260009765625,2557.97998046875,513600,2588.56,2570.06,2605.11,43.7,35.7,
2025-03-31,2513.43994140625,2514.219970703125,2479.4599609375,2481.1201171875,391600,2585.97,2569.89,2604.34,34.4,38.76,
2025-04-01,2511.239990234375,2530.610107421875,2494.429931640625,2521.389892578125,453400,2585.6,2570.37,2603.53,41.4,39.53,
2025-04-02,2525.6201171875,2532.14990234375,2499.830078125,2505.860107421875,515600,2582.98,2570.55,2602.75,39.7,39.01,
2025-04-03,2437.429931640625,2488.919921875,2437.429931640625,2486.699951171875,480100,2578.51,2569.74,2601.73,37.5,41.12,
2025-04-04,2450.489990234375,2506.7099609375,2438.02001953125,2465.419921875,695100,2573.61,2568.57,2600.45,35.3,43.08,
2025-04-07,2359.25,2369.39990234375,2327.010009765625,2328.199951171875,619500,2561.5,2564.74,2598.58,24.8,49.89,
2025-04-08,2381.199951171875,2381.31005859375,2328.93994140625,2334.22998046875,557000,2551.33,2561.06,2596.73,25.9,50.12,
2025-04-09,2329.989990234375,2337.580078125,2284.719970703125,2293.699951171875,699600,2537.27,2555.99,2594.56,23.5,50.32,
2025-04-10,2395.1298828125,2445.06005859375,2391.389892578125,2445.06005859375,670400,2530.84,2554.59,2593.01,44.0,57.54,
2025-04-11,2400.739990234375,2433.179931640625,2394.25,2432.719970703125,369700,2524.16,2552.5,2591.38,43.0,57.06,
2025-04-14,2454.280029296875,2465.56005859375,2449.47998046875,2455.889892578125,488600,2516.42,2551.27,2589.94,45.5,55.33,
2025-04-15,2464.510009765625,2482.56005859375,2461.22998046875,2477.409912109375,560300,2509.67,2551.74,2588.5,47.8,53.28,
2025-04-16,2472.780029296875,2475.830078125,2442.719970703125,2447.429931640625,613200,2500.62,2551.06,2586.75,45.0,51.95,
2025-04-17,2451.699951171875,2473.239990234375,2447.39990234375,2470.409912109375,601700,2492.28,2550.28,2585.07,47.5,50.09,
2025-04-18,2473.300048828125,2486.3701171875,2466.89990234375,2483.419921875,451000,2484.3,2549.21,2583.56,49.0,47.9,
2025-04-21,2486.3798828125,2498.840087890625,2479.22998046875,2488.419921875,429000,2477.11,2548.54,2582.18,49.6,45.88,
2025-04-22,2481.179931640625,2494.590087890625,2476.139892578125,2486.639892578125,416700,2470.65,2547.85,2580.74,49.4,43.92,
2025-04-23,2520.56005859375,2526.719970703125,2507.10009765625,2525.56005859375,538100,2464.74,2547.58,2579.41,54.1,43.65,
2025-04-24,2525.340087890625,2530.610107421875,2507.2099609375,2522.330078125,327900,2460.49,2547.06,2578.1,53.6,42.2,
2025-04-25,2544.590087890625,2553.330078125,2534.93994140625,2546.300048828125,403500,2459.91,2546.32,2576.85,56.5,41.4,
2025-04-28,2551.22998046875,2558.68994140625,2541.969970703125,2548.860107421875,454100,2463.3,2545.48,2575.57,56.8,39.64,
2025-04-29,2550.25,2571.409912109375,2542.25,2565.419921875,547100,2465.5,2544.58,2574.49,58.8,38.89,
2025-04-30,2561.0400390625,2570.830078125,2544.4599609375,2556.610107421875,487500,2468.04,2543.18,2573.3,57.3,37.99,
2025-05-02,2556.52001953125,2567.0400390625,2540.570068359375,2559.7900390625,585500,2471.69,2540.94,2571.98,57.7,37.17,
2025-05-07,2577.0400390625,2581.85009765625,2559.169921875,2573.800048828125,546800,2477.11,2539.34,2570.54,59.7,36.14,
2025-05-08,2581.27001953125,2590.89990234375,2575.780029296875,2579.47998046875,471600,2489.67,2537.83,2569.14,60.4,34.78,
2025-05-09,2587.929931640625,2589.580078125,2571.199951171875,2577.27001953125,485600,2501.83,2536.47,2567.69,60.0,33.6,
2025-05-12,2593.93994140625,2607.330078125,2585.60009765625,2607.330078125,409700,2517.51,2536.01,2566.39,64.2,33.35,
2025-05-13,2601.760009765625,2620.639892578125,2601.580078125,2608.419921875,422500,2525.68,2535.36,2564.98,64.4,32.33,
2025-05-14,2625.360107421875,2646.010009765625,2619.14990234375,2640.570068359375,390500,2536.07,2535.74,2563.89,68.5,32.71,
2025-05-15,2634.5,2643.830078125,2618.080078125,2621.360107421875,339600,2544.34,2537.51,2562.7,63.7,32.21,
2025-05-16,2630.639892578125,2633.97998046875,2619.10009765625,2626.8701171875,359700,2551.81,2539.47,2561.5,64.5,30.97,
2025-05-19,2613.699951171875,2619.429931640625,2593.43994140625,2603.419921875,313300,2559.61,2540.37,2560.3,58.8,31.15,
2025-05-20,2622.679931640625,2622.909912109375,2598.10009765625,2601.800048828125,457000,2566.18,2540.89,2559.19,58.5,30.69,
2025-05-21,2615.89990234375,2633.409912109375,2614.72998046875,2625.580078125,371500,2573.29,2542.13,2558.34,62.3,30.76,
2025-05-22,2614.659912109375,2616.530029296875,2588.090087890625,2593.669921875,358100,2578.55,2542.59,2557.49,54.9,31.24,
2025-05-23,2603.570068359375,2604.139892578125,2589.510009765625,2592.090087890625,434000,2583.83,2543.68,2556.58,54.6,30.05,
2025-05-26,2598.449951171875,2644.39990234375,2595.9599609375,2644.39990234375,380200,2589.77,2545.08,2556.01,62.9,31.64,
2025-05-27,2630.2900390625,2642.6298828125,2625.659912109375,2637.219970703125,318300,2595.51,2546.35,2555.64,61.2,30.72,
2025-05-28,2648.860107421875,2692.469970703125,2643.5,2670.14990234375,405500,2601.71,2548.42,2555.33,65.7,32.47,
2025-05-29,2691.06005859375,2720.639892578125,2686.639892578125,2720.639892578125,448300,2610.29,2550.62,2555.11,71.2,33.76,
2025-05-30,2713.239990234375,2717.5400390625,2689.8701171875,2697.669921875,525700,2616.91,2552.33,2554.9,66.0,33.55,
2025-06-02,2692.909912109375,2719.8701171875,2685.139892578125,2698.969970703125,323600,2624.03,2553.74,2554.55,66.2,33.63,
2025-06-04,2737.919921875,2771.030029296875,2734.02001953125,2770.840087890625,489900,2634.58,2556.41,2554.51,73.2,36.38,
2025-06-05,2790.330078125,2831.110107421875,2787.760009765625,2812.050048828125,556000,2646.49,2559.79,2555.19,76.2,38.08,
2025-06-09,2841.56005859375,2867.27001953125,2841.389892578125,2855.77001953125,537600,2660.3,2564.26,2557.26,79.0,39.31,
2025-06-10,2872.6201171875,2885.669921875,2849.669921875,2871.85009765625,508200,2675.03,2569.38,2559.01,79.9,39.07,
2025-06-11,2887.320068359375,2908.159912109375,2879.919921875,2907.0400390625,393900,2690.02,2574.65,2560.7,81.8,38.87,
2025-06-12,2909.989990234375,2934.31005859375,2909.989990234375,2920.030029296875,713700,2705.6,2580.9,2562.52,82.4,38.05,
2025-06-13,2930.570068359375,2932.3798828125,2877.070068359375,2894.6201171875,931700,2718.3,2587.64,2564.05,76.6,39.28,
2025-06-16,2903.5,2947.070068359375,2886.1298828125,2946.659912109375,726400,2734.57,2596.95,2565.69,79.8,40.83,
2025-06-17,2959.929931640625,2998.6201171875,2925.7900390625,2950.300048828125,939600,2750.74,2605.53,2567.34,80.0,43.11,
2025-06-18,2933.6298828125,2979.320068359375,2933.6298828125,2972.18994140625,576500,2769.18,2614.85,2568.97,81.2,43.3,
2025-06-19,2989.56005859375,2996.0400390625,2954.469970703125,2977.739990234375,433300,2787.97,2624.67,2570.38,81.5,43.17,
2025-06-20,2986.52001953125,3022.06005859375,2972.3701171875,3021.840087890625,484900,2807.79,2635.8,2572.11,83.8,43.64,
2025-06-23,2992.199951171875,3019.81005859375,2971.360107421875,3014.469970703125,625700,2828.83,2649.53,2573.7,81.9,44.13,
2025-06-24,3061.139892578125,3105.0400390625,3061.139892578125,3103.639892578125,579200,2854.4,2664.91,2575.72,85.9,47.44,
2025-06-25,3127.7900390625,3129.090087890625,3084.860107421875,3108.25,644800,2877.6,2681.21,2577.72,86.1,47.21,
2025-06-26,3108.340087890625,3113.030029296875,3036.550048828125,3079.56005859375,460600,2899.71,2693.9,2579.61,79.6,49.3,
2025-06-27,3077.8701171875,3093.56005859375,3041.85009765625,3055.93994140625,381600,2919.0,2706.36,2581.4,74.7,49.48,
2025-06-30,3072.75,3086.0,3063.419921875,3071.699951171875,464200,2936.56,2718.68,2583.31,75.8,48.09,
2025-07-01,3089.639892578125,3133.52001953125,3088.449951171875,3089.64990234375,576000,2956.16,2730.92,2585.31,77.0,49.07,
2025-07-02,3083.820068359375,3090.610107421875,3032.469970703125,3075.06005859375,696800,2974.96,2743.47,2587.37,73.8,49.72,
2025-07-03,3100.330078125,3116.27001953125,3085.97998046875,3116.27001953125,539100,2992.23,2756.39,2589.58,76.7,49.11,
2025-07-04,3122.280029296875,3123.840087890625,3052.909912109375,3054.280029296875,520800,3004.34,2767.81,2591.45,64.9,50.67,
2025-07-07,3044.780029296875,3068.429931640625,3032.989990234375,3059.469970703125,359400,3014.53,2779.23,2593.42,65.4,49.58,
2025-07-08,3071.739990234375,3115.860107421875,3066.030029296875,3114.949951171875,745800,3026.68,2791.8,2596.09,70.1,50.07,
2025-07-09,3123.219970703125,3137.169921875,3111.02001953125,3133.739990234375,643000,3038.02,2803.96,2598.89,71.5,48.36,
2025-07-10,3144.139892578125,3183.22998046875,3133.81005859375,3183.22998046875,596600,3051.18,2817.18,2602.08,74.9,48.44,
2025-07-11,3186.35009765625,3216.68994140625,3170.4599609375,3175.77001953125,465300,3065.24,2829.77,2605.28,73.5,48.28,
2025-07-14,3175.590087890625,3202.06005859375,3170.719970703125,3202.030029296875,444000,3078.0,2842.83,2608.67,75.2,47.07,
2025-07-15,3194.820068359375,3216.010009765625,3183.830078125,3215.280029296875,419700,3091.25,2855.83,2612.18,76.1,46.01,
2025-07-16,3207.47998046875,3209.199951171875,3178.419921875,3186.3798828125,531500,3101.96,2868.42,2615.25,70.3,45.35,
2025-07-17,3201.419921875,3201.419921875,3152.419921875,3192.2900390625,424800,3112.69,2881.07,2618.34,70.8,45.62,
2025-07-18,3200.43994140625,3204.75,3169.68994140625,3188.070068359375,393400,3121.0,2893.36,2621.37,69.9,44.86,
2025-07-21,3191.110107421875,3211.139892578125,3188.8701171875,3210.81005859375,343900,3130.82,2905.98,2624.46,72.0,43.3,
2025-07-22,3210.1201171875,3220.27001953125,3155.25,3169.93994140625,378500,3134.13,2917.84,2627.3,63.6,44.86,
2025-07-23,3189.64990234375,3199.860107421875,3141.929931640625,3183.77001953125,664800,3137.91,2929.37,2630.06,65.1,45.79,
2025-07-24,3209.429931640625,3237.969970703125,3183.050048828125,3190.449951171875,425500,3143.45,2941.01,2633.03,65.8,46.44,
2025-07-25,3184.3701171875,3205.820068359375,3184.3701171875,3196.050048828125,389300,3150.46,2952.12,2635.66,66.4,44.66,
2025-07-28,3228.610107421875,3228.610107421875,3180.179931640625,3209.52001953125,502700,3157.35,2963.88,2638.45,68.0,44.93,
2025-07-29,3192.169921875,3232.31005859375,3169.030029296875,3230.570068359375,373200,3164.4,2975.95,2641.64,70.2,46.24,
2025-07-30,3233.31005859375,3269.39990234375,3227.280029296875,3254.469970703125,338100,3173.37,2988.97,2645.1,72.6,45.94,
2025-07-31,3275.780029296875,3288.260009765625,3227.4599609375,3245.43994140625,540300,3179.83,3001.85,2648.48,70.3,47.0,
2025-08-01,3210.320068359375,3210.320068359375,3117.919921875,3119.409912109375,507800,3183.08,3011.72,2651.03,47.8,52.76,
2025-08-04,3114.27001953125,3157.449951171875,3105.6298828125,3147.75,293500,3187.5,3022.81,2653.79,51.5,52.69,
2025-08-05,3187.14990234375,3212.31005859375,3174.22998046875,3198.0,273400,3191.65,3034.92,2656.79,57.4,53.54,
2025-08-06,3182.06005859375,3200.14990234375,3176.610107421875,3198.139892578125,327400,3194.87,3046.0,2659.8,57.4,51.39,
2025-08-07,3214.81005859375,3227.679931640625,3200.280029296875,3227.679931640625,327000,3197.09,3057.81,2662.82,60.7,49.83,
2025-08-08,3220.580078125,3227.280029296875,3198.31005859375,3210.010009765625,341400,3198.8,3068.6,2665.7,57.8,48.37,
2025-08-11,3220.719970703125,3223.22998046875,3199.89990234375,3206.77001953125,305000,3199.04,3078.33,2668.68,57.3,46.58,
2025-08-12,3209.75,3242.169921875,3189.580078125,3189.909912109375,373200,3197.77,3088.17,2671.59,54.5,47.01,
2025-08-13,3225.39990234375,3226.3701171875,3192.169921875,3224.3701171875,320100,3199.67,3098.68,2674.74,58.9,46.26,
2025-08-14,3226.52001953125,3239.550048828125,3210.830078125,3225.659912109375,441500,3201.34,3107.78,2677.84,59.1,45.01,
2025-08-18,3202.6298828125,3206.77001953125,3177.280029296875,3177.280029296875,326100,3200.8,3115.08,2680.87,51.0,45.25,
2025-08-19,3185.0400390625,3185.47998046875,3142.47998046875,3151.56005859375,285300,3197.84,3121.0,2683.63,47.4,45.09,
2025-08-20,3121.52001953125,3132.830078125,3079.27001953125,3130.090087890625,335300,3195.84,3126.16,2686.38,44.5,47.03,
2025-08-21,3140.7099609375,3166.5400390625,3134.860107421875,3141.739990234375,276900,3193.74,3130.86,2689.17,46.4,46.27,
2025-08-22,3165.409912109375,3181.949951171875,3159.449951171875,3168.72998046875,236800,3192.66,3135.83,2691.95,50.6,45.84,
2025-08-25,3195.139892578125,3209.860107421875,3180.1201171875,3209.860107421875,220200,3193.35,3142.13,2694.91,56.3,45.5,
2025-08-26,3199.919921875,3199.919921875,3175.31005859375,3179.360107421875,325400,3191.84,3146.79,2697.84,51.6,44.72,
2025-08-27,3185.8701171875,3189.31005859375,3165.77001953125,3187.159912109375,281700,3189.67,3151.53,2701.0,52.7,43.21,
2025-08-28,3175.330078125,3211.340087890625,3164.080078125,3196.320068359375,312200,3186.76,3156.01,2704.27,54.0,43.5,
2025-08-29,3208.800048828125,3212.68994140625,3184.47998046875,3186.010009765625,245100,3183.79,3160.17,2707.25,52.2,42.41,
2025-09-01,3164.580078125,3177.39990234375,3135.02001953125,3142.929931640625,260100,3184.97,3162.6,2710.08,45.5,43.02,
2025-09-02,3155.72998046875,3174.159912109375,3151.929931640625,3172.35009765625,310700,3186.2,3165.75,2713.13,50.2,42.18,
2025-09-03,3177.75,3187.47998046875,3167.22998046875,3184.419921875,335800,3185.52,3167.37,2716.22,52.0,40.61,
2025-09-04,3188.840087890625,3205.610107421875,3185.489990234375,3200.830078125,286300,3185.65,3169.22,2719.42,54.5,39.22,
2025-09-05,3208.830078125,3214.639892578125,3196.18994140625,3205.1201171875,323800,3184.52,3171.73,2722.79,55.1,37.74,
2025-09-08,3209.81005859375,3221.139892578125,3206.340087890625,3219.590087890625,372300,3185.0,3175.0,2726.48,57.3,36.19,
2025-09-09,3231.31005859375,3260.050048828125,3221.97998046875,3260.050048828125,439900,3187.67,3178.77,2730.69,62.8,36.49,
2025-09-10,3272.199951171875,3317.77001953125,3272.070068359375,3314.530029296875,564700,3193.9,3183.27,2735.17,68.6,38.01,
2025-09-11,3336.60009765625,3344.699951171875,3311.860107421875,3344.199951171875,435600,3199.89,3188.65,2739.81,71.2,37.64,
2025-09-12,3374.64990234375,3395.5400390625,3362.860107421875,3395.5400390625,448900,3208.38,3194.24,2744.44,75.1,38.62,
2025-09-15,3407.780029296875,3420.22998046875,3391.330078125,3407.31005859375,378900,3219.89,3201.3,2749.11,75.9,37.92,
2025-09-16,3421.1298828125,3452.5,3418.10009765625,3449.6201171875,406200,3234.79,3209.1,2753.95,78.6,38.44,
2025-09-17,3433.830078125,3433.830078125,3406.75,3413.39990234375,326600,3248.95,3215.07,2758.62,71.3,38.76,
2025-09-18,3432.77001953125,3461.300048828125,3422.77001953125,3461.300048828125,391200,3264.93,3221.62,2763.42,74.7,39.41,
2025-09-19,3461.22998046875,3467.889892578125,3434.610107421875,3445.239990234375,348800,3278.76,3226.86,2767.97,71.6,38.97,
2025-09-22,3463.840087890625,3482.25,3458.8701171875,3468.64990234375,287900,3291.7,3232.72,2772.71,73.3,38.83,
2025-09-23,3489.4599609375,3494.489990234375,3467.830078125,3486.18994140625,358300,3307.04,3238.4,2777.63,74.6,37.96,
2025-09-24,3492.030029296875,3497.949951171875,3442.409912109375,3472.139892578125,287100,3321.29,3243.54,2782.46,71.7,39.22,
2025-09-25,3458.97998046875,3479.419921875,3454.080078125,3471.110107421875,293100,3335.03,3249.23,2787.54,71.5,38.23,
2025-09-26,3440.389892578125,3441.909912109375,3365.72998046875,3386.050048828125,399200,3345.03,3253.11,2792.2,56.4,43.03,
2025-09-29,3414.429931640625,3439.1201171875,3413.330078125,3431.2099609375,416500,3359.44,3257.97,2796.85,61.1,43.74,
2025-09-30,3436.0,3443.3798828125,3421.889892578125,3424.60009765625,526400,3372.06,3262.25,2801.66,60.1,42.15,
2025-10-01,3444.06005859375,3459.739990234375,3440.419921875,3455.830078125,493600,3385.63,3267.97,2806.73,63.2,41.65,
2025-10-02,3525.47998046875,3565.9599609375,3512.159912109375,3549.2099609375,402100,3403.04,3275.27,2812.33,70.6,46.54,
2025-10-10,3598.110107421875,3617.860107421875,3569.43994140625,3610.60009765625,407400,3423.32,3283.68,2818.58,74.3,48.12,
2025-10-13,3550.080078125,3584.550048828125,3522.5400390625,3584.550048828125,408000,3441.57,3291.45,2824.42,70.3,50.98,
2025-10-14,3604.1201171875,3646.77001953125,3535.52001953125,3561.81005859375,734100,3456.65,3298.49,2830.01,66.9,55.28,
2025-10-15,3580.639892578125,3659.909912109375,3577.06005859375,3657.280029296875,543600,3473.79,3307.03,2835.89,72.8,58.34,
2025-10-16,3675.820068359375,3748.3701171875,3675.820068359375,3748.3701171875,495800,3494.0,3316.91,2842.16,77.0,60.68,
2025-10-17,3732.760009765625,3794.8701171875,3722.070068359375,3748.889892578125,420800,3511.67,3326.97,2848.46,77.1,61.54,
2025-10-20,3775.39990234375,3814.68994140625,3728.3798828125,3814.68994140625,410100,3532.04,3340.88,2855.25,79.7,63.31,
2025-10-21,3851.010009765625,3893.06005859375,3816.18994140625,3823.840087890625,526900,3550.75,3354.4,2861.94,80.0,64.39,
2025-10-22,3827.22998046875,3883.679931640625,3794.52001953125,3883.679931640625,597200,3574.26,3368.12,2869.18,82.2,66.16,
2025-10-23,3835.7900390625,3902.2099609375,3822.330078125,3845.56005859375,423600,3593.48,3381.06,2876.39,76.6,67.14,
2025-10-24,3893.22998046875,3951.070068359375,3886.639892578125,3941.590087890625,426900,3618.29,3395.34,2883.89,80.2,69.88,
2025-10-27,3999.7900390625,4042.830078125,3999.7900390625,4042.830078125,517000,3647.0,3412.0,2891.9,83.2,72.12,
2025-10-28,4010.469970703125,4018.219970703125,3972.56005859375,4010.409912109375,408200,3673.21,3428.07,2899.8,79.1,71.99,
2025-10-29,4061.5400390625,4084.090087890625,4014.840087890625,4081.14990234375,466900,3703.66,3445.9,2908.18,81.3,72.11,
2025-10-30,4105.9501953125,4146.72021484375,4070.7900390625,4086.889892578125,566500,3734.45,3463.15,2916.62,81.4,72.38,
2025-10-31,4083.25,4122.08984375,4059.739990234375,4107.5,408300,3770.52,3480.78,2925.16,82.1,71.66,
2025-11-03,4123.35986328125,4221.919921875,4123.35986328125,4221.8701171875,472700,3810.06,3501.68,2934.06,85.1,74.72,
2025-11-04,4219.240234375,4226.75,4117.91015625,4121.740234375,423500,3844.91,3521.08,2942.23,73.5,77.16,
2025-11-05,4055.469970703125,4055.469970703125,3867.81005859375,4004.419921875,594200,3872.34,3538.57,2949.79,62.7,89.78,
2025-11-06,4092.4599609375,4111.9599609375,3985.2900390625,4026.449951171875,423400,3896.21,3556.26,2957.32,63.8,92.42,
2025-11-07,3963.719970703125,4037.610107421875,3887.320068359375,3953.760009765625,377100,3913.36,3571.96,2964.48,57.8,96.55,
2025-11-10,3991.8701171875,4092.909912109375,3984.239990234375,4073.239990234375,339500,3937.8,3589.23,2972.26,63.8,99.59,
2025-11-11,4124.2998046875,4187.4599609375,4066.580078125,4106.39013671875,377600,3965.03,3607.77,2980.35,65.3,101.11,
2025-11-12,4097.43994140625,4154.6201171875,4088.860107421875,4150.39013671875,334600,3989.68,3627.03,2988.61,67.2,98.59,
2025-11-13,4127.56982421875,4188.5400390625,4123.83984375,4170.6298828125,424200,4010.8,3646.52,2996.98,68.0,96.17,
2025-11-14,4061.909912109375,4092.760009765625,4011.39990234375,4011.570068359375,400000,4023.93,3663.03,3004.4,55.6,100.67,
2025-11-17,4078.570068359375,4089.8798828125,4045.39990234375,4089.25,344100,4037.66,3681.96,3012.23,59.5,99.08,
2025-11-18,4044.469970703125,4072.409912109375,3953.260009765625,3953.6201171875,319700,4044.15,3697.58,3019.4,51.1,101.71,
2025-11-19,3966.639892578125,3966.639892578125,3854.949951171875,3929.510009765625,338200,4046.44,3712.48,3026.46,49.7,102.42,
2025-11-20,4030.969970703125,4059.3701171875,4001.31005859375,4004.85009765625,360300,4054.4,3728.56,3033.75,53.8,104.38,
2025-11-21,3908.699951171875,3911.550048828125,3838.4599609375,3853.260009765625,319300,4049.99,3741.53,3040.43,45.8,108.81,
2025-11-24,3915.159912109375,3917.159912109375,3838.199951171875,3846.06005859375,373100,4040.15,3754.06,3046.98,45.4,106.68,
2025-11-25,3942.360107421875,3946.610107421875,3833.35009765625,3857.780029296875,279300,4032.52,3766.01,3053.68,46.1,107.15,
2025-11-26,3891.8798828125,3960.8701171875,3866.659912109375,3960.8701171875,295300,4026.5,3778.94,3061.22,52.1,106.86,
2025-11-27,3989.449951171875,4023.419921875,3968.429931640625,3986.909912109375,257900,4021.5,3791.79,3068.74,53.5,103.7,
2025-11-28,3995.300048828125,3995.300048828125,3921.889892578125,3926.590087890625,241900,4012.46,3802.41,3075.83,49.9,101.53,
2025-12-01,3967.919921875,3977.31005859375,3892.080078125,3920.3701171875,296900,3997.38,3812.67,3082.75,49.5,100.37,
2025-12-02,3939.090087890625,3994.929931640625,3935.139892578125,3994.929931640625,319000,3991.04,3823.58,3090.11,54.0,98.52,
2025-12-03,4010.260009765625,4052.830078125,3987.760009765625,4036.300048828125,290900,3992.64,3836.04,3097.69,56.3,96.14,
2025-12-04,4018.909912109375,4028.530029296875,3982.5400390625,4028.510009765625,352000,3992.74,3847.38,3105.14,55.7,93.11,
2025-12-05,4023.5,4100.0498046875,4003.2900390625,4100.0498046875,478500,4000.05,3860.48,3112.89,59.7,93.37,
2025-12-08,4109.25,4154.85009765625,4081.260009765625,4154.85009765625,395600,4004.13,3874.2,3120.75,62.5,91.96,
2025-12-09,4129.77001953125,4152.18017578125,4121.2099609375,4143.5498046875,400600,4005.99,3887.35,3128.52,61.6,87.79,
2025-12-10,4159.0498046875,4172.64013671875,4123.60009765625,4135.0,317900,4005.22,3900.61,3136.14,60.8,85.02,
2025-12-11,4163.31982421875,4170.77001953125,4103.2001953125,4110.6201171875,539800,4002.22,3913.4,3143.56,58.6,83.78,
2025-12-12,4123.830078125,4168.169921875,4120.72998046875,4167.16015625,426600,4010.0,3929.02,3151.04,62.0,81.9,
2025-12-15,4053.739990234375,4123.18994140625,4052.64990234375,4090.590087890625,346800,4010.07,3942.21,3158.22,55.3,84.23,
2025-12-16,4093.320068359375,4099.009765625,3996.22998046875,3999.1298828125,374000,4012.34,3953.7,3164.94,48.6,85.56,
2025-12-17,4019.429931640625,4060.239990234375,3994.64990234375,4056.409912109375,361000,4018.69,3965.71,3172.0,52.5,84.13,
2025-12-18,3989.60009765625,4030.64990234375,3975.5,3994.510009765625,581400,4018.17,3974.62,3178.82,48.2,83.9,
2025-12-19,4055.780029296875,4055.780029296875,3997.050048828125,4020.550048828125,442700,4026.54,3982.81,3185.72,50.1,82.28,
2025-12-22,4096.259765625,4105.93017578125,4083.1298828125,4105.93017578125,315600,4039.53,3993.24,3193.14,55.6,82.51,
2025-12-23,4127.39990234375,4140.83984375,4110.25,4117.31982421875,385800,4052.51,4004.35,3201.06,56.3,79.11,
2025-12-24,4136.240234375,4137.2001953125,4106.6201171875,4108.6201171875,363600,4059.9,4013.38,3208.96,55.6,75.64,
2025-12-26,4130.3701171875,4143.14013671875,4116.52978515625,4129.68017578125,510200,4067.03,4021.01,3216.81,57.0,72.7,
2025-12-29,4146.47998046875,4220.56005859375,4146.47998046875,4220.56005859375,502400,4081.73,4030.44,3225.04,62.6,74.0,
2025-12-30,4193.75,4226.35986328125,4186.9501953125,4214.169921875,408200,4096.42,4038.43,3233.29,62.0,71.53,
2026-01-02,4224.52978515625,4313.5498046875,4216.68017578125,4309.6298828125,406300,4112.16,4048.14,3241.99,67.2,73.52,
2026-01-05,4385.919921875,4457.52001953125,4381.93017578125,4457.52001953125,513900,4133.22,4059.62,3251.59,73.3,78.83,
2026-01-06,4446.080078125,4525.47998046875,4395.0,4525.47998046875,498400,4158.07,4073.22,3261.34,75.5,82.52,
2026-01-07,4566.33984375,4611.72021484375,4488.2001953125,4551.06005859375,553700,4180.62,4085.41,3271.23,76.3,85.45,
2026-01-08,4531.4599609375,4622.31982421875,4527.5,4552.3701171875,440100,4200.49,4095.6,3281.16,76.3,86.12,
2026-01-09,4530.02978515625,4590.02978515625,4500.47998046875,4586.31982421875,399200,4222.63,4107.12,3291.03,77.5,86.36,
2026-01-12,4639.89013671875,4652.5400390625,4567.5498046875,4624.7900390625,394800,4247.12,4117.99,3301.1,78.7,86.27,
2026-01-13,4662.43994140625,4693.06982421875,4641.580078125,4692.64013671875,429200,4276.22,4130.11,3311.42,80.8,84.98,
2026-01-14,4685.10986328125,4723.10009765625,4669.31982421875,4723.10009765625,550400,4304.02,4142.42,3321.85,81.6,82.75,
2026-01-15,4710.27978515625,4797.5498046875,4705.43994140625,4797.5498046875,545200,4339.37,4153.93,3332.62,83.5,83.42,
2026-01-16,4820.66015625,4855.60986328125,4797.75,4840.740234375,720900,4381.45,4168.31,3343.66,84.5,81.61,
2026-01-19,4829.39990234375,4917.3701171875,4827.9501953125,4904.66015625,570800,4423.86,4186.32,3355.11,85.9,82.17,
2026-01-20,4900.27978515625,4935.47998046875,4823.8798828125,4885.75,667700,4468.42,4203.5,3366.32,83.5,84.27,
2026-01-21,4808.93994140625,4910.5400390625,4807.1298828125,4909.93017578125,600100,4512.89,4222.63,3377.83,84.1,85.64,
2026-01-22,4987.06005859375,5019.5400390625,4934.169921875,4952.52978515625,568600,4555.22,4240.21,3389.8,85.2,87.35,
2026-01-23,4984.080078125,5021.1298828125,4926.22021484375,4990.06982421875,612600,4598.86,4257.88,3402.35,86.0,87.89,
2026-01-26,4997.5400390625,5023.759765625,4940.77978515625,4949.58984375,446900,4640.91,4273.87,3414.49,80.6,87.54,
2026-01-27,4932.89013671875,5084.85009765625,4890.72021484375,5084.85009765625,476200,4688.67,4292.15,3427.38,84.2,95.15,
2026-01-28,5145.39013671875,5183.43994140625,5124.7998046875,5170.81005859375,593100,4736.18,4315.34,3440.8,86.0,95.4,
2026-01-29,5243.419921875,5252.60986328125,5073.1201171875,5221.25,699700,4786.53,4337.98,3454.58,86.9,101.4,
2026-01-30,5210.35009765625,5321.68017578125,5199.77978515625,5224.35986328125,862500,4832.27,4363.39,3469.06,86.9,102.87,
2026-02-02,5122.6201171875,5196.7099609375,4933.580078125,4949.669921875,572500,4856.88,4383.8,3482.14,61.4,116.29,
2026-02-03,5114.81005859375,5288.080078125,5101.31005859375,5288.080078125,672600,4895.01,4409.46,3497.11,72.2,132.16,
2026-02-04,5260.7099609375,5376.919921875,5243.10986328125,5371.10009765625,789900,4936.01,4439.82,3511.74,74.1,132.27,
2026-02-05,5251.02978515625,5304.39990234375,5142.2001953125,5163.56982421875,911900,4966.57,4466.17,3525.4,62.5,139.18,
2026-02-06,5013.14990234375,5120.77001953125,4899.2998046875,5089.14013671875,745800,4991.71,4490.79,3538.56,59.0,148.11,
2026-02-09,5299.10009765625,5322.35009765625,5265.080078125,5298.0400390625,617700,5025.37,4517.54,3552.67,65.0,154.19,
2026-02-10,5350.2099609375,5363.6201171875,5286.669921875,5301.68994140625,712300,5055.82,4543.83,3566.94,65.1,148.67,
2026-02-11,5293.75,5374.22998046875,5257.52978515625,5354.490234375,753800,5087.39,4572.39,3581.36,66.5,146.39,
2026-02-12,5425.39013671875,5522.27001953125,5399.52001953125,5522.27001953125,750600,5123.63,4604.43,3596.55,70.7,147.92,
2026-02-13,5513.7099609375,5583.740234375,5480.919921875,5507.009765625,1290700,5156.94,4634.67,3611.65,69.8,144.7,
2026-02-19,5642.08984375,5681.64990234375,5614.97021484375,5677.25,1185800,5195.57,4667.49,3627.6,73.6,146.83,
2026-02-20,5696.89013671875,5809.91015625,5684.580078125,5808.52978515625,1749300,5241.71,4703.09,3644.01,76.1,145.82,
2026-02-23,5903.10986328125,5931.85986328125,5792.56982421875,5846.08984375,1477800,5288.52,4738.01,3660.63,76.8,145.36,
2026-02-24,5853.47998046875,5969.64013671875,5775.60986328125,5969.64013671875,1602000,5339.37,4774.31,3677.75,78.9,148.83,
2026-02-25,6022.7001953125,6144.7099609375,5984.27978515625,6083.85986328125,1415300,5394.06,4813.11,3695.42,80.7,150.71,
2026-02-26,6121.02978515625,6313.27001953125,6107.41015625,6307.27001953125,1409600,5461.95,4856.56,3714.13,83.5,156.33,
2026-02-27,6197.490234375,6347.41015625,6153.8701171875,6244.1298828125,1166100,5519.91,4899.23,3732.57,79.9,158.99,
2026-03-03,6165.14990234375,6180.4501953125,5791.64990234375,5791.91015625,1227200,5550.97,4931.72,3748.73,59.9,179.95,
2026-03-04,5592.58984375,5672.1201171875,5059.4501953125,5093.5400390625,1637600,5544.58,4951.78,3761.33,42.3,219.41,
2026-03-05,5250.919921875,5715.2998046875,5248.1298828125,5583.89990234375,1660700,5562.56,4983.48,3776.35,52.8,248.15,
2026-03-06,5491.02001953125,5609.97998046875,5381.27001953125,5584.8701171875,1223000,5594.32,5014.05,3791.39,52.8,246.77,
2026-03-09,5265.3701171875,5327.419921875,5096.16015625,5251.8701171875,1026200,5592.51,5039.2,3804.61,46.2,264.05,
2026-03-10,5523.2099609375,5595.8798828125,5427.8798828125,5532.58984375,923200,5600.58,5069.44,3819.23,51.7,269.76,
2026-03-11,5658.72021484375,5746.35986328125,5559.68994140625,5609.9501953125,1050900,5622.9,5099.52,3834.08,53.1,265.76,
2026-03-12,5567.64990234375,5629.06982421875,5527.47021484375,5583.25,801300,5647.61,5128.83,3848.89,52.5,254.03,
2026-03-13,5412.39013671875,5537.58984375,5392.52001953125,5487.240234375,907700,5657.07,5156.41,3863.19,50.4,249.51,
2026-03-16,5510.81982421875,5561.419921875,5448.75,5549.85009765625,1073900,5669.48,5184.81,3877.92,51.8,239.74,
2026-03-17,5711.7998046875,5717.1298828125,5632.85986328125,5640.47998046875,1135100,5683.77,5213.21,3893.12,53.7,234.56,
2026-03-18,5767.10009765625,5934.35009765625,5766.14013671875,5925.02978515625,1143800,5703.91,5247.43,3909.61,59.4,238.8,
2026-03-19,5761.39990234375,5863.39013671875,5738.9501953125,5763.22021484375,1184200,5716.72,5276.5,3925.46,55.3,235.03,
2026-03-20,5813.35009765625,5833.68017578125,5764.64013671875,5781.2001953125,1490800,5721.92,5302.97,3941.41,55.6,223.28,
2026-03-23,5580.14990234375,5580.14990234375,5397.93994140625,5405.75,1125600,5701.78,5320.58,3955.21,46.9,234.7,
2026-03-24,5638.2001953125,5643.0,5395.169921875,5553.919921875,1170500,5687.17,5340.63,3969.8,50.2,235.64,
2026-03-25,5680.330078125,5740.97021484375,5630.06982421875,5642.2099609375,763200,5670.8,5362.43,3984.66,52.1,232.17,
2026-03-26,5594.06005859375,5598.3701171875,5448.1201171875,5460.4599609375,925100,5639.63,5379.91,3998.36,48.1,229.45,
2026-03-27,5300.60986328125,5462.509765625,5220.10009765625,5438.8701171875,900100,5596.21,5396.2,4012.06,47.6,230.38,
2026-03-30,5181.7998046875,5297.35009765625,5151.22021484375,5277.2998046875,727400,5547.87,5407.89,4024.96,44.0,234.47,
2026-03-31,5143.75,5233.990234375,5042.990234375,5052.4599609375,1163300,5510.9,5414.48,4036.36,39.6,234.46,
2026-04-01,5330.0400390625,5512.330078125,5272.4501953125,5478.7001953125,959000,5530.16,5428.1,4049.7,49.9,250.56,
2026-04-02,5551.68994140625,5574.6201171875,5170.27001953125,5234.0498046875,1428200,5512.66,5435.97,4061.59,45.1,261.54,
2026-04-03,5375.5,5419.4501953125,5316.419921875,5377.2998046875,1185200,5502.29,5445.42,4074.12,48.2,256.1,
2026-04-06,5423.35009765625,5505.60986328125,5404.91015625,5450.330078125,1110500,5512.21,5456.71,4086.83,49.8,246.98,
2026-04-07,5552.18994140625,5594.89990234375,5424.4599609375,5494.77978515625,990400,5510.32,5468.41,4099.71,50.8,241.51,
2026-04-08,5804.7001953125,5919.60009765625,5774.0,5872.33984375,932600,5523.44,5486.8,4114.59,58.2,254.6,
2026-04-09,5826.4501953125,5862.41015625,5757.490234375,5778.009765625,1026700,5533.17,5502.56,4128.75,55.9,244.62,
2026-04-10,5876.1201171875,5918.58984375,5850.830078125,5858.8701171875,1002400,5551.76,5520.75,4143.29,57.4,237.19,
2026-04-13,5737.27978515625,5827.72998046875,5730.22998046875,5808.6201171875,1083200,5564.69,5535.22,4157.48,56.1,229.44,
2026-04-14,5960.0,6026.52001953125,5938.330078125,5967.75,889500,5581.06,5551.16,4172.43,59.3,228.61,
2026-04-15,6141.60009765625,6183.2099609375,6064.22998046875,6091.39013671875,923800,5589.38,5568.56,4187.77,61.6,227.67,
2026-04-16,6149.490234375,6231.02978515625,6126.06005859375,6226.0498046875,925700,5612.52,5588.6,4203.83,64.0,221.38,
2026-04-17,6227.330078125,6230.31982421875,6159.8798828125,6191.919921875,689700,5633.05,5613.44,4219.27,62.9,210.6,
2026-04-20,6213.919921875,6278.35986328125,6176.75,6219.08984375,692900,5673.72,5632.06,4234.83,63.4,202.82,
2026-04-21,6302.5400390625,6388.47021484375,6302.5400390625,6388.47021484375,792000,5715.45,5652.41,4251.37,66.6,200.43,
2026-04-22,6387.56982421875,6423.2900390625,6318.509765625,6417.93017578125,900100,5754.23,5677.5,4268.18,67.1,193.6,
2026-04-23,6488.830078125,6557.759765625,6309.10009765625,6475.81005859375,1042400,5805.0,5705.23,4285.2,68.2,197.53,
2026-04-24,6496.10009765625,6516.5400390625,6403.740234375,6475.6298828125,878200,5856.84,5728.78,4302.13,68.2,191.48,
2026-04-27,6533.60009765625,6657.22021484375,6529.18994140625,6615.02978515625,842700,5923.73,5755.05,4319.83,70.9,190.77,
2026-04-28,6646.7998046875,6712.72998046875,6621.72998046875,6641.02001953125,1139500,6003.15,5780.78,4337.46,71.3,184.12,
2026-04-29,6619.0,6702.3798828125,6596.02978515625,6690.89990234375,717900,6063.76,5804.15,4355.64,72.3,178.57,
2026-04-30,6739.39013671875,6750.27001953125,6597.830078125,6598.8701171875,685500,6132.01,5825.99,4373.34,67.8,176.7,
2026-05-04,6782.93017578125,6937.0,6741.6298828125,6936.990234375,873000,6209.99,5851.18,4392.45,74.1,188.23,
2026-05-06,7093.009765625,7426.60009765625,7093.009765625,7384.56005859375,995700,6306.7,5882.71,4413.7,79.8,209.76,
2026-05-07,7499.06982421875,7531.8798828125,7257.89013671875,7490.0498046875,767500,6406.46,5915.58,4435.23,80.8,214.35,
2026-05-08,7353.93994140625,7511.009765625,7318.9599609375,7498.0,523100,6487.75,5946.15,4456.85,80.9,212.75,
2026-05-11,7775.31005859375,7899.31982421875,7713.490234375,7822.240234375,731300,6589.96,5980.92,4479.95,83.9,226.22,
2026-05-12,7953.41015625,7999.669921875,7421.7099609375,7643.14990234375,1021100,6679.17,6007.64,4502.09,76.7,251.35,
2026-05-13,7513.64990234375,7855.47021484375,7402.35986328125,7844.009765625,738700,6780.94,6039.63,4525.37,78.9,265.76,
2026-05-14,7873.91015625,7991.0400390625,7842.72021484375,7981.41015625,849900,6881.63,6083.42,4549.32,80.3,257.37,
2026-05-15,7951.75,8046.77978515625,7371.68017578125,7493.18017578125,885600,6951.72,6131.42,4570.85,64.4,287.21,
2026-05-18,7443.2900390625,7636.2001953125,7142.7099609375,7516.0400390625,566600,7016.22,6170.06,4592.37,64.7,301.94,
2026-05-19,7425.66015625,7446.56982421875,7141.91015625,7271.66015625,533500,7070.2,6203.8,4612.88,58.1,307.1,
2026-05-20,7324.52001953125,7324.52001953125,7053.83984375,7208.9501953125,492500,7119.7,6242.94,4633.01,56.5,304.5,
2026-05-21,7486.3701171875,7819.22998046875,7486.3701171875,7815.58984375,621100,7191.05,6288.6,4656.13,66.2,326.34,
2026-05-22,7873.1201171875,7886.64013671875,7780.1298828125,7847.7099609375,435500,7262.54,6333.35,4679.39,66.6,310.64,
2026-05-26,8070.91015625,8131.14990234375,8008.18994140625,8047.509765625,519600,7341.12,6382.64,4703.58,69.2,308.69,
2026-05-27,8242.1201171875,8457.08984375,8220.0400390625,8228.7001953125,619500,7428.78,6437.47,4728.57,71.4,315.9,
2026-05-28,8165.72998046875,8253.599609375,7841.009765625,8185.2900390625,669000,7507.29,6490.18,4753.22,70.1,322.81,
2026-05-29,8384.3095703125,8476.150390625,8273.740234375,8476.150390625,735100,7599.05,6546.89,4779.38,73.5,320.53,
2026-06-01,8485.669921875,8874.16015625,8485.669921875,8788.3798828125,636200,7703.92,6604.16,4807.72,76.6,326.06,
2026-06-02,8883.1904296875,8933.6201171875,8503.1201171875,8801.490234375,632600,7814.05,6664.92,4835.99,76.7,333.52,
2026-06-04,8623.8203125,8759.0498046875,8577.2998046875,8639.41015625,437900,7899.17,6722.09,4863.2,71.7,325.71,
2026-06-05,8323.2001953125,8382.16015625,8038.10009765625,8160.58984375,463200,7937.98,6777.18,4888.01,59.4,345.4,
2026-06-08,8048.08984375,8048.08984375,7442.72998046875,7484.41015625,452200,7937.69,6815.79,4909.29,47.1,372.0,
2026-06-09,7697.759765625,8119.08984375,7598.8701171875,8096.93017578125,448500,7967.64,6864.89,4933.73,56.0,390.76,
2026-06-10,7899.77001953125,7996.68017578125,7541.10986328125,7730.81982421875,460900,7963.07,6910.29,4956.35,50.5,402.55,
2026-06-11,7509.6201171875,7800.6201171875,7394.4599609375,7763.9501953125,478700,7969.11,6956.8,4979.22,51.0,402.81,
2026-06-12,8263.849609375,8434.400390625,8079.77001953125,8123.6201171875,493400,7983.09,7013.72,5003.72,55.9,421.93,
2026-06-15,8526.1201171875,8603.48046875,8450.240234375,8545.98046875,516600,8011.32,7083.59,5030.32,60.8,426.07,
2026-06-16,8696.5498046875,8753.8203125,8540.41015625,8726.599609375,586300,8072.99,7148.55,5058.06,62.7,410.88,
2026-06-17,8622.1298828125,8872.1796875,8605.66015625,8864.240234375,571200,8140.4,7221.15,5086.63,64.1,400.57,
2026-06-18,8884.919921875,9106.0703125,8867.33984375,9063.83984375,510900,8230.01,7294.89,5116.3,66.2,389.23,
2026-06-19,9288.8896484375,9385.58984375,8831.7197265625,9052.419921875,517200,8322.18,7366.93,5145.85,65.9,400.99,
2026-06-22,8954.4296875,9253.0,8900.6796875,9114.5498046875,381100,8387.13,7439.32,5175.58,66.6,397.51,
2026-06-23,9083.5400390625,9175.4501953125,8203.83984375,8203.83984375,488700,8404.94,7485.95,5200.55,50.6,438.52,
2026-06-24,8356.7900390625,8577.51953125,8080.990234375,8471.01953125,418200,8426.11,7539.81,5227.01,54.1,442.66,
2026-06-25,8703.419921875,9044.0400390625,8693.6201171875,8930.2998046875,456900,8461.19,7601.24,5255.72,59.4,451.97,
2026-06-26,8813.1796875,8861.7001953125,8126.83984375,8411.2099609375,518500,8472.49,7653.29,5281.8,52.1,477.08,
2026-06-29,8394.650390625,8394.650390625,8394.650390625,8394.650390625,0,8468.41,7701.83,5307.84,51.9,444.19,
2026-06-30,8416.7001953125,8667.73046875,8220.7998046875,8476.48046875,449800,8452.82,7749.53,5334.51,52.9,444.38,
2026-07-01,8591.5,8620.150390625,8143.330078125,8303.41015625,468200,8427.91,7791.08,5360.16,50.4,446.7,
2026-07-02,7933.10009765625,8136.27978515625,7616.330078125,7648.08984375,505200,8378.35,7820.2,5382.48,42.2,463.87,
2026-07-03,7739.75,8136.27978515625,7378.10009765625,8088.33984375,465800,8374.74,7857.59,5406.92,48.3,484.89,
2026-07-06,8186.81982421875,8327.259765625,7815.52978515625,8051.330078125,448700,8403.08,7890.85,5431.15,47.8,486.81,
2026-07-07,7919.2001953125,7954.5498046875,7389.22021484375,7656.31005859375,516400,8381.05,7915.61,5453.33,43.2,499.33,
2026-07-08,7452.47998046875,7791.66015625,7186.2099609375,7246.7900390625,501100,8356.85,7931.03,5473.27,38.9,506.91,
2026-07-09,7486.64013671875,7543.85986328125,7063.759765625,7291.91015625,582800,8333.25,7947.36,5493.15,39.6,504.99,
2026-07-10,7552.490234375,7704.93017578125,7429.509765625,7475.93994140625,453200,8300.86,7964.58,5513.81,42.5,498.42,
2026-07-13,7412.02978515625,7529.06982421875,6783.43017578125,6806.93017578125,474100,8213.91,7967.89,5530.87,35.8,516.08,
2026-07-14,6769.06005859375,6979.919921875,6448.85986328125,6856.830078125,491600,8120.42,7971.21,5548.12,36.6,517.15,
2026-07-15,7082.91015625,7424.18017578125,7082.91015625,7284.41015625,397900,8041.43,7984.92,5567.29,43.2,520.74,
2026-07-16,6960.5,6995.93017578125,6730.8701171875,6820.60009765625,424300,7929.27,7982.6,5584.33,38.5,523.08,
2026-07-20,6643.580078125,6814.85986328125,6472.7998046875,6516.27001953125,345800,7802.46,7965.23,5599.6,35.8,510.56,
2026-07-21,6553.8798828125,6836.85986328125,6429.02978515625,6747.9501953125,391100,7684.13,7950.39,5616.12,39.3,503.22,
2026-07-22,7052.08984375,7166.0,6791.06005859375,6797.7001953125,373800,7613.82,7936.38,5632.76,40.1,497.14,
2026-07-23,6963.35009765625,7108.43994140625,6892.64013671875,7096.89013671875,397300,7545.12,7921.88,5650.81,44.6,483.83,
2026-07-24,7000.77978515625,7000.77978515625,6650.41015625,6690.6201171875,397700,7433.13,7902.83,5666.91,40.2,481.16,
2026-07-27,6806.27001953125,6806.27001953125,6557.39013671875,6755.75,275700,7350.36,7881.06,5683.33,41.2,464.57,
2026-07-28,6400.27001953125,6413.56982421875,5992.91015625,6023.66015625,331300,7231.81,7841.9,5696.52,34.2,485.87,
2026-07-29,6089.10986328125,6228.52001953125,5262.77001953125,5663.240234375,457400,7091.15,7805.31,5707.68,31.4,520.15,
2026-07-30,5681.77001953125,5976.81982421875,5547.41015625,5593.56005859375,378900,6955.66,7766.86,5718.52,30.8,513.67,
2026-07-31,5657.7900390625,6630.77001953125,5629.759765625,6595.4501953125,434400,6903.02,7753.33,5734.22,45.2,551.06,
2026-08-03,6358.27001953125,6393.0,6223.2900390625,6257.4501953125,273000,6811.48,7734.3,5747.76,42.0,538.28,
2026-08-04,6351.3798828125,6389.39990234375,6080.25,6358.9501953125,313000,6726.86,7705.17,5761.5,43.3,521.92,
2026-08-05,6603.47998046875,6674.66015625,6540.27001953125,6598.259765625,338500,6673.96,7680.18,5776.57,46.3,507.19,
2026-08-06,6478.75,6550.93994140625,6238.31982421875,6296.3798828125,284500,6626.44,7645.16,5790.25,43.2,496.67,
2026-08-07,6365.06982421875,6415.60009765625,6158.72998046875,6258.77001953125,299400,6574.78,7605.76,5803.25,42.8,479.54,
2026-08-10,6306.330078125,6394.06005859375,6232.4501953125,6299.66015625,293700,6515.97,7568.05,5816.01,43.4,456.83,
2026-08-11,6240.06005859375,6405.81005859375,6213.77978515625,6345.52978515625,333500,6492.9,7525.43,5828.99,44.1,437.92,
2026-08-12,6438.5,6668.43017578125,6413.5,6579.0400390625,360700,6479.01,7481.25,5842.81,47.7,429.7,
2026-08-13,6773.919921875,6895.6298828125,6748.1298828125,6813.33984375,418900,6455.45,7441.48,5857.76,51.0,421.62,
2026-08-14,6995.669921875,7010.85986328125,6848.43017578125,6977.93994140625,332900,6463.32,7408.26,5873.23,53.3,405.62,
2026-08-18,7127.77001953125,7216.6201171875,6788.77978515625,6869.830078125,402700,6481.0,7382.44,5888.35,51.6,407.2,
2026-08-19,6528.77001953125,6614.39013671875,6400.81005859375,6471.169921875,305800,6467.16,7362.18,5901.0,45.8,411.62,
2026-08-20,6680.33984375,6904.5498046875,6600.08984375,6852.580078125,304500,6469.9,7337.29,5915.05,51.4,413.17,
2026-08-21,6759.9501953125,6954.1201171875,6742.43994140625,6912.9501953125,408000,6460.71,7320.93,5929.56,52.3,398.78,
2026-08-24,6881.06982421875,6884.56982421875,6656.06982421875,6696.9599609375,267700,6461.02,7299.59,5942.64,49.0,388.65,
2026-08-25,6535.93017578125,6747.16015625,6408.81982421875,6742.740234375,286800,6460.37,7271.97,5955.92,49.7,385.05,
2026-08-26,6727.25,6887.18017578125,6704.10009765625,6808.2099609375,329400,6499.6,7237.22,5969.43,50.8,370.63,
2026-08-27,6996.1201171875,6996.1201171875,6841.8798828125,6912.3701171875,268500,6562.06,7200.93,5982.88,52.5,357.57,
2026-08-28,6846.5400390625,6901.77978515625,6780.1298828125,6788.8798828125,292600,6621.82,7159.43,5996.21,50.3,341.48,
2026-08-31,6613.580078125,6820.10009765625,6547.759765625,6820.02001953125,364300,6633.05,7114.55,6010.29,50.8,336.54,
2026-09-01,6784.2900390625,6857.35009765625,6732.47021484375,6835.7998046875,273600,6661.97,7070.22,6024.34,51.1,321.42,
2026-09-02,6625.47021484375,6694.56982421875,6558.2998046875,6562.72021484375,324100,6672.16,7019.18,6037.38,45.8,318.28,
2026-09-03,6650.330078125,6682.97021484375,6439.490234375,6579.47998046875,433500,6671.22,6986.69,6049.91,46.2,312.94,
2026-09-04,6654.35986328125,6746.14013671875,6632.77001953125,6687.2099609375,235491,6690.76,6951.02,6062.82,48.6,302.49,
