session_date,asof_utc,underlying,vol_index,weekly_exp,weekly_days,weekly_call,weekly_put,weekly_straddle,weekly_straddle_pct,weekly_put_otm5,weekly_call_otm5,weekly_put_otm10,weekly_call_otm10,front_exp,front_days,front_call,front_put,front_straddle,front_straddle_pct,front_put_otm5,front_call_otm5,front_put_otm10,front_call_otm10,next_exp,next_days,next_call,next_put,next_straddle,next_straddle_pct,next_put_otm5,next_call_otm5,next_put_otm10,next_call_otm10
2023-01-03,2023-01-03 22:00,10945.5,29.110000610351562,2023-01-06,2.65,108.19,108.19,216.37,1.98,1.86,2.57,0.0,0.0,2023-01-20,16.65,270.88,270.88,541.75,4.95,76.08,85.88,11.93,19.34,2023-02-17,44.65,442.04,442.04,884.08,8.08,212.3,231.89,81.88,109.14
2023-01-04,2023-01-04 22:00,10999.25,28.360000610351562,2023-01-06,1.65,83.55,83.55,167.1,1.52,0.22,0.35,0.0,0.0,2023-01-20,15.65,257.14,257.14,514.28,4.68,66.2,75.15,8.85,14.87,2023-02-17,43.65,427.95,427.95,855.91,7.78,199.43,218.22,73.42,98.83
2023-01-05,2023-01-05 22:00,10820.25,28.809999465942383,2023-01-06,0.65,52.31,52.31,104.62,0.97,0.0,0.0,0.0,-0.0,2023-01-20,14.65,248.65,248.65,497.3,4.6,62.27,70.81,7.91,13.44,2023-02-17,42.65,422.79,422.79,845.58,7.81,197.7,216.28,73.17,98.38
2023-01-06,2023-01-06 22:00,11113.5,26.959999084472656,2023-01-13,6.65,161.16,161.16,322.31,2.9,14.12,17.25,0.21,0.58,2023-01-20,13.65,230.72,230.72,461.44,4.15,48.41,55.69,4.4,8.06,2023-02-17,41.65,401.64,401.64,803.28,7.23,175.59,192.86,58.47,80.41
2023-01-09,2023-01-09 22:00,11185.5,27.860000610351562,2023-01-13,3.65,124.19,124.19,248.39,2.22,3.89,5.13,0.01,0.03,2023-01-20,10.65,212.03,212.03,424.07,3.79,37.11,43.22,2.36,4.69,2023-02-17,38.65,402.56,402.56,805.11,7.2,175.27,192.56,57.98,79.86
2023-01-10,2023-01-10 22:00,11282.0,26.940000534057617,2023-01-13,2.65,103.2,103.2,206.4,1.83,1.11,1.59,0.0,0.0,2023-01-20,9.65,196.87,196.87,393.75,3.49,28.61,33.74,1.25,2.7,2023-02-17,37.65,387.56,387.56,775.13,6.87,161.55,177.94,49.83,69.67
2023-01-11,2023-01-11 22:00,11476.5,27.34000015258789,2023-01-13,1.65,84.04,84.04,168.08,1.46,0.16,0.26,0.0,0.0,2023-01-20,8.65,192.44,192.44,384.88,3.35,25.36,30.11,0.91,2.05,2023-02-17,36.65,394.8,394.8,789.59,6.88,164.76,181.47,50.93,71.17
2023-01-12,2023-01-12 22:00,11534.25,24.760000228881836,2023-01-13,0.65,47.92,47.92,95.84,0.83,0.0,0.0,0.0,0.0,2023-01-20,7.65,164.74,164.74,329.48,2.86,13.77,16.88,0.18,0.52,2023-02-17,35.65,354.47,354.47,708.93,6.15,131.67,146.06,33.6,48.95
2023-01-13,2023-01-13 22:00,11608.0,23.81999969482422,2023-01-20,6.65,148.72,148.72,297.45,2.56,8.53,10.74,0.05,0.17,2023-01-20,6.65,148.72,148.72,297.45,2.56,8.53,10.74,0.05,0.17,2023-02-17,34.65,338.39,338.39,676.78,5.83,118.32,131.73,27.26,40.6
2023-01-17,2023-01-17 22:00,11624.5,24.75,2023-01-20,2.65,97.69,97.69,195.38,1.68,0.59,0.88,0.0,0.0,2023-01-20,2.65,97.69,97.69,195.38,1.68,0.59,0.88,0.0,0.0,2023-02-17,30.65,331.31,331.31,662.63,5.7,112.68,125.67,24.76,37.26
2023-01-18,2023-01-18 22:00,11475.75,25.510000228881836,2023-01-20,1.65,78.41,78.41,156.82,1.37,0.07,0.13,0.0,0.0,2023-01-20,1.65,78.41,78.41,156.82,1.37,0.07,0.13,0.0,0.0,2023-02-17,29.65,331.61,331.61,663.22,5.78,114.66,127.75,25.91,38.76
2023-01-19,2023-01-19 22:00,11356.5,25.280000686645508,2023-01-20,0.65,48.17,48.17,96.35,0.85,0.0,0.0,0.0,0.0,2023-01-20,0.65,48.17,48.17,96.35,0.85,0.0,0.0,0.0,0.0,2023-02-17,28.65,319.71,319.71,639.42,5.63,107.07,119.53,22.91,34.68
2023-01-20,2023-01-20 22:00,11677.0,24.540000915527344,2023-01-27,6.65,154.13,154.13,308.26,2.64,9.86,12.32,0.07,0.24,2023-02-17,27.65,313.54,313.54,627.07,5.37,98.83,110.74,19.02,29.48,2023-03-17,55.65,443.27,443.27,886.55,7.59,202.6,221.94,72.36,98.04
2023-01-23,2023-01-23 22:00,11934.0,24.610000610351562,2023-01-27,3.65,117.05,117.05,234.1,1.96,1.93,2.67,0.0,0.0,2023-02-17,24.65,303.53,303.53,607.06,5.09,88.8,99.98,14.98,23.9,2023-03-17,52.65,442.07,442.07,884.14,7.41,197.78,216.93,68.31,93.21
2023-01-24,2023-01-24 22:00,11909.5,24.549999237060547,2023-01-27,2.65,99.28,99.28,198.55,1.67,0.56,0.84,0.0,0.0,2023-02-17,23.65,296.01,296.01,592.02,4.97,83.77,94.51,13.31,21.52,2023-03-17,51.65,435.94,435.94,871.89,7.32,192.98,211.81,65.54,89.76
2023-01-25,2023-01-25 22:00,11873.25,24.540000915527344,2023-01-27,1.65,78.04,78.04,156.08,1.31,0.05,0.09,0.0,0.0,2023-02-17,22.65,288.72,288.72,577.44,4.86,79.09,89.42,11.85,19.4,2023-03-17,50.65,430.27,430.27,860.53,7.25,188.75,207.27,63.19,86.81
2023-01-26,2023-01-26 22:00,12106.75,25.010000228881836,2023-01-27,0.65,50.81,50.81,101.62,0.84,0.0,0.0,0.0,0.0,2023-02-17,21.65,293.37,293.37,586.74,4.85,79.93,90.4,11.85,19.46,2023-03-17,49.65,442.74,442.74,885.49,7.31,195.79,214.9,66.39,90.95
2023-01-27,2023-01-27 22:00,12222.25,24.56999969482422,2023-02-03,6.65,161.52,161.52,323.05,2.64,10.38,12.97,0.08,0.25,2023-02-17,20.65,284.2,284.2,568.39,4.65,72.61,82.46,9.57,16.13,2023-03-17,48.65,434.72,434.72,869.44,7.11,187.45,206.06,61.06,84.38
2023-01-30,2023-01-30 22:00,11968.0,26.25,2023-02-03,3.65,125.2,125.2,250.41,2.09,2.93,3.94,0.0,0.01,2023-02-17,17.65,274.96,274.96,549.92,4.59,68.87,78.31,8.75,14.87,2023-03-17,45.65,440.68,440.68,881.36,7.36,195.98,215.04,67.05,91.68
2023-01-31,2023-01-31 22:00,12152.0,25.790000915527344,2023-02-03,2.65,106.41,106.41,212.83,1.75,0.86,1.25,0.0,0.0,2023-02-17,16.65,266.45,266.45,532.89,4.39,61.7,70.52,6.77,11.89,2023-03-17,44.65,434.83,434.83,869.66,7.16,188.46,207.1,61.89,85.37
2023-02-01,2023-02-01 22:00,12414.25,24.040000915527344,2023-02-03,1.65,79.93,79.93,159.86,1.29,0.04,0.07,0.0,0.0,2023-02-17,15.65,246.02,246.02,492.04,3.96,47.23,54.65,3.61,6.88,2023-03-17,43.65,409.48,409.48,818.96,6.6,164.09,181.18,47.48,67.31
2023-02-02,2023-02-02 22:00,12846.75,25.059999465942383,2023-02-03,0.65,54.02,54.02,108.04,0.84,0.0,0.0,0.0,0.0,2023-02-17,14.65,256.8,256.8,513.61,4.0,50.13,57.95,3.96,7.49,2023-03-17,42.65,436.68,436.68,873.36,6.8,180.27,198.68,54.75,76.8
2023-02-03,2023-02-03 22:00,12624.0,25.399999618530273,2023-02-10,6.65,172.47,172.47,344.94,2.73,12.44,15.42,0.12,0.37,2023-02-17,13.65,246.92,246.92,493.84,3.91,46.15,53.5,3.35,6.45,2023-03-17,41.65,429.85,429.85,859.7,6.81,177.73,195.86,54.11,75.87
2023-02-06,2023-02-06 22:00,12515.5,25.889999389648438,2023-02-10,3.65,129.13,129.13,258.27,2.06,2.81,3.81,0.0,0.01,2023-02-17,10.65,220.47,220.47,440.94,3.52,32.78,38.59,1.5,3.21,2023-03-17,38.65,418.59,418.59,837.18,6.69,169.99,187.54,50.27,70.93
2023-02-07,2023-02-07 22:00,12776.75,25.459999084472656,2023-02-10,2.65,110.45,110.45,220.91,1.73,0.81,1.2,0.0,0.0,2023-02-17,9.65,210.71,210.71,421.42,3.3,26.63,31.7,0.87,2.01,2023-03-17,37.65,414.81,414.81,829.63,6.49,163.45,180.65,46.0,65.6
2023-02-08,2023-02-08 22:00,12545.25,26.450000762939453,2023-02-10,1.65,88.87,88.87,177.75,1.42,0.12,0.21,0.0,0.0,2023-02-17,8.65,203.52,203.52,407.03,3.24,24.63,29.41,0.74,1.73,2023-03-17,36.65,417.52,417.52,835.04,6.66,168.69,186.16,49.47,69.92
2023-02-09,2023-02-09 22:00,12425.5,27.639999389648438,2023-02-10,0.65,57.63,57.63,115.26,0.93,0.0,0.0,0.0,-0.0,2023-02-17,7.65,198.11,198.11,396.22,3.19,22.88,27.42,0.62,1.49,2023-03-17,35.65,426.25,426.25,852.49,6.86,177.39,195.41,54.58,76.35
2023-02-10,2023-02-10 22:00,12346.25,27.09000015258789,2023-02-17,6.65,179.89,179.89,359.79,2.91,16.0,19.53,0.25,0.68,2023-02-17,6.65,179.89,179.89,359.79,2.91,16.0,19.53,0.25,0.68,2023-03-17,34.65,409.29,409.29,818.59,6.63,164.68,181.78,47.96,67.89
2023-02-13,2023-02-13 22:00,12540.5,27.260000228881836,2023-02-17,3.65,136.24,136.24,272.48,2.17,3.85,5.11,0.0,0.02,2023-02-17,3.65,136.24,136.24,272.48,2.17,3.85,5.11,0.0,0.02,2023-03-17,31.65,399.97,399.97,799.94,6.38,154.58,171.05,42.14,60.52
2023-02-14,2023-02-14 22:00,12631.0,25.059999465942383,2023-02-17,2.65,107.48,107.48,214.96,1.7,0.71,1.05,0.0,0.0,2023-02-17,2.65,107.48,107.48,214.96,1.7,0.71,1.05,0.0,0.0,2023-03-17,30.65,364.51,364.51,729.01,5.77,125.85,140.23,28.37,42.47
2023-02-15,2023-02-15 22:00,12730.0,24.09000015258789,2023-02-17,1.65,82.14,82.14,164.27,1.29,0.04,0.08,0.0,0.0,2023-02-17,1.65,82.14,82.14,164.27,1.29,0.04,0.08,0.0,0.0,2023-03-17,29.65,347.38,347.38,694.77,5.46,111.86,125.18,22.36,34.36
2023-02-16,2023-02-16 22:00,12482.5,26.059999465942383,2023-02-17,0.65,54.58,54.58,109.17,0.87,0.0,0.0,0.0,0.0,2023-02-17,0.65,54.58,54.58,109.17,0.87,0.0,0.0,0.0,0.0,2023-03-17,28.65,362.25,362.25,724.5,5.8,125.88,140.2,28.69,42.84
2023-02-17,2023-02-17 22:00,12390.0,25.81999969482422,2023-02-24,6.65,172.07,172.07,344.14,2.78,13.12,16.19,0.14,0.43,2023-03-17,27.65,350.03,350.03,700.05,5.65,117.71,131.38,25.37,38.34,2023-04-21,62.65,524.6,524.6,1049.19,8.47,261.64,285.16,106.9,140.75
2023-02-21,2023-02-21 22:00,12096.75,28.56999969482422,2023-02-24,2.65,117.35,117.35,234.7,1.94,1.81,2.52,0.0,0.0,2023-03-17,23.65,349.88,349.88,699.75,5.78,121.01,134.82,27.36,40.93,2023-04-21,58.65,548.56,548.56,1097.12,9.07,287.21,312.14,126.21,163.65
2023-02-22,2023-02-22 22:00,12097.5,28.020000457763672,2023-02-24,1.65,90.79,90.79,181.58,1.5,0.22,0.35,0.0,0.0,2023-03-17,22.65,335.87,335.87,671.75,5.55,110.45,123.44,22.89,34.9,2023-04-21,57.65,533.5,533.5,1067.01,8.82,273.93,298.05,116.93,152.54
2023-02-23,2023-02-23 22:00,12207.5,26.829999923706055,2023-02-24,0.65,54.96,54.96,109.92,0.9,0.0,0.0,0.0,0.0,2023-03-17,21.65,317.33,317.33,634.66,5.2,95.66,107.5,17.02,26.84,2023-04-21,56.65,511.09,511.09,1022.17,8.37,252.64,275.48,101.83,134.46
2023-02-24,2023-02-24 22:00,11997.0,27.18000030517578,2023-03-03,6.65,175.39,175.39,350.77,2.92,15.76,19.22,0.25,0.68,2023-03-17,20.65,308.58,308.58,617.16,5.14,91.66,103.1,15.89,25.19,2023-04-21,55.65,504.37,504.37,1008.74,8.41,250.08,272.65,101.26,133.58
2023-02-27,2023-02-27 22:00,12083.25,26.649999618530273,2023-03-03,3.65,128.33,128.33,256.67,2.12,3.24,4.34,0.0,0.01,2023-03-17,17.65,281.84,281.84,563.68,4.66,72.32,82.11,9.61,16.17,2023-04-21,52.65,484.67,484.67,969.34,8.02,231.69,253.14,88.73,118.44
2023-02-28,2023-02-28 22:00,12072.25,26.399999618530273,2023-03-03,2.65,108.22,108.22,216.43,1.79,1.02,1.48,0.0,0.0,2023-03-17,16.65,270.96,270.96,541.91,4.49,65.29,74.43,7.72,13.33,2023-04-21,51.65,475.17,475.17,950.35,7.87,223.72,244.65,83.68,112.26
2023-03-01,2023-03-01 22:00,11961.75,26.479999542236328,2023-03-03,1.65,84.84,84.84,169.67,1.42,0.12,0.2,0.0,0.0,2023-03-17,15.65,261.11,261.11,522.22,4.37,59.99,68.6,6.48,11.42,2023-04-21,50.65,467.71,467.71,935.43,7.82,219.0,239.56,81.22,109.16
2023-03-02,2023-03-02 22:00,12062.0,25.700000762939453,2023-03-03,0.65,52.02,52.02,104.03,0.86,0.0,0.0,0.0,0.0,2023-03-17,14.65,247.27,247.27,494.55,4.1,50.68,58.39,4.4,8.14,2023-04-21,49.65,453.27,453.27,906.54,7.52,205.26,224.98,72.26,98.2
2023-03-03,2023-03-03 22:00,12311.25,24.360000610351562,2023-03-10,6.65,161.31,161.31,322.62,2.62,10.05,12.58,0.07,0.23,2023-03-17,13.65,230.94,230.94,461.89,3.75,39.56,46.13,2.41,4.84,2023-04-21,48.65,434.14,434.14,868.29,7.05,185.72,204.26,59.74,82.77
2023-03-06,2023-03-06 22:00,12323.5,24.25,2023-03-10,3.65,119.1,119.1,238.2,1.93,1.8,2.51,0.0,0.0,2023-03-17,10.65,203.34,203.34,406.68,3.3,25.74,30.64,0.84,1.95,2023-04-21,45.65,419.22,419.22,838.44,6.8,173.25,190.94,52.71,73.91
2023-03-07,2023-03-07 22:00,12169.0,24.649999618530273,2023-03-10,2.65,101.85,101.85,203.71,1.67,0.59,0.89,0.0,0.0,2023-03-17,9.65,194.3,194.3,388.61,3.19,22.55,27.0,0.62,1.48,2023-04-21,44.65,416.2,416.2,832.41,6.84,172.89,190.48,53.04,74.24
2023-03-08,2023-03-08 22:00,12228.25,24.079999923706055,2023-03-10,1.65,78.87,78.87,157.73,1.29,0.04,0.07,0.0,0.0,2023-03-17,8.65,180.6,180.6,361.2,2.95,16.76,20.39,0.28,0.76,2023-04-21,43.65,404.01,404.01,808.03,6.61,162.17,179.04,47.05,66.66
2023-03-09,2023-03-09 22:00,12007.25,26.549999237060547,2023-03-10,0.65,53.49,53.49,106.99,0.89,0.0,0.0,0.0,0.0,2023-03-17,7.65,183.89,183.89,367.79,3.06,18.98,22.93,0.4,1.03,2023-04-21,42.65,432.39,432.39,864.79,7.2,188.45,207.02,62.44,85.96
2023-03-10,2023-03-10 22:00,11840.25,27.940000534057617,2023-03-17,6.65,177.93,177.93,355.87,3.01,17.38,21.07,0.33,0.86,2023-03-17,6.65,177.93,177.93,355.87,3.01,17.38,21.07,0.33,0.86,2023-04-21,41.65,443.45,443.45,886.9,7.49,200.07,219.34,70.02,95.28
2023-03-13,2023-03-13 21:00,11931.75,29.389999389648438,2023-03-17,3.69,140.55,140.55,281.1,2.36,5.74,7.42,0.01,0.06,2023-03-17,3.69,140.55,140.55,281.1,2.36,5.74,7.42,0.01,0.06,2023-04-21,38.69,453.22,453.22,906.44,7.6,206.9,226.67,73.76,99.98
2023-03-14,2023-03-14 21:00,12207.0,26.719999313354492,2023-03-17,2.69,111.62,111.62,223.24,1.83,1.2,1.72,0.0,0.0,2023-03-17,2.69,111.62,111.62,223.24,1.83,1.2,1.72,0.0,0.0,2023-04-21,37.69,416.15,416.15,832.29,6.82,172.18,189.74,52.48,73.57
2023-03-15,2023-03-15 21:00,12247.75,28.690000534057617,2023-03-17,1.69,95.3,95.3,190.59,1.56,0.31,0.49,0.0,0.0,2023-03-17,1.69,95.3,95.3,190.59,1.56,0.31,0.49,0.0,0.0,2023-04-21,36.69,442.37,442.37,884.73,7.22,193.19,212.2,64.22,88.35
2023-03-16,2023-03-16 21:00,12583.0,26.6200008392334,2023-03-17,0.69,57.99,57.99,115.98,0.92,0.0,0.0,0.0,0.0,2023-03-17,0.69,57.99,57.99,115.98,0.92,0.0,0.0,0.0,0.0,2023-04-21,35.69,415.97,415.97,831.94,6.61,166.91,184.27,48.4,68.58
2023-03-17,2023-03-17 21:00,12594.650390625,28.350000381469727,2023-03-24,6.69,192.65,192.65,385.3,3.06,19.81,23.93,0.42,1.07,2023-04-21,34.69,437.2,437.2,874.39,6.94,184.0,202.56,57.65,80.33,2023-05-19,62.69,585.65,585.65,1171.29,9.3,311.95,338.7,140.63,181.36
2023-03-20,2023-03-20 21:00,12688.5,27.549999237060547,2023-03-24,3.69,140.11,140.11,280.21,2.21,4.28,5.65,0.01,0.03,2023-04-21,31.69,409.26,409.26,818.52,6.45,160.05,176.97,44.49,63.62,2023-05-19,59.69,559.7,559.7,1119.41,8.82,287.49,312.79,122.78,160.16
2023-03-21,2023-03-21 21:00,12867.25,25.68000030517578,2023-03-24,2.69,113.08,113.08,226.15,1.76,0.93,1.36,0.0,0.0,2023-04-21,30.69,380.76,380.76,761.53,5.92,135.42,150.61,32.11,47.54,2023-05-19,58.69,524.71,524.71,1049.43,8.16,254.25,277.57,99.41,132.11
2023-03-22,2023-03-22 21:00,12707.0,26.600000381469727,2023-03-24,1.69,91.67,91.67,183.34,1.44,0.15,0.25,0.0,0.0,2023-04-21,29.69,383.14,383.14,766.27,6.03,139.21,154.62,34.23,50.27,2023-05-19,57.69,532.2,532.2,1064.4,8.38,263.17,286.97,106.14,140.13
2023-03-23,2023-03-23 21:00,12854.0,26.559999465942383,2023-03-24,0.69,59.11,59.11,118.21,0.92,0.0,0.0,0.0,0.0,2023-04-21,28.69,380.46,380.46,760.92,5.92,135.31,150.49,32.09,47.5,2023-05-19,56.69,532.94,532.94,1065.87,8.29,261.5,285.27,104.23,137.95
2023-03-24,2023-03-24 21:00,12890.25,25.780000686645508,2023-03-31,6.69,179.3,179.3,358.6,2.78,13.74,16.95,0.15,0.45,2023-04-21,27.69,363.87,363.87,727.73,5.65,122.25,136.44,26.3,39.77,2023-05-19,55.69,514.23,514.23,1028.45,7.98,244.83,267.55,93.17,124.54
2023-03-27,2023-03-27 21:00,12788.5,25.06999969482422,2023-03-31,3.69,128.5,128.5,257.0,2.01,2.42,3.32,0.0,0.01,2023-04-21,24.69,331.62,331.62,663.23,5.19,99.68,112.03,17.65,27.85,2023-05-19,52.69,482.76,482.76,965.52,7.55,219.54,240.57,77.79,105.58
2023-03-28,2023-03-28 21:00,12732.5,24.5,2023-03-31,2.69,106.75,106.75,213.5,1.68,0.63,0.94,0.0,0.0,2023-04-21,23.69,316.1,316.1,632.19,4.97,89.3,100.77,14.15,22.89,2023-05-19,51.69,465.31,465.31,930.61,7.31,205.68,225.76,69.7,95.5
2023-03-29,2023-03-29 21:00,12965.0,23.989999771118164,2023-03-31,1.69,84.35,84.35,168.7,1.3,0.05,0.09,0.0,0.0,2023-04-21,22.69,308.49,308.49,616.97,4.76,81.75,92.62,11.53,19.13,2023-05-19,50.69,459.49,459.49,918.99,7.09,197.53,217.17,64.03,88.57
2023-03-30,2023-03-30 21:00,13082.0,23.989999771118164,2023-03-31,0.69,54.33,54.33,108.67,0.83,0.0,0.0,0.0,0.0,2023-04-21,21.69,304.37,304.37,608.74,4.65,77.85,88.41,10.29,17.32,2023-05-19,49.69,459.1,459.1,918.2,7.02,195.54,215.11,62.45,86.67
2023-03-31,2023-03-31 21:00,13301.75,23.600000381469727,2023-04-07,6.69,169.38,169.38,338.75,2.55,9.49,11.98,0.05,0.18,2023-04-21,20.69,297.39,297.39,594.78,4.47,71.25,81.25,8.33,14.42,2023-05-19,48.69,454.64,454.64,909.28,6.84,188.82,208.03,57.9,81.06
2023-04-03,2023-04-03 21:00,13270.0,23.670000076293945,2023-04-07,3.69,125.89,125.89,251.79,1.9,1.7,2.39,0.0,0.0,2023-04-21,17.69,275.24,275.24,550.48,4.15,57.7,66.39,5.24,9.59,2023-05-19,45.69,440.83,440.83,881.65,6.64,177.96,196.41,52.12,73.69
2023-04-04,2023-04-04 21:00,13219.0,24.280000686645508,2023-04-07,2.69,109.83,109.83,219.67,1.66,0.6,0.91,0.0,0.0,2023-04-21,16.69,273.21,273.21,546.43,4.13,56.89,65.48,5.1,9.36,2023-05-19,44.69,445.54,445.54,891.08,6.74,182.45,201.18,54.69,76.94
2023-04-05,2023-04-05 21:00,13079.75,24.6200008392334,2023-04-07,1.69,87.33,87.33,174.67,1.34,0.06,0.12,0.0,0.0,2023-04-21,15.69,265.81,265.81,531.63,4.06,53.59,61.82,4.51,8.4,2023-05-19,43.69,442.04,442.04,884.08,6.76,181.48,200.08,54.62,76.78
2023-04-06,2023-04-06 21:00,13170.75,23.860000610351562,2023-04-07,0.69,54.41,54.41,108.81,0.83,0.0,0.0,0.0,0.0,2023-04-21,14.69,251.03,251.03,502.06,3.81,44.49,51.76,2.91,5.73,2023-05-19,42.69,426.47,426.47,852.94,6.48,167.68,185.35,47.03,67.12
2023-04-10,2023-04-10 21:00,13158.0,24.559999465942383,2023-04-14,3.69,129.52,129.52,259.05,1.97,2.18,3.01,0.0,0.0,2023-04-21,10.69,220.31,220.31,440.63,3.35,28.95,34.37,1.03,2.33,2023-05-19,38.69,417.71,417.71,835.41,6.35,160.78,177.96,43.54,62.61
2023-04-11,2023-04-11 21:00,13074.75,24.709999084472656,2023-04-14,2.69,110.56,110.56,221.12,1.69,0.69,1.04,0.0,0.0,2023-04-21,9.69,209.73,209.73,419.45,3.21,24.64,29.48,0.69,1.65,2023-05-19,37.69,412.22,412.22,824.43,6.31,157.49,174.39,42.12,60.74
2023-04-12,2023-04-12 21:00,12952.25,24.489999771118164,2023-04-14,1.69,86.03,86.03,172.05,1.33,0.06,0.11,0.0,0.0,2023-04-21,8.69,195.02,195.02,390.04,3.01,19.17,23.23,0.37,0.96,2023-05-19,36.69,399.37,399.37,798.73,6.17,148.92,165.14,38.25,55.64
2023-04-13,2023-04-13 21:00,13209.75,23.280000686645508,2023-04-14,0.69,53.24,53.24,106.48,0.81,0.0,0.0,0.0,0.0,2023-04-21,7.69,177.88,177.88,355.75,2.69,12.22,15.19,0.11,0.33,2023-05-19,35.69,381.92,381.92,763.85,5.78,132.26,147.34,29.97,44.8
2023-04-14,2023-04-14 21:00,13181.25,22.219999313354492,2023-04-21,6.69,158.03,158.03,316.06,2.4,6.97,8.95,0.02,0.09,2023-04-21,6.69,158.03,158.03,316.06,2.4,6.97,8.95,0.02,0.09,2023-05-19,34.69,358.67,358.67,717.33,5.44,115.16,128.89,22.9,35.23
2023-04-17,2023-04-17 21:00,13186.5,21.90999984741211,2023-04-21,3.69,115.8,115.8,231.6,1.76,0.95,1.39,0.0,0.0,2023-04-21,3.69,115.8,115.8,231.6,1.76,0.95,1.39,0.0,0.0,2023-05-19,31.69,338.29,338.29,676.57,5.13,100.29,112.82,17.32,27.49
2023-04-18,2023-04-18 21:00,13193.0,21.40999984741211,2023-04-21,2.69,96.66,96.66,193.32,1.47,0.18,0.3,0.0,0.0,2023-04-21,2.69,96.66,96.66,193.32,1.47,0.18,0.3,0.0,0.0,2023-05-19,30.69,325.51,325.51,651.02,4.93,91.24,103.01,14.25,23.13
2023-04-19,2023-04-19 21:00,13183.0,21.239999771118164,2023-04-21,1.69,75.94,75.94,151.88,1.15,0.01,0.02,0.0,0.0,2023-04-21,1.69,75.94,75.94,151.88,1.15,0.01,0.02,0.0,0.0,2023-05-19,29.69,317.42,317.42,634.84,4.82,85.77,97.06,12.53,20.64
2023-04-20,2023-04-20 21:00,13074.25,21.770000457763672,2023-04-21,0.69,49.28,49.28,98.55,0.75,0.0,0.0,0.0,0.0,2023-04-21,0.69,49.28,49.28,98.55,0.75,0.0,0.0,0.0,0.0,2023-05-19,28.69,317.21,317.21,634.42,4.85,86.69,98.03,12.93,21.2
2023-04-21,2023-04-21 21:00,13090.5,21.290000915527344,2023-04-28,6.69,150.37,150.37,300.75,2.3,5.52,7.18,0.01,0.05,2023-05-19,27.69,305.18,305.18,610.36,4.66,78.4,89.01,10.44,17.55,2023-06-16,55.69,431.32,431.32,862.64,6.59,172.9,190.9,50.06,70.95
2023-04-24,2023-04-24 21:00,13056.5,21.520000457763672,2023-04-28,3.69,112.62,112.62,225.23,1.73,0.82,1.21,0.0,0.0,2023-05-19,24.69,290.64,290.64,581.27,4.45,69.18,78.92,7.99,13.87,2023-06-16,52.69,423.13,423.13,846.25,6.48,166.71,184.26,46.91,66.91
2023-04-25,2023-04-25 21:00,12809.5,22.969999313354492,2023-04-28,2.69,100.69,100.69,201.38,1.57,0.36,0.56,0.0,0.0,2023-05-19,23.69,298.16,298.16,596.31,4.66,76.34,86.69,10.11,17.01,2023-06-16,51.69,438.9,438.9,877.81,6.85,182.78,201.35,56.3,78.74
2023-04-26,2023-04-26 21:00,12887.75,22.770000457763672,2023-04-28,1.69,79.59,79.59,159.17,1.24,0.02,0.05,0.0,0.0,2023-05-19,22.69,291.06,291.06,582.11,4.52,70.95,80.82,8.57,14.73,2023-06-16,50.69,433.54,433.54,867.08,6.73,177.32,195.55,53.05,74.66
2023-04-27,2023-04-27 21:00,13231.25,21.049999237060547,2023-04-28,0.69,48.22,48.22,96.44,0.73,0.0,0.0,0.0,0.0,2023-05-19,21.69,270.12,270.12,540.25,4.08,55.02,63.41,4.72,8.76,2023-06-16,49.69,407.46,407.46,814.93,6.16,151.99,168.54,39.05,56.81
2023-04-28,2023-04-28 21:00,13320.25,20.1200008392334,2023-05-05,6.69,144.6,144.6,289.21,2.17,4.08,5.42,0.0,0.02,2023-05-19,20.69,253.9,253.9,507.79,3.81,45.07,52.43,2.95,5.82,2023-06-16,48.69,388.17,388.17,776.34,5.83,135.93,151.33,31.4,46.74
2023-05-01,2023-05-01 21:00,13306.75,20.190000534057617,2023-05-05,3.69,107.68,107.68,215.36,1.62,0.48,0.74,0.0,0.0,2023-05-19,17.69,235.43,235.43,470.86,3.54,35.43,41.68,1.66,3.54,2023-06-16,45.69,377.09,377.09,754.17,5.67,127.63,142.39,27.81,41.93
2023-05-02,2023-05-02 21:00,13184.5,21.6299991607666,2023-05-05,2.69,97.59,97.59,195.18,1.48,0.2,0.33,0.0,0.0,2023-05-19,16.69,242.77,242.77,485.53,3.68,39.97,46.74,2.25,4.6,2023-06-16,44.69,395.9,395.9,791.8,6.01,143.46,159.38,35.12,51.62
2023-05-03,2023-05-03 21:00,13100.75,22.030000686645508,2023-05-05,1.69,78.27,78.27,156.54,1.19,0.02,0.03,0.0,0.0,2023-05-19,15.69,238.24,238.24,476.48,3.64,38.15,44.69,2.03,4.2,2023-06-16,43.69,396.2,396.2,792.4,6.05,144.72,160.69,35.9,52.62
2023-05-04,2023-05-04 21:00,13043.75,23.139999389648438,2023-05-05,0.69,52.26,52.26,104.51,0.8,0.0,0.0,0.0,0.0,2023-05-19,14.69,241.11,241.11,482.22,3.7,40.02,46.77,2.29,4.66,2023-06-16,42.69,409.62,409.62,819.24,6.28,155.94,172.71,41.46,59.86
2023-05-05,2023-05-05 21:00,13317.75,20.360000610351562,2023-05-12,6.69,146.3,146.3,292.6,2.2,4.37,5.78,0.01,0.03,2023-05-19,13.69,209.12,209.12,418.25,3.14,23.21,27.89,0.58,1.42,2023-06-16,41.69,363.71,363.71,727.42,5.46,117.45,131.42,23.59,36.21
2023-05-08,2023-05-08 21:00,13352.25,20.309999465942383,2023-05-12,3.69,108.69,108.69,217.38,1.63,0.51,0.78,0.0,0.0,2023-05-19,10.69,184.88,184.88,369.77,2.77,13.98,17.26,0.15,0.45,2023-06-16,38.69,350.55,350.55,701.11,5.25,107.41,120.58,19.67,30.82
2023-05-09,2023-05-09 21:00,13264.75,20.850000381469727,2023-05-12,2.69,94.65,94.65,189.29,1.43,0.14,0.24,0.0,0.0,2023-05-19,9.69,179.54,179.54,359.08,2.71,12.56,15.6,0.11,0.35,2023-06-16,37.69,352.91,352.91,705.81,5.32,110.06,123.41,20.8,32.36
2023-05-10,2023-05-10 21:00,13409.5,19.760000228881836,2023-05-12,1.69,71.86,71.86,143.72,1.07,0.0,0.01,-0.0,0.0,2023-05-19,8.69,162.91,162.91,325.82,2.43,7.59,9.71,0.03,0.1,2023-06-16,36.69,333.64,333.64,667.27,4.98,94.77,106.9,15.16,24.47
2023-05-11,2023-05-11 21:00,13446.5,19.399999618530273,2023-05-12,0.69,45.16,45.16,90.32,0.67,0.0,0.0,0.0,0.0,2023-05-19,7.69,150.89,150.89,301.78,2.24,4.98,6.54,0.01,0.04,2023-06-16,35.69,324.0,324.0,647.99,4.82,87.74,99.27,12.87,21.18
2023-05-12,2023-05-12 21:00,13396.25,19.530000686645508,2023-05-19,6.69,141.16,141.16,282.33,2.11,3.43,4.61,0.0,0.01,2023-05-19,6.69,141.16,141.16,282.33,2.11,3.43,4.61,0.0,0.01,2023-06-16,34.69,320.4,320.4,640.8,4.78,85.77,97.12,12.32,20.37
2023-05-15,2023-05-15 21:00,13468.0,19.549999237060547,2023-05-19,3.69,105.53,105.53,211.06,1.57,0.37,0.57,0.0,0.0,2023-05-19,3.69,105.53,105.53,211.06,1.57,0.37,0.57,0.0,0.0,2023-06-16,31.69,308.3,308.3,616.6,4.58,76.97,87.54,9.72,16.54
2023-05-16,2023-05-16 21:00,13483.25,19.84000015258789,2023-05-19,2.69,91.54,91.54,183.09,1.36,0.08,0.14,0.0,0.0,2023-05-19,2.69,91.54,91.54,183.09,1.36,0.08,0.14,0.0,0.0,2023-06-16,30.69,308.28,308.28,616.57,4.57,76.8,87.36,9.66,16.45
2023-05-17,2023-05-17 21:00,13643.5,19.15999984741211,2023-05-19,1.69,70.9,70.9,141.79,1.04,0.0,0.0,0.0,0.0,2023-05-19,1.69,70.9,70.9,141.79,1.04,0.0,0.0,0.0,0.0,2023-06-16,29.69,296.35,296.35,592.69,4.34,67.69,77.44,7.24,12.78
2023-05-18,2023-05-18 21:00,13894.0,19.31999969482422,2023-05-19,0.69,46.47,46.47,92.95,0.67,0.0,0.0,0.0,0.0,2023-05-19,0.69,46.47,46.47,92.95,0.67,0.0,0.0,0.0,0.0,2023-06-16,28.69,299.17,299.17,598.35,4.31,67.29,77.05,6.99,12.42
2023-05-19,2023-05-19 21:00,13858.0,19.68000030517578,2023-05-26,6.69,147.15,147.15,294.3,2.12,3.72,4.98,0.0,0.02,2023-06-16,27.69,298.65,298.65,597.3,4.31,67.26,77.01,7.0,12.43,2023-07-21,62.69,447.46,447.46,894.92,6.46,175.85,194.38,49.28,70.34
2023-05-22,2023-05-22 21:00,13902.5,19.969999313354492,2023-05-26,3.69,111.28,111.28,222.55,1.6,0.46,0.71,0.0,0.0,2023-06-16,24.69,287.18,287.18,574.37,4.13,59.84,68.87,5.37,9.86,2023-07-21,59.69,444.64,444.64,889.27,6.4,172.95,191.3,47.65,68.27
2023-05-23,2023-05-23 21:00,13728.75,20.989999771118164,2023-05-26,2.69,98.61,98.61,197.23,1.44,0.16,0.26,0.0,0.0,2023-06-16,23.69,292.01,292.01,584.03,4.25,64.19,73.62,6.38,11.45,2023-07-21,58.69,457.67,457.67,915.33,6.67,185.69,204.87,54.83,77.39
2023-05-24,2023-05-24 21:00,13650.25,22.399999618530273,2023-05-26,1.69,82.92,82.92,165.85,1.21,0.02,0.04,0.0,0.0,2023-06-16,22.69,303.27,303.27,606.54,4.44,71.92,82.07,8.25,14.34,2023-07-21,57.69,481.5,481.5,963.0,7.05,206.24,226.81,66.47,92.06
2023-05-25,2023-05-25 21:00,13976.5,21.690000534057617,2023-05-26,0.69,52.48,52.48,104.97,0.75,0.0,0.0,0.0,0.0,2023-06-16,21.69,294.01,294.01,588.03,4.21,63.32,72.72,6.05,10.96,2023-07-21,56.69,473.3,473.3,946.59,6.77,194.98,214.93,59.02,82.85
2023-05-26,2023-05-26 21:00,14332.5,22.209999084472656,2023-06-02,6.69,171.75,171.75,343.51,2.4,7.56,9.71,0.02,0.09,2023-06-16,20.69,301.56,301.56,603.13,4.21,64.96,74.6,6.21,11.24,2023-07-21,55.69,492.64,492.64,985.28,6.87,205.87,226.73,63.77,89.08
2023-05-30,2023-05-30 21:00,14396.75,22.420000076293945,2023-06-02,2.69,110.46,110.46,220.91,1.53,0.32,0.51,0.0,0.0,2023-06-16,16.69,274.77,274.77,549.53,3.82,48.86,56.83,3.21,6.33,2023-07-21,51.69,481.49,481.49,962.97,6.69,195.82,216.02,58.05,81.86
2023-05-31,2023-05-31 21:00,14300.5,22.1200008392334,2023-06-02,1.69,85.79,85.79,171.58,1.2,0.02,0.03,0.0,0.0,2023-06-16,15.69,261.12,261.12,522.24,3.65,42.19,49.4,2.29,4.71,2023-07-21,50.69,467.34,467.34,934.68,6.54,185.68,205.12,52.98,75.33
2023-06-01,2023-06-01 21:00,14472.25,20.459999084472656,2023-06-02,0.69,51.26,51.26,102.53,0.71,0.0,0.0,0.0,0.0,2023-06-16,14.69,236.54,236.54,473.07,3.27,29.25,34.87,0.91,2.13,2023-07-21,49.69,433.2,433.2,866.39,5.99,156.52,173.91,38.12,56.1
2023-06-02,2023-06-02 21:00,14575.25,19.290000915527344,2023-06-09,6.69,151.7,151.7,303.4,2.08,3.46,4.67,0.0,0.01,2023-06-16,13.69,216.84,216.84,433.69,2.98,20.6,25.03,0.37,0.97,2023-07-21,48.69,407.23,407.23,814.46,5.59,135.5,151.33,28.67,43.51
2023-06-05,2023-06-05 21:00,14588.75,19.420000076293945,2023-06-09,3.69,113.55,113.55,227.11,1.56,0.37,0.59,0.0,0.0,2023-06-16,10.69,193.15,193.15,386.31,2.65,12.51,15.63,0.09,0.31,2023-07-21,45.69,397.66,397.66,795.31,5.45,128.18,143.43,25.66,39.42
2023-06-06,2023-06-06 21:00,14586.5,18.540000915527344,2023-06-09,2.69,92.55,92.55,185.09,1.27,0.04,0.07,0.0,0.0,2023-06-16,9.69,175.56,175.56,351.11,2.41,7.88,10.11,0.03,0.1,2023-07-21,44.69,375.45,375.45,750.9,5.15,112.07,126.02,19.59,31.01
2023-06-07,2023-06-07 21:00,14331.5,19.209999084472656,2023-06-09,1.69,74.66,74.66,149.33,1.04,0.0,0.0,0.0,0.0,2023-06-16,8.69,169.27,169.27,338.53,2.36,7.01,9.05,0.02,0.08,2023-07-21,43.69,377.96,377.96,755.92,5.27,116.61,130.85,21.62,33.78
2023-06-08,2023-06-08 21:00,14503.0,18.65999984741211,2023-06-09,0.69,46.85,46.85,93.71,0.65,0.0,0.0,0.0,0.0,2023-06-16,7.69,156.54,156.54,313.08,2.16,4.29,5.72,0.0,0.02,2023-07-21,42.69,367.3,367.3,734.61,5.07,107.14,120.65,17.98,28.71
2023-06-09,2023-06-09 21:00,14556.25,18.889999389648438,2023-06-16,6.69,148.36,148.36,296.72,2.04,3.03,4.12,0.0,0.01,2023-06-16,6.69,148.36,148.36,296.72,2.04,3.03,4.12,0.0,0.01,2023-07-21,41.69,368.84,368.84,737.69,5.07,107.65,121.22,18.08,28.87
2023-06-12,2023-06-12 21:00,14800.5,20.459999084472656,2023-06-16,3.69,121.37,121.37,242.74,1.64,0.6,0.92,0.0,0.0,2023-06-16,3.69,121.37,121.37,242.74,1.64,0.6,0.92,0.0,0.0,2023-07-21,38.69,391.45,391.45,782.89,5.29,121.14,135.9,22.58,35.24
2023-06-13,2023-06-13 21:00,14914.25,20.059999465942383,2023-06-16,2.69,102.38,102.38,204.77,1.37,0.1,0.18,0.0,0.0,2023-06-16,2.69,102.38,102.38,204.77,1.37,0.1,0.18,0.0,0.0,2023-07-21,37.69,381.76,381.76,763.52,5.12,112.94,127.07,19.44,30.87
2023-06-14,2023-06-14 21:00,15012.75,19.719999313354492,2023-06-16,1.69,80.29,80.29,160.58,1.07,0.0,0.01,0.0,0.0,2023-06-16,1.69,80.29,80.29,160.58,1.07,0.0,0.01,0.0,0.0,2023-07-21,36.69,372.77,372.77,745.54,4.97,105.58,119.11,16.8,27.15
2023-06-15,2023-06-15 21:00,15188.0,20.280000686645508,2023-06-16,0.69,53.33,53.33,106.65,0.7,0.0,0.0,0.0,0.0,2023-06-16,0.69,53.33,53.33,106.65,0.7,0.0,0.0,0.0,0.0,2023-07-21,35.69,382.55,382.55,765.11,5.04,110.59,124.6,18.26,29.27
2023-06-16,2023-06-16 21:00,15316.6103515625,19.549999237060547,2023-06-23,6.69,161.57,161.57,323.13,2.11,3.95,5.3,0.0,0.02,2023-07-21,34.69,366.71,366.71,733.41,4.79,98.32,111.32,14.16,23.4,2023-08-18,62.69,491.29,491.29,982.58,6.42,191.75,212.05,53.13,76.02
2023-06-20,2023-06-20 21:00,15256.5,19.950000762939453,2023-06-23,2.69,104.16,104.16,208.32,1.37,0.1,0.17,0.0,0.0,2023-07-21,30.69,350.76,350.76,701.52,4.6,88.17,100.24,11.28,19.13,2023-08-18,58.69,483.41,483.41,966.82,6.34,186.17,206.05,50.45,72.54
2023-06-21,2023-06-21 21:00,15044.0,19.290000915527344,2023-06-23,1.69,78.7,78.7,157.41,1.05,0.0,0.0,0.0,0.0,2023-07-21,29.69,328.98,328.98,657.96,4.37,76.04,86.92,8.31,14.6,2023-08-18,57.69,457.03,457.03,914.05,6.08,168.09,186.57,42.19,61.68
2023-06-22,2023-06-22 21:00,15214.75,18.81999969482422,2023-06-23,0.69,49.57,49.57,99.15,0.65,0.0,0.0,0.0,0.0,2023-07-21,28.69,319.14,319.14,638.27,4.2,68.47,78.65,6.5,11.78,2023-08-18,56.69,447.09,447.09,894.17,5.88,158.28,176.09,37.24,55.22
2023-06-23,2023-06-23 21:00,15058.25,19.290000915527344,2023-06-30,6.69,156.73,156.73,313.46,2.08,3.57,4.83,0.0,0.01,2023-07-21,27.69,318.09,318.09,636.17,4.22,69.11,79.32,6.72,12.12,2023-08-18,55.69,449.57,449.57,899.14,5.97,162.08,180.12,39.33,57.93
2023-06-26,2023-06-26 21:00,14856.5,20.3700008392334,2023-06-30,3.69,121.29,121.29,242.59,1.63,0.58,0.89,0.0,0.0,2023-07-21,24.69,313.04,313.04,626.07,4.21,67.66,77.69,6.51,11.77,2023-08-18,52.69,455.74,455.74,911.49,6.14,169.34,187.83,43.23,62.97
2023-06-27,2023-06-27 21:00,15111.5,20.079999923706055,2023-06-30,2.69,103.84,103.84,207.68,1.37,0.11,0.18,0.0,0.0,2023-07-21,23.69,307.49,307.49,614.99,4.07,62.26,71.79,5.28,9.83,2023-08-18,51.69,452.67,452.67,905.34,5.99,163.74,181.92,39.96,58.78
2023-06-28,2023-06-28 21:00,15130.0,20.020000457763672,2023-06-30,1.69,82.15,82.15,164.3,1.09,0.0,0.01,0.0,0.0,2023-07-21,22.69,300.44,300.44,600.87,3.97,58.0,67.09,4.48,8.52,2023-08-18,50.69,447.53,447.53,895.06,5.92,159.52,177.4,37.97,56.16
2023-06-29,2023-06-29 21:00,15100.25,19.979999542236328,2023-06-30,0.69,52.23,52.23,104.47,0.69,0.0,0.0,0.0,0.0,2023-07-21,21.69,292.61,292.61,585.23,3.88,53.76,62.4,3.77,7.32,2023-08-18,49.69,441.39,441.39,882.79,5.85,155.15,172.69,36.07,53.62
2023-06-30,2023-06-30 21:00,15337.0,19.549999237060547,2023-07-07,6.69,161.78,161.78,323.56,2.11,3.95,5.31,0.0,0.02,2023-07-21,20.69,284.06,284.06,568.12,3.7,47.42,55.4,2.75,5.57,2023-08-18,48.69,434.29,434.29,868.57,5.66,146.92,163.91,31.98,48.24
2023-07-03,2023-07-04 06:30,15364.75,19.8700008392334,2023-07-07,3.29,115.62,115.62,231.23,1.5,0.28,0.45,0.0,0.0,2023-07-21,17.29,264.54,264.54,529.07,3.44,37.31,44.09,1.53,3.36,2023-08-18,45.29,426.67,426.67,853.34,5.55,140.81,157.34,29.37,44.72
2023-07-05,2023-07-05 21:00,15360.75,19.90999984741211,2023-07-07,1.69,82.94,82.94,165.89,1.08,0.0,0.01,-0.0,0.0,2023-07-21,15.69,252.46,252.46,504.92,3.29,31.68,37.74,1.02,2.37,2023-08-18,43.69,419.86,419.86,839.72,5.47,135.78,151.9,27.34,41.94
2023-07-06,2023-07-06 21:00,15238.0,21.110000610351562,2023-07-07,0.69,55.69,55.69,111.38,0.73,0.0,0.0,0.0,0.0,2023-07-21,14.69,256.96,256.96,513.93,3.37,34.41,40.81,1.27,2.85,2023-08-18,42.69,436.57,436.57,873.14,5.73,149.68,166.85,33.34,50.03
2023-07-07,2023-07-07 21:00,15181.75,20.600000381469727,2023-07-14,6.69,168.74,168.74,337.49,2.22,5.32,7.01,0.01,0.04,2023-07-21,13.69,241.2,241.2,482.41,3.18,27.65,33.14,0.74,1.78,2023-08-18,41.69,419.5,419.5,839.01,5.53,137.51,153.72,28.35,43.27
2023-07-10,2023-07-10 21:00,15187.0,21.079999923706055,2023-07-14,3.69,128.31,128.31,256.63,1.69,0.8,1.2,0.0,0.0,2023-07-21,10.69,218.26,218.26,436.52,2.87,18.62,22.8,0.26,0.73,2023-08-18,38.69,413.83,413.83,827.67,5.45,133.2,149.06,26.6,40.88
2023-07-11,2023-07-11 21:00,15260.0,20.899999618530273,2023-07-14,2.69,109.14,109.14,218.29,1.43,0.17,0.28,0.0,0.0,2023-07-21,9.69,207.04,207.04,414.08,2.71,14.61,18.13,0.13,0.42,2023-08-18,37.69,406.96,406.96,813.92,5.33,127.32,142.74,24.19,37.59
2023-07-12,2023-07-12 21:00,15444.75,19.479999542236328,2023-07-14,1.69,81.6,81.6,163.19,1.06,0.0,0.01,0.0,0.0,2023-07-21,8.69,184.98,184.98,369.96,2.4,8.13,10.45,0.03,0.1,2023-08-18,36.69,378.83,378.83,757.66,4.91,105.38,119.03,16.23,26.42
2023-07-13,2023-07-13 21:00,15711.5,19.780000686645508,2023-07-14,0.69,53.8,53.8,107.61,0.68,0.0,0.0,0.0,0.0,2023-07-21,7.69,179.76,179.76,359.52,2.29,6.48,8.45,0.01,0.06,2023-08-18,35.69,385.99,385.99,771.97,4.91,107.6,121.52,16.64,27.06
2023-07-14,2023-07-14 21:00,15694.25,19.649999618530273,2023-07-21,6.69,166.4,166.4,332.79,2.12,4.17,5.59,0.0,0.02,2023-07-21,6.69,166.4,166.4,332.79,2.12,4.17,5.59,0.0,0.02,2023-08-18,34.69,377.67,377.67,755.34,4.81,102.05,115.48,14.91,24.56
2023-07-17,2023-07-17 21:00,15840.75,19.43000030517578,2023-07-21,3.69,123.36,123.36,246.72,1.56,0.41,0.64,0.0,0.0,2023-07-21,3.69,123.36,123.36,246.72,1.56,0.41,0.64,0.0,0.0,2023-08-18,31.69,360.39,360.39,720.78,4.55,89.08,101.38,11.04,18.87
2023-07-18,2023-07-18 21:00,15974.75,19.290000915527344,2023-07-21,2.69,105.45,105.45,210.91,1.32,0.07,0.12,0.0,0.0,2023-07-21,2.69,105.45,105.45,210.91,1.32,0.07,0.12,0.0,0.0,2023-08-18,30.69,355.13,355.13,710.25,4.45,84.44,96.34,9.74,16.9
2023-07-19,2023-07-19 21:00,15959.25,19.68000030517578,2023-07-21,1.69,85.18,85.18,170.36,1.07,0.0,0.01,0.0,0.0,2023-07-21,1.69,85.18,85.18,170.36,1.07,0.0,0.01,0.0,0.0,2023-08-18,29.69,356.05,356.05,712.1,4.46,85.15,97.12,9.93,17.19
2023-07-20,2023-07-20 21:00,15592.25,20.200000762939453,2023-07-21,0.69,54.53,54.53,109.06,0.7,0.0,0.0,0.0,0.0,2023-07-21,0.69,54.53,54.53,109.06,0.7,0.0,0.0,0.0,0.0,2023-08-18,28.69,351.03,351.03,702.06,4.5,85.22,97.1,10.22,17.59
2023-07-21,2023-07-21 21:00,15540.0,19.610000610351562,2023-07-28,6.69,164.43,164.43,328.85,2.12,4.08,5.47,0.0,0.02,2023-08-18,27.69,333.71,333.71,667.41,4.29,74.68,85.55,7.68,13.68,2023-09-15,55.69,471.65,471.65,943.29,6.07,173.24,192.3,43.38,63.46
2023-07-24,2023-07-24 21:00,15561.25,19.829999923706055,2023-07-28,3.69,123.68,123.68,247.36,1.59,0.48,0.75,0.0,0.0,2023-08-18,24.69,319.2,319.2,638.39,4.1,65.64,75.61,5.74,10.6,2023-09-15,52.69,464.71,464.71,929.43,5.97,167.53,186.17,40.65,59.87
2023-07-25,2023-07-25 21:00,15673.0,19.709999084472656,2023-07-28,2.69,105.71,105.71,211.43,1.35,0.09,0.15,0.0,0.0,2023-08-18,23.69,313.04,313.04,626.09,3.99,61.14,70.67,4.84,9.14,2023-09-15,51.69,460.84,460.84,921.68,5.88,163.16,181.51,38.39,56.93
2023-07-26,2023-07-26 21:00,15610.75,18.989999771118164,2023-07-28,1.69,80.4,80.4,160.8,1.03,0.0,0.0,-0.0,0.0,2023-08-18,22.69,294.04,294.04,588.08,3.77,50.93,59.34,3.18,6.34,2023-09-15,50.69,438.0,438.0,876.01,5.61,146.55,163.61,31.3,47.41
2023-07-27,2023-07-27 21:00,15571.0,19.829999923706055,2023-07-28,0.69,53.46,53.46,106.91,0.69,0.0,0.0,0.0,0.0,2023-08-18,21.69,299.47,299.47,598.94,3.85,54.18,62.95,3.69,7.21,2023-09-15,49.69,451.74,451.74,903.48,5.8,157.38,175.26,36.03,53.75
2023-07-28,2023-07-28 21:00,15847.5,18.920000076293945,2023-08-04,6.69,161.78,161.78,323.56,2.04,3.33,4.53,0.0,0.01,2023-08-18,20.69,284.06,284.06,568.11,3.58,44.08,51.75,2.2,4.62,2023-09-15,48.69,434.29,434.29,868.57,5.48,141.01,157.72,28.59,43.8
2023-07-31,2023-07-31 21:00,15857.5,19.31999969482422,2023-08-04,3.69,122.79,122.79,245.59,1.55,0.38,0.61,0.0,0.0,2023-08-18,17.69,268.47,268.47,536.95,3.39,36.34,43.06,1.37,3.07,2023-09-15,45.69,430.01,430.01,860.03,5.42,137.68,154.14,27.24,41.96
2023-08-01,2023-08-01 21:00,15817.25,19.670000076293945,2023-08-04,2.69,106.47,106.47,212.94,1.35,0.09,0.15,0.0,0.0,2023-08-18,16.69,264.86,264.86,529.71,3.35,34.87,41.4,1.24,2.81,2023-09-15,44.69,431.94,431.94,863.87,5.46,139.54,156.12,28.04,43.04
2023-08-02,2023-08-02 21:00,15473.0,22.1299991607666,2023-08-04,1.69,92.86,92.86,185.73,1.2,0.02,0.04,0.0,0.0,2023-08-18,15.69,282.65,282.65,565.31,3.65,45.72,53.52,2.49,5.11,2023-09-15,43.69,470.06,470.06,940.13,6.08,172.57,191.56,43.18,63.17
2023-08-03,2023-08-03 21:00,15438.75,22.079999923706055,2023-08-04,0.69,59.02,59.02,118.03,0.76,0.0,0.0,0.0,0.0,2023-08-18,14.69,272.31,272.31,544.62,3.53,40.65,47.84,1.88,4.01,2023-09-15,42.69,462.63,462.63,925.27,5.99,167.21,185.78,40.75,59.96
2023-08-04,2023-08-04 21:00,15354.0,22.020000457763672,2023-08-11,6.69,182.42,182.42,364.84,2.38,7.74,9.98,0.02,0.09,2023-08-18,13.69,260.75,260.75,521.51,3.4,35.53,42.08,1.36,3.03,2023-09-15,41.69,453.49,453.49,906.99,5.91,161.18,179.27,38.18,56.53
2023-08-07,2023-08-07 21:00,15485.5,20.81999969482422,2023-08-11,3.69,129.22,129.22,258.45,1.67,0.74,1.11,0.0,0.0,2023-08-18,10.69,219.81,219.81,439.61,2.84,18.03,22.13,0.23,0.66,2023-09-15,38.69,416.77,416.77,833.53,5.38,131.99,147.87,25.62,39.63
2023-08-08,2023-08-08 21:00,15354.25,21.06999969482422,2023-08-11,2.69,110.71,110.71,221.42,1.44,0.18,0.3,0.0,0.0,2023-08-18,9.69,210.01,210.01,420.03,2.74,15.23,18.87,0.15,0.45,2023-09-15,37.69,412.8,412.8,825.61,5.38,130.54,146.25,25.27,39.11
2023-08-09,2023-08-09 21:00,15178.25,21.5,2023-08-11,1.69,88.5,88.5,177.0,1.17,0.01,0.03,0.0,0.0,2023-08-18,8.69,200.64,200.64,401.27,2.64,12.91,16.13,0.1,0.31,2023-09-15,36.69,410.89,410.89,821.77,5.41,131.09,146.78,25.78,39.75
2023-08-10,2023-08-10 21:00,15201.25,21.030000686645508,2023-08-11,0.69,55.35,55.35,110.69,0.73,0.0,0.0,0.0,0.0,2023-08-18,7.69,184.91,184.91,369.82,2.43,8.66,11.07,0.03,0.12,2023-09-15,35.69,397.04,397.04,794.08,5.22,120.75,135.62,21.82,34.29
2023-08-11,2023-08-11 21:00,15095.75,20.450000762939453,2023-08-18,6.69,166.57,166.57,333.13,2.21,5.08,6.71,0.01,0.03,2023-08-18,6.69,166.57,166.57,333.13,2.21,5.08,6.71,0.01,0.03,2023-09-15,34.69,378.05,378.05,756.1,5.01,108.37,122.17,17.62,28.34
2023-08-14,2023-08-14 21:00,15270.25,20.200000762939453,2023-08-18,3.69,123.63,123.63,247.26,1.62,0.56,0.86,0.0,0.0,2023-08-18,3.69,123.63,123.63,247.26,1.62,0.56,0.86,0.0,0.0,2023-09-15,31.69,361.18,361.18,722.35,4.73,94.99,107.67,13.21,21.99
2023-08-15,2023-08-15 21:00,15106.5,21.3700008392334,2023-08-18,2.69,110.47,110.47,220.95,1.46,0.21,0.34,0.0,0.0,2023-08-18,2.69,110.47,110.47,220.95,1.46,0.21,0.34,0.0,0.0,2023-09-15,30.69,372.03,372.03,744.05,4.93,103.99,117.42,16.16,26.26
2023-08-16,2023-08-16 21:00,14942.25,22.079999923706055,2023-08-18,1.69,89.48,89.48,178.95,1.2,0.02,0.04,0.0,0.0,2023-08-18,1.69,89.48,89.48,178.95,1.2,0.02,0.04,0.0,0.0,2023-09-15,29.69,374.0,374.0,748.01,5.01,107.04,120.68,17.36,27.93
2023-08-17,2023-08-17 21:00,14778.0,22.709999084472656,2023-08-18,0.69,58.1,58.1,116.21,0.79,0.0,0.0,0.0,0.0,2023-08-18,0.69,58.1,58.1,116.21,0.79,0.0,0.0,0.0,0.0,2023-09-15,28.69,374.03,374.03,748.05,5.06,108.74,122.48,18.14,29.01
2023-08-18,2023-08-18 21:00,14744.0,22.010000228881836,2023-08-25,6.69,175.09,175.09,350.19,2.38,7.42,9.56,0.02,0.09,2023-09-15,27.69,355.35,355.35,710.7,4.82,96.13,108.77,14.07,23.17,2023-10-20,62.69,532.39,532.39,1064.78,7.22,233.09,256.0,77.8,106.94
2023-08-21,2023-08-21 21:00,14985.75,21.889999389648438,2023-08-25,3.69,131.48,131.48,262.96,1.75,1.07,1.57,0.0,0.0,2023-09-15,24.69,339.32,339.32,678.63,4.53,83.1,94.63,10.13,17.37,2023-10-20,59.69,525.33,525.33,1050.66,7.01,223.77,246.16,71.48,99.18
2023-08-22,2023-08-22 21:00,14958.5,21.81999969482422,2023-08-25,2.69,111.7,111.7,223.39,1.49,0.25,0.41,0.0,0.0,2023-09-15,23.69,330.75,330.75,661.5,4.42,77.82,88.85,8.8,15.34,2023-10-20,58.69,518.37,518.37,1036.74,6.93,218.39,240.4,68.54,95.47
2023-08-23,2023-08-23 21:00,15195.5,21.360000610351562,2023-08-25,1.69,88.03,88.03,176.05,1.16,0.01,0.02,0.0,0.0,2023-09-15,22.69,321.93,321.93,643.86,4.24,70.25,80.6,6.88,12.4,2023-10-20,57.69,511.14,511.14,1022.28,6.73,209.22,230.71,62.67,88.17
2023-08-24,2023-08-24 21:00,14862.0,22.579999923706055,2023-08-25,0.69,58.1,58.1,116.2,0.78,0.0,0.0,0.0,0.0,2023-09-15,21.69,325.47,325.47,650.93,4.38,75.29,86.05,8.24,14.48,2023-10-20,56.69,523.92,523.92,1047.84,7.05,224.26,246.63,72.2,100.02
2023-08-25,2023-08-25 21:00,14979.25,20.8799991607666,2023-09-01,6.69,168.76,168.76,337.51,2.25,5.67,7.43,0.01,0.04,2023-09-15,20.69,296.3,296.3,592.6,3.96,56.74,65.67,4.32,8.23,2023-10-20,55.69,484.05,484.05,968.11,6.46,190.23,210.28,53.3,76.09
2023-08-28,2023-08-28 21:00,15092.5,20.389999389648438,2023-09-01,3.69,123.34,123.34,246.68,1.63,0.6,0.91,0.0,0.0,2023-09-15,17.69,269.67,269.67,539.34,3.57,41.51,48.76,2.04,4.3,2023-10-20,52.69,463.44,463.44,926.88,6.14,172.38,191.19,44.09,64.19
2023-08-29,2023-08-29 21:00,15415.75,19.329999923706055,2023-09-01,2.69,101.97,101.97,203.95,1.32,0.07,0.12,0.0,0.0,2023-09-15,16.69,253.67,253.67,507.34,3.29,31.94,38.04,1.04,2.4,2023-10-20,51.69,444.54,444.54,889.08,5.77,153.81,171.35,34.8,52.04
2023-08-30,2023-08-30 21:00,15501.25,19.06999969482422,2023-09-01,1.69,80.17,80.17,160.34,1.03,0.0,0.0,-0.0,0.0,2023-09-15,15.69,244.02,244.02,488.04,3.15,27.29,32.77,0.69,1.69,2023-10-20,50.69,436.76,436.76,873.53,5.64,146.9,163.94,31.66,47.85
2023-08-31,2023-08-31 21:00,15538.5,18.739999771118164,2023-09-01,0.69,50.41,50.41,100.83,0.65,0.0,0.0,0.0,0.0,2023-09-15,14.69,232.62,232.62,465.23,2.99,22.52,27.32,0.42,1.1,2023-10-20,49.69,426.03,426.03,852.05,5.48,138.44,154.84,28.11,43.05
2023-09-01,2023-09-01 21:00,15516.25,18.40999984741211,2023-09-08,6.69,154.13,154.13,308.26,1.99,2.73,3.76,0.0,0.01,2023-09-15,13.69,220.31,220.31,440.63,2.84,18.11,22.23,0.23,0.67,2023-10-20,48.69,413.75,413.75,827.5,5.33,129.65,145.34,24.7,38.36
2023-09-05,2023-09-05 21:00,15534.5,19.399999618530273,2023-09-08,2.69,103.13,103.13,206.26,1.33,0.07,0.13,0.0,0.0,2023-09-15,9.69,195.64,195.64,391.28,2.52,10.52,13.32,0.05,0.19,2023-10-20,44.69,418.39,418.39,836.79,5.39,132.76,148.71,25.86,39.96
2023-09-06,2023-09-06 21:00,15399.5,19.790000915527344,2023-09-08,1.69,82.65,82.65,165.3,1.07,0.0,0.01,-0.0,0.0,2023-09-15,8.69,187.37,187.37,374.74,2.43,8.79,11.24,0.03,0.12,2023-10-20,43.69,418.38,418.38,836.77,5.43,134.25,150.27,26.66,41.03
2023-09-07,2023-09-07 21:00,15282.25,19.950000762939453,2023-09-08,0.69,52.78,52.78,105.57,0.69,0.0,0.0,0.0,0.0,2023-09-15,7.69,176.35,176.35,352.7,2.31,6.6,8.59,0.01,0.06,2023-10-20,42.69,413.79,413.79,827.57,5.42,132.17,147.98,26.04,40.15
2023-09-08,2023-09-08 21:00,15297.5,19.149999618530273,2023-09-15,6.69,158.06,158.06,316.13,2.07,3.47,4.7,0.0,0.01,2023-09-15,6.69,158.06,158.06,316.13,2.07,3.47,4.7,0.0,0.01,2023-10-20,41.69,392.96,392.96,785.92,5.14,116.91,131.49,20.32,32.2
2023-09-11,2023-09-11 21:00,15475.75,18.84000015258789,2023-09-15,3.69,116.86,116.86,233.72,1.51,0.29,0.47,0.0,0.0,2023-09-15,3.69,116.86,116.86,233.72,1.51,0.29,0.47,0.0,0.0,2023-10-20,38.69,376.91,376.91,753.81,4.87,103.78,117.29,15.69,25.65
2023-09-12,2023-09-12 21:00,15304.75,19.209999084472656,2023-09-15,2.69,100.61,100.61,201.22,1.31,0.06,0.11,0.0,0.0,2023-09-15,2.69,100.61,100.61,201.22,1.31,0.06,0.11,0.0,0.0,2023-10-20,37.69,375.16,375.16,750.32,4.9,104.28,117.79,16.04,26.12
2023-09-13,2023-09-13 21:00,15356.25,18.06999969482422,2023-09-15,1.69,75.26,75.26,150.51,0.98,0.0,0.0,0.0,0.0,2023-09-15,1.69,75.26,75.26,150.51,0.98,0.0,0.0,0.0,0.0,2023-10-20,36.69,349.41,349.41,698.81,4.55,86.46,98.39,10.74,18.34
2023-09-14,2023-09-14 21:00,15478.0,17.25,2023-09-15,0.69,46.22,46.22,92.45,0.6,0.0,0.0,0.0,0.0,2023-09-15,0.69,46.22,46.22,92.45,0.6,0.0,0.0,0.0,0.0,2023-10-20,35.69,331.62,331.62,663.25,4.29,74.04,84.83,7.58,13.52
2023-09-15,2023-09-15 21:00,15435.2001953125,18.690000534057617,2023-09-22,6.69,155.66,155.66,311.31,2.02,3.0,4.1,0.0,0.01,2023-10-20,34.69,353.29,353.29,706.59,4.58,88.24,100.36,11.15,18.97,2023-11-17,62.69,473.33,473.33,946.65,6.13,176.03,195.24,45.01,65.54
2023-09-18,2023-09-18 21:00,15414.5,18.959999084472656,2023-09-22,3.69,117.14,117.14,234.28,1.52,0.31,0.5,0.0,0.0,2023-10-20,31.69,342.21,342.21,684.43,4.44,81.2,92.66,9.33,16.21,2023-11-17,59.69,468.07,468.07,936.14,6.07,172.12,191.03,43.18,63.14
2023-09-19,2023-09-19 21:00,15375.25,19.209999084472656,2023-09-22,2.69,101.08,101.08,202.15,1.31,0.06,0.11,0.0,0.0,2023-10-20,30.69,340.38,340.38,680.77,4.43,80.36,91.74,9.14,15.92,2023-11-17,58.69,469.11,469.11,938.22,6.1,173.39,192.39,43.88,64.04
2023-09-20,2023-09-20 21:00,15152.0,20.459999084472656,2023-09-22,1.69,84.08,84.08,168.15,1.11,0.01,0.01,0.0,0.0,2023-10-20,29.69,351.44,351.44,702.87,4.64,89.58,101.75,11.76,19.84,2023-11-17,57.69,488.21,488.21,976.42,6.44,191.33,211.53,53.37,76.26
2023-09-21,2023-09-21 21:00,14862.75,22.479999542236328,2023-09-22,0.69,57.84,57.84,115.69,0.78,0.0,0.0,0.0,0.0,2023-10-20,28.69,372.36,372.36,744.72,5.01,106.69,120.28,17.34,27.89,2023-11-17,56.69,521.63,521.63,1043.25,7.02,222.36,244.6,71.11,98.65
2023-09-22,2023-09-22 21:00,14869.5,22.010000228881836,2023-09-29,6.69,176.58,176.58,353.17,2.38,7.48,9.64,0.02,0.09,2023-10-20,27.69,358.38,358.38,716.75,4.82,96.94,109.69,14.19,23.37,2023-11-17,55.69,506.5,506.5,1012.99,6.81,209.83,231.21,64.09,89.8
2023-09-25,2023-09-25 21:00,14935.25,21.649999618530273,2023-09-29,3.69,129.6,129.6,259.2,1.74,0.98,1.44,0.0,0.0,2023-10-20,24.69,334.47,334.47,668.93,4.48,80.42,91.69,9.47,16.36,2023-11-17,52.69,486.93,486.93,973.87,6.52,193.04,213.28,54.88,78.09
2023-09-26,2023-09-26 21:00,14715.0,22.8700008392334,2023-09-29,2.69,115.16,115.16,230.33,1.57,0.39,0.62,0.0,0.0,2023-10-20,23.69,341.02,341.02,682.03,4.63,86.71,98.51,11.33,19.13,2023-11-17,51.69,502.0,502.0,1004.0,6.82,208.18,229.38,63.69,89.21
2023-09-27,2023-09-27 21:00,14739.0,22.34000015258789,2023-09-29,1.69,89.3,89.3,178.6,1.21,0.02,0.04,0.0,0.0,2023-10-20,22.69,326.58,326.58,653.16,4.43,77.1,88.01,8.77,15.27,2023-11-17,50.69,486.46,486.46,972.92,6.6,195.22,215.53,56.62,80.23
2023-09-28,2023-09-28 21:00,14859.75,21.530000686645508,2023-09-29,0.69,55.39,55.39,110.78,0.75,0.0,0.0,0.0,0.0,2023-10-20,21.69,310.29,310.29,620.58,4.18,65.92,75.77,6.14,11.18,2023-11-17,49.69,468.04,468.04,936.09,6.3,178.91,198.1,47.89,69.04
2023-09-29,2023-09-29 21:00,14866.5,21.280000686645508,2023-10-06,6.69,170.69,170.69,341.39,2.3,6.25,8.14,0.01,0.06,2023-10-20,20.69,299.7,299.7,599.41,4.03,59.57,68.77,4.87,9.14,2023-11-17,48.69,458.2,458.2,916.39,6.16,171.04,189.67,44.01,64.0
2023-10-02,2023-10-02 21:00,14984.75,21.510000228881836,2023-10-06,3.69,129.19,129.19,258.38,1.72,0.93,1.38,0.0,0.0,2023-10-20,17.69,282.45,282.45,564.9,3.77,48.94,57.02,3.05,6.09,2023-11-17,45.69,452.39,452.39,904.77,6.04,164.96,183.18,40.8,59.85
2023-10-03,2023-10-03 21:00,14714.5,23.770000457763672,2023-10-06,2.69,119.69,119.69,239.39,1.63,0.56,0.86,0.0,0.0,2023-10-20,16.69,297.74,297.74,595.47,4.05,59.54,68.72,4.93,9.22,2023-11-17,44.69,485.53,485.53,971.07,6.6,194.67,214.93,56.37,79.9
2023-10-04,2023-10-04 21:00,14923.75,22.68000030517578,2023-10-06,1.69,91.79,91.79,183.59,1.23,0.03,0.05,0.0,0.0,2023-10-20,15.69,279.4,279.4,558.79,3.74,47.68,55.62,2.89,5.8,2023-11-17,43.69,464.64,464.64,929.28,6.23,175.26,194.23,45.89,66.47
2023-10-05,2023-10-05 21:00,14861.75,22.760000228881836,2023-10-06,0.69,58.56,58.56,117.12,0.79,0.0,0.0,0.0,0.0,2023-10-20,14.69,270.2,270.2,540.41,3.64,43.23,50.65,2.3,4.75,2023-11-17,42.69,459.05,459.05,918.11,6.18,171.64,190.31,44.28,64.36
2023-10-06,2023-10-06 21:00,15112.0,21.40999984741211,2023-10-13,6.69,174.57,174.57,349.15,2.31,6.56,8.53,0.01,0.06,2023-10-20,13.69,249.54,249.54,499.07,3.3,31.67,37.7,1.05,2.41,2023-11-17,41.69,433.99,433.99,867.98,5.74,149.2,166.29,33.39,50.06
2023-10-09,2023-10-09 21:00,15187.0,21.81999969482422,2023-10-13,3.69,132.82,132.82,265.64,1.75,1.06,1.55,0.0,0.0,2023-10-20,10.69,225.92,225.92,451.84,2.98,21.44,26.04,0.38,1.01,2023-11-17,38.69,428.36,428.36,856.71,5.64,144.0,160.72,31.01,46.88
2023-10-10,2023-10-10 21:00,15270.75,21.1299991607666,2023-10-13,2.69,110.42,110.42,220.84,1.45,0.19,0.31,0.0,0.0,2023-10-20,9.69,209.47,209.47,418.93,2.74,15.34,18.99,0.15,0.47,2023-11-17,37.69,411.73,411.73,823.46,5.39,130.69,146.38,25.47,39.36
2023-10-11,2023-10-11 21:00,15380.0,20.15999984741211,2023-10-13,1.69,84.09,84.09,168.18,1.09,0.0,0.01,0.0,0.0,2023-10-20,8.69,190.63,190.63,381.26,2.48,9.63,12.25,0.04,0.15,2023-11-17,36.69,390.41,390.41,780.82,5.08,114.13,128.51,19.23,30.68
2023-10-12,2023-10-12 21:00,15315.0,20.6299991607666,2023-10-13,0.69,54.7,54.7,109.4,0.71,0.0,0.0,0.0,0.0,2023-10-20,7.69,182.75,182.75,365.5,2.39,7.91,10.17,0.02,0.09,2023-11-17,35.69,392.41,392.41,784.81,5.12,116.22,130.74,20.04,31.81
2023-10-13,2023-10-13 21:00,15120.25,22.75,2023-10-20,6.69,185.6,185.6,371.2,2.45,9.01,11.49,0.04,0.13,2023-10-20,6.69,185.6,185.6,371.2,2.45,9.01,11.49,0.04,0.13,2023-11-17,34.69,421.24,421.24,842.47,5.57,139.37,155.7,29.2,44.41
2023-10-16,2023-10-16 21:00,15289.5,21.389999389648438,2023-10-20,3.69,131.08,131.08,262.16,1.71,0.91,1.35,0.0,0.0,2023-10-20,3.69,131.08,131.08,262.16,1.71,0.91,1.35,0.0,0.0,2023-11-17,31.69,382.93,382.93,765.86,5.01,109.72,123.7,17.83,28.68
2023-10-17,2023-10-17 21:00,15240.75,21.959999084472656,2023-10-20,2.69,114.53,114.53,229.07,1.5,0.28,0.45,0.0,0.0,2023-10-20,2.69,114.53,114.53,229.07,1.5,0.28,0.45,0.0,0.0,2023-11-17,30.69,385.69,385.69,771.38,5.06,112.15,126.32,18.71,29.93
2023-10-18,2023-10-18 21:00,15025.25,23.440000534057617,2023-10-20,1.69,95.52,95.52,191.03,1.27,0.04,0.08,0.0,0.0,2023-10-20,1.69,95.52,95.52,191.03,1.27,0.04,0.08,0.0,0.0,2023-11-17,29.69,399.24,399.24,798.47,5.31,124.14,139.23,23.33,36.35
2023-10-19,2023-10-19 21:00,14890.0,24.739999771118164,2023-10-20,0.69,63.78,63.78,127.55,0.86,0.0,0.0,0.0,0.0,2023-10-20,0.69,63.78,63.78,127.55,0.86,0.0,0.0,0.0,0.0,2023-11-17,28.69,410.53,410.53,821.07,5.51,133.94,149.76,27.38,41.87
2023-10-20,2023-10-20 21:00,14664.0,25.309999465942383,2023-10-27,6.69,200.25,200.25,400.5,2.73,14.43,17.88,0.14,0.43,2023-11-17,27.69,406.39,406.39,812.78,5.54,133.43,149.14,27.59,42.08,2023-12-15,55.69,574.33,574.33,1148.66,7.83,269.41,294.68,100.2,134.59
2023-10-23,2023-10-23 21:00,14712.0,23.969999313354492,2023-10-27,3.69,141.34,141.34,282.68,1.92,2.06,2.88,0.0,0.0,2023-11-17,24.69,364.76,364.76,729.52,4.96,102.87,116.09,16.25,26.3,2023-12-15,52.69,531.02,531.02,1062.04,7.22,232.16,255.0,77.31,106.33
2023-10-24,2023-10-24 21:00,14846.5,22.34000015258789,2023-10-27,2.69,113.5,113.5,227.0,1.53,0.32,0.51,0.0,0.0,2023-11-17,23.69,336.09,336.09,672.19,4.53,82.26,93.68,10.01,17.18,2023-12-15,51.69,494.76,494.76,989.51,6.66,200.51,221.23,59.09,83.44
2023-10-25,2023-10-25 21:00,14478.25,24.34000015258789,2023-10-27,1.69,95.57,95.57,191.14,1.32,0.06,0.11,0.0,0.0,2023-11-17,22.69,349.52,349.52,699.03,4.83,94.7,107.14,13.9,22.88,2023-12-15,50.69,520.61,520.61,1041.21,7.19,226.78,249.14,75.08,103.39
2023-10-26,2023-10-26 21:00,14194.0,24.850000381469727,2023-10-27,0.69,61.07,61.07,122.13,0.86,0.0,0.0,0.0,0.0,2023-11-17,21.69,342.08,342.08,684.15,4.82,92.43,104.59,13.5,22.24,2023-12-15,49.69,515.97,515.97,1031.94,7.27,226.95,249.18,76.3,104.73
2023-10-27,2023-10-27 21:00,14265.25,24.440000534057617,2023-11-03,6.69,188.11,188.11,376.22,2.64,11.99,14.99,0.09,0.29,2023-11-17,20.69,330.28,330.28,660.55,4.63,83.81,95.22,10.91,18.43,2023-12-15,48.69,504.91,504.91,1009.83,7.08,216.74,238.32,70.1,97.01
2023-10-30,2023-10-30 21:00,14416.5,23.610000610351562,2023-11-03,3.69,136.42,136.42,272.85,1.89,1.82,2.56,0.0,0.0,2023-11-17,17.69,298.26,298.26,596.53,4.14,62.23,71.62,5.6,10.27,2023-12-15,45.69,477.7,477.7,955.4,6.63,192.36,212.33,56.1,79.39
2023-10-31,2023-10-31 21:00,14490.25,22.459999084472656,2023-11-03,2.69,111.37,111.37,222.75,1.54,0.33,0.52,0.0,0.0,2023-11-17,16.69,277.04,277.04,554.09,3.82,49.45,57.5,3.28,6.44,2023-12-15,44.69,451.8,451.8,903.6,6.24,170.71,189.16,44.82,64.89
2023-11-01,2023-11-01 21:00,14744.5,20.68000030517578,2023-11-03,1.69,82.69,82.69,165.39,1.12,0.01,0.01,0.0,0.0,2023-11-17,15.69,251.7,251.7,503.4,3.41,34.75,41.12,1.37,3.03,2023-12-15,43.69,418.6,418.6,837.19,5.68,141.96,158.35,31.03,46.76
2023-11-02,2023-11-02 21:00,14998.0,19.540000915527344,2023-11-03,0.69,50.74,50.74,101.47,0.68,0.0,0.0,0.0,0.0,2023-11-17,14.69,234.11,234.11,468.22,3.12,25.57,30.75,0.61,1.52,2023-12-15,42.69,397.75,397.75,795.49,5.3,123.62,138.64,23.21,36.17
2023-11-03,2023-11-03 21:00,15178.75,18.6200008392334,2023-11-10,6.69,152.5,152.5,304.99,2.01,2.88,3.94,0.0,0.01,2023-11-17,13.69,217.98,217.98,435.96,2.87,18.58,22.74,0.26,0.73,2023-12-15,41.69,379.12,379.12,758.24,5.0,108.39,122.21,17.54,28.24
2023-11-06,2023-11-06 22:00,15232.5,18.649999618530273,2023-11-10,3.65,113.22,113.22,226.44,1.49,0.25,0.4,0.0,0.0,2023-11-17,10.65,193.3,193.3,386.61,2.54,10.71,13.53,0.06,0.2,2023-12-15,38.65,367.05,367.05,734.09,4.82,99.45,112.52,14.6,24.03
2023-11-07,2023-11-07 22:00,15374.25,18.450000762939453,2023-11-10,2.65,96.32,96.32,192.63,1.25,0.03,0.06,0.0,0.0,2023-11-17,9.65,183.74,183.74,367.49,2.39,8.01,10.3,0.02,0.1,2023-12-15,37.65,361.76,361.76,723.52,4.71,94.48,107.15,12.97,21.66
2023-11-08,2023-11-08 22:00,15386.5,18.15999984741211,2023-11-10,1.65,74.84,74.84,149.68,0.97,0.0,0.0,0.0,0.0,2023-11-17,8.65,171.38,171.38,342.76,2.23,5.47,7.2,0.01,0.04,2023-12-15,36.65,351.64,351.64,703.28,4.57,87.64,99.69,11.03,18.79
2023-11-09,2023-11-09 22:00,15256.0,19.010000228881836,2023-11-10,0.65,48.66,48.66,97.33,0.64,0.0,0.0,0.0,0.0,2023-11-17,7.65,167.3,167.3,334.6,2.19,4.95,6.56,0.01,0.03,2023-12-15,35.65,360.0,360.0,720.0,4.72,94.4,107.03,13.06,21.77
2023-11-10,2023-11-10 22:00,15596.25,17.950000762939453,2023-11-17,6.65,150.58,150.58,301.16,1.93,2.27,3.16,0.0,0.0,2023-11-17,6.65,150.58,150.58,301.16,1.93,2.27,3.16,0.0,0.0,2023-12-15,34.65,342.65,342.65,685.29,4.39,79.91,91.29,8.89,15.55
2023-11-13,2023-11-13 22:00,15547.0,18.81999969482422,2023-11-17,3.65,116.61,116.61,233.22,1.5,0.28,0.45,0.0,0.0,2023-11-17,3.65,116.61,116.61,233.22,1.5,0.28,0.45,0.0,0.0,2023-12-15,31.65,342.38,342.38,684.77,4.4,80.13,91.52,8.97,15.68
2023-11-14,2023-11-14 22:00,15879.75,17.889999389648438,2023-11-17,2.65,96.46,96.46,192.93,1.21,0.02,0.05,0.0,0.0,2023-11-17,2.65,96.46,96.46,192.93,1.21,0.02,0.05,0.0,0.0,2023-12-15,30.65,327.18,327.18,654.36,4.12,67.94,78.21,6.05,11.13
2023-11-15,2023-11-15 22:00,15889.25,18.09000015258789,2023-11-17,1.65,76.99,76.99,153.97,0.97,0.0,0.0,0.0,0.0,2023-11-17,1.65,76.99,76.99,153.97,0.97,0.0,0.0,0.0,0.0,2023-12-15,29.65,325.63,325.63,651.26,4.1,66.92,77.09,5.84,10.8
2023-11-16,2023-11-16 22:00,15897.5,17.829999923706055,2023-11-17,0.65,47.56,47.56,95.13,0.6,0.0,0.0,0.0,0.0,2023-11-17,0.65,47.56,47.56,95.13,0.6,0.0,0.0,0.0,0.0,2023-12-15,28.65,315.69,315.69,631.38,3.97,61.03,70.59,4.73,8.98
2023-11-17,2023-11-17 22:00,15895.75,17.40999984741211,2023-11-24,6.65,148.86,148.86,297.71,1.87,1.86,2.64,0.0,0.0,2023-12-15,27.65,302.83,302.83,605.66,3.81,53.79,62.58,3.53,6.96,2024-01-19,62.65,453.93,453.93,907.86,5.71,155.46,173.31,34.57,51.89
2023-11-20,2023-11-20 22:00,16086.5,17.139999389648438,2023-11-24,3.65,109.89,109.89,219.77,1.37,0.1,0.18,0.0,0.0,2023-12-15,24.65,284.98,284.98,569.96,3.54,43.09,50.68,2.04,4.34,2024-01-19,59.65,441.46,441.46,882.91,5.49,143.84,160.85,29.34,44.89
2023-11-21,2023-11-21 22:00,15990.25,17.549999237060547,2023-11-24,2.65,95.29,95.29,190.58,1.19,0.02,0.04,0.0,0.0,2023-12-15,23.65,284.14,284.14,568.27,3.55,43.26,50.85,2.08,4.4,2024-01-19,58.65,445.58,445.58,891.16,5.57,147.99,165.29,31.21,47.4
2023-11-22,2023-11-22 22:00,16049.25,16.65999984741211,2023-11-24,1.65,71.61,71.61,143.23,0.89,0.0,0.0,0.0,0.0,2023-12-15,22.65,264.97,264.97,529.94,3.3,33.71,40.12,1.12,2.57,2024-01-19,57.65,420.97,420.97,841.94,5.25,129.22,145.04,23.74,37.17
2023-11-24,2023-11-25 07:30,16021.0,16.1200008392334,2023-12-01,6.25,134.72,134.72,269.44,1.68,0.81,1.22,0.0,0.0,2023-12-15,20.25,242.09,242.09,484.17,3.02,24.14,29.22,0.48,1.24,2024-01-19,55.25,398.19,398.19,796.37,4.97,113.29,127.78,18.18,29.32
2023-11-27,2023-11-27 22:00,16008.75,16.440000534057617,2023-12-01,3.65,104.89,104.89,209.78,1.31,0.06,0.11,0.0,0.0,2023-12-15,17.65,230.37,230.37,460.73,2.88,19.79,24.21,0.28,0.79,2024-01-19,52.65,396.22,396.22,792.45,4.95,112.0,126.37,17.76,28.72
2023-11-28,2023-11-28 22:00,16048.0,16.149999618530273,2023-12-01,2.65,88.0,88.0,176.01,1.1,0.0,0.01,-0.0,0.0,2023-12-15,16.65,220.36,220.36,440.72,2.75,16.24,20.09,0.16,0.5,2024-01-19,51.65,386.51,386.51,773.03,4.82,104.9,118.67,15.45,25.4
2023-11-29,2023-11-29 22:00,16023.75,16.520000457763672,2023-12-01,1.65,70.9,70.9,141.8,0.88,0.0,0.0,0.0,0.0,2023-12-15,15.65,218.23,218.23,436.46,2.72,15.64,19.38,0.15,0.46,2024-01-19,50.65,390.98,390.98,781.95,4.88,108.18,122.23,16.5,26.92
2023-11-30,2023-11-30 22:00,15985.5,16.719999313354492,2023-12-01,0.65,44.85,44.85,89.7,0.56,0.0,0.0,0.0,0.0,2023-12-15,14.65,213.21,213.21,426.43,2.67,14.2,17.7,0.11,0.37,2024-01-19,49.65,390.89,390.89,781.79,4.89,108.49,122.55,16.64,27.11
2023-12-01,2023-12-01 22:00,16023.75,16.209999084472656,2023-12-08,6.65,139.71,139.71,279.43,1.74,1.09,1.61,0.0,0.0,2023-12-15,13.65,200.03,200.03,400.06,2.5,10.42,13.22,0.05,0.17,2024-01-19,48.65,376.08,376.08,752.16,4.69,98.02,111.18,13.41,22.41
2023-12-04,2023-12-04 22:00,15869.0,17.209999084472656,2023-12-08,3.65,108.84,108.84,217.69,1.37,0.11,0.19,0.0,0.0,2023-12-15,10.65,185.83,185.83,371.67,2.34,7.43,9.62,0.02,0.08,2024-01-19,45.65,383.17,383.17,766.34,4.83,104.28,117.94,15.44,25.35
2023-12-05,2023-12-05 22:00,15908.75,16.989999771118164,2023-12-08,2.65,91.78,91.78,183.55,1.15,0.01,0.02,0.0,0.0,2023-12-15,9.65,175.09,175.09,350.18,2.2,5.28,6.98,0.01,0.03,2024-01-19,44.65,375.09,375.09,750.18,4.72,98.39,111.55,13.62,22.7
2023-12-06,2023-12-06 22:00,15815.25,17.030000686645508,2023-12-08,1.65,72.14,72.14,144.27,0.91,0.0,0.0,0.0,0.0,2023-12-15,8.65,165.2,165.2,330.39,2.09,3.84,5.18,0.0,0.01,2024-01-19,43.65,369.6,369.6,739.2,4.67,95.6,108.48,12.89,21.62
2023-12-07,2023-12-07 22:00,16038.75,17.079999923706055,2023-12-08,0.65,45.97,45.97,91.93,0.57,0.0,0.0,0.0,0.0,2023-12-15,7.65,158.03,158.03,316.05,1.97,2.68,3.7,0.0,0.01,2024-01-19,42.65,371.64,371.64,743.27,4.63,94.81,107.69,12.47,21.02
2023-12-08,2023-12-08 22:00,16098.25,15.9399995803833,2023-12-15,6.65,138.02,138.02,276.05,1.71,0.96,1.42,0.0,0.0,2023-12-15,6.65,138.02,138.02,276.05,1.71,0.96,1.42,0.0,0.0,2024-01-19,41.65,344.06,344.06,688.12,4.27,76.57,87.75,7.79,13.91
2023-12-11,2023-12-11 22:00,16237.0,16.270000457763672,2023-12-15,3.65,105.28,105.28,210.57,1.3,0.06,0.1,0.0,0.0,2023-12-15,3.65,105.28,105.28,210.57,1.3,0.06,0.1,0.0,0.0,2024-01-19,38.65,341.33,341.33,682.67,4.2,73.69,84.61,7.07,12.8
2023-12-12,2023-12-12 22:00,16362.75,15.380000114440918,2023-12-15,2.65,85.45,85.45,170.9,1.04,0.0,0.01,0.0,0.0,2023-12-15,2.65,85.45,85.45,170.9,1.04,0.0,0.01,0.0,0.0,2024-01-19,37.65,320.97,320.97,641.94,3.92,60.68,70.29,4.5,8.63
2023-12-13,2023-12-13 22:00,16563.75,15.350000381469727,2023-12-15,1.65,68.1,68.1,136.2,0.82,0.0,0.0,0.0,0.0,2023-12-15,1.65,68.1,68.1,136.2,0.82,0.0,0.0,0.0,0.0,2024-01-19,36.65,319.98,319.98,639.96,3.86,58.63,68.06,4.09,7.95
2023-12-14,2023-12-14 22:00,16541.5,15.420000076293945,2023-12-15,0.65,42.8,42.8,85.6,0.52,-0.0,0.0,0.0,0.0,2023-12-15,0.65,42.8,42.8,85.6,0.52,-0.0,0.0,0.0,0.0,2024-01-19,35.65,316.64,316.64,633.27,3.83,56.92,66.16,3.82,7.5
2023-12-15,2023-12-15 22:00,16530.23046875,15.470000267028809,2023-12-22,6.65,137.55,137.55,275.1,1.66,0.77,1.16,0.0,0.0,2024-01-19,34.65,313.0,313.0,626.0,3.79,54.99,64.01,3.53,6.99,2024-02-16,62.65,419.47,419.47,838.94,5.08,123.1,138.57,20.88,33.27
2023-12-18,2023-12-18 22:00,16939.75,15.869999885559082,2023-12-22,3.65,107.14,107.14,214.28,1.26,0.04,0.08,0.0,0.0,2024-01-19,31.65,314.59,314.59,629.18,3.71,52.98,61.85,3.12,6.31,2024-02-16,59.65,430.44,430.44,860.88,5.08,126.5,142.38,21.51,34.26
2023-12-19,2023-12-19 22:00,17023.0,15.800000190734863,2023-12-22,2.65,91.33,91.33,182.65,1.07,0.0,0.01,0.0,0.0,2024-01-19,30.65,309.77,309.77,619.54,3.64,49.87,58.4,2.69,5.54,2024-02-16,58.65,427.07,427.07,854.15,5.02,123.24,138.87,20.28,32.53
2023-12-20,2023-12-20 22:00,16766.25,16.979999542236328,2023-12-22,1.65,76.25,76.25,152.5,0.91,0.0,0.0,0.0,0.0,2024-01-19,29.65,322.52,322.52,645.04,3.85,58.49,67.94,4.0,7.81,2024-02-16,57.65,448.22,448.22,896.44,5.35,141.12,158.15,27.11,42.03
2023-12-21,2023-12-21 22:00,16956.5,17.18000030517578,2023-12-22,0.65,48.88,48.88,97.76,0.58,0.0,0.0,0.0,0.0,2024-01-19,28.65,324.45,324.45,648.9,3.83,58.17,67.63,3.89,7.63,2024-02-16,56.65,454.7,454.7,909.4,5.36,143.72,161.02,27.8,43.03
2023-12-22,2023-12-22 22:00,16980.0,16.6200008392334,2023-12-29,6.65,151.8,151.8,303.59,1.79,1.41,2.04,0.0,0.0,2024-01-19,27.65,308.81,308.81,617.63,3.64,49.61,58.11,2.66,5.49,2024-02-16,55.65,436.64,436.64,873.28,5.14,130.4,146.62,22.82,36.11
2023-12-26,2023-12-26 22:00,17083.5,17.0,2023-12-29,2.65,98.61,98.61,197.22,1.15,0.01,0.02,0.0,0.0,2024-01-19,23.65,294.05,294.05,588.1,3.44,41.52,49.06,1.71,3.75,2024-02-16,51.65,433.1,433.1,866.2,5.07,126.7,142.65,21.37,34.1
2023-12-27,2023-12-27 22:00,17113.25,16.219999313354492,2023-12-29,1.65,74.35,74.35,148.69,0.87,0.0,0.0,0.0,0.0,2024-01-19,22.65,275.08,275.08,550.15,3.21,32.63,39.02,0.93,2.22,2024-02-16,50.65,409.98,409.98,819.96,4.79,110.35,124.9,16.01,26.41
2023-12-28,2023-12-28 22:00,17090.5,16.360000610351562,2023-12-29,0.65,46.92,46.92,93.83,0.55,0.0,0.0,0.0,0.0,2024-01-19,21.65,270.93,270.93,541.85,3.17,30.95,37.11,0.82,1.98,2024-02-16,49.65,408.92,408.92,817.84,4.79,109.83,124.33,15.87,26.2
2023-12-29,2023-12-29 22:00,17023.5,16.200000762939453,2024-01-05,6.65,148.34,148.34,296.68,1.74,1.16,1.7,0.0,0.0,2024-01-19,20.65,261.01,261.01,522.02,3.07,27.15,32.77,0.59,1.49,2024-02-16,48.65,399.3,399.3,798.6,4.69,103.98,117.94,14.2,23.74
2024-01-02,2024-01-02 22:00,16720.0,17.59000015258789,2024-01-05,2.65,99.86,99.86,199.73,1.19,0.02,0.04,0.0,0.0,2024-01-19,16.65,250.06,250.06,500.12,2.99,24.16,29.31,0.45,1.17,2024-02-16,44.65,408.13,408.13,816.27,4.88,112.88,127.54,17.21,28.07
2024-01-03,2024-01-03 22:00,16538.0,18.020000457763672,2024-01-05,1.65,79.82,79.82,159.64,0.97,0.0,0.0,0.0,0.0,2024-01-19,15.65,245.68,245.68,491.37,2.97,23.26,28.26,0.41,1.09,2024-02-16,43.65,408.95,408.95,817.9,4.95,115.26,130.08,18.18,29.44
2024-01-04,2024-01-04 22:00,16445.0,17.889999389648438,2024-01-05,0.65,49.37,49.37,98.73,0.6,0.0,0.0,0.0,0.0,2024-01-19,14.65,234.69,234.69,469.38,2.85,19.61,24.05,0.26,0.75,2024-02-16,42.65,399.11,399.11,798.23,4.85,109.4,123.68,16.41,26.86
2024-01-05,2024-01-05 22:00,16460.25,17.1299991607666,2024-01-12,6.65,151.66,151.66,303.33,1.84,1.71,2.45,0.0,0.0,2024-01-19,13.65,217.14,217.14,434.28,2.64,13.9,17.37,0.1,0.33,2024-02-16,41.65,378.05,378.05,756.1,4.59,95.07,108.08,12.17,20.65
2024-01-08,2024-01-08 22:00,16803.75,16.860000610351562,2024-01-12,3.65,112.91,112.91,225.82,1.34,0.09,0.16,0.0,0.0,2024-01-19,10.65,192.78,192.78,385.56,2.29,7.04,9.18,0.01,0.06,2024-02-16,38.65,366.06,366.06,732.11,4.36,84.2,96.28,9.12,16.06
2024-01-09,2024-01-09 22:00,16830.25,16.549999237060547,2024-01-12,2.65,94.58,94.58,189.16,1.12,0.01,0.02,0.0,0.0,2024-01-19,9.65,180.43,180.43,360.87,2.14,4.79,6.39,0.0,0.02,2024-02-16,37.65,355.25,355.25,710.5,4.22,77.25,88.65,7.52,13.56
2024-01-10,2024-01-10 22:00,16945.25,16.600000381469727,2024-01-12,1.65,75.34,75.34,150.68,0.89,0.0,0.0,0.0,0.0,2024-01-19,8.65,172.53,172.53,345.06,2.04,3.51,4.78,0.0,0.01,2024-02-16,36.65,354.0,354.0,708.01,4.18,75.52,86.78,7.09,12.89
2024-01-11,2024-01-11 22:00,16966.25,16.399999618530273,2024-01-12,0.65,46.69,46.69,93.38,0.55,0.0,0.0,0.0,0.0,2024-01-19,7.65,160.51,160.51,321.02,1.89,2.14,3.01,0.0,0.0,2024-02-16,35.65,345.4,345.4,690.81,4.07,70.19,80.92,6.0,11.14
2024-01-12,2024-01-12 22:00,16969.25,16.540000915527344,2024-01-19,6.65,150.97,150.97,301.94,1.78,1.36,1.97,0.0,0.0,2024-01-19,6.65,150.97,150.97,301.94,1.78,1.36,1.97,0.0,0.0,2024-02-16,34.65,343.53,343.53,687.06,4.05,69.05,79.66,5.78,10.78
2024-01-16,2024-01-16 22:00,16966.5,17.8700008392334,2024-01-19,2.65,102.95,102.95,205.9,1.21,0.02,0.05,0.0,0.0,2024-01-19,2.65,102.95,102.95,205.9,1.21,0.02,0.05,0.0,0.0,2024-02-16,30.65,349.18,349.18,698.36,4.12,72.35,83.3,6.42,11.82
2024-01-17,2024-01-17 22:00,16869.75,18.700000762939453,2024-01-19,1.65,84.49,84.49,168.99,1.0,0.0,0.0,0.0,0.0,2024-01-19,1.65,84.49,84.49,168.99,1.0,0.0,0.0,0.0,0.0,2024-02-16,29.65,357.38,357.38,714.76,4.24,78.09,89.59,7.67,13.81
2024-01-18,2024-01-18 22:00,17110.0,17.950000762939453,2024-01-19,0.65,51.54,51.54,103.07,0.6,0.0,0.0,0.0,0.0,2024-01-19,0.65,51.54,51.54,103.07,0.6,0.0,0.0,0.0,0.0,2024-02-16,28.65,342.06,342.06,684.11,4.0,67.0,77.43,5.33,10.06
2024-01-19,2024-01-19 22:00,17438.5,17.399999618530273,2024-01-26,6.65,163.21,163.21,326.42,1.87,2.04,2.88,0.0,0.0,2024-02-16,27.65,332.03,332.03,664.07,3.81,58.91,68.53,3.86,7.61,2024-03-15,55.65,469.47,469.47,938.94,5.38,149.13,167.03,29.1,44.96
2024-01-22,2024-01-22 22:00,17458.5,17.200000762939453,2024-01-26,3.65,119.68,119.68,239.35,1.37,0.12,0.21,0.0,0.0,2024-02-16,24.65,310.37,310.37,620.73,3.56,47.31,55.61,2.28,4.82,2024-03-15,52.65,452.07,452.07,904.15,5.18,136.24,153.1,24.23,38.2
2024-01-23,2024-01-23 22:00,17531.25,16.549999237060547,2024-01-26,2.65,98.52,98.52,197.04,1.12,0.01,0.02,0.0,0.0,2024-02-16,23.65,293.77,293.77,587.54,3.35,38.83,46.08,1.39,3.15,2024-03-15,51.65,432.69,432.69,865.39,4.94,121.79,137.45,19.16,31.05
2024-01-24,2024-01-24 22:00,17621.0,16.959999084472656,2024-01-26,1.65,80.04,80.04,160.09,0.91,0.0,0.0,0.0,0.0,2024-02-16,22.65,296.16,296.16,592.32,3.36,39.42,46.77,1.44,3.24,2024-03-15,50.65,441.4,441.4,882.79,5.01,126.92,143.05,20.75,33.34
2024-01-25,2024-01-25 22:00,17634.5,17.260000228881836,2024-01-26,0.65,51.07,51.07,102.15,0.58,0.0,0.0,0.0,0.0,2024-02-16,21.65,294.93,294.93,589.86,3.34,38.76,46.03,1.38,3.12,2024-03-15,49.65,445.14,445.14,890.28,5.05,129.38,145.73,21.57,34.5
2024-01-26,2024-01-26 22:00,17527.0,17.030000686645508,2024-02-02,6.65,160.55,160.55,321.1,1.83,1.75,2.5,0.0,0.0,2024-02-16,20.65,282.5,282.5,565.0,3.22,33.73,40.32,0.98,2.32,2024-03-15,48.65,432.17,432.17,864.33,4.93,121.4,137.04,19.04,30.86
2024-01-29,2024-01-29 22:00,17706.0,17.389999389648438,2024-02-02,3.65,122.71,122.71,245.43,1.39,0.14,0.23,0.0,0.0,2024-02-16,17.65,269.51,269.51,539.02,3.04,27.43,33.16,0.57,1.45,2024-03-15,45.65,432.0,432.0,863.99,4.88,119.41,134.93,18.18,29.68
2024-01-30,2024-01-30 22:00,17588.5,17.56999969482422,2024-02-02,2.65,104.93,104.93,209.86,1.19,0.02,0.04,0.0,0.0,2024-02-16,16.65,262.75,262.75,525.5,2.99,25.3,30.7,0.46,1.22,2024-03-15,44.65,428.85,428.85,857.69,4.88,118.4,133.8,17.99,29.38
2024-01-31,2024-01-31 22:00,17242.25,18.25,2024-02-02,1.65,84.28,84.28,168.56,0.98,0.0,0.0,0.0,-0.0,2024-02-16,15.65,259.41,259.41,518.83,3.01,25.5,30.9,0.49,1.27,2024-03-15,43.65,431.8,431.8,863.61,5.01,123.97,139.74,20.21,32.49
2024-02-01,2024-02-01 22:00,17436.75,17.329999923706055,2024-02-02,0.65,50.71,50.71,101.41,0.58,0.0,0.0,0.0,0.0,2024-02-16,14.65,241.05,241.05,482.11,2.76,18.16,22.43,0.19,0.58,2024-03-15,42.65,409.94,409.94,819.88,4.7,107.02,121.37,14.68,24.52
2024-02-02,2024-02-02 22:00,17732.75,17.219999313354492,2024-02-09,6.65,164.25,164.25,328.49,1.85,1.92,2.73,0.0,0.0,2024-02-16,13.65,235.16,235.16,470.31,2.65,15.34,19.15,0.12,0.38,2024-03-15,41.65,409.42,409.42,818.84,4.62,103.83,117.98,13.5,22.82
2024-02-05,2024-02-05 22:00,17700.0,17.56999969482422,2024-02-09,3.65,123.94,123.94,247.88,1.4,0.15,0.26,0.0,0.0,2024-02-16,10.65,211.61,211.61,423.22,2.39,9.24,11.88,0.03,0.11,2024-03-15,38.65,401.81,401.81,803.63,4.54,99.09,112.79,12.23,20.92
2024-02-06,2024-02-06 22:00,17660.0,17.309999465942383,2024-02-09,2.65,103.8,103.8,207.6,1.18,0.02,0.03,0.0,0.0,2024-02-16,9.65,198.02,198.02,396.04,2.24,6.52,8.56,0.01,0.05,2024-03-15,37.65,389.88,389.88,779.75,4.42,91.74,104.75,10.37,18.09
2024-02-07,2024-02-07 22:00,17841.75,16.940000534057617,2024-02-09,1.65,80.95,80.95,161.9,0.91,0.0,0.0,0.0,0.0,2024-02-16,8.65,185.38,185.38,370.76,2.08,4.19,5.67,0.0,0.02,2024-03-15,36.65,380.36,380.36,760.73,4.26,84.18,96.51,8.48,15.17
2024-02-08,2024-02-08 22:00,17868.25,16.959999084472656,2024-02-09,0.65,50.85,50.85,101.7,0.57,0.0,0.0,0.0,0.0,2024-02-16,7.65,174.82,174.82,349.63,1.96,2.84,3.94,0.0,0.01,2024-03-15,35.65,376.18,376.18,752.37,4.21,81.38,93.43,7.84,14.18
2024-02-09,2024-02-09 22:00,18039.25,16.860000610351562,2024-02-16,6.65,163.59,163.59,327.19,1.81,1.67,2.4,0.0,0.0,2024-02-16,6.65,163.59,163.59,327.19,1.81,1.67,2.4,0.0,0.0,2024-03-15,34.65,372.26,372.26,744.52,4.13,77.59,89.3,6.96,12.79
2024-02-12,2024-02-12 22:00,17965.0,18.09000015258789,2024-02-16,3.65,129.52,129.52,259.04,1.44,0.21,0.35,0.0,0.0,2024-02-16,3.65,129.52,129.52,259.04,1.44,0.21,0.35,0.0,0.0,2024-03-15,31.65,380.29,380.29,760.58,4.23,83.02,95.25,8.14,14.66
2024-02-13,2024-02-13 22:00,17676.75,19.489999771118164,2024-02-16,2.65,116.98,116.98,233.96,1.32,0.08,0.14,0.0,0.0,2024-02-16,2.65,116.98,116.98,233.96,1.32,0.08,0.14,0.0,0.0,2024-03-15,30.65,396.77,396.77,793.54,4.49,95.88,109.28,11.4,19.65
2024-02-14,2024-02-14 22:00,17881.0,18.260000228881836,2024-02-16,1.65,87.45,87.45,174.9,0.98,0.0,0.0,0.0,-0.0,2024-02-16,1.65,87.45,87.45,174.9,0.98,0.0,0.0,0.0,-0.0,2024-03-15,29.65,369.89,369.89,739.78,4.14,77.36,89.02,6.99,12.82
2024-02-15,2024-02-15 22:00,17912.75,17.850000381469727,2024-02-16,0.65,53.65,53.65,107.31,0.6,0.0,0.0,0.0,0.0,2024-02-16,0.65,53.65,53.65,107.31,0.6,0.0,0.0,0.0,0.0,2024-03-15,28.65,356.11,356.11,712.22,3.98,69.0,79.79,5.37,10.19
2024-02-16,2024-02-16 22:00,17744.0,18.600000381469727,2024-02-23,6.65,177.52,177.52,355.04,2.0,3.27,4.49,0.0,0.01,2024-03-15,27.65,361.14,361.14,722.29,4.07,73.22,84.42,6.23,11.58,2024-04-19,62.65,541.33,541.33,1082.66,6.1,200.17,222.1,50.69,73.97
2024-02-20,2024-02-20 22:00,17607.25,19.780000686645508,2024-02-23,2.65,118.26,118.26,236.51,1.34,0.09,0.17,0.0,0.0,2024-03-15,23.65,352.62,352.62,705.23,4.01,69.23,80.0,5.53,10.43,2024-04-19,58.65,552.95,552.95,1105.9,6.28,210.93,233.59,56.27,81.18
2024-02-21,2024-02-21 22:00,17536.75,19.600000381469727,2024-02-23,1.65,92.06,92.06,184.12,1.05,0.0,0.01,-0.0,0.0,2024-03-15,22.65,340.61,340.61,681.23,3.88,62.89,72.97,4.46,8.63,2024-04-19,57.65,541.12,541.12,1082.24,6.17,202.49,224.5,52.31,76.0
2024-02-22,2024-02-22 22:00,18047.5,18.389999389648438,2024-02-23,0.65,55.69,55.69,111.38,0.62,0.0,0.0,0.0,0.0,2024-03-15,21.65,321.59,321.59,643.18,3.56,49.25,57.87,2.4,5.06,2024-04-19,56.65,518.03,518.03,1036.06,5.74,178.36,198.77,40.02,59.96
2024-02-23,2024-02-23 22:00,17991.0,17.700000762939453,2024-03-01,6.65,171.28,171.28,342.57,1.9,2.37,3.33,0.0,0.0,2024-03-15,20.65,301.38,301.38,602.77,3.35,39.77,47.21,1.42,3.22,2024-04-19,55.65,492.69,492.69,985.38,5.48,160.01,178.97,32.45,49.71
2024-02-26,2024-02-26 22:00,17977.0,17.829999923706055,2024-03-01,3.65,127.74,127.74,255.49,1.42,0.18,0.31,0.0,0.0,2024-03-15,17.65,280.56,280.56,561.12,3.12,30.65,36.87,0.74,1.83,2024-04-19,52.65,482.54,482.54,965.09,5.37,152.63,170.99,29.56,45.74
2024-02-27,2024-02-27 22:00,18021.0,17.579999923706055,2024-03-01,2.65,107.57,107.57,215.15,1.19,0.02,0.04,0.0,0.0,2024-03-15,16.65,269.36,269.36,538.72,2.99,25.98,31.52,0.48,1.26,2024-04-19,51.65,472.45,472.45,944.9,5.24,144.78,162.53,26.52,41.55
2024-02-28,2024-02-28 22:00,17915.25,17.860000610351562,2024-03-01,1.65,85.7,85.7,171.4,0.96,0.0,0.0,0.0,0.0,2024-03-15,15.65,263.78,263.78,527.56,2.94,24.31,29.59,0.4,1.09,2024-04-19,50.65,472.57,472.57,945.15,5.28,146.0,163.82,27.13,42.37
2024-02-29,2024-02-29 22:00,18082.75,17.209999084472656,2024-03-01,0.65,52.22,52.22,104.44,0.58,0.0,0.0,0.0,0.0,2024-03-15,14.65,248.25,248.25,496.51,2.75,18.27,22.6,0.18,0.56,2024-04-19,49.65,455.13,455.13,910.26,5.03,131.74,148.43,21.8,34.93
2024-03-01,2024-03-01 22:00,18338.25,17.200000762939453,2024-03-08,6.65,169.66,169.66,339.32,1.85,1.97,2.8,0.0,0.0,2024-03-15,13.65,242.9,242.9,485.8,2.65,15.78,19.7,0.12,0.39,2024-04-19,48.65,456.68,456.68,913.36,4.98,130.16,146.79,20.95,33.77
2024-03-04,2024-03-04 22:00,18262.0,17.600000381469727,2024-03-08,3.65,128.09,128.09,256.19,1.4,0.16,0.27,0.0,0.0,2024-03-15,10.65,218.7,218.7,437.4,2.4,9.62,12.36,0.03,0.12,2024-04-19,45.65,450.94,450.94,901.88,4.94,126.88,143.21,19.95,32.33
2024-03-05,2024-03-05 22:00,17930.25,18.459999084472656,2024-03-08,2.65,112.39,112.39,224.78,1.25,0.04,0.08,0.0,0.0,2024-03-15,9.65,214.41,214.41,428.82,2.39,9.37,12.04,0.03,0.11,2024-04-19,44.65,459.32,459.32,918.63,5.12,136.19,153.21,23.53,37.34
2024-03-06,2024-03-06 22:00,18044.25,18.540000915527344,2024-03-08,1.65,89.6,89.6,179.2,0.99,0.0,0.0,0.0,0.0,2024-03-15,8.65,205.19,205.19,410.38,2.27,7.2,9.41,0.01,0.06,2024-04-19,43.65,459.07,459.07,918.13,5.09,134.79,151.72,22.88,36.45
2024-03-07,2024-03-07 22:00,18316.25,18.610000610351562,2024-03-08,0.65,57.2,57.2,114.39,0.62,0.0,0.0,0.0,0.0,2024-03-15,7.65,196.63,196.63,393.26,2.15,5.25,7.0,0.0,0.03,2024-04-19,42.65,462.41,462.41,924.83,5.05,134.27,151.25,22.35,35.76
2024-03-08,2024-03-08 22:00,18046.75,19.040000915527344,2024-03-15,6.65,184.82,184.82,369.64,2.05,3.87,5.26,0.0,0.01,2024-03-15,6.65,184.82,184.82,369.64,2.05,3.87,5.26,0.0,0.01,2024-04-19,41.65,460.69,460.69,921.38,5.11,135.87,152.89,23.25,36.97
2024-03-11,2024-03-11 21:00,17971.0,19.3700008392334,2024-03-15,3.69,139.52,139.52,279.04,1.55,0.45,0.7,0.0,0.0,2024-03-15,3.69,139.52,139.52,279.04,1.55,0.45,0.7,0.0,0.0,2024-04-19,38.69,449.99,449.99,899.97,5.01,129.05,145.48,21.0,33.77
2024-03-12,2024-03-12 21:00,18227.75,18.1299991607666,2024-03-15,2.69,113.09,113.09,226.18,1.24,0.04,0.07,0.0,0.0,2024-03-15,2.69,113.09,113.09,226.18,1.24,0.04,0.07,0.0,0.0,2024-04-19,37.69,421.7,421.7,843.4,4.63,107.22,121.8,14.01,23.65
2024-03-13,2024-03-13 21:00,18078.5,17.90999984741211,2024-03-15,1.69,87.81,87.81,175.62,0.97,0.0,0.0,0.0,-0.0,2024-03-15,1.69,87.81,87.81,175.62,0.97,0.0,0.0,0.0,-0.0,2024-04-19,36.69,407.7,407.7,815.41,4.51,99.42,113.25,12.02,20.65
2024-03-14,2024-03-14 21:00,18024.5,18.610000610351562,2024-03-15,0.69,58.07,58.07,116.15,0.64,0.0,0.0,0.0,0.0,2024-03-15,0.69,58.07,58.07,116.15,0.64,0.0,0.0,0.0,0.0,2024-04-19,35.69,416.62,416.62,833.25,4.62,105.73,120.13,13.77,23.26
2024-03-15,2024-03-15 21:00,17854.75,19.25,2024-03-22,6.69,185.45,185.45,370.9,2.08,4.18,5.65,0.0,0.02,2024-04-19,34.69,420.92,420.92,841.83,4.71,110.19,124.94,15.19,25.35,2024-05-17,62.69,563.92,563.92,1127.84,6.32,216.54,239.7,58.4,84.06
2024-03-18,2024-03-18 21:00,18231.5,19.399999618530273,2024-03-22,3.69,141.76,141.76,283.52,1.56,0.46,0.72,0.0,0.0,2024-04-19,31.69,414.14,414.14,828.29,4.54,102.1,116.22,12.6,21.54,2024-05-17,59.69,566.45,566.45,1132.91,6.21,213.63,236.74,55.91,81.0
2024-03-19,2024-03-19 21:00,18270.0,18.780000686645508,2024-03-22,2.69,117.42,117.42,234.83,1.29,0.06,0.1,0.0,0.0,2024-04-19,30.69,395.42,395.42,790.83,4.33,89.78,102.74,9.49,16.8,2024-05-17,58.69,544.96,544.96,1089.92,5.97,196.35,218.21,47.6,70.12
2024-03-20,2024-03-20 21:00,18479.75,17.549999237060547,2024-03-22,1.69,87.96,87.96,175.91,0.95,0.0,0.0,0.0,-0.0,2024-04-19,29.69,367.67,367.67,735.34,3.98,71.36,82.52,5.58,10.57,2024-05-17,57.69,510.78,510.78,1021.57,5.53,167.9,187.65,34.78,53.03
2024-03-21,2024-03-21 21:00,18561.75,17.3799991607666,2024-03-22,0.69,55.85,55.85,111.7,0.6,0.0,0.0,0.0,0.0,2024-04-19,28.69,359.56,359.56,719.11,3.87,66.13,76.74,4.65,9.02,2024-05-17,56.69,503.72,503.72,1007.44,5.43,161.71,181.0,32.15,49.46
2024-03-22,2024-03-22 21:00,18574.75,17.040000915527344,2024-03-29,6.69,170.78,170.78,341.56,1.84,1.9,2.72,0.0,0.0,2024-04-19,27.69,346.61,346.61,693.22,3.73,58.92,68.74,3.54,7.12,2024-05-17,55.69,489.9,489.9,979.8,5.27,151.45,169.92,28.18,43.99
2024-03-25,2024-03-25 21:00,18513.5,17.229999542236328,2024-03-29,3.69,127.85,127.85,255.71,1.38,0.14,0.24,0.0,0.0,2024-04-19,24.69,329.97,329.97,659.94,3.56,50.6,59.45,2.47,5.21,2024-05-17,52.69,480.42,480.42,960.83,5.19,145.21,163.15,25.96,40.89
2024-03-26,2024-03-26 21:00,18449.0,17.100000381469727,2024-03-29,2.69,107.96,107.96,215.92,1.17,0.02,0.03,0.0,0.0,2024-04-19,23.69,319.7,319.7,639.4,3.47,45.88,54.15,1.95,4.25,2024-05-17,51.69,470.66,470.66,941.32,5.1,138.91,156.31,23.8,37.84
2024-03-27,2024-03-27 21:00,18503.75,16.610000610351562,2024-03-29,1.69,83.35,83.35,166.71,0.9,0.0,0.0,0.0,0.0,2024-04-19,22.69,304.86,304.86,609.71,3.3,38.58,45.93,1.27,2.92,2024-05-17,50.69,454.13,454.13,908.26,4.91,126.75,143.13,19.64,31.93
2024-03-28,2024-03-28 21:00,18475.0,16.65999984741211,2024-03-29,0.69,53.29,53.29,106.57,0.58,0.0,0.0,0.0,0.0,2024-04-19,21.69,298.53,298.53,597.06,3.23,35.9,42.89,1.06,2.5,2024-05-17,49.69,450.34,450.34,900.67,4.88,124.4,140.57,18.92,30.88
2024-04-01,2024-04-01 21:00,18497.25,17.559999465942383,2024-04-05,3.69,130.19,130.19,260.37,1.41,0.17,0.29,0.0,0.0,2024-04-19,17.69,284.64,284.64,569.28,3.08,29.89,36.05,0.66,1.67,2024-05-17,45.69,455.92,455.92,911.84,4.93,127.94,144.42,20.02,32.48
2024-04-02,2024-04-02 21:00,18330.0,18.18000030517578,2024-04-05,2.69,114.04,114.04,228.08,1.24,0.04,0.07,0.0,0.0,2024-04-19,16.69,283.68,283.68,567.37,3.1,30.27,36.46,0.69,1.73,2024-05-17,44.69,462.65,462.65,925.3,5.05,134.34,151.33,22.36,35.78
2024-04-03,2024-04-03 21:00,18373.25,18.040000915527344,2024-04-05,1.69,89.89,89.89,179.78,0.98,0.0,0.0,0.0,0.0,2024-04-19,15.69,273.61,273.61,547.22,2.98,26.09,31.68,0.47,1.24,2024-05-17,43.69,455.05,455.05,910.1,4.95,128.56,145.06,20.36,32.94
2024-04-04,2024-04-04 21:00,18076.75,19.950000762939453,2024-04-05,0.69,62.43,62.43,124.87,0.69,0.0,0.0,0.0,0.0,2024-04-19,14.69,288.08,288.08,576.17,3.19,33.31,39.91,0.9,2.18,2024-05-17,42.69,489.45,489.45,978.9,5.42,156.34,175.04,30.8,47.49
2024-04-05,2024-04-05 21:00,18300.75,19.229999542236328,2024-04-12,6.69,189.88,189.88,379.77,2.08,4.26,5.76,0.0,0.02,2024-04-19,13.69,271.42,271.42,542.85,2.97,25.55,31.06,0.44,1.19,2024-05-17,41.69,472.07,472.07,944.14,5.16,141.26,158.82,24.81,39.23
2024-04-08,2024-04-08 21:00,18295.0,18.770000457763672,2024-04-12,3.69,137.64,137.64,275.27,1.5,0.34,0.54,0.0,0.0,2024-04-19,10.69,234.12,234.12,468.23,2.56,13.39,16.87,0.08,0.26,2024-05-17,38.69,443.91,443.91,887.83,4.85,121.55,137.43,18.19,29.8
2024-04-09,2024-04-09 21:00,18359.75,18.559999465942383,2024-04-12,2.69,116.61,116.61,233.22,1.27,0.05,0.09,0.0,0.0,2024-04-19,9.69,221.21,221.21,442.42,2.41,9.97,12.79,0.03,0.13,2024-05-17,37.69,434.82,434.82,869.65,4.74,114.72,130.01,16.04,26.68
2024-04-10,2024-04-10 21:00,18196.75,18.989999771118164,2024-04-12,1.69,93.72,93.72,187.43,1.03,0.0,0.0,-0.0,0.0,2024-04-19,8.69,212.46,212.46,424.91,2.34,8.38,10.85,0.02,0.08,2024-05-17,36.69,435.11,435.11,870.22,4.78,116.48,131.88,16.73,27.66
2024-04-11,2024-04-11 21:00,18485.0,18.399999618530273,2024-04-12,0.69,58.88,58.88,117.77,0.64,0.0,0.0,0.0,0.0,2024-04-19,7.69,196.74,196.74,393.48,2.13,5.03,6.74,0.0,0.02,2024-05-17,35.69,422.45,422.45,844.9,4.57,105.26,119.74,13.25,22.56
2024-04-12,2024-04-12 21:00,18179.25,20.389999389648438,2024-04-19,6.69,200.0,200.0,400.0,2.2,6.01,7.95,0.01,0.04,2024-04-19,6.69,200.0,200.0,400.0,2.2,6.01,7.95,0.01,0.04,2024-05-17,34.69,453.94,453.94,907.88,4.99,129.57,146.11,20.91,33.69
2024-04-15,2024-04-15 21:00,17876.25,22.84000015258789,2024-04-19,3.69,163.65,163.65,327.29,1.83,1.77,2.53,0.0,0.0,2024-04-19,3.69,163.65,163.65,327.29,1.83,1.77,2.53,0.0,0.0,2024-05-17,31.69,478.05,478.05,956.11,5.35,149.97,168.11,28.63,44.45
2024-04-16,2024-04-16 21:00,17881.25,22.010000228881836,2024-04-19,2.69,134.68,134.68,269.37,1.51,0.33,0.53,0.0,0.0,2024-04-19,2.69,134.68,134.68,269.37,1.51,0.33,0.53,0.0,0.0,2024-05-17,30.69,453.54,453.54,907.09,5.07,132.31,148.99,22.2,35.46
2024-04-17,2024-04-17 21:00,17658.5,22.209999084472656,2024-04-19,1.69,106.36,106.36,212.73,1.2,0.02,0.05,0.0,0.0,2024-04-19,1.69,106.36,106.36,212.73,1.2,0.02,0.05,0.0,0.0,2024-05-17,29.69,444.59,444.59,889.18,5.04,128.32,144.59,21.12,33.88
2024-04-18,2024-04-18 21:00,17547.25,21.639999389648438,2024-04-19,0.69,65.74,65.74,131.48,0.75,0.0,0.0,0.0,0.0,2024-04-19,0.69,65.74,65.74,131.48,0.75,0.0,0.0,0.0,0.0,2024-05-17,28.69,423.2,423.2,846.39,4.82,114.62,129.68,16.82,27.67
2024-04-19,2024-04-19 21:00,17180.75,22.950000762939453,2024-04-26,6.69,212.75,212.75,425.49,2.48,10.7,13.61,0.05,0.17,2024-05-17,27.69,431.76,431.76,863.52,5.03,124.24,140.02,20.34,32.67,2024-06-21,62.69,646.86,646.86,1293.71,7.53,293.79,321.96,103.9,141.07
2024-04-22,2024-04-22 21:00,17350.0,21.110000610351562,2024-04-26,3.69,146.8,146.8,293.6,1.69,0.93,1.38,0.0,0.0,2024-05-17,24.69,378.85,378.85,757.71,4.37,87.25,99.76,9.47,16.67,2024-06-21,59.69,586.55,586.55,1173.11,6.76,241.33,266.03,72.89,102.38
2024-04-23,2024-04-23 21:00,17606.75,19.84000015258789,2024-04-26,2.69,119.54,119.54,239.08,1.36,0.11,0.19,0.0,0.0,2024-05-17,23.69,353.99,353.99,707.97,4.02,70.03,80.88,5.68,10.67,2024-06-21,58.69,554.8,554.8,1109.61,6.3,212.41,235.17,57.0,82.14
2024-04-24,2024-04-24 21:00,17664.5,20.43000030517578,2024-04-26,1.69,97.87,97.87,195.75,1.11,0.01,0.01,0.0,0.0,2024-05-17,22.69,357.95,357.95,715.89,4.05,71.88,82.93,6.0,11.2,2024-06-21,57.69,568.33,568.33,1136.67,6.43,222.39,245.9,61.88,88.46
2024-04-25,2024-04-25 21:00,17567.5,20.3700008392334,2024-04-26,0.69,61.95,61.95,123.91,0.71,0.0,0.0,0.0,0.0,2024-05-17,21.69,347.07,347.07,694.14,3.95,66.31,76.76,5.02,9.59,2024-06-21,56.69,558.72,558.72,1117.43,6.36,215.96,238.97,58.89,84.56
2024-04-26,2024-04-26 21:00,17845.75,19.329999923706055,2024-05-03,6.69,186.13,186.13,372.25,2.09,4.29,5.79,0.0,0.02,2024-05-17,20.69,326.8,326.8,653.61,3.66,53.22,62.27,2.93,6.02,2024-06-21,55.69,533.9,533.9,1067.79,5.98,192.94,214.38,47.01,69.18
2024-04-29,2024-04-29 21:00,17904.25,19.219999313354492,2024-05-03,3.69,137.93,137.93,275.85,1.54,0.41,0.66,0.0,0.0,2024-05-17,17.69,301.56,301.56,603.11,3.37,40.3,47.79,1.48,3.33,2024-06-21,52.69,518.24,518.24,1036.49,5.79,180.14,200.63,41.08,61.33
2024-04-30,2024-04-30 21:00,17571.25,18.43000030517578,2024-05-03,2.69,110.82,110.82,221.64,1.26,0.04,0.08,0.0,0.0,2024-05-17,16.69,275.68,275.68,551.36,3.14,30.56,36.72,0.76,1.86,2024-06-21,51.69,483.12,483.12,966.24,5.5,157.6,176.23,32.22,49.27
2024-05-01,2024-05-01 21:00,17438.25,19.43000030517578,2024-05-03,1.69,91.89,91.89,183.78,1.05,0.0,0.01,-0.0,0.0,2024-05-17,15.69,279.69,279.69,559.39,3.21,32.91,39.38,0.93,2.21,2024-06-21,50.69,500.61,500.61,1001.22,5.74,172.25,191.97,38.61,57.86
2024-05-02,2024-05-02 21:00,17649.75,18.729999542236328,2024-05-03,0.69,57.23,57.23,114.46,0.65,0.0,0.0,0.0,0.0,2024-05-17,14.69,264.08,264.08,528.16,2.99,25.53,30.97,0.47,1.24,2024-06-21,49.69,483.65,483.65,967.31,5.48,157.06,175.67,31.85,48.79
2024-05-03,2024-05-03 21:00,18000.75,17.399999618530273,2024-05-10,6.69,169.0,169.0,338.0,1.88,2.15,3.04,0.0,0.0,2024-05-17,13.69,241.57,241.57,483.14,2.68,16.44,20.45,0.14,0.44,2024-06-21,48.69,453.68,453.68,907.36,5.04,131.55,148.2,21.84,34.97
2024-05-06,2024-05-06 21:00,18195.5,17.420000076293945,2024-05-10,3.69,127.04,127.04,254.08,1.4,0.15,0.26,0.0,0.0,2024-05-17,10.69,216.1,216.1,432.2,2.38,9.18,11.82,0.03,0.11,2024-06-21,45.69,444.91,444.91,889.81,4.89,123.38,139.38,18.9,30.8
2024-05-07,2024-05-07 21:00,18199.5,16.90999984741211,2024-05-10,2.69,105.32,105.32,210.63,1.16,0.01,0.03,0.0,0.0,2024-05-17,9.69,199.79,199.79,399.57,2.2,5.95,7.88,0.01,0.04,2024-06-21,44.69,427.28,427.28,854.55,4.7,111.34,126.29,15.22,25.44
2024-05-08,2024-05-08 21:00,18186.5,16.799999237060547,2024-05-10,1.69,82.86,82.86,165.72,0.91,0.0,0.0,0.0,0.0,2024-05-17,8.69,187.85,187.85,375.7,2.07,4.12,5.58,0.0,0.01,2024-06-21,43.69,419.47,419.47,838.95,4.61,106.25,120.74,13.79,23.32
2024-05-09,2024-05-09 21:00,18214.5,16.670000076293945,2024-05-10,0.69,52.57,52.57,105.13,0.58,0.0,0.0,0.0,0.0,2024-05-17,7.69,175.63,175.63,351.27,1.93,2.62,3.66,0.0,0.0,2024-06-21,42.69,412.12,412.12,824.24,4.53,101.16,115.18,12.38,21.21
2024-05-10,2024-05-10 21:00,18255.0,16.459999084472656,2024-05-17,6.69,162.13,162.13,324.25,1.78,1.44,2.09,0.0,0.0,2024-05-17,6.69,162.13,162.13,324.25,1.78,1.44,2.09,0.0,0.0,2024-06-21,41.69,403.08,403.08,806.16,4.42,94.95,108.4,10.76,18.75
2024-05-13,2024-05-13 21:00,18295.5,17.399999618530273,2024-05-17,3.69,127.59,127.59,255.19,1.39,0.15,0.26,0.0,0.0,2024-05-17,3.69,127.59,127.59,255.19,1.39,0.15,0.26,0.0,0.0,2024-06-21,38.69,411.53,411.53,823.07,4.5,99.96,113.89,12.0,20.64
2024-05-14,2024-05-14 21:00,18415.0,17.290000915527344,2024-05-17,2.69,108.96,108.96,217.92,1.18,0.02,0.04,0.0,0.0,2024-05-17,2.69,108.96,108.96,217.92,1.18,0.02,0.04,0.0,0.0,2024-06-21,37.69,406.3,406.3,812.6,4.41,95.51,109.05,10.78,18.8
2024-05-15,2024-05-15 21:00,18691.75,16.34000015258789,2024-05-17,1.69,82.83,82.83,165.66,0.89,0.0,0.0,0.0,0.0,2024-05-17,1.69,82.83,82.83,165.66,0.89,0.0,0.0,0.0,0.0,2024-06-21,36.69,384.59,384.59,769.18,4.12,79.76,91.82,7.09,13.05
2024-05-16,2024-05-16 21:00,18650.0,16.260000228881836,2024-05-17,0.69,52.5,52.5,105.0,0.56,0.0,0.0,0.0,0.0,2024-05-17,0.69,52.5,52.5,105.0,0.56,0.0,0.0,0.0,0.0,2024-06-21,35.69,376.66,376.66,753.32,4.04,75.38,86.99,6.25,11.69
2024-05-17,2024-05-17 21:00,18635.25,15.850000381469727,2024-05-24,6.69,159.37,159.37,318.74,1.71,1.09,1.62,0.0,0.0,2024-06-21,34.69,361.74,361.74,723.48,3.88,66.91,77.62,4.76,9.21,2024-07-19,62.69,484.66,484.66,969.31,5.2,147.17,165.31,26.53,41.71
2024-05-20,2024-05-20 21:00,18763.0,15.920000076293945,2024-05-24,3.69,119.72,119.72,239.45,1.28,0.05,0.1,0.0,0.0,2024-06-21,31.69,349.78,349.78,699.56,3.73,59.39,69.3,3.56,7.16,2024-07-19,59.69,478.43,478.43,956.87,5.1,141.3,158.99,24.24,38.53
2024-05-21,2024-05-21 21:00,18799.25,15.510000228881836,2024-05-24,2.69,99.78,99.78,199.56,1.06,0.0,0.01,-0.0,0.0,2024-06-21,30.69,336.04,336.04,672.08,3.58,51.96,61.01,2.58,5.42,2024-07-19,58.69,463.14,463.14,926.29,4.93,130.17,146.93,20.43,33.12
2024-05-22,2024-05-22 21:00,18786.75,16.399999618530273,2024-05-24,1.69,83.56,83.56,167.12,0.89,0.0,0.0,0.0,0.0,2024-06-21,29.69,349.29,349.29,698.58,3.72,58.94,68.8,3.49,7.04,2024-07-19,57.69,485.26,485.26,970.51,5.17,145.86,163.94,25.82,40.75
2024-05-23,2024-05-23 21:00,18696.25,16.459999084472656,2024-05-24,0.69,53.28,53.28,106.56,0.57,0.0,0.0,0.0,0.0,2024-06-21,28.69,343.0,343.0,685.99,3.67,56.2,65.73,3.14,6.41,2024-07-19,56.69,480.52,480.52,961.05,5.14,143.42,161.27,25.07,39.68
2024-05-24,2024-05-24 21:00,18876.0,15.65999984741211,2024-05-31,6.69,159.49,159.49,318.99,1.69,1.0,1.49,0.0,0.0,2024-06-21,27.69,323.71,323.71,647.42,3.43,45.35,53.62,1.84,4.04,2024-07-19,55.69,457.54,457.54,915.08,4.85,125.46,141.84,18.83,30.83
2024-05-28,2024-05-28 21:00,18940.5,16.56999969482422,2024-05-31,2.69,107.4,107.4,214.8,1.13,0.01,0.02,0.0,0.0,2024-06-21,23.69,318.05,318.05,636.1,3.36,42.25,50.14,1.53,3.46,2024-07-19,51.69,468.23,468.23,936.45,4.94,132.1,149.07,20.87,33.79
2024-05-29,2024-05-29 21:00,18802.75,17.489999771118164,2024-05-31,1.69,89.19,89.19,178.38,0.95,0.0,0.0,0.0,0.0,2024-06-21,22.69,326.19,326.19,652.38,3.47,46.92,55.37,2.01,4.36,2024-07-19,50.69,485.91,485.91,971.82,5.17,145.99,164.09,25.82,40.76
2024-05-30,2024-05-30 21:00,18606.5,17.770000457763672,2024-05-31,0.69,57.24,57.24,114.48,0.62,0.0,0.0,0.0,0.0,2024-06-21,21.69,320.68,320.68,641.37,3.45,45.4,53.63,1.88,4.12,2024-07-19,49.69,483.75,483.75,967.5,5.2,146.53,164.61,26.29,41.38
2024-05-31,2024-05-31 21:00,18591.0,16.700000762939453,2024-06-07,6.69,167.52,167.52,335.04,1.8,1.64,2.37,0.0,0.0,2024-06-21,20.69,294.14,294.14,588.27,3.16,33.41,40.07,0.87,2.12,2024-07-19,48.69,449.71,449.71,899.42,4.84,122.79,138.85,18.28,29.99
2024-06-03,2024-06-03 21:00,18646.25,16.889999389648438,2024-06-07,3.69,126.23,126.23,252.46,1.35,0.11,0.19,0.0,0.0,2024-06-21,17.69,275.99,275.99,551.97,2.96,25.86,31.44,0.45,1.19,2024-07-19,45.69,442.06,442.06,884.12,4.74,116.98,132.55,16.45,27.33
2024-06-04,2024-06-04 21:00,18701.0,16.860000610351562,2024-06-07,2.69,107.9,107.9,215.8,1.15,0.01,0.03,0.0,0.0,2024-06-21,16.69,268.41,268.41,536.83,2.87,22.86,27.99,0.32,0.9,2024-07-19,44.69,437.75,437.75,875.51,4.68,113.54,128.82,15.39,25.77
2024-06-05,2024-06-05 21:00,19074.25,16.6299991607666,2024-06-07,1.69,86.03,86.03,172.05,0.9,0.0,0.0,0.0,0.0,2024-06-21,15.69,261.85,261.85,523.7,2.75,19.28,23.85,0.19,0.59,2024-07-19,43.69,435.5,435.5,871.0,4.57,108.51,123.44,13.66,23.25
2024-06-06,2024-06-06 21:00,19060.25,16.43000030517578,2024-06-07,0.69,54.22,54.22,108.43,0.57,0.0,0.0,0.0,0.0,2024-06-21,14.69,250.17,250.17,500.34,2.63,15.73,19.69,0.11,0.37,2024-07-19,42.69,425.05,425.05,850.1,4.46,101.84,116.14,11.91,20.62
2024-06-07,2024-06-07 21:00,19037.75,15.880000114440918,2024-06-14,6.69,163.12,163.12,326.24,1.71,1.13,1.68,0.0,0.0,2024-06-21,13.69,233.17,233.17,466.34,2.45,11.26,14.37,0.04,0.16,2024-07-19,41.69,405.55,405.55,811.11,4.26,89.73,102.87,9.03,16.16
2024-06-10,2024-06-10 21:00,19109.75,16.0,2024-06-14,3.69,122.55,122.55,245.1,1.28,0.06,0.11,0.0,0.0,2024-06-21,10.69,208.46,208.46,416.91,2.18,6.03,8.0,0.01,0.03,2024-07-19,38.69,395.27,395.27,790.54,4.14,82.82,95.29,7.51,13.76
2024-06-11,2024-06-11 21:00,19242.25,15.829999923706055,2024-06-14,2.69,104.24,104.24,208.48,1.08,0.0,0.01,-0.0,0.0,2024-06-21,9.69,197.74,197.74,395.48,2.06,4.23,5.73,0.0,0.01,2024-07-19,37.69,388.71,388.71,777.42,4.04,77.86,89.84,6.47,12.09
2024-06-12,2024-06-12 21:00,19496.5,13.59000015258789,2024-06-14,1.69,71.86,71.86,143.72,0.74,0.0,0.0,0.0,0.0,2024-06-21,8.69,162.91,162.91,325.81,1.67,0.94,1.41,0.0,0.0,2024-07-19,36.69,333.65,333.65,667.3,3.42,46.63,55.13,1.88,4.14
2024-06-13,2024-06-13 21:00,19602.5,15.100000381469727,2024-06-14,0.69,51.25,51.25,102.49,0.52,-0.0,0.0,0.0,0.0,2024-06-21,7.69,171.22,171.22,342.43,1.75,1.36,1.99,0.0,0.0,2024-07-19,35.69,367.66,367.66,735.32,3.75,63.31,73.8,3.9,7.81
2024-06-14,2024-06-14 21:00,19685.5,16.049999237060547,2024-06-21,6.69,170.48,170.48,340.95,1.73,1.27,1.88,0.0,0.0,2024-06-21,6.69,170.48,170.48,340.95,1.73,1.27,1.88,0.0,0.0,2024-07-19,34.69,386.95,386.95,773.9,3.93,73.41,85.01,5.48,10.5
2024-06-17,2024-06-17 21:00,19921.25,16.829999923706055,2024-06-21,3.69,134.38,134.38,268.76,1.35,0.11,0.2,0.0,0.0,2024-06-21,3.69,134.38,134.38,268.76,1.35,0.11,0.2,0.0,0.0,2024-07-19,31.69,392.59,392.59,785.19,3.94,74.81,86.61,5.64,10.77
2024-06-18,2024-06-18 21:00,19919.25,16.700000762939453,2024-06-21,2.69,113.84,113.84,227.68,1.14,0.01,0.02,0.0,0.0,2024-06-21,2.69,113.84,113.84,227.68,1.14,0.01,0.02,0.0,0.0,2024-07-19,30.69,383.37,383.37,766.75,3.85,69.61,80.86,4.77,9.31
2024-06-20,2024-06-20 21:00,19763.25,17.260000228881836,2024-06-21,0.69,59.06,59.06,118.11,0.6,0.0,0.0,0.0,0.0,2024-06-21,0.69,59.06,59.06,118.11,0.6,0.0,0.0,0.0,0.0,2024-07-19,28.69,380.19,380.19,760.38,3.85,68.93,80.07,4.71,9.2
2024-06-21,2024-06-21 21:00,19747.2890625,16.950000762939453,2024-06-28,6.69,180.6,180.6,361.2,1.83,1.95,2.79,0.0,0.0,2024-07-19,27.69,366.54,366.54,733.09,3.71,61.6,71.92,3.62,7.31,2024-08-16,55.69,518.07,518.07,1036.15,5.25,159.02,178.49,29.21,45.74
2024-06-24,2024-06-24 21:00,19750.75,17.239999771118164,2024-06-28,3.69,136.48,136.48,272.95,1.38,0.15,0.25,0.0,0.0,2024-07-19,24.69,352.23,352.23,704.46,3.57,54.09,63.54,2.65,5.58,2024-08-16,52.69,512.82,512.82,1025.64,5.19,155.13,174.28,27.77,43.73
2024-06-25,2024-06-25 21:00,19972.25,16.700000762939453,2024-06-28,2.69,114.14,114.14,228.28,1.14,0.01,0.02,0.0,0.0,2024-07-19,23.69,338.0,338.0,676.01,3.38,45.79,54.26,1.73,3.87,2024-08-16,51.69,497.6,497.6,995.21,4.98,141.99,160.12,22.9,36.9
2024-06-26,2024-06-26 21:00,20012.5,16.5,2024-06-28,1.69,89.55,89.55,179.11,0.89,0.0,0.0,0.0,0.0,2024-07-19,22.69,327.53,327.53,655.06,3.27,40.74,48.56,1.29,3.0,2024-08-16,50.69,487.91,487.91,975.82,4.88,134.84,152.36,20.52,33.5
2024-06-27,2024-06-27 21:00,20039.5,16.290000915527344,2024-06-28,0.69,56.52,56.52,113.03,0.56,0.0,0.0,0.0,0.0,2024-07-19,21.69,316.62,316.62,633.24,3.16,35.84,43.0,0.93,2.26,2024-08-16,49.69,477.63,477.63,955.25,4.77,127.53,144.42,18.23,30.17
2024-06-28,2024-06-28 21:00,19927.25,16.239999771118164,2024-07-05,6.69,174.61,174.61,349.23,1.75,1.42,2.07,0.0,0.0,2024-07-19,20.69,306.6,306.6,613.19,3.08,32.21,38.85,0.71,1.8,2024-08-16,48.69,468.76,468.76,937.52,4.7,122.62,139.04,16.88,28.17
2024-07-01,2024-07-01 21:00,20052.0,16.079999923706055,2024-07-05,3.69,129.23,129.23,258.47,1.29,0.06,0.12,0.0,0.0,2024-07-19,17.69,282.56,282.56,565.12,2.82,22.7,27.91,0.28,0.81,2024-08-16,45.69,452.6,452.6,905.19,4.51,110.71,126.09,13.46,23.1
2024-07-02,2024-07-02 21:00,20255.25,16.06999969482422,2024-07-05,2.69,111.39,111.39,222.78,1.1,0.01,0.01,0.0,0.0,2024-07-19,16.69,277.1,277.1,554.2,2.74,20.17,24.97,0.2,0.61,2024-08-16,44.69,451.93,451.93,903.85,4.46,108.42,123.63,12.71,21.99
2024-07-03,2024-07-04 06:30,20411.5,16.280000686645508,2024-07-05,1.29,78.85,78.85,157.7,0.77,0.0,0.0,0.0,0.0,2024-07-19,15.29,270.84,270.84,541.69,2.65,17.72,22.11,0.14,0.44,2024-08-16,43.29,454.18,454.18,908.35,4.45,108.43,123.68,12.6,21.84
2024-07-05,2024-07-05 21:00,20620.75,16.760000228881836,2024-07-12,6.69,186.48,186.48,372.95,1.81,1.87,2.69,0.0,0.0,2024-07-19,13.69,266.55,266.55,533.11,2.59,15.85,19.91,0.1,0.33,2024-08-16,41.69,463.61,463.61,927.22,4.5,112.58,128.28,13.51,23.24
2024-07-08,2024-07-08 21:00,20659.75,17.030000686645508,2024-07-12,3.69,141.02,141.02,282.04,1.37,0.13,0.23,0.0,0.0,2024-07-19,10.69,239.87,239.87,479.74,2.32,9.24,11.99,0.02,0.09,2024-08-16,38.69,454.83,454.83,909.67,4.4,106.54,121.68,11.94,20.87
2024-07-09,2024-07-09 21:00,20678.5,17.020000457763672,2024-07-12,2.69,120.44,120.44,240.88,1.16,0.02,0.03,0.0,0.0,2024-07-19,9.69,228.47,228.47,456.95,2.21,7.02,9.27,0.01,0.04,2024-08-16,37.69,449.12,449.12,898.23,4.34,102.74,117.53,11.02,19.44
2024-07-10,2024-07-10 21:00,20899.75,17.280000686645508,2024-07-12,1.69,97.94,97.94,195.89,0.94,0.0,0.0,0.0,0.0,2024-07-19,8.69,222.04,222.04,444.09,2.12,5.63,7.54,0.0,0.03,2024-08-16,36.69,454.75,454.75,909.51,4.35,104.35,119.33,11.25,19.83
2024-07-11,2024-07-11 21:00,20441.75,17.920000076293945,2024-07-12,0.69,63.42,63.42,126.84,0.62,0.0,0.0,0.0,0.0,2024-07-19,7.69,211.89,211.89,423.78,2.07,4.73,6.4,0.0,0.02,2024-08-16,35.69,454.98,454.98,909.97,4.45,108.51,123.78,12.58,21.82
2024-07-12,2024-07-12 21:00,20524.0,17.260000228881836,2024-07-19,6.69,191.14,191.14,382.28,1.86,2.31,3.28,0.0,0.0,2024-07-19,6.69,191.14,191.14,382.28,1.86,2.31,3.28,0.0,0.0,2024-08-16,34.69,433.84,433.84,867.67,4.23,94.52,108.47,9.24,16.64
2024-07-15,2024-07-15 21:00,20583.75,18.350000381469727,2024-07-19,3.69,151.39,151.39,302.78,1.47,0.3,0.49,0.0,0.0,2024-07-19,3.69,151.39,151.39,302.78,1.47,0.3,0.49,0.0,0.0,2024-08-16,31.69,442.28,442.28,884.55,4.3,99.16,113.58,10.23,18.21
2024-07-16,2024-07-16 21:00,20598.0,18.350000381469727,2024-07-19,2.69,129.35,129.35,258.69,1.26,0.05,0.09,0.0,0.0,2024-07-19,2.69,129.35,129.35,258.69,1.26,0.05,0.09,0.0,0.0,2024-08-16,30.69,435.6,435.6,871.19,4.23,94.9,108.9,9.27,16.71
2024-07-17,2024-07-17 21:00,19997.5,20.459999084472656,2024-07-19,1.69,110.96,110.96,221.93,1.11,0.01,0.02,0.0,0.0,2024-07-19,1.69,110.96,110.96,221.93,1.11,0.01,0.02,0.0,0.0,2024-08-16,29.69,463.82,463.82,927.64,4.64,118.23,134.29,15.52,26.18
2024-07-18,2024-07-18 21:00,19899.25,21.260000228881836,2024-07-19,0.69,73.24,73.24,146.49,0.74,0.0,0.0,0.0,0.0,2024-07-19,0.69,73.24,73.24,146.49,0.74,0.0,0.0,0.0,0.0,2024-08-16,28.69,471.5,471.5,942.99,4.74,124.27,140.85,17.35,28.87
2024-07-19,2024-07-19 21:00,19713.0,21.510000228881836,2024-07-26,6.69,228.79,228.79,457.57,2.32,8.78,11.4,0.02,0.08,2024-08-16,27.69,464.32,464.32,928.64,4.71,121.23,137.49,16.63,27.78,2024-09-20,62.69,695.66,695.66,1391.32,7.06,298.25,327.97,96.27,133.29
2024-07-22,2024-07-22 21:00,20001.0,19.969999313354492,2024-07-26,3.69,160.09,160.09,320.18,1.6,0.66,1.02,0.0,0.0,2024-08-16,24.69,413.16,413.16,826.32,4.13,86.09,99.09,7.72,14.18,2024-09-20,59.69,639.68,639.68,1279.36,6.4,248.81,275.22,68.55,98.21
2024-07-23,2024-07-23 21:00,19925.0,20.020000457763672,2024-07-26,2.69,136.51,136.51,273.02,1.37,0.13,0.23,0.0,0.0,2024-08-16,23.69,404.23,404.23,808.46,4.06,81.38,93.87,6.83,12.73,2024-09-20,58.69,633.55,633.55,1267.1,6.36,244.89,270.98,66.77,95.88
2024-07-24,2024-07-24 21:00,19203.25,23.059999465942383,2024-07-26,1.69,120.1,120.1,240.19,1.25,0.04,0.08,0.0,0.0,2024-08-16,22.69,439.21,439.21,878.42,4.57,109.31,124.35,13.73,23.38,2024-09-20,57.69,697.32,697.32,1394.65,7.26,306.69,336.74,103.1,141.5
2024-07-25,2024-07-25 21:00,18992.25,24.110000610351562,2024-07-26,0.69,79.28,79.28,158.55,0.83,0.0,0.0,0.0,0.0,2024-08-16,21.69,444.09,444.09,888.18,4.68,114.5,129.95,15.35,25.77,2024-09-20,56.69,714.85,714.85,1429.71,7.53,324.4,355.52,114.57,155.6
2024-07-26,2024-07-26 21:00,19174.5,22.40999984741211,2024-08-02,6.69,231.85,231.85,463.7,2.42,10.59,13.57,0.04,0.14,2024-08-16,20.69,407.07,407.07,814.15,4.25,89.12,102.24,8.79,15.8,2024-09-20,55.69,665.0,665.0,1330.0,6.94,280.29,308.53,88.03,122.6
2024-07-29,2024-07-29 21:00,19209.25,22.829999923706055,2024-08-02,3.69,175.77,175.77,351.54,1.83,1.9,2.72,0.0,0.0,2024-08-16,17.69,384.29,384.29,768.59,4.0,75.19,86.9,5.97,11.27,2024-09-20,52.69,660.39,660.39,1320.78,6.88,275.94,303.9,85.45,119.38
2024-07-30,2024-07-30 21:00,18936.25,23.940000534057617,2024-08-02,2.69,155.14,155.14,310.27,1.64,0.77,1.17,0.0,0.0,2024-08-16,16.69,385.9,385.9,771.8,4.08,78.24,90.21,6.65,12.37,2024-09-20,51.69,676.21,676.21,1352.42,7.14,292.75,321.73,95.97,132.43
2024-07-31,2024-07-31 21:00,19505.25,22.290000915527344,2024-08-02,1.69,117.91,117.91,235.82,1.21,0.03,0.05,0.0,0.0,2024-08-16,15.69,358.89,358.89,717.78,3.68,58.98,68.97,3.31,6.76,2024-09-20,50.69,642.33,642.33,1284.66,6.59,257.2,283.99,74.32,105.39
2024-08-01,2024-08-01 21:00,19023.25,24.709999084472656,2024-08-02,0.69,81.38,81.38,162.76,0.86,0.0,0.0,0.0,0.0,2024-08-16,14.69,375.49,375.49,750.98,3.95,71.49,82.78,5.38,10.28,2024-09-20,49.69,687.63,687.63,1375.25,7.23,300.92,330.5,100.36,137.99
2024-08-02,2024-08-02 21:00,18556.25,27.709999084472656,2024-08-09,6.69,277.43,277.43,554.86,2.99,26.68,32.39,0.49,1.29,2024-08-16,13.69,396.55,396.55,793.1,4.27,87.72,100.56,8.82,15.8,2024-09-20,48.69,744.6,744.6,1489.2,8.03,355.93,388.88,136.29,181.93
2024-08-05,2024-08-05 21:00,18013.25,35.099998474121094,2024-08-09,3.69,253.41,253.41,506.81,2.81,20.14,24.78,0.24,0.7,2024-08-16,10.69,431.01,431.01,862.02,4.79,114.96,130.19,16.4,27.16,2024-09-20,45.69,887.04,887.04,1774.09,9.85,489.59,530.49,232.51,296.6
2024-08-06,2024-08-06 21:00,18179.0,29.200000762939453,2024-08-09,2.69,181.65,181.65,363.31,2.0,3.32,4.56,0.0,0.01,2024-08-16,9.69,344.58,344.58,689.15,3.79,60.29,70.2,3.84,7.62,2024-09-20,44.69,736.77,736.77,1473.55,8.11,354.84,387.52,137.45,183.03
2024-08-07,2024-08-07 21:00,17966.5,29.020000457763672,2024-08-09,1.69,141.4,141.4,282.8,1.57,0.51,0.79,0.0,0.0,2024-08-16,8.69,320.55,320.55,641.09,3.57,49.06,57.64,2.38,5.03,2024-09-20,43.69,715.63,715.63,1431.25,7.97,339.91,371.51,128.88,172.41
2024-08-08,2024-08-08 21:00,18525.25,26.8799991607666,2024-08-09,0.69,86.21,86.21,172.42,0.93,0.0,0.0,0.0,-0.0,2024-08-16,7.69,288.02,288.02,576.05,3.11,31.04,37.37,0.72,1.81,2024-09-20,42.69,675.73,675.73,1351.45,7.3,297.91,327.05,100.53,137.87
2024-08-09,2024-08-09 21:00,18616.0,24.940000534057617,2024-08-16,6.69,250.5,250.5,501.01,2.69,17.16,21.34,0.15,0.46,2024-08-16,6.69,250.5,250.5,501.01,2.69,17.16,21.34,0.15,0.46,2024-09-20,41.69,622.71,622.71,1245.43,6.69,253.01,279.12,74.88,105.63
2024-08-12,2024-08-12 21:00,18639.5,24.93000030517578,2024-08-16,3.69,186.25,186.25,372.49,2.0,3.4,4.67,0.0,0.01,2024-08-16,3.69,186.25,186.25,372.49,2.0,3.4,4.67,0.0,0.01,2024-09-20,38.69,600.63,600.63,1201.26,6.44,234.86,259.69,65.27,93.33
2024-08-13,2024-08-13 21:00,19104.25,23.260000228881836,2024-08-16,2.69,152.07,152.07,304.13,1.59,0.6,0.93,0.0,0.0,2024-08-16,2.69,152.07,152.07,304.13,1.59,0.6,0.93,0.0,0.0,2024-09-20,37.69,566.99,566.99,1133.97,5.94,202.53,225.19,48.38,71.5
2024-08-14,2024-08-14 21:00,19115.0,21.190000534057617,2024-08-16,1.69,109.85,109.85,219.7,1.15,0.01,0.03,0.0,0.0,2024-08-16,1.69,109.85,109.85,219.7,1.15,0.01,0.03,0.0,0.0,2024-09-20,36.69,510.0,510.0,1020.0,5.34,159.63,178.96,30.35,47.16
2024-08-15,2024-08-15 21:00,19581.25,20.280000686645508,2024-08-16,0.69,68.75,68.75,137.5,0.7,0.0,0.0,0.0,0.0,2024-08-16,0.69,68.75,68.75,137.5,0.7,0.0,0.0,0.0,0.0,2024-09-20,35.69,493.21,493.21,986.42,5.04,142.58,160.65,23.54,37.73
2024-08-16,2024-08-16 21:00,19605.75,19.940000534057617,2024-08-23,6.69,210.94,210.94,421.87,2.15,5.69,7.59,0.01,0.03,2024-09-20,34.69,478.76,478.76,957.52,4.88,132.25,149.44,20.12,32.84,2024-10-18,62.69,641.4,641.4,1282.81,6.54,255.48,282.19,73.19,103.98
2024-08-19,2024-08-19 21:00,19857.75,19.93000030517578,2024-08-23,3.69,158.62,158.62,317.25,1.6,0.64,1.0,0.0,0.0,2024-09-20,31.69,463.41,463.41,926.81,4.67,119.32,135.45,15.96,26.81,2024-10-18,59.69,633.83,633.83,1267.66,6.38,246.02,272.16,67.54,96.84
2024-08-20,2024-08-20 21:00,19809.5,21.110000610351562,2024-08-23,2.69,143.11,143.11,286.21,1.44,0.24,0.4,0.0,0.0,2024-09-20,30.69,481.91,481.91,963.83,4.87,132.28,149.54,19.89,32.55,2024-10-18,58.69,664.15,664.15,1328.3,6.71,271.0,298.89,80.76,113.76
2024-08-21,2024-08-21 21:00,19909.5,21.219999313354492,2024-08-23,1.69,114.58,114.58,229.16,1.15,0.01,0.03,0.0,0.0,2024-09-20,29.69,478.93,478.93,957.86,4.81,129.23,146.24,18.83,31.03,2024-10-18,57.69,665.32,665.32,1330.64,6.68,270.56,298.47,80.19,113.09
2024-08-22,2024-08-22 21:00,19578.25,22.829999923706055,2024-08-23,0.69,77.38,77.38,154.77,0.79,0.0,0.0,0.0,0.0,2024-09-20,28.69,498.14,498.14,996.27,5.09,145.91,164.27,24.67,39.33,2024-10-18,56.69,697.81,697.81,1395.63,7.13,301.74,331.63,98.73,136.3
2024-08-23,2024-08-23 21:00,19790.75,21.110000610351562,2024-08-30,6.69,225.42,225.42,450.84,2.28,7.96,10.4,0.01,0.07,2024-09-20,27.69,457.49,457.49,914.97,4.62,115.94,131.74,15.06,25.46,2024-10-18,55.69,646.58,646.58,1293.16,6.53,256.97,283.87,73.35,104.29
2024-08-26,2024-08-26 21:00,19591.25,21.56999969482422,2024-08-30,3.69,169.37,169.37,338.75,1.73,1.25,1.84,0.0,0.0,2024-09-20,24.69,437.11,437.11,874.23,4.46,104.45,119.14,12.16,21.06,2024-10-18,52.69,636.37,636.37,1272.75,6.5,251.33,277.74,71.01,101.18
2024-08-27,2024-08-27 21:00,19653.75,20.90999984741211,2024-08-30,2.69,140.64,140.64,281.27,1.43,0.21,0.36,0.0,0.0,2024-09-20,23.69,416.45,416.45,832.89,4.24,90.92,104.31,8.92,16.05,2024-10-18,51.69,613.05,613.05,1226.11,6.24,231.96,257.0,61.04,88.33
2024-08-28,2024-08-28 21:00,19415.75,22.579999923706055,2024-08-30,1.69,118.9,118.9,237.8,1.22,0.03,0.06,0.0,0.0,2024-09-20,22.69,434.83,434.83,869.65,4.48,104.52,119.17,12.3,21.26,2024-10-18,50.69,647.7,647.7,1295.39,6.67,262.73,289.87,77.54,109.46
2024-08-29,2024-08-29 21:00,19393.25,20.579999923706055,2024-08-30,0.69,69.1,69.1,138.19,0.71,0.0,0.0,0.0,0.0,2024-09-20,21.69,387.09,387.09,774.18,3.99,75.47,87.24,5.95,11.25,2024-10-18,49.69,583.9,583.9,1167.8,6.02,212.37,235.88,52.31,76.79
2024-08-30,2024-08-30 21:00,19623.0,19.290000915527344,2024-09-06,6.69,204.24,204.24,408.48,2.08,4.66,6.29,0.0,0.02,2024-09-20,20.69,358.61,358.61,717.21,3.65,58.13,68.04,3.18,6.52,2024-10-18,48.69,548.26,548.26,1096.53,5.59,182.43,203.74,38.59,58.57
2024-09-03,2024-09-03 21:00,19006.5,23.59000015258789,2024-09-06,2.69,153.43,153.43,306.87,1.61,0.68,1.04,0.0,0.0,2024-09-20,16.69,381.67,381.67,763.34,4.02,75.21,86.89,6.05,11.39,2024-10-18,44.69,622.41,622.41,1244.82,6.55,247.63,273.53,70.81,100.64
2024-09-04,2024-09-04 21:00,18962.5,24.200000762939453,2024-09-06,1.69,124.45,124.45,248.91,1.31,0.08,0.14,0.0,0.0,2024-09-20,15.69,378.79,378.79,757.59,4.0,73.87,85.39,5.82,11.01,2024-10-18,43.69,629.93,629.93,1259.86,6.64,254.24,280.59,74.43,105.24
2024-09-05,2024-09-05 21:00,18963.5,23.540000915527344,2024-09-06,0.69,77.28,77.28,154.57,0.82,0.0,0.0,0.0,0.0,2024-09-20,14.69,356.59,356.59,713.18,3.76,61.42,71.6,3.79,7.58,2024-10-18,42.69,605.81,605.81,1211.62,6.39,234.86,259.84,64.35,92.31
2024-09-06,2024-09-06 21:00,18458.25,25.639999389648438,2024-09-13,6.69,255.35,255.35,510.7,2.77,19.22,23.74,0.2,0.61,2024-09-20,13.69,365.0,365.0,729.99,3.95,69.73,80.72,5.28,10.08,2024-10-18,41.69,634.76,634.76,1269.51,6.88,264.97,291.84,81.93,114.49
2024-09-09,2024-09-09 21:00,18692.25,23.920000076293945,2024-09-13,3.69,179.21,179.21,358.41,1.92,2.58,3.61,0.0,0.0,2024-09-20,10.69,304.82,304.82,609.65,3.26,37.42,44.65,1.15,2.7,2024-10-18,38.69,577.94,577.94,1155.88,6.18,216.21,239.73,55.84,81.13
2024-09-10,2024-09-10 21:00,18864.0,23.6200008392334,2024-09-13,2.69,152.48,152.48,304.96,1.62,0.68,1.04,0.0,0.0,2024-09-20,9.69,289.24,289.24,578.48,3.07,29.98,36.19,0.64,1.64,2024-10-18,37.69,568.52,568.52,1137.03,6.03,206.68,229.56,50.86,74.68
2024-09-11,2024-09-11 21:00,19271.0,22.15999984741211,2024-09-13,1.69,115.82,115.82,231.63,1.2,0.02,0.05,0.0,0.0,2024-09-20,8.69,262.55,262.55,525.11,2.72,18.78,23.29,0.18,0.55,2024-10-18,36.69,537.69,537.69,1075.38,5.58,178.29,199.15,37.49,56.98
2024-09-12,2024-09-12 21:00,19447.25,21.729999542236328,2024-09-13,0.69,73.16,73.16,146.32,0.75,0.0,0.0,0.0,0.0,2024-09-20,7.69,244.43,244.43,488.87,2.51,13.03,16.51,0.06,0.23,2024-10-18,35.69,524.84,524.84,1049.69,5.4,166.75,186.76,32.55,50.28
2024-09-13,2024-09-13 21:00,19530.25,21.280000686645508,2024-09-20,6.69,224.24,224.24,448.48,2.3,8.21,10.69,0.02,0.07,2024-09-20,6.69,224.24,224.24,448.48,2.3,8.21,10.69,0.02,0.07,2024-10-18,34.69,508.95,508.95,1017.9,5.21,154.28,173.31,27.72,43.61
2024-09-16,2024-09-16 21:00,19433.0,22.510000228881836,2024-09-20,3.69,175.33,175.33,350.65,1.8,1.73,2.49,0.0,0.0,2024-09-20,3.69,175.33,175.33,350.65,1.8,1.73,2.49,0.0,0.0,2024-10-18,31.69,512.18,512.18,1024.36,5.27,157.59,176.86,29.07,45.47
2024-09-17,2024-09-17 21:00,19439.25,22.690000534057617,2024-09-20,2.69,150.94,150.94,301.88,1.55,0.48,0.76,0.0,0.0,2024-09-20,2.69,150.94,150.94,301.88,1.55,0.48,0.76,0.0,0.0,2024-10-18,30.69,508.29,508.29,1016.58,5.23,154.69,173.73,27.99,43.97
2024-09-18,2024-09-18 21:00,19349.25,22.709999084472656,2024-09-20,1.69,119.17,119.17,238.35,1.23,0.03,0.07,0.0,0.0,2024-09-20,1.69,119.17,119.17,238.35,1.23,0.03,0.07,0.0,0.0,2024-10-18,29.69,498.12,498.12,996.25,5.15,148.36,166.84,25.84,40.93
2024-09-19,2024-09-19 21:00,19850.25,21.09000015258789,2024-09-20,0.69,72.48,72.48,144.96,0.73,0.0,0.0,0.0,0.0,2024-09-20,0.69,72.48,72.48,144.96,0.73,0.0,0.0,0.0,0.0,2024-10-18,28.69,466.58,466.58,933.15,4.7,121.44,137.76,16.57,27.71
2024-09-20,2024-09-20 21:00,19808.009765625,20.350000381469727,2024-09-27,6.69,217.49,217.49,434.99,2.2,6.48,8.57,0.01,0.04,2024-10-18,27.69,441.41,441.41,882.81,4.46,105.32,120.14,12.22,21.19,2024-11-15,55.69,623.86,623.86,1247.71,6.3,238.63,264.22,63.94,92.17
2024-09-23,2024-09-23 21:00,20080.0,19.540000915527344,2024-09-27,3.69,157.26,157.26,314.52,1.57,0.54,0.85,0.0,0.0,2024-10-18,24.69,405.86,405.86,811.73,4.04,81.15,93.65,6.72,12.56,2024-11-15,52.69,590.9,590.9,1181.79,5.89,209.42,232.97,49.37,73.17
2024-09-24,2024-09-24 21:00,20167.75,19.25,2024-09-27,2.69,132.86,132.86,265.71,1.32,0.09,0.15,0.0,0.0,2024-10-18,23.69,393.42,393.42,786.84,3.9,73.31,85.0,5.29,10.2,2024-11-15,51.69,579.17,579.17,1158.34,5.74,199.39,222.21,44.73,67.02
2024-09-25,2024-09-25 21:00,20192.0,19.06999969482422,2024-09-27,1.69,104.43,104.43,208.86,1.03,0.0,0.01,-0.0,0.0,2024-10-18,22.69,381.93,381.93,763.86,3.78,66.75,77.73,4.24,8.42,2024-11-15,50.69,568.93,568.93,1137.86,5.64,191.35,213.56,41.24,62.33
2024-09-26,2024-09-26 21:00,20346.25,19.290000915527344,2024-09-27,0.69,67.95,67.95,135.9,0.67,0.0,0.0,0.0,0.0,2024-10-18,21.69,380.66,380.66,761.32,3.74,64.97,75.78,3.94,7.9,2024-11-15,49.69,574.21,574.21,1148.42,5.64,193.48,215.91,41.83,63.19
2024-09-27,2024-09-27 21:00,20221.5,20.040000915527344,2024-10-04,6.69,218.65,218.65,437.3,2.16,6.05,8.04,0.01,0.03,2024-10-18,20.69,383.91,383.91,767.82,3.8,67.59,78.67,4.36,8.62,2024-11-15,48.69,586.94,586.94,1173.88,5.81,204.58,227.81,46.87,69.91
2024-09-30,2024-09-30 21:00,20261.25,20.190000534057617,2024-10-04,3.69,163.96,163.96,327.92,1.62,0.74,1.13,0.0,0.0,2024-10-18,17.69,358.47,358.47,716.95,3.54,53.94,63.46,2.53,5.39,2024-11-15,45.69,574.16,574.16,1148.33,5.67,194.33,216.8,42.34,63.85
2024-10-01,2024-10-01 21:00,19975.0,21.670000076293945,2024-10-04,2.69,148.13,148.13,296.26,1.48,0.32,0.52,0.0,0.0,2024-10-18,16.69,368.48,368.48,736.96,3.69,60.92,71.21,3.46,7.05,2024-11-15,44.69,600.91,600.91,1201.83,6.02,218.21,242.38,53.6,78.74
2024-10-02,2024-10-02 21:00,20009.75,21.350000381469727,2024-10-04,1.69,115.86,115.86,231.72,1.16,0.01,0.03,0.0,0.0,2024-10-18,15.69,352.65,352.65,705.3,3.52,52.55,61.87,2.42,5.17,2024-11-15,43.69,586.47,586.47,1172.95,5.86,206.63,229.95,48.22,71.63
2024-10-03,2024-10-03 21:00,19990.25,22.479999542236328,2024-10-04,0.69,77.8,77.8,155.6,0.78,0.0,0.0,0.0,0.0,2024-10-18,14.69,358.97,358.97,717.95,3.59,55.85,65.55,2.81,5.88,2024-11-15,42.69,609.87,609.87,1219.74,6.1,224.93,249.61,56.71,82.84
2024-10-04,2024-10-04 21:00,20227.25,21.639999389648438,2024-10-11,6.69,236.17,236.17,472.35,2.34,9.31,12.06,0.02,0.09,2024-10-18,13.69,337.59,337.59,675.18,3.34,44.04,52.32,1.54,3.5,2024-11-15,41.69,587.13,587.13,1174.25,5.81,204.45,227.68,46.77,69.77
2024-10-07,2024-10-07 21:00,19992.75,24.34000015258789,2024-10-11,3.69,195.04,195.04,390.08,1.95,3.11,4.32,0.0,0.01,2024-10-18,10.69,331.75,331.75,663.51,3.32,42.61,50.67,1.44,3.3,2024-11-15,38.69,629.0,629.0,1258.0,6.29,239.8,265.57,63.91,92.22
2024-10-08,2024-10-08 21:00,20298.5,23.6200008392334,2024-10-11,2.69,164.07,164.07,328.15,1.62,0.73,1.12,0.0,0.0,2024-10-18,9.69,311.24,311.24,622.47,3.07,32.26,38.95,0.69,1.76,2024-11-15,37.69,611.75,611.75,1223.5,6.03,222.39,247.01,54.73,80.36
2024-10-09,2024-10-09 21:00,20463.5,23.420000076293945,2024-10-11,1.69,129.98,129.98,259.95,1.27,0.05,0.1,0.0,0.0,2024-10-18,8.69,294.65,294.65,589.3,2.88,25.28,30.93,0.36,1.0,2024-11-15,36.69,603.41,603.41,1206.82,5.9,213.9,237.95,50.44,74.76
2024-10-10,2024-10-10 21:00,20429.75,23.600000381469727,2024-10-11,0.69,83.47,83.47,166.94,0.82,0.0,0.0,0.0,0.0,2024-10-18,7.69,278.88,278.88,557.76,2.73,20.08,24.88,0.19,0.59,2024-11-15,35.69,598.79,598.79,1197.57,5.86,210.74,234.53,49.09,72.95
2024-10-11,2024-10-11 21:00,20450.0,23.290000915527344,2024-10-18,6.69,256.98,256.98,513.96,2.51,13.69,17.34,0.07,0.24,2024-10-18,6.69,256.98,256.98,513.96,2.51,13.69,17.34,0.07,0.24,2024-11-15,34.69,583.24,583.24,1166.47,5.7,198.64,221.52,43.75,65.81
2024-10-14,2024-10-14 21:00,20619.25,23.31999969482422,2024-10-18,3.69,192.72,192.72,385.45,1.87,2.38,3.37,0.0,0.0,2024-10-18,3.69,192.72,192.72,385.45,1.87,2.38,3.37,0.0,0.0,2024-11-15,31.69,562.99,562.99,1125.98,5.46,181.48,203.08,36.34,55.82
2024-10-15,2024-10-15 21:00,20342.0,24.540000915527344,2024-10-18,2.69,170.83,170.83,341.66,1.68,1.02,1.53,0.0,0.0,2024-10-18,2.69,170.83,170.83,341.66,1.68,1.02,1.53,0.0,0.0,2024-11-15,30.69,575.24,575.24,1150.48,5.66,193.78,216.24,41.88,63.26
2024-10-16,2024-10-16 21:00,20349.5,23.639999389648438,2024-10-18,1.69,130.47,130.47,260.93,1.28,0.06,0.11,0.0,0.0,2024-10-18,1.69,130.47,130.47,260.93,1.28,0.06,0.11,0.0,0.0,2024-11-15,29.69,545.32,545.32,1090.64,5.36,171.49,192.2,32.88,50.99
2024-10-17,2024-10-17 21:00,20368.0,22.850000381469727,2024-10-18,0.69,80.57,80.57,161.15,0.79,0.0,0.0,0.0,0.0,2024-10-18,0.69,80.57,80.57,161.15,0.79,0.0,0.0,0.0,0.0,2024-11-15,28.69,518.68,518.68,1037.37,5.09,152.12,171.24,25.77,41.08
2024-10-18,2024-10-18 21:00,20483.5,21.760000228881836,2024-10-25,6.69,240.49,240.49,480.98,2.35,9.71,12.55,0.02,0.1,2024-11-15,27.69,488.08,488.08,976.15,4.77,129.74,146.97,18.4,30.5,2024-12-20,62.69,731.24,731.24,1462.49,7.14,316.86,348.21,104.02,143.5
2024-10-21,2024-10-21 21:00,20519.5,21.959999084472656,2024-10-25,3.69,180.61,180.61,361.21,1.76,1.51,2.2,0.0,0.0,2024-11-15,24.69,466.1,466.1,932.2,4.54,114.75,130.63,14.12,24.16,2024-12-20,59.69,721.62,721.62,1443.24,7.03,308.29,339.08,98.95,137.16
2024-10-22,2024-10-22 21:00,20542.0,22.030000686645508,2024-10-25,2.69,154.86,154.86,309.73,1.51,0.38,0.62,0.0,0.0,2024-11-15,23.69,458.58,458.58,917.15,4.46,109.66,125.07,12.78,22.14,2024-12-20,58.69,718.7,718.7,1437.41,7.0,305.54,336.15,97.29,135.1
2024-10-23,2024-10-23 21:00,20220.5,22.920000076293945,2024-10-25,1.69,125.69,125.69,251.38,1.24,0.04,0.08,0.0,0.0,2024-11-15,22.69,459.67,459.67,919.33,4.55,113.27,128.93,13.96,23.88,2024-12-20,57.69,729.81,729.81,1459.62,7.22,319.23,350.62,106.38,146.29
2024-10-24,2024-10-24 21:00,20380.25,22.469999313354492,2024-10-25,0.69,79.28,79.28,158.56,0.78,0.0,0.0,0.0,0.0,2024-11-15,21.69,444.14,444.14,888.27,4.36,101.87,116.51,10.98,19.35,2024-12-20,56.69,714.95,714.95,1429.91,7.02,304.64,335.12,97.36,135.09
2024-10-25,2024-10-25 21:00,20498.75,23.239999771118164,2024-11-01,6.69,257.04,257.04,514.08,2.51,13.58,17.21,0.06,0.23,2024-11-15,20.69,451.3,451.3,902.6,4.4,105.34,120.33,11.73,20.53,2024-12-20,55.69,737.24,737.24,1474.48,7.19,321.38,353.05,106.52,146.65
2024-10-28,2024-10-28 21:00,20497.0,22.93000030517578,2024-11-01,3.69,188.38,188.38,376.75,1.84,2.09,2.99,0.0,0.0,2024-11-15,17.69,411.85,411.85,823.7,4.02,81.27,93.88,6.56,12.34,2024-12-20,52.69,707.75,707.75,1415.5,6.91,296.96,326.97,92.59,129.15
2024-10-29,2024-10-29 21:00,20696.5,22.440000534057617,2024-11-01,2.69,158.93,158.93,317.87,1.54,0.46,0.74,0.0,0.0,2024-11-15,16.69,395.35,395.35,790.7,3.82,70.43,81.92,4.65,9.15,2024-12-20,51.69,692.79,692.79,1385.58,6.69,282.01,311.08,83.72,118.02
2024-10-30,2024-10-30 21:00,20534.75,23.09000015258789,2024-11-01,1.69,128.59,128.59,257.18,1.25,0.05,0.09,0.0,0.0,2024-11-15,15.69,391.39,391.39,782.78,3.81,69.39,80.73,4.53,8.95,2024-12-20,50.69,700.49,700.49,1400.97,6.82,290.44,320.02,88.83,124.42
2024-10-31,2024-10-31 21:00,20021.75,24.860000610351562,2024-11-01,0.69,86.17,86.17,172.34,0.86,0.0,0.0,0.0,0.0,2024-11-15,14.69,397.6,397.6,795.2,3.97,76.62,88.64,5.9,11.22,2024-12-20,49.69,728.11,728.11,1456.22,7.27,320.38,351.75,107.78,147.9
2024-11-01,2024-11-01 21:00,20153.25,23.739999771118164,2024-11-08,6.69,258.14,258.14,516.29,2.56,14.79,18.63,0.08,0.29,2024-11-15,13.69,368.99,368.99,737.98,3.66,59.95,70.16,3.29,6.75,2024-12-20,48.69,692.9,692.9,1385.8,6.88,289.41,318.75,89.57,125.15
2024-11-04,2024-11-04 22:00,20086.0,23.8799991607666,2024-11-08,3.65,191.16,191.16,382.32,1.9,2.63,3.7,0.0,0.0,2024-11-15,10.65,326.37,326.37,652.73,3.25,39.69,47.38,1.2,2.82,2024-12-20,45.65,672.86,672.86,1345.73,6.7,273.91,302.15,81.32,114.64
2024-11-05,2024-11-05 22:00,20341.75,22.5,2024-11-08,2.65,155.41,155.41,310.82,1.53,0.43,0.69,0.0,0.0,2024-11-15,9.65,296.47,296.47,592.95,2.91,26.42,32.24,0.41,1.12,2024-12-20,44.65,635.08,635.08,1270.16,6.24,240.3,266.25,63.24,91.52
2024-11-06,2024-11-06 22:00,20894.0,18.860000610351562,2024-11-08,1.65,105.54,105.54,211.09,1.01,0.0,0.0,0.0,0.0,2024-11-15,8.65,241.7,241.7,483.4,2.31,9.15,11.89,0.02,0.09,2024-12-20,43.65,540.74,540.74,1081.48,5.18,162.6,182.75,28.8,45.46
2024-11-07,2024-11-07 22:00,21224.75,18.350000381469727,2024-11-08,0.65,65.35,65.35,130.71,0.62,0.0,0.0,0.0,0.0,2024-11-15,7.65,224.67,224.67,449.35,2.12,5.59,7.5,0.0,0.02,2024-12-20,42.65,528.36,528.36,1056.71,4.98,150.35,169.57,24.13,38.92
2024-11-08,2024-11-08 22:00,21231.25,17.8799991607666,2024-11-15,6.65,204.19,204.19,408.38,1.92,3.0,4.19,0.0,0.0,2024-11-15,6.65,204.19,204.19,408.38,1.92,3.0,4.19,0.0,0.0,2024-12-20,41.65,508.97,508.97,1017.95,4.79,136.91,154.97,19.84,32.74
2024-11-11,2024-11-11 22:00,21217.75,18.3700008392334,2024-11-15,3.65,155.34,155.34,310.68,1.46,0.29,0.49,0.0,0.0,2024-11-15,3.65,155.34,155.34,310.68,1.46,0.29,0.49,0.0,0.0,2024-12-20,38.65,503.6,503.6,1007.19,4.75,133.33,151.07,18.77,31.17
2024-11-12,2024-11-12 22:00,21189.5,18.1200008392334,2024-11-15,2.65,130.37,130.37,260.74,1.23,0.04,0.07,0.0,0.0,2024-11-15,2.65,130.37,130.37,260.74,1.23,0.04,0.07,0.0,0.0,2024-12-20,37.65,489.68,489.68,979.36,4.62,124.28,141.2,16.18,27.35
2024-11-13,2024-11-13 22:00,21159.5,17.5,2024-11-15,1.65,99.18,99.18,198.36,0.94,0.0,0.0,0.0,0.0,2024-11-15,1.65,99.18,99.18,198.36,0.94,0.0,0.0,0.0,0.0,2024-12-20,36.65,466.0,466.0,932.01,4.4,109.18,124.69,12.25,21.39
2024-11-14,2024-11-14 22:00,21011.75,17.700000762939453,2024-11-15,0.65,62.41,62.41,124.81,0.59,0.0,0.0,0.0,0.0,2024-11-15,0.65,62.41,62.41,124.81,0.59,0.0,0.0,0.0,0.0,2024-12-20,35.65,461.66,461.66,923.32,4.39,107.71,123.04,11.98,20.97
2024-11-15,2024-11-15 22:00,20493.75,19.829999923706055,2024-11-22,6.65,218.59,218.59,437.18,2.13,5.65,7.55,0.0,0.03,2024-12-20,34.65,497.39,497.39,994.77,4.85,136.14,153.93,20.37,33.37,2025-01-17,62.65,666.54,666.54,1333.08,6.5,263.91,291.6,74.87,106.59
2024-11-18,2024-11-18 22:00,20633.5,19.770000457763672,2024-11-22,3.65,162.57,162.57,325.15,1.58,0.59,0.92,0.0,0.0,2024-12-20,31.65,477.33,477.33,954.67,4.63,121.21,137.71,15.8,26.69,2025-01-17,59.65,653.08,653.08,1306.16,6.33,251.25,278.1,67.97,97.77
2024-11-19,2024-11-19 22:00,20767.75,19.989999771118164,2024-11-22,2.65,140.96,140.96,281.93,1.36,0.13,0.22,0.0,0.0,2024-12-20,30.65,478.1,478.1,956.21,4.6,120.44,136.91,15.47,26.22,2025-01-17,58.65,659.12,659.12,1318.25,6.35,254.28,281.4,69.11,99.31
2024-11-20,2024-11-20 22:00,20749.0,20.850000381469727,2024-11-22,1.65,115.87,115.87,231.74,1.12,0.01,0.02,0.0,0.0,2024-12-20,29.65,490.08,490.08,980.16,4.72,128.56,145.75,17.79,29.66,2025-01-17,57.65,681.05,681.05,1362.09,6.56,272.02,300.4,78.28,111.1
2024-11-21,2024-11-21 22:00,20829.5,20.209999084472656,2024-11-22,0.65,70.64,70.64,141.27,0.68,0.0,0.0,0.0,0.0,2024-12-20,28.65,468.83,468.83,937.66,4.5,113.77,129.64,13.63,23.46,2025-01-17,56.65,657.02,657.02,1314.04,6.31,251.75,278.72,67.65,97.45
2024-11-22,2024-11-22 22:00,20849.75,18.56999969482422,2024-11-29,6.65,208.26,208.26,416.51,2.0,3.81,5.23,0.0,0.01,2024-12-20,27.65,423.67,423.67,847.34,4.06,85.63,98.76,7.24,13.48,2025-01-17,55.65,599.03,599.03,1198.07,5.75,206.46,230.07,46.41,69.5
2024-11-25,2024-11-25 22:00,20880.25,17.59000015258789,2024-11-29,3.65,146.38,146.38,292.75,1.4,0.18,0.31,0.0,0.0,2024-12-20,24.65,379.61,379.61,759.22,3.64,60.89,71.32,3.26,6.72,2025-01-17,52.65,552.93,552.93,1105.87,5.3,171.78,192.67,32.24,50.23
2024-11-26,2024-11-26 22:00,20993.5,16.799999237060547,2024-11-29,2.65,119.76,119.76,239.51,1.14,0.01,0.03,0.0,0.0,2024-12-20,23.65,357.1,357.1,714.2,3.4,48.99,58.0,1.9,4.22,2025-01-17,51.65,525.97,525.97,1051.94,5.01,151.3,170.53,24.76,39.77
2024-11-27,2024-11-27 22:00,20813.0,16.68000030517578,2024-11-29,1.65,92.98,92.98,185.96,0.89,0.0,0.0,0.0,0.0,2024-12-20,22.65,344.03,344.03,688.06,3.31,43.9,52.24,1.47,3.37,2025-01-17,50.65,512.75,512.75,1025.5,4.93,143.91,162.45,22.53,36.54
2024-11-29,2024-11-30 07:30,20993.5,16.06999969482422,2024-12-06,6.25,175.99,175.99,351.97,1.68,1.04,1.56,0.0,0.0,2024-12-20,20.25,316.24,316.24,632.48,3.01,31.25,37.85,0.6,1.58,2025-01-17,48.25,486.5,486.5,973.0,4.63,124.27,141.13,16.38,27.6
2024-12-02,2024-12-02 22:00,21218.0,16.1200008392334,2024-12-06,3.65,136.31,136.31,272.63,1.28,0.07,0.12,0.0,0.0,2024-12-20,17.65,299.38,299.38,598.77,2.82,24.15,29.68,0.3,0.86,2025-01-17,45.65,479.89,479.89,959.78,4.52,117.78,134.11,14.41,24.69
2024-12-03,2024-12-03 22:00,21281.5,15.760000228881836,2024-12-06,2.65,113.88,113.88,227.77,1.07,0.0,0.01,0.0,0.0,2024-12-20,16.65,285.17,285.17,570.34,2.68,19.32,24.05,0.16,0.51,2025-01-17,44.65,465.45,465.45,930.9,4.37,107.93,123.35,11.87,20.83
2024-12-04,2024-12-04 22:00,21536.5,15.6899995803833,2024-12-06,1.65,90.5,90.5,181.01,0.84,0.0,0.0,0.0,0.0,2024-12-20,15.65,278.57,278.57,557.15,2.59,16.62,20.88,0.1,0.35,2025-01-17,43.65,463.71,463.71,927.42,4.31,104.61,119.77,10.92,19.39
2024-12-05,2024-12-05 22:00,21473.25,15.6899995803833,2024-12-06,0.65,56.53,56.53,113.07,0.53,0.0,0.0,0.0,0.0,2024-12-20,14.65,268.77,268.77,537.53,2.5,14.15,17.93,0.07,0.24,2025-01-17,42.65,457.08,457.08,914.15,4.26,101.01,115.81,10.14,18.16
2024-12-06,2024-12-06 22:00,21656.75,15.149999618530273,2024-12-13,6.65,176.48,176.48,352.96,1.63,0.84,1.28,0.0,0.0,2024-12-20,13.65,252.67,252.67,505.34,2.33,9.96,12.9,0.02,0.1,2025-01-17,41.65,439.92,439.92,879.85,4.06,89.14,102.79,7.57,14.08
2024-12-09,2024-12-09 22:00,21483.75,16.549999237060547,2024-12-13,3.65,141.7,141.7,283.41,1.32,0.09,0.17,0.0,0.0,2024-12-20,10.65,241.94,241.94,483.87,2.25,8.13,10.66,0.01,0.06,2025-01-17,38.65,459.4,459.4,918.8,4.28,102.27,117.2,10.41,18.59
2024-12-10,2024-12-10 22:00,21405.25,16.540000915527344,2024-12-13,2.65,120.22,120.22,240.43,1.12,0.01,0.02,0.0,0.0,2024-12-20,9.65,229.34,229.34,458.68,2.14,6.07,8.11,0.01,0.03,2025-01-17,37.65,451.54,451.54,903.09,4.22,98.08,112.57,9.53,17.19
2024-12-11,2024-12-11 22:00,21793.5,15.880000114440918,2024-12-13,1.65,92.69,92.69,185.39,0.85,0.0,0.0,0.0,0.0,2024-12-20,8.65,212.27,212.27,424.54,1.95,3.37,4.68,0.0,0.01,2025-01-17,36.65,435.54,435.54,871.09,4.0,85.42,98.71,6.81,12.85
2024-12-12,2024-12-12 22:00,21651.25,16.360000610351562,2024-12-13,0.65,59.44,59.44,118.87,0.55,0.0,0.0,0.0,0.0,2024-12-20,7.65,204.33,204.33,408.67,1.89,2.68,3.78,0.0,0.0,2025-01-17,35.65,439.71,439.71,879.41,4.06,88.94,102.56,7.53,14.01
2024-12-13,2024-12-13 22:00,21795.75,16.610000610351562,2024-12-20,6.65,194.73,194.73,389.46,1.79,1.8,2.61,0.0,0.0,2024-12-20,6.65,194.73,194.73,389.46,1.79,1.8,2.61,0.0,0.0,2025-01-17,34.65,443.11,443.11,886.22,4.07,89.79,103.53,7.63,14.19
2024-12-16,2024-12-16 22:00,22110.25,18.440000534057617,2024-12-20,3.65,162.49,162.49,324.98,1.47,0.32,0.52,0.0,0.0,2024-12-20,3.65,162.49,162.49,324.98,1.47,0.32,0.52,0.0,0.0,2025-01-17,31.65,477.09,477.09,954.19,4.32,107.77,123.38,11.28,20.02
2024-12-17,2024-12-17 22:00,22014.75,19.440000534057617,2024-12-20,2.65,145.32,145.32,290.63,1.32,0.1,0.17,0.0,0.0,2024-12-20,2.65,145.32,145.32,290.63,1.32,0.1,0.17,0.0,0.0,2025-01-17,30.65,492.87,492.87,985.74,4.48,118.59,135.21,13.98,24.16
2024-12-18,2024-12-18 22:00,21218.75,27.6299991607666,2024-12-20,1.65,157.02,157.02,314.05,1.48,0.33,0.54,0.0,0.0,2024-12-20,1.65,157.02,157.02,314.05,1.48,0.33,0.54,0.0,0.0,2025-01-17,29.65,664.08,664.08,1328.15,6.26,251.46,278.6,66.26,95.85
2024-12-19,2024-12-19 22:00,21112.75,26.329999923706055,2024-12-20,0.65,93.28,93.28,186.56,0.88,0.0,0.0,0.0,0.0,2024-12-20,0.65,93.28,93.28,186.56,0.88,0.0,0.0,0.0,0.0,2025-01-17,28.65,619.05,619.05,1238.1,5.86,217.76,242.35,50.68,75.33
2024-12-20,2024-12-20 22:00,20947.98046875,21.489999771118164,2024-12-27,6.65,242.14,242.14,484.27,2.31,9.13,11.87,0.02,0.09,2025-01-17,27.65,492.58,492.58,985.17,4.7,128.27,145.5,17.52,29.29,2025-02-21,62.65,738.31,738.31,1476.62,7.05,316.17,347.7,101.86,141.09
2024-12-23,2024-12-23 22:00,21753.25,19.030000686645508,2024-12-27,3.65,164.98,164.98,329.96,1.52,0.43,0.69,0.0,0.0,2025-01-17,24.65,427.85,427.85,855.7,3.93,81.07,93.9,6.04,11.57,2025-02-21,59.65,662.76,662.76,1325.52,6.09,244.61,271.44,61.75,90.17
2024-12-24,2024-12-25 07:30,22028.5,17.030000686645508,2024-12-27,2.25,117.47,117.47,234.94,1.07,0.0,0.01,-0.0,0.0,2025-01-17,23.25,376.66,376.66,753.32,3.42,52.33,61.9,2.09,4.6,2025-02-21,58.25,593.67,593.67,1187.35,5.39,188.93,211.58,36.99,57.1
2024-12-26,2024-12-26 22:00,22008.0,17.530000686645508,2024-12-27,0.65,64.74,64.74,129.47,0.59,0.0,0.0,0.0,0.0,2025-01-17,21.65,373.83,373.83,747.66,3.4,51.07,60.48,1.97,4.37,2025-02-21,56.65,602.18,602.18,1204.36,5.47,195.38,218.54,39.56,60.62
2024-12-27,2024-12-27 22:00,21698.5,18.540000915527344,2025-01-03,6.65,216.38,216.38,432.77,1.99,3.92,5.39,0.0,0.01,2025-01-17,20.65,380.74,380.74,761.48,3.51,56.24,66.24,2.54,5.45,2025-02-21,55.65,622.41,622.41,1244.82,5.74,214.1,238.62,47.96,71.89
2024-12-30,2024-12-30 22:00,21416.25,19.790000915527344,2025-01-03,3.65,168.91,168.91,337.82,1.58,0.62,0.96,0.0,0.0,2025-01-17,17.65,370.97,370.97,741.94,3.46,53.09,62.68,2.25,4.9,2025-02-21,52.65,638.03,638.03,1276.05,5.96,229.37,254.94,55.39,81.67
2024-12-31,2024-12-31 22:00,21226.5,19.920000076293945,2025-01-03,2.65,143.57,143.57,287.15,1.35,0.12,0.22,0.0,0.0,2025-01-17,16.65,359.5,359.5,719.0,3.39,48.69,57.7,1.84,4.11,2025-02-21,51.65,630.53,630.53,1261.06,5.94,225.89,251.12,54.23,80.06
2025-01-02,2025-01-02 22:00,21167.5,20.5,2025-01-03,0.65,72.81,72.81,145.63,0.69,0.0,0.0,0.0,0.0,2025-01-17,14.65,346.15,346.15,692.3,3.27,42.86,51.1,1.34,3.13,2025-02-21,49.65,634.58,634.58,1269.16,6.0,229.68,255.17,56.11,82.51
2025-01-03,2025-01-03 22:00,21516.5,19.1200008392334,2025-01-10,6.65,221.28,221.28,442.56,2.06,4.74,6.43,0.0,0.02,2025-01-17,13.65,316.81,316.81,633.62,2.94,29.17,35.52,0.48,1.31,2025-02-21,48.65,595.62,595.62,1191.24,5.54,195.89,218.93,40.62,61.92
2025-01-06,2025-01-06 22:00,21744.5,19.0,2025-01-10,3.65,164.65,164.65,329.31,1.51,0.42,0.68,0.0,0.0,2025-01-17,10.65,281.12,281.12,562.24,2.59,16.7,20.99,0.1,0.35,2025-02-21,45.65,579.63,579.63,1159.26,5.33,181.46,203.43,34.52,53.63
2025-01-07,2025-01-07 22:00,21359.75,20.729999542236328,2025-01-10,2.65,150.35,150.35,300.7,1.41,0.19,0.33,0.0,0.0,2025-01-17,9.65,286.82,286.82,573.65,2.69,19.52,24.29,0.17,0.52,2025-02-21,44.65,614.43,614.43,1228.85,5.75,211.74,235.96,47.59,71.27
2025-01-08,2025-01-08 22:00,21360.75,20.690000534057617,2025-01-10,1.65,118.37,118.37,236.74,1.11,0.01,0.02,0.0,0.0,2025-01-17,8.65,271.07,271.07,542.14,2.54,15.0,18.95,0.08,0.28,2025-02-21,43.65,606.44,606.44,1212.88,5.68,205.66,229.41,44.96,67.75
2025-01-10,2025-01-10 22:00,21016.0,21.729999542236328,2025-01-17,6.65,245.64,245.64,491.27,2.34,9.72,12.59,0.02,0.1,2025-01-17,6.65,245.64,245.64,491.27,2.34,9.72,12.59,0.02,0.1,2025-02-21,41.65,612.25,612.25,1224.51,5.83,214.12,238.39,49.34,73.5
2025-01-13,2025-01-13 22:00,20947.25,21.799999237060547,2025-01-17,3.65,181.99,181.99,363.98,1.74,1.39,2.04,0.0,0.0,2025-01-17,3.65,181.99,181.99,363.98,1.74,1.39,2.04,0.0,0.0,2025-02-21,38.65,589.97,589.97,1179.94,5.63,197.98,220.98,42.5,64.3
2025-01-14,2025-01-14 22:00,20919.5,21.450000762939453,2025-01-17,2.65,152.36,152.36,304.73,1.46,0.28,0.46,0.0,0.0,2025-01-17,2.65,152.36,152.36,304.73,1.46,0.28,0.46,0.0,0.0,2025-02-21,37.65,572.25,572.25,1144.51,5.47,185.08,207.06,37.27,57.18
2025-01-15,2025-01-15 22:00,21400.25,19.290000915527344,2025-01-17,1.65,110.57,110.57,221.13,1.03,0.0,0.01,-0.0,0.0,2025-01-17,1.65,110.57,110.57,221.13,1.03,0.0,0.01,-0.0,0.0,2025-02-21,36.65,519.5,519.5,1039.0,4.86,142.29,160.88,21.31,34.91
2025-01-16,2025-01-16 22:00,21249.75,19.610000610351562,2025-01-17,0.65,69.92,69.92,139.85,0.66,0.0,0.0,0.0,0.0,2025-01-17,0.65,69.92,69.92,139.85,0.66,0.0,0.0,0.0,0.0,2025-02-21,35.65,517.26,517.26,1034.52,4.87,142.24,160.77,21.46,35.09
2025-01-17,2025-01-17 22:00,21594.75,18.959999084472656,2025-01-24,6.65,220.23,220.23,440.46,2.04,4.51,6.14,0.0,0.01,2025-02-21,34.65,501.12,501.12,1002.24,4.64,127.96,145.33,16.85,28.4,2025-03-21,62.65,671.55,671.55,1343.1,6.22,253.6,281.02,66.53,96.33
2025-01-21,2025-01-21 22:00,21709.5,18.639999389648438,2025-01-24,2.65,137.4,137.4,274.81,1.27,0.06,0.1,0.0,0.0,2025-02-21,30.65,466.04,466.04,932.08,4.29,104.3,119.48,10.73,19.11,2025-03-21,58.65,642.5,642.5,1285.01,5.92,229.42,255.1,54.77,80.96
2025-01-22,2025-01-22 22:00,22000.5,18.68000030517578,2025-01-24,1.65,110.07,110.07,220.15,1.0,0.0,0.0,0.0,0.0,2025-02-21,29.65,465.57,465.57,931.14,4.23,101.53,116.5,9.94,17.9,2025-03-21,57.65,647.01,647.01,1294.01,5.88,229.3,255.08,54.05,80.11
2025-01-23,2025-01-23 22:00,22038.25,18.3799991607666,2025-01-24,0.65,67.97,67.97,135.94,0.62,0.0,0.0,0.0,0.0,2025-02-21,28.65,451.13,451.13,902.26,4.09,92.49,106.57,8.04,14.87,2025-03-21,56.65,632.23,632.23,1264.47,5.74,217.54,242.45,48.76,73.07
2025-01-24,2025-01-24 22:00,21911.25,18.219999313354492,2025-01-31,6.65,214.74,214.74,429.47,1.96,3.52,4.88,0.0,0.01,2025-02-21,27.65,436.85,436.85,873.7,3.99,85.1,98.38,6.7,12.67,2025-03-21,55.65,617.67,617.67,1235.34,5.64,208.01,232.14,44.93,67.88
2025-01-27,2025-01-27 22:00,21258.5,21.610000610351562,2025-01-31,3.65,183.09,183.09,366.17,1.72,1.31,1.94,0.0,0.0,2025-02-21,24.65,474.79,474.79,949.59,4.47,113.65,129.61,13.27,22.97,2025-03-21,52.65,691.54,691.54,1383.08,6.51,273.53,302.25,77.47,110.33
2025-01-28,2025-01-28 22:00,21581.75,20.309999465942383,2025-01-31,2.65,148.83,148.83,297.67,1.38,0.16,0.27,0.0,0.0,2025-02-21,23.65,443.79,443.79,887.58,4.11,91.67,105.56,8.08,14.91,2025-03-21,51.65,653.63,653.63,1307.25,6.06,239.38,265.76,59.65,87.35
2025-01-29,2025-01-29 22:00,21523.25,20.600000381469727,2025-01-31,1.65,118.75,118.75,237.51,1.1,0.01,0.02,0.0,0.0,2025-02-21,22.65,439.37,439.37,878.73,4.08,89.49,103.15,7.68,14.25,2025-03-21,50.65,654.81,654.81,1309.61,6.08,241.0,267.48,60.56,88.51
2025-01-30,2025-01-30 22:00,21624.75,19.799999237060547,2025-01-31,0.65,71.85,71.85,143.69,0.66,0.0,0.0,0.0,0.0,2025-02-21,21.65,414.88,414.88,829.75,3.84,74.67,86.79,5.03,9.85,2025-03-21,49.65,626.16,626.16,1252.32,5.79,217.65,242.41,49.64,74.1
2025-01-31,2025-01-31 22:00,21589.25,20.110000610351562,2025-02-07,6.65,233.53,233.53,467.05,2.16,6.47,8.61,0.01,0.03,2025-02-21,20.65,410.9,410.9,821.79,3.81,72.71,84.61,4.74,9.35,2025-03-21,48.65,628.56,628.56,1257.13,5.82,219.88,244.8,50.69,75.5
2025-02-03,2025-02-03 22:00,21405.0,21.280000686645508,2025-02-07,3.65,181.53,181.53,363.06,1.7,1.16,1.74,0.0,0.0,2025-02-21,17.65,398.68,398.68,797.37,3.73,67.33,78.59,3.99,8.05,2025-03-21,45.65,639.02,639.02,1278.04,5.97,230.06,255.68,55.7,82.07
2025-02-04,2025-02-04 22:00,21670.25,20.030000686645508,2025-02-07,2.65,147.38,147.38,294.77,1.36,0.13,0.23,0.0,0.0,2025-02-21,16.65,369.04,369.04,738.09,3.41,50.67,59.98,1.97,4.37,2025-03-21,44.65,602.32,602.32,1204.64,5.56,198.99,222.33,41.58,63.28
2025-02-05,2025-02-05 22:00,21763.0,19.18000030517578,2025-02-07,1.65,111.8,111.8,223.6,1.03,0.0,0.01,0.0,0.0,2025-02-21,15.65,344.11,344.11,688.23,3.16,38.95,46.74,1.01,2.46,2025-03-21,43.65,572.78,572.78,1145.56,5.26,176.23,197.79,32.51,50.85
2025-02-06,2025-02-06 22:00,21871.75,18.579999923706055,2025-02-07,0.65,68.19,68.19,136.38,0.62,0.0,0.0,0.0,0.0,2025-02-21,14.65,324.17,324.17,648.34,2.96,30.46,37.03,0.53,1.41,2025-03-21,42.65,551.29,551.29,1102.57,5.04,159.71,179.93,26.47,42.4
2025-02-07,2025-02-07 22:00,21590.75,19.18000030517578,2025-02-14,6.65,222.74,222.74,445.48,2.06,4.85,6.57,0.0,0.02,2025-02-21,13.65,318.9,318.9,637.8,2.95,29.65,36.07,0.5,1.35,2025-03-21,41.65,555.21,555.21,1110.42,5.14,165.43,186.04,28.83,45.66
2025-02-10,2025-02-10 22:00,21846.5,18.84000015258789,2025-02-14,3.65,164.03,164.03,328.07,1.5,0.39,0.63,0.0,0.0,2025-02-21,10.65,280.06,280.06,560.12,2.56,16.12,20.31,0.09,0.32,2025-03-21,38.65,531.78,531.78,1063.56,4.87,146.3,165.37,22.09,36.12
2025-02-11,2025-02-11 22:00,21786.75,18.770000457763672,2025-02-14,2.65,138.86,138.86,277.71,1.27,0.06,0.11,0.0,0.0,2025-02-21,9.65,264.9,264.9,529.8,2.43,12.39,15.85,0.04,0.17,2025-03-21,37.65,521.54,521.54,1043.08,4.79,139.88,158.36,20.16,33.31
2025-02-12,2025-02-12 22:00,21804.75,18.690000534057617,2025-02-14,1.65,109.15,109.15,218.3,1.0,0.0,0.0,0.0,0.0,2025-02-21,8.65,249.96,249.96,499.92,2.29,9.09,11.85,0.02,0.08,2025-03-21,36.65,512.86,512.86,1025.72,4.7,133.83,151.78,18.34,30.64
2025-02-13,2025-02-13 22:00,22113.25,18.40999984741211,2025-02-14,0.65,68.31,68.31,136.62,0.62,0.0,0.0,0.0,0.0,2025-02-21,7.65,234.84,234.84,469.69,2.12,5.94,7.96,0.0,0.03,2025-03-21,35.65,505.35,505.35,1010.7,4.57,125.91,143.23,15.85,26.98
2025-02-14,2025-02-14 22:00,22196.25,18.030000686645508,2025-02-21,6.65,215.26,215.26,430.52,1.94,3.32,4.63,0.0,0.01,2025-02-21,6.65,215.26,215.26,430.52,1.94,3.32,4.63,0.0,0.01,2025-03-21,34.65,489.82,489.82,979.64,4.41,115.11,131.44,12.98,22.65
2025-02-18,2025-02-18 22:00,22232.25,19.229999542236328,2025-02-21,2.65,145.17,145.17,290.33,1.31,0.08,0.15,0.0,0.0,2025-02-21,2.65,145.17,145.17,290.33,1.31,0.08,0.15,0.0,0.0,2025-03-21,30.65,492.37,492.37,984.73,4.43,116.32,132.77,13.25,23.07
2025-02-19,2025-02-19 22:00,22250.5,19.0,2025-02-21,1.65,113.23,113.23,226.46,1.02,0.0,0.0,0.0,0.0,2025-02-21,1.65,113.23,113.23,226.46,1.02,0.0,0.0,0.0,0.0,2025-03-21,29.65,478.93,478.93,957.85,4.3,107.67,123.3,11.17,19.85
2025-02-20,2025-02-20 22:00,22141.75,18.899999618530273,2025-02-21,0.65,70.22,70.22,140.44,0.63,0.0,0.0,0.0,0.0,2025-02-21,0.65,70.22,70.22,140.44,0.63,0.0,0.0,0.0,0.0,2025-03-21,28.65,466.07,466.07,932.14,4.21,100.64,115.56,9.67,17.49
2025-02-21,2025-02-21 22:00,21679.25,20.959999084472656,2025-02-28,6.65,244.41,244.41,488.82,2.25,8.24,10.8,0.01,0.06,2025-03-21,27.65,497.21,497.21,994.42,4.59,124.42,141.49,15.78,26.82,2025-04-18,55.65,702.99,702.99,1405.97,6.49,277.25,306.41,78.15,111.41
2025-02-24,2025-02-24 22:00,21420.25,21.459999084472656,2025-02-28,3.65,183.2,183.2,366.4,1.71,1.25,1.85,0.0,0.0,2025-03-21,24.65,475.09,475.09,950.17,4.44,112.38,128.27,12.83,22.33,2025-04-18,52.65,691.97,691.97,1383.94,6.46,271.74,300.4,76.06,108.6
2025-02-25,2025-02-25 22:00,21149.0,21.979999542236328,2025-02-28,2.65,157.84,157.84,315.68,1.49,0.36,0.58,0.0,0.0,2025-03-21,23.65,470.64,470.64,941.29,4.45,111.94,127.72,12.92,22.42,2025-04-18,51.65,693.16,693.16,1386.32,6.56,276.25,305.11,79.21,112.51
2025-02-26,2025-02-26 22:00,21187.0,21.940000534057617,2025-02-28,1.65,124.5,124.5,249.0,1.18,0.02,0.04,0.0,0.0,2025-03-21,22.65,460.63,460.63,921.26,4.35,105.24,120.39,11.26,19.87,2025-04-18,50.65,686.48,686.48,1372.97,6.48,270.35,298.82,76.02,108.44
2025-02-27,2025-02-27 22:00,20605.75,24.09000015258789,2025-02-28,0.65,83.29,83.29,166.59,0.81,0.0,0.0,0.0,0.0,2025-03-21,21.65,480.96,480.96,961.91,4.67,123.65,140.37,16.49,27.72,2025-04-18,49.65,725.85,725.85,1451.7,7.05,310.23,341.21,99.64,138.1
2025-02-28,2025-02-28 22:00,20919.5,22.65999984741211,2025-03-07,6.65,254.97,254.97,509.94,2.44,12.03,15.38,0.04,0.17,2025-03-21,20.65,448.62,448.62,897.25,4.29,100.01,114.59,10.21,18.22,2025-04-18,48.65,686.25,686.25,1372.51,6.56,273.65,302.23,78.54,111.53
2025-03-03,2025-03-03 22:00,20468.25,24.959999084472656,2025-03-07,3.65,203.61,203.61,407.21,1.99,3.63,4.99,0.0,0.01,2025-03-21,17.65,447.15,447.15,894.3,4.37,102.91,117.67,11.16,19.65,2025-04-18,45.65,716.66,716.66,1433.32,7.0,304.45,334.97,96.83,134.49
2025-03-04,2025-03-04 22:00,20399.0,25.219999313354492,2025-03-07,2.65,174.68,174.68,349.37,1.71,1.2,1.78,0.0,0.0,2025-03-21,16.65,437.39,437.39,874.77,4.29,97.39,111.6,9.92,17.71,2025-04-18,44.65,713.81,713.81,1427.62,7.0,303.03,333.42,96.28,133.76
2025-03-05,2025-03-05 22:00,20665.0,24.260000228881836,2025-03-07,1.65,134.27,134.27,268.55,1.3,0.07,0.13,0.0,0.0,2025-03-21,15.65,413.28,413.28,826.56,4.0,80.77,93.36,6.4,12.09,2025-04-18,43.65,687.86,687.86,1375.72,6.66,278.18,306.98,81.7,115.45
2025-03-06,2025-03-06 22:00,20089.25,26.229999542236328,2025-03-07,0.65,88.42,88.42,176.84,0.88,0.0,0.0,0.0,0.0,2025-03-21,14.65,420.32,420.32,840.65,4.18,89.49,102.85,8.37,15.23,2025-04-18,42.65,714.72,714.72,1429.44,7.12,308.06,338.65,100.28,138.6
2025-03-07,2025-03-07 22:00,20229.75,25.549999237060547,2025-03-14,6.65,278.01,278.01,556.02,2.75,20.47,25.32,0.21,0.63,2025-03-21,13.65,398.02,398.02,796.04,3.93,75.27,87.2,5.59,10.71,2025-04-18,41.65,692.89,692.89,1385.78,6.85,288.12,317.41,88.53,123.89
2025-03-10,2025-03-10 21:00,19452.75,28.84000015258789,2025-03-14,3.69,224.85,224.85,449.71,2.31,8.46,11.0,0.02,0.08,2025-03-21,10.69,382.46,382.46,764.92,3.93,72.18,83.62,5.34,10.24,2025-04-18,38.69,725.08,725.08,1450.16,7.45,325.69,357.15,113.19,154.25
2025-03-11,2025-03-11 21:00,19399.0,28.700000762939453,2025-03-14,2.69,190.52,190.52,381.05,1.96,3.16,4.37,0.0,0.01,2025-03-21,9.69,361.41,361.41,722.81,3.73,60.94,71.14,3.6,7.27,2025-04-18,37.69,710.3,710.3,1420.6,7.32,314.05,344.71,106.46,145.86
2025-03-12,2025-03-12 21:00,19618.5,26.81999969482422,2025-03-14,1.69,142.7,142.7,285.4,1.45,0.25,0.42,0.0,0.0,2025-03-21,8.69,323.49,323.49,646.98,3.3,40.85,48.64,1.33,3.08,2025-04-18,36.69,662.43,662.43,1324.86,6.75,271.5,299.36,81.49,114.61
2025-03-13,2025-03-13 21:00,19249.0,27.579999923706055,2025-03-14,0.69,91.91,91.91,183.82,0.95,0.0,0.0,0.0,0.0,2025-03-21,7.69,307.07,307.07,614.14,3.19,35.52,42.55,0.96,2.32,2025-04-18,35.69,659.27,659.27,1318.54,6.85,273.94,301.81,84.08,117.68
2025-03-14,2025-03-14 21:00,19712.0,25.790000915527344,2025-03-21,6.69,274.29,274.29,548.58,2.78,21.05,25.97,0.23,0.69,2025-03-21,6.69,274.29,274.29,548.58,2.78,21.05,25.97,0.23,0.69,2025-04-18,34.69,622.51,622.51,1245.01,6.32,238.16,263.7,63.84,92.02
2025-03-17,2025-03-17 21:00,19831.75,25.040000915527344,2025-03-21,3.69,199.03,199.03,398.07,2.01,3.73,5.11,0.0,0.01,2025-03-21,3.69,199.03,199.03,398.07,2.01,3.73,5.11,0.0,0.01,2025-04-18,31.69,581.41,581.41,1162.82,5.86,204.57,227.67,47.63,70.79
2025-03-18,2025-03-18 21:00,19496.75,25.850000381469727,2025-03-21,2.69,172.47,172.47,344.94,1.77,1.49,2.17,0.0,0.0,2025-03-21,2.69,172.47,172.47,344.94,1.77,1.49,2.17,0.0,0.0,2025-04-18,30.69,580.76,580.76,1161.52,5.96,208.13,231.37,50.0,73.8
2025-03-19,2025-03-19 21:00,19746.75,23.6200008392334,2025-03-21,1.69,126.49,126.49,252.99,1.28,0.06,0.11,0.0,0.0,2025-03-21,1.69,126.49,126.49,252.99,1.28,0.06,0.11,0.0,0.0,2025-04-18,29.69,528.72,528.72,1057.44,5.35,166.08,186.15,31.78,49.31
2025-03-20,2025-03-20 21:00,19678.5,23.3799991607666,2025-03-21,0.69,79.65,79.65,159.31,0.81,0.0,0.0,0.0,0.0,2025-03-21,0.69,79.65,79.65,159.31,0.81,0.0,0.0,0.0,0.0,2025-04-18,28.69,512.74,512.74,1025.49,5.21,155.25,174.41,27.84,43.82
2025-03-21,2025-03-21 21:00,19450.810546875,22.920000076293945,2025-03-28,6.69,240.54,240.54,481.08,2.47,12.03,15.31,0.05,0.19,2025-04-18,27.69,488.17,488.17,976.34,5.02,140.21,158.04,22.88,36.77,2025-05-16,55.69,689.92,689.92,1379.85,7.09,296.97,326.48,96.46,133.38
2025-03-24,2025-03-24 21:00,20374.25,21.270000457763672,2025-03-28,3.69,173.69,173.69,347.39,1.71,1.16,1.72,0.0,0.0,2025-04-18,24.69,448.26,448.26,896.53,4.4,104.59,119.48,11.64,20.37,2025-05-16,52.69,652.61,652.61,1305.22,6.41,254.03,280.97,70.07,100.36
2025-03-25,2025-03-25 21:00,20488.5,20.56999969482422,2025-03-28,2.69,144.22,144.22,288.45,1.41,0.19,0.32,0.0,0.0,2025-04-18,23.69,427.08,427.08,854.15,4.17,90.48,104.02,8.38,15.28,2025-05-16,51.69,628.71,628.71,1257.41,6.14,233.65,259.16,59.67,86.91
2025-03-26,2025-03-26 21:00,20116.5,22.040000915527344,2025-03-28,1.69,120.24,120.24,240.49,1.2,0.02,0.05,0.0,0.0,2025-04-18,22.69,439.75,439.75,879.5,4.37,101.43,115.96,11.04,19.42,2025-05-16,50.69,655.03,655.03,1310.06,6.51,259.29,286.5,73.53,104.69
2025-03-27,2025-03-27 21:00,19990.25,22.40999984741211,2025-03-28,0.69,77.56,77.56,155.11,0.78,0.0,0.0,0.0,0.0,2025-04-18,21.69,434.48,434.48,868.95,4.35,99.19,113.48,10.59,18.71,2025-05-16,49.69,655.36,655.36,1310.72,6.56,261.19,288.49,74.9,106.39
2025-03-28,2025-03-28 21:00,19457.0,25.059999465942383,2025-04-04,6.69,263.08,263.08,526.16,2.7,18.32,22.76,0.16,0.51,2025-04-18,20.69,461.9,461.9,923.81,4.75,121.93,138.18,17.07,28.38,2025-05-16,48.69,706.13,706.13,1412.27,7.26,310.11,340.52,104.0,142.82
2025-03-31,2025-03-31 21:00,19439.5,25.3700008392334,2025-04-04,3.69,197.67,197.67,395.33,2.03,3.98,5.42,0.0,0.01,2025-04-18,17.69,432.16,432.16,864.31,4.45,102.49,116.96,11.76,20.44,2025-05-16,45.69,692.13,692.13,1384.25,7.12,298.63,328.26,97.37,134.52
2025-04-01,2025-04-01 21:00,19604.5,24.799999237060547,2025-04-04,2.69,166.38,166.38,332.76,1.7,1.07,1.6,0.0,0.0,2025-04-18,16.69,413.87,413.87,827.74,4.22,89.61,102.88,8.65,15.63,2025-05-16,44.69,674.9,674.9,1349.81,6.89,282.12,310.7,87.43,122.11
2025-04-02,2025-04-02 21:00,19758.0,23.649999618530273,2025-04-04,1.69,126.73,126.73,253.45,1.28,0.06,0.11,0.0,0.0,2025-04-18,15.69,385.72,385.72,771.43,3.9,71.84,83.31,5.18,9.99,2025-05-16,43.69,641.45,641.45,1282.89,6.49,252.92,279.53,71.26,101.6
2025-04-03,2025-04-03 21:00,18675.5,30.56999969482422,2025-04-04,0.69,98.84,98.84,197.68,1.06,0.0,0.01,0.0,0.0,2025-04-18,14.69,456.02,456.02,912.04,4.88,125.52,141.87,18.97,31.01,2025-05-16,42.69,774.64,774.64,1549.28,8.3,379.75,414.3,151.14,200.11
2025-04-04,2025-04-04 21:00,17539.0,37.650001525878906,2025-04-11,6.69,356.27,356.27,712.54,4.06,71.62,82.63,5.99,11.18,2025-04-18,13.69,509.21,509.21,1018.42,5.81,176.67,196.79,40.16,60.0,2025-05-16,41.69,885.34,885.34,1770.68,10.1,495.97,536.95,240.68,305.64
2025-04-07,2025-04-07 21:00,17563.25,38.63999938964844,2025-04-11,3.69,271.99,271.99,543.98,3.1,28.94,34.88,0.66,1.65,2025-04-18,10.69,462.61,462.61,925.23,5.27,141.74,159.12,25.96,40.67,2025-05-16,38.69,876.85,876.85,1753.7,9.99,487.83,528.34,234.37,298.25
2025-04-08,2025-04-08 21:00,17243.75,39.560001373291016,2025-04-11,2.69,233.44,233.44,466.87,2.71,16.3,20.24,0.15,0.46,2025-04-18,9.69,442.78,442.78,885.56,5.14,130.97,147.35,22.53,35.79,2025-05-16,37.69,870.02,870.02,1740.04,10.09,487.11,527.38,236.18,299.98
2025-04-09,2025-04-09 21:00,19288.75,34.79999923706055,2025-04-11,1.69,182.04,182.04,364.08,1.89,2.38,3.36,0.0,0.0,2025-04-18,8.69,412.67,412.67,825.33,4.28,91.37,104.74,9.21,16.48,2025-05-16,36.69,844.91,844.91,1689.81,8.76,430.99,469.11,182.17,238.15
2025-04-10,2025-04-10 21:00,18484.5,43.25,2025-04-11,0.69,138.41,138.41,276.81,1.5,0.32,0.52,0.0,0.0,2025-04-18,7.69,462.37,462.37,924.73,5.0,131.7,148.53,21.18,34.14,2025-05-16,35.69,992.34,992.34,1984.67,10.74,576.0,622.34,294.1,369.55
2025-04-11,2025-04-11 21:00,18807.5,39.95000076293945,2025-04-18,6.69,405.37,405.37,810.73,4.31,90.91,104.13,9.39,16.71,2025-04-18,6.69,405.37,405.37,810.73,4.31,90.91,104.13,9.39,16.71,2025-05-16,34.69,919.71,919.71,1839.41,9.78,504.99,547.34,238.02,304.11
2025-04-14,2025-04-14 21:00,18934.75,34.33000183105469,2025-04-18,3.69,260.53,260.53,521.05,2.75,19.23,23.79,0.2,0.59,2025-04-18,3.69,260.53,260.53,521.05,2.75,19.23,23.79,0.2,0.59,2025-05-16,31.69,760.91,760.91,1521.82,8.04,363.57,397.24,139.13,185.75
2025-04-15,2025-04-15 21:00,18960.25,32.709999084472656,2025-04-18,2.69,212.23,212.23,424.46,2.24,6.91,9.08,0.01,0.05,2025-04-18,2.69,212.23,212.23,424.46,2.24,6.91,9.08,0.01,0.05,2025-05-16,30.69,714.56,714.56,1429.11,7.54,323.77,354.86,114.07,155.0
2025-04-16,2025-04-16 21:00,18385.25,35.380001068115234,2025-04-18,1.69,176.41,176.41,352.81,1.92,2.55,3.57,0.0,0.0,2025-04-18,1.69,176.41,176.41,352.81,1.92,2.55,3.57,0.0,0.0,2025-05-16,29.69,737.18,737.18,1474.36,8.02,351.54,384.14,134.12,179.17
2025-04-17,2025-04-17 21:00,18380.75,32.83000183105469,2025-04-18,0.69,104.47,104.47,208.94,1.14,0.01,0.02,0.0,0.0,2025-04-18,0.69,104.47,104.47,208.94,1.14,0.01,0.02,0.0,0.0,2025-05-16,28.69,672.39,672.39,1344.79,7.32,296.77,325.78,100.32,137.53
2025-04-21,2025-04-21 21:00,17922.25,36.869998931884766,2025-04-25,3.69,264.84,264.84,529.68,2.96,24.57,29.89,0.41,1.11,2025-05-16,24.69,683.34,683.34,1366.68,7.63,312.52,342.34,111.73,151.35,2025-06-20,59.69,1057.58,1057.58,2115.17,11.8,646.53,696.52,355.07,439.49
2025-04-22,2025-04-22 21:00,18385.0,33.97999954223633,2025-04-25,2.69,213.78,213.78,427.56,2.33,8.26,10.71,0.02,0.08,2025-05-16,23.69,632.94,632.94,1265.88,6.89,263.96,290.74,81.49,113.91,2025-06-20,58.69,991.71,991.71,1983.42,10.79,578.05,624.41,296.91,372.63
2025-04-23,2025-04-23 21:00,18804.0,31.829999923706055,2025-04-25,1.69,162.32,162.32,324.64,1.73,1.18,1.74,0.0,0.0,2025-05-16,22.69,593.57,593.57,1187.13,6.31,226.64,250.97,60.55,87.34,2025-06-20,57.69,942.22,942.22,1884.43,10.02,526.08,569.65,254.06,322.96
2025-04-24,2025-04-24 21:00,19322.0,29.959999084472656,2025-04-25,0.69,100.22,100.22,200.44,1.04,0.0,0.01,-0.0,0.0,2025-05-16,21.69,561.38,561.38,1122.76,5.81,195.15,217.35,44.51,66.45,2025-06-20,56.69,903.54,903.54,1807.09,9.35,482.85,524.15,218.72,281.79
2025-04-25,2025-04-25 21:00,19535.25,28.3700008392334,2025-05-02,6.69,299.02,299.02,598.05,3.06,30.81,37.21,0.65,1.67,2025-05-16,20.69,524.99,524.99,1049.99,5.37,165.49,185.45,31.86,49.37,2025-06-20,55.69,857.53,857.53,1715.06,8.78,438.79,477.52,186.34,243.35
2025-04-28,2025-04-28 21:00,19528.0,28.540000915527344,2025-05-02,3.69,223.38,223.38,446.75,2.29,8.03,10.47,0.02,0.07,2025-05-16,17.69,488.35,488.35,976.7,5.0,139.3,157.08,22.45,36.18,2025-06-20,52.69,839.11,839.11,1678.23,8.59,422.71,460.44,175.34,230.13
2025-04-29,2025-04-29 21:00,19642.0,27.600000381469727,2025-05-02,2.69,185.52,185.52,371.04,1.89,2.44,3.44,0.0,0.0,2025-05-16,16.69,461.46,461.46,922.93,4.7,119.76,135.87,16.25,27.21,2025-06-20,51.69,808.56,808.56,1617.12,8.23,394.4,430.4,155.78,206.58
2025-04-30,2025-04-30 21:00,19658.5,27.799999237060547,2025-05-02,1.69,148.21,148.21,296.43,1.51,0.37,0.59,0.0,0.0,2025-05-16,15.69,451.1,451.1,902.2,4.59,112.72,128.2,14.26,24.25,2025-06-20,50.69,807.28,807.28,1614.55,8.21,393.0,428.92,154.76,205.36
2025-05-01,2025-05-01 21:00,19870.75,27.690000534057617,2025-05-02,0.69,95.26,95.26,190.52,0.96,0.0,0.0,0.0,0.0,2025-05-16,14.69,439.51,439.51,879.02,4.42,103.28,117.93,11.65,20.32,2025-06-20,49.69,804.81,804.81,1609.62,8.1,387.58,423.28,150.12,199.91
2025-05-02,2025-05-02 21:00,20195.25,25.729999542236328,2025-05-09,6.69,280.36,280.36,560.73,2.78,21.35,26.35,0.23,0.69,2025-05-16,13.69,400.75,400.75,801.49,3.97,77.09,89.2,5.92,11.26,2025-06-20,48.69,752.51,752.51,1505.01,7.45,338.25,370.91,117.69,160.35
2025-05-05,2025-05-05 21:00,20055.5,26.540000915527344,2025-05-09,3.69,213.34,213.34,426.67,2.13,5.43,7.27,0.0,0.02,2025-05-16,10.69,362.87,362.87,725.74,3.62,57.37,67.26,2.98,6.19,2025-06-20,45.69,746.96,746.96,1493.93,7.45,335.53,367.94,116.62,158.92
2025-05-06,2025-05-06 21:00,19876.5,27.110000610351562,2025-05-09,2.69,184.4,184.4,368.8,1.86,2.17,3.09,0.0,0.0,2025-05-16,9.69,349.79,349.79,699.58,3.52,51.86,61.08,2.36,5.06,2025-06-20,44.69,747.96,747.96,1495.92,7.53,338.94,371.49,119.44,162.29
2025-05-07,2025-05-07 21:00,19961.0,26.489999771118164,2025-05-09,1.69,143.4,143.4,286.81,1.44,0.23,0.38,0.0,0.0,2025-05-16,8.69,325.09,325.09,650.18,3.26,39.75,47.44,1.21,2.85,2025-06-20,43.69,725.8,725.8,1451.61,7.27,319.12,350.39,107.23,147.19
2025-05-08,2025-05-08 21:00,20148.0,25.969999313354492,2025-05-09,0.69,90.59,90.59,181.17,0.9,0.0,0.0,0.0,0.0,2025-05-16,7.69,302.65,302.65,605.3,3.0,29.53,35.8,0.56,1.46,2025-06-20,42.69,710.05,710.05,1420.11,7.05,303.38,333.68,97.39,135.0
2025-05-09,2025-05-09 21:00,20136.75,25.5,2025-05-16,6.69,277.05,277.05,554.1,2.75,20.48,25.32,0.21,0.63,2025-05-16,6.69,277.05,277.05,554.1,2.75,20.48,25.32,0.21,0.63,2025-06-20,41.69,688.7,688.7,1377.4,6.84,285.98,315.07,87.68,122.74
2025-05-12,2025-05-12 21:00,20948.75,22.280000686645508,2025-05-16,3.69,187.07,187.07,374.14,1.79,1.72,2.49,0.0,0.0,2025-05-16,3.69,187.07,187.07,374.14,1.79,1.72,2.49,0.0,0.0,2025-06-20,38.69,603.32,603.32,1206.64,5.76,208.04,231.82,46.8,70.08
2025-05-13,2025-05-13 21:00,21278.0,22.280000686645508,2025-05-16,2.69,162.23,162.23,324.47,1.52,0.44,0.71,0.0,0.0,2025-05-16,2.69,162.23,162.23,324.47,1.52,0.44,0.71,0.0,0.0,2025-06-20,37.69,604.91,604.91,1209.81,5.69,205.3,229.0,44.94,67.7
2025-05-14,2025-05-14 21:00,21392.5,22.65999984741211,2025-05-16,1.69,131.47,131.47,262.93,1.23,0.04,0.07,0.0,0.0,2025-05-16,1.69,131.47,131.47,262.93,1.23,0.04,0.07,0.0,0.0,2025-06-20,36.69,610.34,610.34,1220.69,5.71,208.03,231.98,45.87,68.99
2025-05-15,2025-05-15 21:00,21400.25,21.889999389648438,2025-05-16,0.69,81.1,81.1,162.2,0.76,0.0,0.0,0.0,0.0,2025-05-16,0.69,81.1,81.1,162.2,0.76,0.0,0.0,0.0,0.0,2025-06-20,35.69,581.8,581.8,1163.61,5.44,186.62,208.89,37.04,57.01
2025-05-16,2025-05-16 21:00,21506.0,21.200000762939453,2025-05-23,6.69,246.0,246.0,492.0,2.29,8.85,11.55,0.02,0.08,2025-06-20,34.69,558.33,558.33,1116.67,5.19,168.38,189.21,29.98,47.26,2025-07-18,62.69,748.0,748.0,1496.0,6.96,316.37,348.18,99.92,138.99
2025-05-19,2025-05-19 21:00,21527.0,21.950000762939453,2025-05-23,3.69,189.39,189.39,378.77,1.76,1.57,2.3,0.0,0.0,2025-06-20,31.69,553.26,553.26,1106.52,5.14,164.45,184.96,28.54,45.24,2025-07-18,59.69,756.71,756.71,1513.41,7.03,323.14,355.43,103.64,143.7
2025-05-20,2025-05-20 21:00,21447.25,22.06999969482422,2025-05-23,2.69,161.98,161.98,323.96,1.51,0.41,0.66,0.0,0.0,2025-06-20,30.69,545.47,545.47,1090.95,5.09,159.74,179.84,26.99,43.05,2025-07-18,58.69,751.74,751.74,1503.47,7.01,320.12,352.17,102.21,141.85
2025-05-21,2025-05-21 21:00,21156.75,24.200000762939453,2025-05-23,1.69,138.85,138.85,277.71,1.31,0.09,0.15,0.0,0.0,2025-06-20,29.69,580.38,580.38,1160.75,5.49,188.16,210.47,38.05,58.32,2025-07-18,57.69,806.21,806.21,1612.43,7.62,369.75,404.97,132.78,179.69
2025-05-22,2025-05-22 21:00,21178.25,23.6299991607666,2025-05-23,0.69,86.64,86.64,173.28,0.82,0.0,0.0,0.0,0.0,2025-06-20,28.69,557.72,557.72,1115.44,5.27,171.33,192.3,31.52,49.33,2025-07-18,56.69,781.27,781.27,1562.55,7.38,348.42,382.23,119.73,163.56
2025-05-23,2025-05-23 21:00,20975.0,25.290000915527344,2025-05-30,6.69,286.21,286.21,572.42,2.73,20.57,25.49,0.2,0.6,2025-06-20,27.69,580.83,580.83,1161.67,5.54,190.52,212.96,39.32,60.0,2025-07-18,55.69,820.86,820.86,1641.71,7.83,384.81,420.92,142.98,192.09
2025-05-27,2025-05-27 21:00,21460.5,22.31999969482422,2025-05-30,2.69,163.92,163.92,327.84,1.53,0.46,0.73,0.0,0.0,2025-06-20,23.69,485.39,485.39,970.77,4.52,118.63,135.11,14.4,24.72,2025-07-18,51.69,714.53,714.53,1429.05,6.66,289.31,319.24,85.14,120.25
2025-05-28,2025-05-28 21:00,21379.75,22.760000228881836,2025-05-30,1.69,131.97,131.97,263.94,1.23,0.04,0.07,0.0,0.0,2025-06-20,22.69,482.63,482.63,965.26,4.51,117.56,133.92,14.18,24.38,2025-07-18,50.69,718.89,718.89,1437.79,6.73,293.91,324.12,87.87,123.68
2025-05-29,2025-05-29 21:00,21408.5,21.799999237060547,2025-05-30,0.69,80.8,80.8,161.6,0.75,0.0,0.0,0.0,0.0,2025-06-20,21.69,452.64,452.64,905.27,4.23,98.38,112.92,9.57,17.26,2025-07-18,49.69,682.76,682.76,1365.53,6.38,264.46,292.59,72.35,103.82
2025-05-30,2025-05-30 21:00,21376.75,20.8700008392334,2025-06-06,6.69,240.71,240.71,481.43,2.25,8.07,10.58,0.01,0.06,2025-06-20,20.69,422.65,422.65,845.3,3.95,80.85,93.58,6.14,11.71,2025-07-18,48.69,646.16,646.16,1292.32,6.05,236.04,262.09,58.56,85.84
2025-06-02,2025-06-02 21:00,21534.5,19.43000030517578,2025-06-06,3.69,167.7,167.7,335.41,1.56,0.55,0.87,0.0,0.0,2025-06-20,17.69,366.66,366.66,733.32,3.41,50.33,59.59,1.96,4.34,2025-07-18,45.69,587.28,587.28,1174.56,5.45,189.42,211.96,37.97,58.31
2025-06-03,2025-06-03 21:00,21706.0,18.739999771118164,2025-06-06,2.69,139.2,139.2,278.4,1.28,0.07,0.12,0.0,0.0,2025-06-20,16.69,346.28,346.28,692.56,3.19,40.17,48.12,1.1,2.64,2025-07-18,44.69,564.73,564.73,1129.46,5.2,171.08,192.19,30.71,48.32
2025-06-04,2025-06-04 21:00,21766.5,19.010000228881836,2025-06-06,1.69,112.22,112.22,224.44,1.03,0.0,0.01,-0.0,0.0,2025-06-20,15.69,341.57,341.57,683.14,3.14,37.87,45.5,0.94,2.31,2025-07-18,43.69,568.07,568.07,1136.13,5.22,172.8,194.07,31.24,49.08
2025-06-05,2025-06-05 21:00,21582.25,21.479999542236328,2025-06-06,0.69,80.26,80.26,160.52,0.74,0.0,0.0,0.0,0.0,2025-06-20,14.69,370.33,370.33,740.65,3.43,51.76,61.2,2.09,4.6,2025-07-18,42.69,629.16,629.16,1258.33,5.83,220.24,245.19,50.83,75.69
2025-06-06,2025-06-06 21:00,21789.5,19.809999465942383,2025-06-13,6.69,232.9,232.9,465.8,2.14,6.08,8.13,0.01,0.03,2025-06-20,13.69,332.91,332.91,665.83,3.06,34.2,41.32,0.72,1.84,2025-07-18,41.69,579.01,579.01,1158.02,5.31,180.4,202.3,34.03,52.96
2025-06-09,2025-06-09 21:00,21821.5,20.170000076293945,2025-06-13,3.69,176.41,176.41,352.82,1.62,0.79,1.21,0.0,0.0,2025-06-20,10.69,300.07,300.07,600.14,2.75,22.17,27.42,0.23,0.68,2025-07-18,38.69,568.96,568.96,1137.92,5.21,172.71,193.99,31.11,48.91
2025-06-10,2025-06-10 21:00,21962.5,19.81999969482422,2025-06-13,2.69,148.96,148.96,297.93,1.36,0.13,0.23,0.0,0.0,2025-06-20,9.69,282.58,282.58,565.16,2.57,16.48,20.74,0.1,0.34,2025-07-18,37.69,555.45,555.45,1110.9,5.06,161.56,181.97,26.97,43.13
2025-06-11,2025-06-11 21:00,21887.5,20.3799991607666,2025-06-13,1.69,120.98,120.98,241.95,1.11,0.01,0.02,-0.0,0.0,2025-06-20,8.69,274.25,274.25,548.5,2.51,14.46,18.33,0.07,0.25,2025-07-18,36.69,561.66,561.66,1123.31,5.13,166.72,187.53,28.86,45.78
2025-06-12,2025-06-12 21:00,21932.5,20.690000534057617,2025-06-13,0.69,78.56,78.56,157.12,0.72,0.0,0.0,0.0,0.0,2025-06-20,7.69,262.48,262.48,524.96,2.39,11.49,14.77,0.04,0.14,2025-07-18,35.69,563.6,563.6,1127.19,5.14,167.6,188.5,29.11,46.13
2025-06-13,2025-06-13 21:00,21644.25,22.40999984741211,2025-06-20,6.69,261.71,261.71,523.42,2.42,11.95,15.31,0.04,0.16,2025-06-20,6.69,261.71,261.71,523.42,2.42,11.95,15.31,0.04,0.16,2025-07-18,34.69,593.98,593.98,1187.96,5.49,192.81,215.66,39.08,59.87
2025-06-16,2025-06-16 21:00,21941.5,21.09000015258789,2025-06-20,3.69,185.47,185.47,370.94,1.69,1.16,1.74,0.0,0.0,2025-06-20,3.69,185.47,185.47,370.94,1.69,1.16,1.74,0.0,0.0,2025-07-18,31.69,541.83,541.83,1083.65,4.94,152.1,171.69,23.82,38.63
2025-06-17,2025-06-17 21:00,21730.5,23.309999465942383,2025-06-20,2.69,173.34,173.34,346.69,1.6,0.69,1.08,0.0,0.0,2025-06-20,2.69,173.34,173.34,346.69,1.6,0.69,1.08,0.0,0.0,2025-07-18,30.69,583.72,583.72,1167.44,5.37,184.17,206.37,35.52,55.01
2025-06-18,2025-06-18 21:00,21720.25,22.139999389648438,2025-06-20,1.69,130.42,130.42,260.84,1.2,0.03,0.05,0.0,0.0,2025-06-20,1.69,130.42,130.42,260.84,1.2,0.03,0.05,0.0,0.0,2025-07-18,29.69,545.13,545.13,1090.26,5.02,156.62,176.54,25.57,41.1
2025-06-20,2025-06-20 21:00,21889.890625,22.229999542236328,2025-06-27,6.69,262.55,262.55,525.11,2.4,11.6,14.9,0.04,0.14,2025-07-18,27.69,532.85,532.85,1065.7,4.87,146.32,165.4,22.02,36.02,2025-08-15,55.69,753.08,753.08,1506.16,6.88,314.98,346.88,97.71,136.44
2025-06-23,2025-06-23 21:00,22073.5,21.149999618530273,2025-06-27,3.69,187.12,187.12,374.23,1.7,1.2,1.79,0.0,0.0,2025-07-18,24.69,482.91,482.91,965.82,4.38,111.58,127.55,12.19,21.42,2025-08-15,52.69,703.05,703.05,1406.1,6.37,272.04,301.0,74.3,106.66
2025-06-24,2025-06-24 21:00,22412.75,19.459999084472656,2025-06-27,2.69,149.26,149.26,298.51,1.33,0.11,0.19,0.0,0.0,2025-07-18,23.69,441.98,441.98,883.96,3.94,84.17,97.46,6.34,12.11,2025-08-15,51.69,650.66,650.66,1301.32,5.81,226.92,252.69,52.05,77.61
2025-06-25,2025-06-25 21:00,22461.0,19.0,2025-06-27,1.69,115.74,115.74,231.48,1.03,0.0,0.01,-0.0,0.0,2025-07-18,22.69,423.29,423.29,846.58,3.77,73.4,85.52,4.59,9.15,2025-08-15,50.69,630.54,630.54,1261.08,5.61,211.11,235.67,45.14,68.35
2025-06-26,2025-06-26 21:00,22669.25,18.989999771118164,2025-06-27,0.69,74.53,74.53,149.06,0.66,0.0,0.0,0.0,0.0,2025-07-18,21.69,417.52,417.52,835.05,3.68,68.88,80.52,3.9,7.94,2025-08-15,49.69,629.82,629.82,1259.65,5.56,208.13,232.54,43.51,66.21
2025-06-27,2025-06-27 21:00,22751.5,18.889999389648438,2025-07-04,6.69,231.89,231.89,463.78,2.04,4.73,6.45,0.0,0.01,2025-07-18,20.69,407.16,407.16,814.32,3.58,62.96,73.92,3.12,6.56,2025-08-15,48.69,622.5,622.5,1244.99,5.47,201.72,225.65,40.76,62.48
2025-06-30,2025-06-30 21:00,22893.25,19.559999465942383,2025-07-04,3.69,179.48,179.48,358.96,1.57,0.62,0.98,0.0,0.0,2025-07-18,17.69,392.41,392.41,784.81,3.43,54.75,64.75,2.2,4.85,2025-08-15,45.69,628.51,628.51,1257.03,5.49,204.46,228.67,41.59,63.67
2025-07-01,2025-07-01 21:00,22692.75,19.8799991607666,2025-07-04,2.69,154.38,154.38,308.77,1.36,0.14,0.25,0.0,0.0,2025-07-18,16.69,384.04,384.04,768.08,3.38,51.92,61.53,1.95,4.37,2025-08-15,44.69,626.31,626.31,1252.61,5.52,205.09,229.27,42.2,64.44
2025-07-02,2025-07-02 21:00,22843.0,19.739999771118164,2025-07-04,1.69,122.29,122.29,244.58,1.07,0.0,0.01,0.0,0.0,2025-07-18,15.69,372.23,372.23,744.45,3.26,45.68,54.5,1.4,3.29,2025-08-15,43.69,619.05,619.05,1238.09,5.42,197.99,221.66,39.1,60.24
2025-07-03,2025-07-04 06:30,23062.5,19.469999313354492,2025-07-11,7.29,252.97,252.97,505.93,2.19,7.5,9.93,0.01,0.04,2025-07-18,14.29,353.85,353.85,707.7,3.07,36.8,44.42,0.8,2.02,2025-08-15,42.29,606.62,606.62,1213.25,5.26,186.46,209.27,34.34,53.73
2025-07-07,2025-07-07 21:00,22884.75,20.68000030517578,2025-07-11,3.69,189.68,189.68,379.37,1.66,1.03,1.55,0.0,0.0,2025-07-18,10.69,322.65,322.65,645.3,2.82,25.89,31.84,0.32,0.92,2025-08-15,38.69,611.76,611.76,1223.53,5.35,192.04,215.25,36.7,56.96
2025-07-08,2025-07-08 21:00,22896.75,19.530000686645508,2025-07-11,2.69,153.03,153.03,306.06,1.34,0.12,0.2,0.0,0.0,2025-07-18,9.69,290.29,290.29,580.58,2.54,16.02,20.24,0.08,0.3,2025-08-15,37.69,570.61,570.61,1141.22,4.98,162.5,183.26,26.11,42.11
2025-07-09,2025-07-09 21:00,23052.75,18.709999084472656,2025-07-11,1.69,116.97,116.97,233.95,1.01,0.0,0.0,0.0,0.0,2025-07-18,8.69,265.18,265.18,530.37,2.3,9.8,12.75,0.02,0.09,2025-08-15,36.69,543.1,543.1,1086.2,4.71,142.08,161.11,19.57,32.65
2025-07-10,2025-07-10 21:00,23013.25,18.760000228881836,2025-07-11,0.69,74.74,74.74,149.49,0.65,0.0,0.0,0.0,0.0,2025-07-18,7.69,249.72,249.72,499.45,2.17,7.03,9.34,0.01,0.04,2025-08-15,35.69,536.22,536.22,1072.44,4.66,137.84,156.48,18.38,30.89
2025-07-11,2025-07-11 21:00,22959.0,19.040000915527344,2025-07-18,6.69,235.86,235.86,471.73,2.05,5.02,6.82,0.0,0.02,2025-07-18,6.69,235.86,235.86,471.73,2.05,5.02,6.82,0.0,0.02,2025-08-15,34.69,535.34,535.34,1070.69,4.66,137.75,156.37,18.4,30.91
2025-07-14,2025-07-14 21:00,23035.5,19.780000686645508,2025-07-18,3.69,182.62,182.62,365.25,1.59,0.7,1.08,0.0,0.0,2025-07-18,3.69,182.62,182.62,365.25,1.59,0.7,1.08,0.0,0.0,2025-08-15,31.69,533.52,533.52,1067.04,4.63,135.73,154.19,17.76,29.97
2025-07-15,2025-07-15 21:00,23056.75,19.739999771118164,2025-07-18,2.69,155.75,155.75,311.51,1.35,0.13,0.23,0.0,0.0,2025-07-18,2.69,155.75,155.75,311.51,1.35,0.13,0.23,0.0,0.0,2025-08-15,30.69,524.52,524.52,1049.04,4.55,129.6,147.5,16.06,27.43
2025-07-16,2025-07-16 21:00,23076.5,19.540000915527344,2025-07-18,1.69,122.29,122.29,244.58,1.06,0.0,0.01,-0.0,0.0,2025-07-18,1.69,122.29,122.29,244.58,1.06,0.0,0.01,-0.0,0.0,2025-08-15,29.69,511.18,511.18,1022.35,4.43,120.78,137.87,13.76,23.96
2025-07-17,2025-07-17 21:00,23251.0,18.670000076293945,2025-07-18,0.69,75.15,75.15,150.31,0.65,0.0,0.0,0.0,0.0,2025-07-18,0.69,75.15,75.15,150.31,0.65,0.0,0.0,0.0,0.0,2025-08-15,28.69,483.81,483.81,967.63,4.16,102.28,117.61,9.43,17.22
2025-07-18,2025-07-18 21:00,23224.25,18.610000610351562,2025-07-25,6.69,233.2,233.2,466.4,2.01,4.39,6.01,0.0,0.01,2025-08-15,27.69,473.29,473.29,946.58,4.08,96.2,110.9,8.22,15.27,2025-09-19,62.69,709.13,709.13,1418.26,6.11,262.47,291.21,66.58,97.11
2025-07-21,2025-07-21 21:00,23342.0,18.709999084472656,2025-07-25,3.69,175.04,175.04,350.09,1.5,0.41,0.67,0.0,0.0,2025-08-15,24.69,451.76,451.76,903.52,3.87,82.85,96.17,5.79,11.25,2025-09-19,59.69,699.45,699.45,1398.91,5.99,253.37,281.48,61.98,91.13
2025-07-22,2025-07-22 21:00,23226.25,18.950000762939453,2025-07-25,2.69,150.62,150.62,301.24,1.3,0.08,0.15,0.0,0.0,2025-08-15,23.69,446.02,446.02,892.05,3.84,80.48,93.52,5.45,10.66,2025-09-19,58.69,699.07,699.07,1398.13,6.02,254.47,282.62,62.76,92.11
2025-07-23,2025-07-23 21:00,23310.75,17.940000534057617,2025-07-25,1.69,113.42,113.42,226.83,0.97,0.0,0.0,0.0,0.0,2025-08-15,22.69,414.8,414.8,829.6,3.56,63.34,74.44,3.06,6.47,2025-09-19,57.69,658.63,658.63,1317.25,5.65,222.5,248.25,48.32,72.91
2025-07-24,2025-07-24 21:00,23377.5,17.719999313354492,2025-07-25,0.69,71.72,71.72,143.44,0.61,0.0,0.0,0.0,0.0,2025-08-15,21.69,401.78,401.78,803.56,3.44,56.49,66.77,2.31,5.07,2025-09-19,56.69,646.82,646.82,1293.63,5.53,212.85,237.88,44.18,67.33
2025-07-25,2025-07-25 21:00,23421.25,17.15999984741211,2025-08-01,6.69,216.86,216.86,433.71,1.85,2.53,3.6,0.0,0.0,2025-08-15,20.69,380.76,380.76,761.53,3.25,46.51,55.51,1.42,3.33,2025-09-19,55.69,622.07,622.07,1244.14,5.31,194.12,217.66,36.72,57.11
2025-07-28,2025-07-28 21:00,23491.25,17.270000457763672,2025-08-01,3.69,162.61,162.61,325.21,1.38,0.18,0.31,0.0,0.0,2025-08-15,17.69,355.52,355.52,711.04,3.03,35.58,43.06,0.71,1.83,2025-09-19,52.69,611.0,611.0,1222.0,5.2,185.27,208.11,33.31,52.39
2025-07-29,2025-07-29 21:00,23452.0,18.209999084472656,2025-08-01,2.69,146.15,146.15,292.29,1.25,0.05,0.09,0.0,0.0,2025-08-15,16.69,363.55,363.55,727.11,3.1,38.97,46.93,0.9,2.25,2025-09-19,51.69,637.11,637.11,1274.23,5.43,204.66,229.07,40.73,62.65
2025-07-30,2025-07-30 21:00,23480.5,17.31999969482422,2025-08-01,1.69,110.29,110.29,220.59,0.94,0.0,0.0,0.0,-0.0,2025-08-15,15.69,335.71,335.71,671.43,2.86,28.23,34.6,0.38,1.09,2025-09-19,50.69,600.9,600.9,1201.8,5.12,178.1,200.36,30.75,48.8
2025-07-31,2025-07-31 21:00,23365.0,19.229999542236328,2025-08-01,0.69,77.79,77.79,155.57,0.67,0.0,0.0,0.0,0.0,2025-08-15,14.69,358.93,358.93,717.85,3.07,37.47,45.21,0.82,2.07,2025-09-19,49.69,657.35,657.35,1314.71,5.63,220.65,246.29,47.39,71.69
2025-08-01,2025-08-01 21:00,22883.75,21.540000915527344,2025-08-08,6.69,265.96,265.96,531.91,2.32,10.27,13.32,0.02,0.1,2025-08-15,13.69,380.16,380.16,760.32,3.32,49.01,58.27,1.67,3.82,2025-09-19,48.69,713.91,713.91,1427.82,6.24,270.05,299.22,71.04,102.8
2025-08-04,2025-08-04 21:00,23296.5,19.239999771118164,2025-08-08,3.69,179.65,179.65,359.3,1.54,0.54,0.86,0.0,0.0,2025-08-15,10.69,305.58,305.58,611.17,2.62,19.14,23.96,0.13,0.44,2025-09-19,45.69,629.12,629.12,1258.25,5.4,200.35,224.37,39.27,60.61
2025-08-05,2025-08-05 21:00,23132.0,19.8700008392334,2025-08-08,2.69,157.29,157.29,314.58,1.36,0.14,0.25,0.0,0.0,2025-08-15,9.69,298.38,298.38,596.75,2.58,17.57,22.09,0.11,0.36,2025-09-19,44.69,638.11,638.11,1276.22,5.52,208.82,233.45,42.92,65.55
2025-08-06,2025-08-06 21:00,23422.75,18.770000457763672,2025-08-08,1.69,119.23,119.23,238.47,1.02,0.0,0.0,0.0,0.0,2025-08-15,8.69,270.3,270.3,540.61,2.31,10.13,13.17,0.02,0.09,2025-09-19,43.69,603.58,603.58,1207.15,5.15,180.42,202.85,31.62,50.02
2025-08-07,2025-08-07 21:00,23496.25,18.81999969482422,2025-08-08,0.69,76.56,76.56,153.11,0.65,0.0,0.0,0.0,0.0,2025-08-15,7.69,255.78,255.78,511.56,2.18,7.31,9.71,0.01,0.04,2025-09-19,42.69,600.17,600.17,1200.34,5.11,177.18,199.37,30.38,48.29
2025-08-08,2025-08-08 21:00,23713.75,17.290000915527344,2025-08-15,6.69,221.23,221.23,442.45,1.87,2.7,3.83,0.0,0.0,2025-08-15,6.69,221.23,221.23,442.45,1.87,2.7,3.83,0.0,0.0,2025-09-19,41.69,550.01,550.01,1100.01,4.64,140.51,159.58,18.52,31.21
2025-08-11,2025-08-11 21:00,23637.5,18.170000076293945,2025-08-15,3.69,172.14,172.14,344.29,1.46,0.31,0.51,0.0,0.0,2025-08-15,3.69,172.14,172.14,344.29,1.46,0.31,0.51,0.0,0.0,2025-09-19,38.69,555.22,555.22,1110.43,4.7,144.63,164.05,19.76,33.03
2025-08-12,2025-08-12 21:00,23938.0,16.84000015258789,2025-08-15,2.69,137.95,137.95,275.9,1.15,0.02,0.03,0.0,0.0,2025-08-15,2.69,137.95,137.95,275.9,1.15,0.02,0.03,0.0,0.0,2025-09-19,37.69,514.41,514.41,1028.82,4.3,115.5,132.28,11.95,21.26
2025-08-13,2025-08-13 21:00,23946.5,16.729999542236328,2025-08-15,1.69,108.65,108.65,217.3,0.91,0.0,0.0,0.0,0.0,2025-08-15,1.69,108.65,108.65,217.3,0.91,0.0,0.0,0.0,0.0,2025-09-19,36.69,504.47,504.47,1008.93,4.21,109.28,125.45,10.56,19.08
2025-08-14,2025-08-14 21:00,23930.5,17.079999923706055,2025-08-15,0.69,70.76,70.76,141.53,0.59,0.0,0.0,0.0,0.0,2025-08-15,0.69,70.76,70.76,141.53,0.59,0.0,0.0,0.0,0.0,2025-09-19,35.69,507.67,507.67,1015.35,4.24,111.35,127.73,11.02,19.8
2025-08-15,2025-08-15 21:00,23804.0,17.5,2025-08-22,6.69,224.77,224.77,449.53,1.89,2.96,4.17,0.0,0.0,2025-09-19,34.69,510.17,510.17,1020.33,4.29,113.94,130.53,11.67,20.81,2025-10-17,62.69,683.5,683.5,1367.0,5.74,235.64,262.58,52.99,79.35
2025-08-18,2025-08-18 21:00,23797.75,17.75,2025-08-22,3.69,169.3,169.3,338.61,1.42,0.24,0.41,0.0,0.0,2025-09-19,31.69,494.62,494.62,989.24,4.16,104.41,120.07,9.6,17.54,2025-10-17,59.69,676.54,676.54,1353.08,5.69,230.34,256.88,50.7,76.28
2025-08-19,2025-08-19 21:00,23469.5,19.389999389648438,2025-08-22,2.69,155.73,155.73,311.46,1.33,0.11,0.19,0.0,0.0,2025-09-19,30.69,524.44,524.44,1048.89,4.47,125.79,143.44,14.74,25.5,2025-10-17,58.69,722.78,722.78,1445.56,6.16,269.93,299.31,69.5,101.05
2025-08-20,2025-08-20 21:00,23324.0,20.0,2025-08-22,1.69,126.51,126.51,253.02,1.08,0.01,0.01,0.0,0.0,2025-09-19,29.69,528.82,528.82,1057.63,4.53,129.91,147.92,15.93,27.27,2025-10-17,57.69,734.64,734.64,1469.27,6.3,281.09,311.23,75.36,108.61
2025-08-21,2025-08-21 21:00,23219.75,20.549999237060547,2025-08-22,0.69,82.61,82.61,165.22,0.71,0.0,0.0,0.0,0.0,2025-09-19,28.69,531.8,531.8,1063.61,4.58,132.8,151.04,16.78,28.55,2025-10-17,56.69,745.0,745.0,1490.0,6.42,290.64,321.43,80.47,115.16
2025-08-22,2025-08-22 21:00,23569.75,18.059999465942383,2025-08-29,6.69,229.68,229.68,459.35,1.95,3.65,5.06,0.0,0.01,2025-09-19,27.69,466.14,466.14,932.28,3.96,89.37,103.43,6.82,12.99,2025-10-17,55.69,658.83,658.83,1317.67,5.59,219.57,245.19,46.58,70.65
2025-08-25,2025-08-25 21:00,23498.25,18.420000076293945,2025-08-29,3.69,173.48,173.48,346.97,1.48,0.36,0.58,0.0,0.0,2025-09-19,24.69,447.74,447.74,895.47,3.81,79.5,92.48,5.21,10.28,2025-10-17,52.69,651.87,651.87,1303.73,5.55,215.1,240.35,44.85,68.29
2025-08-26,2025-08-26 21:00,23591.5,18.190000534057617,2025-08-29,2.69,146.85,146.85,293.71,1.24,0.05,0.09,0.0,0.0,2025-09-19,23.69,434.87,434.87,869.74,3.69,71.91,84.05,4.09,8.32,2025-10-17,51.69,640.2,640.2,1280.4,5.43,205.36,229.87,40.77,62.74
2025-08-27,2025-08-27 21:00,23628.75,18.690000534057617,2025-08-29,1.69,119.77,119.77,239.54,1.01,0.0,0.0,0.0,0.0,2025-09-19,22.69,438.03,438.03,876.07,3.71,73.31,85.63,4.27,8.65,2025-10-17,50.69,652.5,652.5,1305.01,5.52,214.01,239.22,44.16,67.39
2025-08-28,2025-08-28 21:00,23769.0,17.6200008392334,2025-08-29,0.69,72.51,72.51,145.01,0.61,0.0,0.0,0.0,0.0,2025-09-19,21.69,406.2,406.2,812.4,3.42,56.33,66.64,2.24,4.94,2025-10-17,49.69,612.75,612.75,1225.51,5.16,183.45,206.24,32.24,50.97
2025-08-29,2025-08-29 21:00,23461.75,19.110000610351562,2025-09-05,6.69,241.91,241.91,483.83,2.06,5.25,7.12,0.0,0.02,2025-09-19,20.69,424.76,424.76,849.52,3.62,67.43,79.03,3.53,7.32,2025-10-17,48.69,649.4,649.4,1298.81,5.54,213.56,238.67,44.27,67.49
2025-09-02,2025-09-02 21:00,23275.0,20.360000610351562,2025-09-05,2.69,162.17,162.17,324.33,1.39,0.19,0.32,0.0,0.0,2025-09-19,16.69,403.4,403.4,806.81,3.47,57.8,68.23,2.45,5.34,2025-10-17,44.69,657.88,657.88,1315.76,5.65,221.94,247.65,48.08,72.59
2025-09-03,2025-09-03 21:00,23448.75,19.690000534057617,2025-09-05,1.69,125.22,125.22,250.43,1.07,0.0,0.01,0.0,0.0,2025-09-19,15.69,381.13,381.13,762.26,3.25,46.46,55.46,1.41,3.31,2025-10-17,43.69,633.85,633.85,1267.71,5.41,202.05,226.26,39.67,61.21
2025-09-04,2025-09-04 21:00,23668.0,18.790000915527344,2025-09-05,0.69,76.99,76.99,153.99,0.65,0.0,0.0,0.0,0.0,2025-09-19,14.69,355.26,355.26,710.52,3.0,34.67,42.04,0.65,1.71,2025-10-17,42.69,603.59,603.59,1207.18,5.1,177.8,200.09,30.36,48.3
2025-09-05,2025-09-05 21:00,23684.0,18.440000534057617,2025-09-12,6.69,235.64,235.64,471.29,1.99,4.21,5.8,0.0,0.01,2025-09-19,13.69,336.84,336.84,673.67,2.84,27.83,34.15,0.36,1.04,2025-10-17,41.69,585.84,585.84,1171.68,4.95,165.14,186.37,26.06,42.19
2025-09-08,2025-09-08 21:00,23799.75,18.350000381469727,2025-09-12,3.69,175.04,175.04,350.08,1.47,0.35,0.57,0.0,0.0,2025-09-19,10.69,297.75,297.75,595.49,2.5,15.61,19.8,0.07,0.26,2025-10-17,38.69,564.56,564.56,1129.13,4.74,149.34,169.22,20.99,34.87
2025-09-09,2025-09-09 21:00,23874.0,18.219999313354492,2025-09-12,2.69,148.86,148.86,297.71,1.25,0.05,0.09,0.0,0.0,2025-09-19,9.69,282.38,282.38,564.76,2.37,11.78,15.19,0.03,0.13,2025-10-17,37.69,555.07,555.07,1110.13,4.65,142.25,161.51,18.86,31.74
2025-09-10,2025-09-10 21:00,23877.75,18.6200008392334,2025-09-12,1.69,120.58,120.58,241.16,1.01,0.0,0.0,0.0,0.0,2025-09-19,8.69,273.35,273.35,546.71,2.29,9.88,12.89,0.02,0.09,2025-10-17,36.69,559.83,559.83,1119.66,4.69,145.36,164.91,19.74,33.05
2025-09-11,2025-09-11 21:00,24017.75,18.229999542236328,2025-09-12,0.69,75.8,75.8,151.6,0.63,0.0,0.0,0.0,0.0,2025-09-19,7.69,253.26,253.26,506.52,2.11,6.18,8.3,0.0,0.03,2025-10-17,35.69,543.82,543.82,1087.64,4.53,133.46,151.97,16.33,27.98
2025-09-12,2025-09-12 21:00,24113.25,18.18000030517578,2025-09-19,6.69,236.53,236.53,473.07,1.96,3.9,5.4,0.0,0.01,2025-09-19,6.69,236.53,236.53,473.07,1.96,3.9,5.4,0.0,0.01,2025-10-17,34.69,536.87,536.87,1073.74,4.45,128.08,146.11,14.86,25.77
2025-09-15,2025-09-15 21:00,24309.25,19.1200008392334,2025-09-19,3.69,186.29,186.29,372.58,1.53,0.53,0.85,0.0,0.0,2025-09-19,3.69,186.29,186.29,372.58,1.53,0.53,0.85,0.0,0.0,2025-10-17,31.69,544.24,544.24,1088.47,4.48,130.98,149.33,15.45,26.69
2025-09-16,2025-09-16 21:00,24284.0,19.56999969482422,2025-09-19,2.69,162.63,162.63,325.26,1.34,0.13,0.22,0.0,0.0,2025-09-19,2.69,162.63,162.63,325.26,1.34,0.13,0.22,0.0,0.0,2025-10-17,30.69,547.68,547.68,1095.36,4.51,133.4,151.97,16.09,27.66
2025-09-17,2025-09-17 21:00,24222.5,19.020000457763672,2025-09-19,1.69,124.95,124.95,249.89,1.03,0.0,0.01,0.0,0.0,2025-09-19,1.69,124.95,124.95,249.89,1.03,0.0,0.01,0.0,0.0,2025-10-17,29.69,522.29,522.29,1044.57,4.31,117.78,134.85,12.29,21.82
2025-09-18,2025-09-18 21:00,24460.25,18.860000610351562,2025-09-19,0.69,79.87,79.87,159.73,0.65,0.0,0.0,0.0,0.0,2025-09-19,0.69,79.87,79.87,159.73,0.65,0.0,0.0,0.0,0.0,2025-10-17,28.69,514.16,514.16,1028.31,4.2,110.74,127.18,10.59,19.17
2025-09-19,2025-09-19 21:00,24568.0703125,18.739999771118164,2025-09-26,6.69,248.42,248.42,496.84,2.02,4.86,6.64,0.0,0.01,2025-10-17,27.69,504.18,504.18,1008.35,4.1,103.83,119.6,9.1,16.81,2025-11-21,62.69,755.4,755.4,1510.8,6.15,281.76,312.46,72.4,105.31
2025-09-22,2025-09-22 21:00,25003.0,19.420000076293945,2025-09-26,3.69,194.61,194.61,389.23,1.56,0.64,1.0,0.0,0.0,2025-10-17,24.69,502.27,502.27,1004.53,4.02,99.23,114.61,8.03,15.09,2025-11-21,59.69,777.64,777.64,1555.29,6.22,293.6,325.35,76.99,111.49
2025-09-23,2025-09-23 21:00,24827.25,20.1299991607666,2025-09-26,2.69,171.03,171.03,342.06,1.38,0.18,0.31,0.0,0.0,2025-10-17,23.69,506.45,506.45,1012.9,4.08,103.03,118.77,8.82,16.38,2025-11-21,58.69,793.76,793.76,1587.52,6.39,308.59,341.35,84.95,121.73
2025-09-24,2025-09-24 21:00,24739.25,19.93000030517578,2025-09-26,1.69,133.72,133.72,267.44,1.08,0.01,0.01,0.0,0.0,2025-10-17,22.69,489.04,489.04,978.08,3.95,93.56,108.3,7.11,13.55,2025-11-21,57.69,776.49,776.49,1552.97,6.28,295.99,327.8,78.86,113.81
2025-09-25,2025-09-25 21:00,24629.25,20.540000915527344,2025-09-26,0.69,87.58,87.58,175.16,0.71,0.0,0.0,0.0,0.0,2025-10-17,21.69,490.64,490.64,981.28,3.98,95.29,110.19,7.46,14.12,2025-11-21,56.69,789.84,789.84,1579.68,6.41,307.98,340.61,85.2,121.95
2025-09-26,2025-09-26 21:00,24726.75,19.329999923706055,2025-10-03,6.69,257.89,257.89,515.79,2.09,5.94,8.02,0.0,0.02,2025-10-17,20.69,452.81,452.81,905.63,3.66,73.74,86.28,4.07,8.34,2025-11-21,55.69,739.76,739.76,1479.51,5.98,267.34,297.04,65.14,95.85
2025-09-29,2025-09-29 21:00,24837.75,19.8700008392334,2025-10-03,3.69,197.81,197.81,395.62,1.59,0.78,1.21,0.0,0.0,2025-10-17,17.69,432.48,432.48,864.96,3.48,62.67,73.92,2.72,5.9,2025-11-21,52.69,743.24,743.24,1486.48,5.98,268.56,298.4,65.42,96.27
2025-09-30,2025-09-30 21:00,24901.75,20.0,2025-10-03,2.69,170.43,170.43,340.87,1.37,0.17,0.29,0.0,0.0,2025-10-17,16.69,423.97,423.97,847.93,3.41,58.17,68.87,2.26,5.02,2025-11-21,51.69,742.97,742.97,1485.93,5.97,267.52,297.31,64.78,95.45
2025-10-01,2025-10-01 21:00,25017.5,19.8700008392334,2025-10-03,1.69,134.81,134.81,269.63,1.08,0.01,0.01,0.0,0.0,2025-10-17,15.69,410.34,410.34,820.69,3.28,51.22,61.04,1.63,3.79,2025-11-21,50.69,734.45,734.45,1468.9,5.87,259.51,288.75,60.86,90.31
2025-10-02,2025-10-02 21:00,25110.0,20.010000228881836,2025-10-03,0.69,86.99,86.99,173.98,0.69,0.0,0.0,0.0,0.0,2025-10-17,14.69,401.38,401.38,802.75,3.2,46.78,56.02,1.29,3.1,2025-11-21,49.69,735.09,735.09,1470.18,5.85,258.85,288.06,60.35,89.67
2025-10-03,2025-10-03 21:00,24992.0,20.079999923706055,2025-10-10,6.69,270.77,270.77,541.55,2.17,7.56,10.05,0.01,0.04,2025-10-17,13.69,387.05,387.05,774.09,3.1,41.33,49.79,0.95,2.37,2025-11-21,48.69,726.86,726.86,1453.71,5.82,253.94,282.74,58.42,87.05
2025-10-06,2025-10-06 21:00,25184.75,20.399999618530273,2025-10-10,3.69,205.92,205.92,411.84,1.64,1.0,1.53,0.0,0.0,2025-10-17,10.69,350.27,350.27,700.54,2.78,26.88,33.16,0.3,0.88,2025-11-21,45.69,721.1,721.1,1442.21,5.73,247.16,275.52,55.03,82.59
2025-10-07,2025-10-07 21:00,25039.25,20.81999969482422,2025-10-10,2.69,178.4,178.4,356.8,1.42,0.26,0.44,0.0,0.0,2025-10-17,9.69,338.42,338.42,676.84,2.7,23.56,29.27,0.21,0.65,2025-11-21,44.69,723.73,723.73,1447.46,5.78,250.85,279.44,56.93,85.08
2025-10-08,2025-10-08 21:00,25331.0,20.020000457763672,2025-10-10,1.69,137.53,137.53,275.07,1.09,0.01,0.01,0.0,0.0,2025-10-17,8.69,311.79,311.79,623.59,2.46,15.32,19.52,0.06,0.23,2025-11-21,43.69,696.2,696.2,1392.41,5.5,226.73,253.55,46.21,70.71
2025-10-09,2025-10-09 21:00,25289.25,20.040000915527344,2025-10-10,0.69,87.74,87.74,175.48,0.69,0.0,0.0,0.0,0.0,2025-10-17,7.69,293.14,293.14,586.29,2.32,11.2,14.54,0.02,0.11,2025-11-21,42.69,687.83,687.83,1375.65,5.44,220.98,247.34,43.99,67.66
2025-10-10,2025-10-10 21:00,24397.0,25.229999542236328,2025-10-17,6.69,332.11,332.11,664.23,2.72,23.67,29.36,0.22,0.69,2025-10-17,6.69,332.11,332.11,664.23,2.72,23.67,29.36,0.22,0.69,2025-11-21,41.69,825.57,825.57,1651.15,6.77,339.28,374.04,102.29,143.72
2025-10-13,2025-10-13 21:00,24922.25,22.799999237060547,2025-10-17,3.69,227.75,227.75,455.49,1.83,2.44,3.49,0.0,0.0,2025-10-17,3.69,227.75,227.75,455.49,1.83,2.44,3.49,0.0,0.0,2025-11-21,38.69,734.5,734.5,1469.0,5.89,260.28,289.55,61.34,90.92
2025-10-14,2025-10-14 21:00,24762.5,24.280000686645508,2025-10-17,2.69,205.75,205.75,411.5,1.66,1.13,1.71,0.0,0.0,2025-10-17,2.69,205.75,205.75,411.5,1.66,1.13,1.71,0.0,0.0,2025-11-21,37.69,767.13,767.13,1534.25,6.2,287.57,318.8,74.51,108.19
2025-10-15,2025-10-15 21:00,24924.5,24.420000076293945,2025-10-17,1.69,165.07,165.07,330.14,1.32,0.11,0.2,0.0,0.0,2025-10-17,1.69,165.07,165.07,330.14,1.32,0.11,0.2,0.0,0.0,2025-11-21,36.69,766.32,766.32,1532.64,6.15,284.85,315.95,72.77,105.98
2025-10-16,2025-10-16 21:00,24831.25,28.260000228881836,2025-10-17,0.69,121.49,121.49,242.98,0.98,0.0,0.0,0.0,0.0,2025-10-17,0.69,121.49,121.49,242.98,0.98,0.0,0.0,0.0,0.0,2025-11-21,35.69,871.42,871.42,1742.83,7.02,370.57,407.7,118.06,163.92
2025-10-17,2025-10-17 21:00,24986.5,24.969999313354492,2025-10-24,6.69,336.63,336.63,673.27,2.69,23.15,28.78,0.2,0.63,2025-11-21,34.69,764.0,764.0,1528.0,6.12,282.18,313.11,71.32,104.11,2025-12-19,62.69,1023.47,1023.47,2046.95,8.19,497.82,543.35,195.78,259.87
2025-10-20,2025-10-20 21:00,25305.25,22.639999389648438,2025-10-24,3.69,229.62,229.62,459.25,1.81,2.35,3.38,0.0,0.0,2025-11-21,31.69,670.8,670.8,1341.6,5.3,207.99,233.32,38.9,60.66,2025-12-19,59.69,917.46,917.46,1834.92,7.25,403.02,442.54,135.22,185.67
2025-10-21,2025-10-21 21:00,25294.75,22.59000015258789,2025-10-24,2.69,195.54,195.54,391.08,1.55,0.6,0.95,0.0,0.0,2025-11-21,30.69,658.48,658.48,1316.96,5.21,199.19,223.79,35.66,56.15,2025-12-19,58.69,907.47,907.47,1814.94,7.18,394.82,433.78,130.46,179.73
2025-10-22,2025-10-22 21:00,25039.25,23.299999237060547,2025-10-24,1.69,158.22,158.22,316.45,1.26,0.06,0.12,0.0,0.0,2025-11-21,29.69,661.35,661.35,1322.69,5.28,204.0,228.91,37.81,59.07,2025-12-19,57.69,918.7,918.7,1837.41,7.34,407.79,447.49,139.1,190.32
2025-10-23,2025-10-23 21:00,25254.0,21.719999313354492,2025-10-24,0.69,94.96,94.96,189.93,0.75,0.0,0.0,0.0,0.0,2025-11-21,28.69,611.32,611.32,1222.63,4.84,166.49,188.31,24.68,40.52,2025-12-19,56.69,856.38,856.38,1712.75,6.78,353.28,389.38,107.16,150.37
2025-10-24,2025-10-24 21:00,25509.25,20.610000610351562,2025-10-31,6.69,283.67,283.67,567.34,2.22,8.97,11.82,0.01,0.06,2025-11-21,27.69,575.71,575.71,1151.43,4.51,140.31,159.84,16.95,29.12,2025-12-19,55.69,813.68,813.68,1627.35,6.38,315.45,348.99,86.44,123.98
2025-10-27,2025-10-27 21:00,25963.75,20.5,2025-10-31,3.69,213.33,213.33,426.66,1.64,1.08,1.64,0.0,0.0,2025-11-21,24.69,550.57,550.57,1101.13,4.24,120.38,138.11,11.84,21.31,2025-12-19,52.69,801.55,801.55,1603.11,6.17,299.92,332.53,77.47,112.56
2025-10-28,2025-10-28 21:00,26163.5,21.309999465942383,2025-10-31,2.69,190.8,190.8,381.6,1.46,0.35,0.58,0.0,0.0,2025-11-21,23.69,564.99,564.99,1129.97,4.32,127.59,146.06,13.35,23.68,2025-12-19,51.69,831.72,831.72,1663.43,6.36,321.13,355.37,87.4,125.55
2025-10-29,2025-10-29 21:00,26262.5,21.760000228881836,2025-10-31,1.69,154.99,154.99,309.97,1.18,0.03,0.05,0.0,0.0,2025-11-21,22.69,566.81,566.81,1133.62,4.32,127.85,146.38,13.34,23.69,2025-12-19,50.69,844.3,844.3,1688.6,6.43,329.82,364.72,91.51,130.91
2025-10-30,2025-10-30 21:00,25882.75,21.65999984741211,2025-10-31,0.69,97.06,97.06,194.12,0.75,0.0,0.0,0.0,0.0,2025-11-21,21.69,543.72,543.72,1087.44,4.2,116.8,134.16,11.11,20.14,2025-12-19,49.69,820.16,820.16,1640.32,6.34,315.52,349.23,85.36,122.78
2025-10-31,2025-10-31 21:00,26004.0,21.989999771118164,2025-11-07,6.69,308.53,308.53,617.07,2.37,13.02,16.78,0.04,0.15,2025-11-21,20.69,541.72,541.72,1083.44,4.17,114.57,131.73,10.57,19.3,2025-12-19,48.69,828.19,828.19,1656.38,6.37,320.28,354.39,87.4,125.48
2025-11-03,2025-11-03 22:00,26103.25,21.729999542236328,2025-11-07,3.65,226.06,226.06,452.12,1.73,1.68,2.48,0.0,0.0,2025-11-21,17.65,496.47,496.47,992.94,3.8,87.67,102.02,5.68,11.24,2025-12-19,45.65,795.75,795.75,1591.5,6.1,293.34,325.54,73.91,107.96
2025-11-04,2025-11-04 22:00,25575.25,23.299999237060547,2025-11-07,2.65,202.34,202.34,404.68,1.58,0.76,1.18,0.0,0.0,2025-11-21,16.65,506.64,506.64,1013.27,3.96,97.2,112.48,7.42,14.14,2025-12-19,44.65,826.85,826.85,1653.7,6.47,324.66,358.9,90.84,129.72
2025-11-05,2025-11-05 22:00,25746.25,22.600000381469727,2025-11-07,1.65,155.84,155.84,311.69,1.21,0.04,0.07,0.0,0.0,2025-11-21,15.65,479.67,479.67,959.35,3.73,81.01,94.56,4.81,9.69,2025-12-19,43.65,798.39,798.39,1596.78,6.2,299.84,332.37,77.93,113.08
2025-11-06,2025-11-06 22:00,25244.25,24.639999389648438,2025-11-07,0.65,104.37,104.37,208.75,0.83,0.0,0.0,0.0,0.0,2025-11-21,14.65,496.17,496.17,992.34,3.93,93.67,108.51,6.93,13.3,2025-12-19,42.65,843.71,843.71,1687.43,6.68,342.56,377.93,101.26,142.88
2025-11-07,2025-11-07 22:00,25166.25,24.579999923706055,2025-11-14,6.65,332.72,332.72,665.44,2.64,21.41,26.75,0.16,0.52,2025-11-21,13.65,476.35,476.35,952.7,3.79,83.18,96.87,5.27,10.48,2025-12-19,41.65,829.27,829.27,1658.53,6.59,331.9,366.48,95.84,135.92
2025-11-10,2025-11-10 22:00,25714.5,22.6200008392334,2025-11-14,3.65,231.81,231.81,463.63,1.8,2.27,3.27,0.0,0.0,2025-11-21,10.65,395.78,395.78,791.56,3.08,41.48,50.04,0.91,2.31,2025-12-19,38.65,751.47,751.47,1502.94,5.84,263.66,293.49,61.1,90.9
2025-11-11,2025-11-11 22:00,25640.75,22.670000076293945,2025-11-14,2.65,197.37,197.37,394.74,1.54,0.59,0.93,0.0,0.0,2025-11-21,9.65,376.53,376.53,753.06,2.94,34.34,41.84,0.56,1.51,2025-12-19,37.65,741.28,741.28,1482.56,5.78,256.75,286.02,58.2,87.0
2025-11-12,2025-11-12 22:00,25623.75,23.059999465942383,2025-11-14,1.65,158.26,158.26,316.52,1.24,0.05,0.09,0.0,0.0,2025-11-21,8.65,362.41,362.41,724.83,2.83,29.36,36.08,0.37,1.06,2025-12-19,36.65,743.54,743.54,1487.09,5.8,258.64,288.05,59.06,88.14
2025-11-13,2025-11-13 22:00,25094.75,25.8799991607666,2025-11-14,0.65,108.98,108.98,217.95,0.87,0.0,0.0,0.0,0.0,2025-11-21,7.65,374.63,374.63,749.27,2.99,35.89,43.57,0.65,1.72,2025-12-19,35.65,806.07,806.07,1612.14,6.42,314.02,347.31,86.74,124.2
2025-11-14,2025-11-14 22:00,25094.0,26.149999618530273,2025-11-21,6.65,352.95,352.95,705.91,2.81,28.06,34.53,0.34,0.98,2025-11-21,6.65,352.95,352.95,705.91,2.81,28.06,34.53,0.34,0.98,2025-12-19,34.65,803.05,803.05,1606.09,6.4,311.58,344.7,85.49,122.6
2025-11-17,2025-11-17 22:00,24879.0,28.15999984741211,2025-11-21,3.65,279.21,279.21,558.41,2.24,9.2,12.08,0.01,0.07,2025-11-21,3.65,279.21,279.21,558.41,2.24,9.2,12.08,0.01,0.07,2025-12-19,31.65,819.68,819.68,1639.36,6.59,327.62,361.79,94.39,133.93
2025-11-18,2025-11-18 22:00,24595.75,30.510000228881836,2025-11-21,2.65,254.8,254.8,509.6,2.07,5.66,7.65,0.0,0.02,2025-11-21,2.65,254.8,254.8,509.6,2.07,5.66,7.65,0.0,0.02,2025-12-19,30.65,864.06,864.06,1728.11,7.03,367.6,404.42,117.19,162.69
2025-11-19,2025-11-19 22:00,24721.75,29.299999237060547,2025-11-21,1.65,194.0,194.0,388.01,1.57,0.68,1.06,0.0,0.0,2025-11-21,1.65,194.0,194.0,388.01,1.57,0.68,1.06,0.0,0.0,2025-12-19,29.65,820.44,820.44,1640.89,6.64,330.26,364.55,96.27,136.25
2025-11-20,2025-11-20 22:00,24131.5,32.720001220703125,2025-11-21,0.65,132.49,132.49,264.98,1.1,0.01,0.02,0.0,0.0,2025-11-21,0.65,132.49,132.49,264.98,1.1,0.01,0.02,0.0,0.0,2025-12-19,28.65,879.17,879.17,1758.35,7.29,386.62,424.5,129.94,178.36
2025-11-21,2025-11-21 22:00,24305.5,28.950000762939453,2025-11-28,6.65,378.46,378.46,756.93,3.11,40.94,49.28,0.96,2.4,2025-12-19,27.65,769.84,769.84,1539.69,6.33,295.21,326.81,79.43,114.39,2026-01-16,55.65,1088.32,1088.32,2176.63,8.96,564.71,614.05,244.87,318.39
2025-11-24,2025-11-24 22:00,24948.25,25.56999969482422,2025-11-28,3.65,254.23,254.23,508.47,2.04,5.17,7.05,0.0,0.02,2025-12-19,24.65,659.27,659.27,1318.55,5.29,203.34,228.17,37.68,58.87,2026-01-16,52.65,960.18,960.18,1920.36,7.7,443.83,485.88,161.34,217.77
2025-11-25,2025-11-25 22:00,25085.5,23.670000076293945,2025-11-28,2.65,201.62,201.62,403.23,1.61,0.86,1.32,0.0,0.0,2025-12-19,23.65,601.16,601.16,1202.31,4.79,161.09,182.39,23.18,38.31,2026-01-16,51.65,885.35,885.35,1770.71,7.06,379.16,416.97,122.17,169.22
2025-11-26,2025-11-26 22:00,25302.25,22.260000228881836,2025-11-28,1.65,150.85,150.85,301.71,1.19,0.03,0.06,0.0,0.0,2025-12-19,22.65,558.12,558.12,1116.24,4.41,130.75,149.32,14.66,25.61,2026-01-16,50.65,831.77,831.77,1663.54,6.57,332.46,367.13,95.79,135.92
2025-11-28,2025-11-29 07:30,25482.0,21.170000076293945,2025-12-05,6.25,281.4,281.4,562.8,2.21,8.61,11.37,0.01,0.05,2025-12-19,20.25,505.65,505.65,1011.3,3.97,97.42,112.71,7.5,14.26,2026-01-16,48.25,777.84,777.84,1555.68,6.11,287.26,318.76,72.6,105.98
2025-12-01,2025-12-01 22:00,25391.25,22.059999465942383,2025-12-05,3.65,223.23,223.23,446.46,1.76,1.85,2.7,0.0,0.0,2025-12-19,17.65,490.26,490.26,980.53,3.86,89.33,103.73,6.16,12.01,2026-01-16,45.65,785.79,785.79,1571.59,6.19,294.54,326.53,76.31,110.79
2025-12-02,2025-12-02 22:00,25606.0,21.280000686645508,2025-12-05,2.65,185.02,185.02,370.04,1.45,0.31,0.52,0.0,0.0,2025-12-19,16.65,463.28,463.28,926.55,3.62,73.35,85.99,3.82,7.94,2026-01-16,44.65,756.11,756.11,1512.21,5.91,268.76,298.92,63.67,94.27
2025-12-03,2025-12-03 22:00,25657.5,20.649999618530273,2025-12-05,1.65,141.91,141.91,283.81,1.11,0.01,0.02,0.0,0.0,2025-12-19,15.65,436.78,436.78,873.56,3.4,59.9,70.91,2.32,5.16,2026-01-16,43.65,727.02,727.02,1454.03,5.67,245.97,274.41,53.55,80.77
2025-12-04,2025-12-04 22:00,25622.75,20.190000534057617,2025-12-05,0.65,86.81,86.81,173.61,0.68,0.0,0.0,0.0,0.0,2025-12-19,14.65,412.67,412.67,825.34,3.22,49.08,58.69,1.41,3.36,2026-01-16,42.65,701.77,701.77,1403.54,5.48,227.49,254.48,46.0,70.51
2025-12-05,2025-12-05 22:00,25732.0,19.6200008392334,2025-12-12,6.65,271.56,271.56,543.11,2.11,6.65,8.93,0.01,0.03,2025-12-19,13.65,388.79,388.79,777.57,3.02,38.67,46.82,0.76,1.97,2026-01-16,41.65,676.88,676.88,1353.76,5.26,208.05,233.5,38.31,59.95
2025-12-08,2025-12-08 22:00,25664.0,20.75,2025-12-12,3.65,212.23,212.23,424.46,1.65,1.13,1.71,0.0,0.0,2025-12-19,10.65,362.35,362.35,724.7,2.82,29.21,35.91,0.36,1.04,2026-01-16,38.65,688.01,688.01,1376.03,5.36,216.78,242.93,41.71,64.63
2025-12-09,2025-12-09 22:00,25699.75,20.760000228881836,2025-12-12,2.65,181.16,181.16,362.32,1.41,0.24,0.4,0.0,0.0,2025-12-19,9.65,345.6,345.6,691.2,2.69,23.64,29.41,0.2,0.64,2026-01-16,37.65,680.41,680.41,1360.82,5.3,210.82,236.5,39.38,61.42
2025-12-10,2025-12-10 22:00,25798.0,19.670000076293945,2025-12-12,1.65,135.91,135.91,271.83,1.05,0.0,0.01,-0.0,0.0,2025-12-19,8.65,311.24,311.24,622.48,2.41,14.1,18.08,0.05,0.18,2026-01-16,36.65,638.59,638.59,1277.18,4.95,180.04,203.18,28.42,46.01
2025-12-11,2025-12-11 22:00,25713.5,18.399999618530273,2025-12-12,0.65,79.39,79.39,158.78,0.62,0.0,0.0,0.0,0.0,2025-12-19,7.65,272.93,272.93,545.86,2.12,6.89,9.23,0.01,0.03,2026-01-16,35.65,587.3,587.3,1174.61,4.57,146.2,166.32,18.37,31.29
2025-12-12,2025-12-12 22:00,25213.5,20.6200008392334,2025-12-19,6.65,279.64,279.64,559.29,2.22,8.73,11.52,0.01,0.06,2025-12-19,6.65,279.64,279.64,559.29,2.22,8.73,11.52,0.01,0.06,2026-01-16,34.65,636.3,636.3,1272.61,5.05,184.42,207.76,30.59,48.98
2025-12-15,2025-12-15 22:00,25093.25,20.709999084472656,2025-12-19,3.65,207.11,207.11,414.22,1.65,1.08,1.64,0.0,0.0,2025-12-19,3.65,207.11,207.11,414.22,1.65,1.08,1.64,0.0,0.0,2026-01-16,31.65,608.1,608.1,1216.19,4.85,165.98,187.7,24.7,40.52
2025-12-16,2025-12-16 22:00,25139.0,20.190000534057617,2025-12-19,2.65,172.34,172.34,344.68,1.37,0.17,0.3,0.0,0.0,2025-12-19,2.65,172.34,172.34,344.68,1.37,0.17,0.3,0.0,0.0,2026-01-16,30.65,584.53,584.53,1169.05,4.65,149.62,169.9,19.79,33.33
2025-12-17,2025-12-17 22:00,24668.75,21.780000686645508,2025-12-19,1.65,143.9,143.9,287.81,1.17,0.02,0.04,0.0,0.0,2025-12-19,1.65,143.9,143.9,287.81,1.17,0.02,0.04,0.0,0.0,2026-01-16,29.65,608.64,608.64,1217.29,4.93,170.57,192.57,26.63,43.22
2025-12-18,2025-12-18 22:00,25028.25,20.719999313354492,2025-12-19,0.65,87.02,87.02,174.04,0.7,0.0,0.0,0.0,0.0,2025-12-19,0.65,87.02,87.02,174.04,0.7,0.0,0.0,0.0,0.0,2026-01-16,28.65,577.55,577.55,1155.1,4.62,145.99,165.91,18.87,31.94
2025-12-19,2025-12-19 22:00,25132.7890625,18.520000457763672,2025-12-26,6.65,250.36,250.36,500.72,1.99,4.51,6.2,0.0,0.01,2026-01-16,27.65,509.33,509.33,1018.66,4.05,102.42,118.15,8.57,16.0,2026-02-20,62.65,763.45,763.45,1526.9,6.08,280.95,311.82,70.58,103.17
2025-12-22,2025-12-22 22:00,25692.25,17.850000381469727,2025-12-26,3.65,182.77,182.77,365.54,1.42,0.26,0.44,0.0,0.0,2026-01-16,24.65,474.0,474.0,947.99,3.69,78.54,91.79,4.48,9.12,2026-02-20,59.65,734.26,734.26,1468.51,5.72,251.6,280.47,55.99,84.04
2025-12-23,2025-12-23 22:00,25812.25,17.469999313354492,2025-12-26,2.65,153.12,153.12,306.23,1.19,0.03,0.05,0.0,0.0,2026-01-16,23.65,456.58,456.58,913.15,3.54,68.78,80.9,3.24,6.88,2026-02-20,58.65,716.0,716.0,1432.0,5.55,236.44,264.18,49.37,75.14
2025-12-24,2025-12-25 07:30,25880.5,17.200000762939453,2025-12-26,1.25,103.91,103.91,207.82,0.8,0.0,0.0,0.0,0.0,2026-01-16,22.25,437.28,437.28,874.56,3.38,58.97,69.9,2.21,4.95,2026-02-20,57.25,698.46,698.46,1396.91,5.4,222.64,249.31,43.71,67.44
2025-12-26,2025-12-26 22:00,25863.25,17.3799991607666,2026-01-02,6.65,241.78,241.78,483.56,1.87,2.99,4.24,0.0,0.0,2026-01-16,20.65,425.43,425.43,850.85,3.29,53.58,63.81,1.74,4.03,2026-02-20,55.65,695.48,695.48,1390.95,5.38,220.59,247.1,42.94,66.37
2025-12-29,2025-12-29 22:00,25739.75,18.389999389648438,2026-01-02,3.65,188.65,188.65,377.3,1.47,0.36,0.6,0.0,0.0,2026-01-16,17.65,414.32,414.32,828.64,3.22,49.25,58.89,1.42,3.37,2026-02-20,52.65,712.61,712.61,1425.21,5.54,234.54,262.11,48.69,74.2
2025-12-30,2025-12-30 22:00,25675.25,18.950000762939453,2026-01-02,2.65,165.21,165.21,330.41,1.29,0.08,0.15,0.0,0.0,2026-01-16,16.65,413.67,413.67,827.35,3.22,49.28,58.92,1.42,3.38,2026-02-20,51.65,725.56,725.56,1451.11,5.65,244.94,273.31,53.13,80.2
2025-12-31,2025-12-31 22:00,25456.75,19.559999465942383,2026-01-02,1.65,133.36,133.36,266.73,1.05,0.0,0.01,0.0,0.0,2026-01-16,15.65,410.49,410.49,820.98,3.23,49.0,58.57,1.42,3.37,2026-02-20,50.65,735.39,735.39,1470.79,5.78,254.94,283.99,57.88,86.49
2026-01-02,2026-01-02 22:00,25385.25,19.75,2026-01-09,6.65,269.67,269.67,539.34,2.12,6.83,9.15,0.01,0.03,2026-01-16,13.65,386.09,386.09,772.18,3.04,39.15,47.33,0.8,2.06,2026-02-20,48.65,725.86,725.86,1451.72,5.72,248.48,277.02,55.21,82.89
2026-01-05,2026-01-05 22:00,25577.75,20.010000228881836,2026-01-09,3.65,203.98,203.98,407.95,1.59,0.82,1.26,0.0,0.0,2026-01-16,10.65,348.25,348.25,696.51,2.72,24.88,30.85,0.24,0.72,2026-02-20,45.65,718.04,718.04,1436.08,5.61,240.23,268.19,51.3,77.7
2026-01-06,2026-01-06 22:00,25822.0,19.530000686645508,2026-01-09,2.65,171.24,171.24,342.47,1.33,0.12,0.21,0.0,0.0,2026-01-16,9.65,326.67,326.67,653.35,2.53,17.88,22.6,0.09,0.33,2026-02-20,44.65,699.81,699.81,1399.61,5.42,223.86,250.62,44.22,68.14
2026-01-07,2026-01-07 22:00,25838.75,20.030000686645508,2026-01-09,1.65,138.62,138.62,277.24,1.07,0.01,0.01,-0.0,0.0,2026-01-16,8.65,317.44,317.44,634.88,2.46,15.48,19.74,0.06,0.23,2026-02-20,43.65,710.18,710.18,1420.36,5.5,231.29,258.65,47.14,72.14
2026-01-08,2026-01-08 22:00,25687.5,20.149999618530273,2026-01-09,0.65,86.85,86.85,173.71,0.68,0.0,0.0,0.0,0.0,2026-01-16,7.65,298.58,298.58,597.17,2.32,11.54,14.97,0.03,0.11,2026-02-20,42.65,702.15,702.15,1404.3,5.47,227.04,254.01,45.7,70.12
2026-01-09,2026-01-09 22:00,25938.25,19.059999465942383,2026-01-16,6.65,265.92,265.92,531.84,2.05,5.6,7.61,0.0,0.02,2026-01-16,6.65,265.92,265.92,531.84,2.05,5.6,7.61,0.0,0.02,2026-02-20,41.65,662.84,662.84,1325.68,5.11,195.77,220.28,33.59,53.39
2026-01-12,2026-01-12 22:00,25956.75,19.530000686645508,2026-01-16,3.65,202.03,202.03,404.06,1.56,0.66,1.04,0.0,0.0,2026-01-16,3.65,202.03,202.03,404.06,1.56,0.66,1.04,0.0,0.0,2026-02-20,38.65,654.96,654.96,1309.93,5.05,189.92,213.94,31.53,50.48
2026-01-13,2026-01-13 22:00,25906.0,20.049999237060547,2026-01-16,2.65,176.37,176.37,352.74,1.36,0.16,0.28,0.0,0.0,2026-01-16,2.65,176.37,176.37,352.74,1.36,0.16,0.28,0.0,0.0,2026-02-20,37.65,662.42,662.42,1324.85,5.11,195.69,220.19,33.59,53.38
2026-01-14,2026-01-14 22:00,25631.0,20.959999084472656,2026-01-16,1.65,143.89,143.89,287.78,1.12,0.01,0.02,0.0,0.0,2026-01-16,1.65,143.89,143.89,287.78,1.12,0.01,0.02,0.0,0.0,2026-02-20,36.65,676.05,676.05,1352.1,5.28,208.38,233.84,38.57,60.28
2026-01-15,2026-01-15 22:00,25705.75,20.200000762939453,2026-01-16,0.65,87.13,87.13,174.26,0.68,0.0,0.0,0.0,0.0,2026-01-16,0.65,87.13,87.13,174.26,0.68,0.0,0.0,0.0,0.0,2026-02-20,35.65,644.55,644.55,1289.09,5.01,185.12,208.66,30.21,48.55
2026-01-16,2026-01-16 22:00,25689.0,20.290000915527344,2026-01-23,6.65,280.36,280.36,560.72,2.18,8.11,10.75,0.01,0.05,2026-02-20,34.65,637.93,637.93,1275.87,4.97,180.64,203.8,28.74,46.44,2026-03-20,62.65,854.88,854.88,1709.76,6.66,346.42,382.23,102.07,144.13
2026-01-20,2026-01-20 22:00,25129.25,24.260000228881836,2026-01-23,2.65,207.0,207.0,414.0,1.65,1.07,1.62,0.0,0.0,2026-02-20,30.65,702.04,702.04,1404.08,5.59,232.95,260.2,49.05,74.52,2026-03-20,58.65,967.79,967.79,1935.58,7.7,447.86,490.25,163.09,220.05
2026-01-21,2026-01-21 22:00,25471.0,21.190000534057617,2026-01-23,1.65,144.56,144.56,289.12,1.14,0.01,0.03,0.0,0.0,2026-02-20,29.65,611.42,611.42,1222.84,4.8,164.44,186.14,23.82,39.31,2026-03-20,57.65,849.66,849.66,1699.33,6.67,344.92,380.54,101.93,143.84
2026-01-22,2026-01-22 22:00,25658.25,20.079999923706055,2026-01-23,0.65,86.45,86.45,172.91,0.67,0.0,0.0,0.0,0.0,2026-02-20,28.65,573.8,573.8,1147.6,4.47,137.75,157.08,16.17,27.97,2026-03-20,56.65,804.13,804.13,1608.26,6.27,305.99,338.92,81.29,117.39
2026-01-23,2026-01-23 22:00,25738.25,20.3700008392334,2026-01-30,6.65,282.0,282.0,564.01,2.19,8.31,11.01,0.01,0.05,2026-02-20,27.65,573.69,573.69,1147.38,4.46,136.93,156.2,15.9,27.57,2026-03-20,55.65,811.13,811.13,1622.25,6.3,310.46,343.74,83.28,120.01
2026-01-26,2026-01-26 22:00,25848.5,20.43000030517578,2026-01-30,3.65,210.46,210.46,420.92,1.63,0.99,1.52,0.0,0.0,2026-02-20,24.65,545.79,545.79,1091.58,4.22,118.42,135.93,11.48,20.72,2026-03-20,52.65,794.96,794.96,1589.93,6.15,296.21,328.5,75.98,110.56
2026-01-27,2026-01-27 22:00,26073.0,20.549999237060547,2026-01-30,2.65,181.93,181.93,363.86,1.4,0.22,0.37,0.0,0.0,2026-02-20,23.65,542.48,542.48,1084.96,4.16,114.54,131.71,10.54,19.25,2026-03-20,51.65,798.98,798.98,1597.95,6.13,296.48,328.88,75.52,110.06
2026-01-28,2026-01-28 22:00,26156.25,20.3700008392334,2026-01-30,1.65,142.7,142.7,285.41,1.09,0.01,0.02,0.0,0.0,2026-02-20,22.65,527.98,527.98,1055.96,4.04,105.24,121.48,8.66,16.22,2026-03-20,50.65,786.88,786.88,1573.75,6.02,285.97,317.64,70.34,103.3
2026-01-29,2026-01-29 22:00,25999.25,21.440000534057617,2026-01-30,0.65,93.54,93.54,187.07,0.72,0.0,0.0,0.0,0.0,2026-02-20,21.65,540.11,540.11,1080.21,4.15,113.66,130.73,10.39,19.0,2026-03-20,49.65,815.15,815.15,1630.3,6.27,310.05,343.42,82.31,118.88
2026-01-30,2026-01-30 22:00,25670.0,22.520000457763672,2026-02-06,6.65,310.94,310.94,621.88,2.42,14.3,18.32,0.05,0.19,2026-02-20,20.65,547.1,547.1,1094.2,4.26,120.62,138.31,12.06,21.61,2026-03-20,48.65,836.89,836.89,1673.78,6.52,331.61,366.39,94.19,134.06
2026-02-02,2026-02-02 22:00,25850.0,21.229999542236328,2026-02-06,3.65,218.71,218.71,437.43,1.69,1.38,2.06,0.0,0.0,2026-02-20,17.65,480.34,480.34,960.69,3.72,80.71,94.23,4.74,9.58,2026-03-20,45.65,769.91,769.91,1539.81,5.96,276.44,307.27,66.62,98.26
2026-02-03,2026-02-03 22:00,25452.0,23.450000762939453,2026-02-06,2.65,202.66,202.66,405.32,1.59,0.8,1.24,0.0,0.0,2026-02-20,16.65,507.44,507.44,1014.88,3.99,98.6,114.0,7.72,14.62,2026-03-20,44.65,828.16,828.16,1656.31,6.51,327.33,361.71,92.6,131.91
2026-02-04,2026-02-04 22:00,24999.25,26.010000228881836,2026-02-06,1.65,174.15,174.15,348.31,1.39,0.2,0.35,0.0,0.0,2026-02-20,15.65,536.02,536.02,1072.03,4.29,119.33,136.74,12.15,21.69,2026-03-20,43.65,892.12,892.12,1784.24,7.14,385.64,423.86,126.12,174.13
2026-02-05,2026-02-05 22:00,24651.0,29.190000534057617,2026-02-06,0.65,120.74,120.74,241.48,0.98,0.0,0.0,0.0,-0.0,2026-02-20,14.65,573.96,573.96,1147.91,4.66,146.79,166.69,19.39,32.66,2026-03-20,42.65,975.91,975.91,1951.81,7.92,461.22,504.26,173.54,232.52
2026-02-06,2026-02-06 22:00,25163.25,24.299999237060547,2026-02-13,6.65,328.89,328.89,657.78,2.61,20.3,25.44,0.14,0.46,2026-02-20,13.65,470.87,470.87,941.73,3.74,80.24,93.6,4.85,9.73,2026-03-20,41.65,819.73,819.73,1639.46,6.52,324.27,358.32,91.86,130.82
2026-02-09,2026-02-09 22:00,25354.0,23.420000076293945,2026-02-13,3.65,236.65,236.65,473.29,1.87,2.9,4.1,0.0,0.0,2026-02-20,10.65,404.03,404.03,808.06,3.19,46.64,55.89,1.26,3.04,2026-03-20,38.65,767.12,767.12,1534.25,6.05,280.16,311.09,69.48,101.85
2026-02-10,2026-02-10 22:00,25218.25,23.459999084472656,2026-02-13,2.65,200.88,200.88,401.77,1.59,0.8,1.23,0.0,0.0,2026-02-20,9.65,383.23,383.23,766.45,3.04,38.71,46.82,0.79,2.02,2026-03-20,37.65,754.46,754.46,1508.92,5.98,271.99,302.25,66.0,97.2
2026-02-11,2026-02-11 22:00,25288.5,23.260000228881836,2026-02-13,1.65,157.54,157.54,315.09,1.25,0.05,0.1,0.0,0.0,2026-02-20,8.65,360.77,360.77,721.55,2.85,30.05,36.85,0.4,1.14,2026-03-20,36.65,740.18,740.18,1480.35,5.85,260.11,289.51,60.44,89.86
2026-02-12,2026-02-12 22:00,24768.0,26.8700008392334,2026-02-13,0.65,111.67,111.67,223.35,0.9,0.0,0.0,0.0,0.0,2026-02-20,7.65,383.9,383.9,767.8,3.1,41.01,49.4,0.94,2.35,2026-03-20,35.65,825.99,825.99,1651.98,6.67,334.36,368.95,98.35,138.93
2026-02-13,2026-02-13 22:00,24803.25,26.3700008392334,2026-02-20,6.65,351.8,351.8,703.6,2.84,28.74,35.29,0.37,1.05,2026-02-20,6.65,351.8,351.8,703.6,2.84,28.74,35.29,0.37,1.05,2026-03-20,34.65,800.42,800.42,1600.83,6.45,313.3,346.41,87.21,124.67
2026-02-17,2026-02-17 22:00,24767.75,25.979999542236328,2026-02-20,2.65,218.49,218.49,436.97,1.76,1.85,2.7,0.0,0.0,2026-02-20,2.65,218.49,218.49,436.97,1.76,1.85,2.7,0.0,0.0,2026-03-20,30.65,740.98,740.98,1481.95,5.98,266.87,296.59,64.65,95.26
2026-02-18,2026-02-18 22:00,24956.0,24.959999084472656,2026-02-20,1.65,166.83,166.83,333.67,1.34,0.13,0.22,0.0,0.0,2026-02-20,1.65,166.83,166.83,333.67,1.34,0.13,0.22,0.0,0.0,2026-03-20,29.65,705.6,705.6,1411.19,5.65,237.6,265.15,51.31,77.53
2026-02-19,2026-02-19 22:00,24858.75,25.639999389648438,2026-02-20,0.65,106.95,106.95,213.9,0.86,0.0,0.0,0.0,0.0,2026-02-20,0.65,106.95,106.95,213.9,0.86,0.0,0.0,0.0,0.0,2026-03-20,28.65,709.79,709.79,1419.59,5.71,241.87,269.72,53.32,80.19
2026-02-20,2026-02-20 22:00,25067.5,24.229999542236328,2026-02-27,6.65,326.7,326.7,653.39,2.61,19.96,25.03,0.13,0.44,2026-03-20,27.65,664.58,664.58,1329.16,5.3,205.97,231.05,38.49,60.03,2026-04-17,55.65,939.58,939.58,1879.17,7.5,424.81,465.66,149.17,202.84
2026-02-23,2026-02-23 22:00,24762.75,26.360000610351562,2026-02-27,3.65,260.14,260.14,520.28,2.1,6.21,8.36,0.0,0.02,2026-03-20,24.65,674.58,674.58,1349.16,5.45,216.58,242.42,43.06,66.25,2026-04-17,52.65,982.46,982.46,1964.92,7.93,465.57,508.94,175.91,235.49
2026-02-24,2026-02-24 22:00,25028.75,24.81999969482422,2026-02-27,2.65,210.93,210.93,421.86,1.69,1.29,1.93,0.0,0.0,2026-03-20,23.65,628.93,628.93,1257.85,5.03,180.83,203.81,29.56,47.49,2026-04-17,51.65,926.24,926.24,1852.47,7.4,413.99,454.11,142.76,194.88
2026-02-25,2026-02-25 22:00,25382.0,22.940000534057617,2026-02-27,1.65,155.95,155.95,311.9,1.23,0.04,0.08,0.0,0.0,2026-03-20,22.65,576.98,576.98,1153.96,4.55,142.16,161.83,17.52,29.97,2026-04-17,50.65,859.87,859.87,1719.73,6.78,354.13,390.36,107.13,150.42
2026-02-26,2026-02-26 22:00,25081.0,23.610000610351562,2026-02-27,0.65,99.36,99.36,198.73,0.79,0.0,0.0,0.0,0.0,2026-03-20,21.65,573.75,573.75,1147.5,4.58,142.81,162.46,17.94,30.55,2026-04-17,49.65,865.9,865.9,1731.8,6.9,363.15,399.86,113.13,157.84
2026-02-27,2026-02-27 22:00,25004.75,24.520000457763672,2026-03-06,6.65,329.78,329.78,659.56,2.64,21.03,26.29,0.15,0.5,2026-03-20,20.65,580.24,580.24,1160.47,4.64,147.76,167.85,19.36,32.67,2026-04-17,48.65,887.56,887.56,1775.11,7.1,382.0,419.96,124.06,171.54
2026-03-02,2026-03-02 22:00,25025.25,25.399999618530273,2026-03-06,3.65,253.32,253.32,506.65,2.02,4.97,6.79,0.0,0.01,2026-03-20,17.65,556.34,556.34,1112.67,4.45,131.94,150.57,15.14,26.32,2026-04-17,45.65,891.65,891.65,1783.3,7.13,384.97,423.15,125.66,173.56
2026-03-03,2026-03-03 22:00,24755.75,27.510000228881836,2026-03-06,2.65,231.24,231.24,462.48,1.87,2.84,4.03,0.0,0.0,2026-03-20,16.65,578.99,578.99,1157.97,4.68,149.19,169.34,19.98,33.55,2026-04-17,44.65,944.86,944.86,1889.73,7.63,433.36,474.64,155.63,210.61
2026-03-04,2026-03-04 22:00,25128.25,24.8700008392334,2026-03-06,1.65,167.38,167.38,334.76,1.33,0.12,0.22,0.0,0.0,2026-03-20,15.65,515.17,515.17,1030.34,4.1,105.62,121.69,9.18,16.98,2026-04-17,43.65,857.44,857.44,1714.89,6.82,355.34,391.54,108.59,152.13
2026-03-05,2026-03-05 22:00,25049.5,26.0,2026-03-06,0.65,109.29,109.29,218.57,0.87,0.0,0.0,0.0,0.0,2026-03-20,14.65,519.51,519.51,1039.02,4.15,108.82,125.2,9.86,18.07,2026-04-17,42.65,883.38,883.38,1766.77,7.05,377.67,415.37,121.35,168.19
2026-03-06,2026-03-06 22:00,24670.25,31.440000534057617,2026-03-13,6.65,417.18,417.18,834.36,3.38,56.12,66.53,2.09,4.69,2026-03-20,13.65,597.25,597.25,1194.5,4.84,162.25,183.54,23.94,39.34,2026-04-17,41.65,1039.61,1039.61,2079.22,8.43,515.72,562.25,209.0,275.66
2026-03-09,2026-03-09 21:00,24991.0,27.690000534057617,2026-03-13,3.69,277.35,277.35,554.71,2.22,8.67,11.44,0.01,0.06,2026-03-20,10.69,471.76,471.76,943.52,3.78,81.85,95.36,5.12,10.21,2026-04-17,38.69,894.39,894.39,1788.79,7.16,387.44,425.78,127.14,175.4
2026-03-10,2026-03-10 21:00,24982.5,27.329999923706055,2026-03-13,2.69,233.65,233.65,467.3,1.87,2.89,4.1,0.0,0.0,2026-03-20,9.69,443.21,443.21,886.43,3.55,66.97,78.76,3.17,6.73,2026-04-17,37.69,871.1,871.1,1742.21,6.97,368.29,405.33,116.24,161.72
2026-03-11,2026-03-11 21:00,24983.5,26.81999969482422,2026-03-13,1.69,181.72,181.72,363.44,1.45,0.32,0.54,0.0,0.0,2026-03-20,8.69,411.95,411.95,823.91,3.3,52.02,61.94,1.7,3.93,2026-04-17,36.69,843.58,843.58,1687.16,6.75,345.74,381.22,103.78,145.95
2026-03-12,2026-03-12 21:00,24560.0,29.829999923706055,2026-03-13,0.69,126.84,126.84,253.67,1.03,0.0,0.01,0.0,0.0,2026-03-20,7.69,423.75,423.75,847.5,3.45,59.91,70.78,2.47,5.42,2026-04-17,35.69,909.75,909.75,1819.49,7.41,406.28,445.68,139.92,191.06
2026-03-13,2026-03-13 21:00,24394.25,29.8700008392334,2026-03-20,6.69,393.14,393.14,786.28,3.22,46.72,55.87,1.34,3.19,2026-03-20,6.69,393.14,393.14,786.28,3.22,46.72,55.87,1.34,3.19,2026-04-17,34.69,892.16,892.16,1784.33,7.31,393.93,432.43,133.26,182.65
2026-03-16,2026-03-16 21:00,24675.75,26.31999969482422,2026-03-20,3.69,260.31,260.31,520.61,2.11,6.35,8.53,0.0,0.03,2026-03-20,3.69,260.31,260.31,520.61,2.11,6.35,8.53,0.0,0.03,2026-04-17,31.69,760.39,760.39,1520.77,6.16,283.16,314.04,72.56,105.61
2026-03-17,2026-03-17 21:00,24795.5,24.65999984741211,2026-03-20,2.69,209.25,209.25,418.49,1.69,1.29,1.94,0.0,0.0,2026-03-20,2.69,209.25,209.25,418.49,1.69,1.29,1.94,0.0,0.0,2026-04-17,30.69,704.61,704.61,1409.22,5.68,238.78,266.36,52.14,78.58
2026-03-18,2026-03-18 21:00,24434.5,27.719999313354492,2026-03-20,1.69,183.69,183.69,367.38,1.5,0.44,0.72,0.0,0.0,2026-03-20,1.69,183.69,183.69,367.38,1.5,0.44,0.72,0.0,0.0,2026-04-17,29.69,767.74,767.74,1535.48,6.28,291.95,323.38,77.48,111.91
2026-03-19,2026-03-19 21:00,24364.0,26.899999618530273,2026-03-20,0.69,113.47,113.47,226.93,0.93,0.0,0.0,0.0,-0.0,2026-03-20,0.69,113.47,113.47,226.93,0.93,0.0,0.0,0.0,-0.0,2026-04-17,28.69,730.37,730.37,1460.73,6.0,263.59,292.9,64.08,94.34
2026-03-20,2026-03-20 21:00,24291.779296875,29.200000762939453,2026-03-27,6.69,382.71,382.71,765.42,3.15,42.77,51.36,1.08,2.64,2026-04-17,27.69,776.63,776.63,1553.26,6.39,300.77,332.78,82.27,118.06,2026-05-15,55.69,1097.49,1097.49,2194.98,9.04,573.01,622.85,250.77,325.43
2026-03-23,2026-03-23 21:00,24408.25,27.979999542236328,2026-03-27,3.69,273.72,273.72,547.45,2.24,8.99,11.8,0.01,0.07,2026-04-17,24.69,706.36,706.36,1412.72,5.79,244.5,272.39,55.36,82.78,2026-05-15,52.69,1028.26,1028.26,2056.51,8.43,510.47,556.5,207.11,273.09
2026-03-24,2026-03-24 21:00,24213.75,28.739999771118164,2026-03-27,2.69,238.14,238.14,476.29,1.97,3.98,5.5,0.0,0.01,2026-04-17,23.69,705.12,705.12,1410.24,5.82,245.86,273.78,56.37,84.06,2026-05-15,51.69,1037.88,1037.88,2075.77,8.57,521.85,568.49,215.84,283.46
2026-03-25,2026-03-25 21:00,24367.75,27.649999618530273,2026-03-27,1.69,182.73,182.73,365.45,1.5,0.43,0.7,0.0,0.0,2026-04-17,22.69,668.22,668.22,1336.44,5.48,216.31,241.99,43.63,66.91,2026-05-15,50.69,995.27,995.27,1990.53,8.17,482.49,526.73,188.79,250.86
2026-03-26,2026-03-26 21:00,23794.25,29.860000610351562,2026-03-27,0.69,123.01,123.01,246.01,1.03,0.0,0.01,-0.0,0.0,2026-04-17,21.69,689.01,689.01,1378.02,5.79,238.57,265.77,54.05,80.81,2026-05-15,49.69,1039.17,1039.17,2078.34,8.73,529.54,576.41,223.48,292.24
2026-03-27,2026-03-27 21:00,23328.5,33.540000915527344,2026-04-03,6.69,422.15,422.15,844.3,3.62,66.69,78.2,3.46,7.19,2026-04-17,20.69,741.13,741.13,1482.26,6.35,284.86,315.32,76.95,110.72,2026-05-15,48.69,1132.82,1132.82,2265.63,9.71,619.91,672.03,290.75,371.87
2026-03-30,2026-03-30 21:00,23139.75,33.2599983215332,2026-04-03,3.69,308.46,308.46,616.92,2.67,20.41,25.45,0.16,0.52,2026-04-17,17.69,674.34,674.34,1348.67,5.83,235.13,261.83,53.91,80.39,2026-05-15,45.69,1079.83,1079.83,2159.66,9.33,575.77,625.11,259.96,335.15
2026-03-31,2026-03-31 21:00,23915.0,28.239999771118164,2026-04-03,2.69,231.11,231.11,462.23,1.93,3.49,4.86,0.0,0.01,2026-04-17,16.69,574.88,574.88,1149.75,4.81,154.59,174.98,22.39,36.95,2026-05-15,44.69,937.41,937.41,1874.82,7.84,439.55,480.79,163.38,219.48
2026-04-01,2026-04-01 21:00,24194.75,27.559999465942383,2026-04-03,1.69,180.84,180.84,361.68,1.49,0.41,0.67,0.0,0.0,2026-04-17,15.69,550.4,550.4,1100.8,4.55,135.6,154.36,16.71,28.58,2026-05-15,43.69,915.26,915.26,1830.51,7.57,416.58,456.46,147.82,200.56
2026-04-02,2026-04-02 21:00,24218.0,27.040000915527344,2026-04-03,0.69,113.37,113.37,226.74,0.94,0.0,0.0,0.0,-0.0,2026-04-17,14.69,523.09,523.09,1046.18,4.32,117.95,135.05,12.3,21.85,2026-05-15,42.69,888.63,888.63,1777.26,7.34,393.85,432.23,134.02,183.47
2026-04-06,2026-04-06 21:00,24358.5,27.389999389648438,2026-04-10,3.69,267.41,267.41,534.81,2.2,7.94,10.51,0.01,0.05,2026-04-17,10.69,454.84,454.84,909.68,3.73,77.09,89.96,4.61,9.27,2026-05-15,38.69,862.32,862.32,1724.64,7.08,369.82,406.66,119.43,165.34
2026-04-07,2026-04-07 21:00,24371.0,28.43000030517578,2026-04-10,2.69,237.1,237.1,474.21,1.95,3.72,5.17,0.0,0.01,2026-04-17,9.69,449.76,449.76,899.53,3.69,74.29,86.84,4.21,8.59,2026-05-15,37.69,883.96,883.96,1767.92,7.25,387.55,425.6,129.63,178.11
2026-04-08,2026-04-08 21:00,25074.25,25.239999771118164,2026-04-10,1.69,171.64,171.64,343.27,1.37,0.17,0.29,0.0,0.0,2026-04-17,8.69,389.1,389.1,778.19,3.1,41.71,50.24,0.96,2.41,2026-05-15,36.69,796.8,796.8,1593.59,6.36,306.95,339.72,83.23,119.66
2026-04-09,2026-04-09 21:00,25251.5,23.5,2026-04-10,0.69,102.73,102.73,205.47,0.81,0.0,0.0,0.0,0.0,2026-04-17,7.69,343.24,343.24,686.48,2.72,24.35,30.21,0.23,0.7,2026-05-15,35.69,736.98,736.98,1473.95,5.84,258.08,287.31,59.61,88.74
2026-04-10,2026-04-10 21:00,25281.25,23.09000015258789,2026-04-17,6.69,314.96,314.96,629.92,2.49,16.22,20.6,0.07,0.27,2026-04-17,6.69,314.96,314.96,629.92,2.49,16.22,20.6,0.07,0.27,2026-05-15,34.69,714.84,714.84,1429.67,5.66,240.9,268.83,52.1,78.69
2026-04-13,2026-04-13 21:00,25543.5,22.190000534057617,2026-04-17,3.69,227.18,227.18,454.36,1.78,2.03,2.95,0.0,0.0,2026-04-17,3.69,227.18,227.18,454.36,1.78,2.03,2.95,0.0,0.0,2026-05-15,31.69,663.66,663.66,1327.32,5.2,200.25,225.02,35.69,56.25
2026-04-14,2026-04-14 21:00,25996.75,21.799999237060547,2026-04-17,2.69,193.94,193.94,387.88,1.49,0.44,0.71,0.0,0.0,2026-04-17,2.69,193.94,193.94,387.88,1.49,0.44,0.71,0.0,0.0,2026-05-15,30.69,653.1,653.1,1306.19,5.02,187.94,211.81,30.77,49.42
2026-04-15,2026-04-15 21:00,26365.5,22.25,2026-04-17,1.69,159.1,159.1,318.19,1.21,0.03,0.07,0.0,0.0,2026-04-17,1.69,159.1,159.1,318.19,1.21,0.03,0.07,0.0,0.0,2026-05-15,29.69,665.0,665.0,1330.01,5.04,192.43,216.8,31.82,50.99
2026-04-16,2026-04-16 21:00,26487.25,22.18000030517578,2026-04-17,0.69,101.71,101.71,203.42,0.77,0.0,0.0,0.0,0.0,2026-04-17,0.69,101.71,101.71,203.42,0.77,0.0,0.0,0.0,0.0,2026-05-15,28.69,654.74,654.74,1309.49,4.94,183.97,207.66,28.86,46.79
2026-04-17,2026-04-17 21:00,26825.5,21.56999969482422,2026-04-24,6.69,312.2,312.2,624.4,2.33,12.13,15.73,0.03,0.12,2026-05-15,27.69,633.61,633.61,1267.22,4.72,166.15,188.38,22.98,38.31,2026-06-19,62.69,949.29,949.29,1898.59,7.08,408.04,448.63,132.25,182.95
2026-04-20,2026-04-20 21:00,26748.75,22.93000030517578,2026-04-24,3.69,245.83,245.83,491.66,1.84,2.73,3.9,0.0,0.0,2026-05-15,24.69,634.43,634.43,1268.86,4.74,167.36,189.67,23.4,38.92,2026-06-19,59.69,982.21,982.21,1964.42,7.34,436.37,478.84,149.06,203.89
2026-04-21,2026-04-21 21:00,26634.75,23.799999237060547,2026-04-24,2.69,216.93,216.93,433.86,1.63,1.02,1.57,0.0,0.0,2026-05-15,23.69,642.35,642.35,1284.7,4.82,173.81,196.66,25.46,41.91,2026-06-19,58.69,1006.69,1006.69,2013.37,7.56,458.55,502.43,162.91,220.97
2026-04-22,2026-04-22 21:00,27083.0,23.579999923706055,2026-04-24,1.69,173.19,173.19,346.39,1.28,0.08,0.15,0.0,0.0,2026-05-15,22.69,633.39,633.39,1266.79,4.68,163.38,185.44,21.92,36.8,2026-06-19,57.69,1005.62,1005.62,2011.24,7.43,451.07,494.68,156.42,213.27
2026-04-23,2026-04-23 21:00,26934.0,23.31999969482422,2026-04-24,0.69,108.74,108.74,217.48,0.81,0.0,0.0,0.0,0.0,2026-05-15,21.69,609.16,609.16,1218.32,4.52,148.81,169.49,18.05,30.99,2026-06-19,56.69,980.58,980.58,1961.16,7.28,432.22,474.5,145.8,199.97
2026-04-24,2026-04-24 21:00,27435.0,23.3799991607666,2026-05-01,6.69,346.09,346.09,692.17,2.52,18.71,23.67,0.09,0.33,2026-05-15,20.69,607.65,607.65,1215.3,4.43,143.29,163.58,16.27,28.34,2026-06-19,55.69,992.64,992.64,1985.28,7.24,435.06,477.78,145.45,199.87
2026-04-27,2026-04-27 21:00,27440.5,23.079999923706055,2026-05-01,3.69,253.84,253.84,507.68,1.85,2.94,4.18,0.0,0.0,2026-05-15,17.69,554.97,554.97,1109.95,4.04,110.91,128.0,9.17,17.16,2026-06-19,52.69,953.7,953.7,1907.39,6.95,402.64,443.17,126.79,176.49
2026-04-28,2026-04-28 21:00,27168.75,23.239999771118164,2026-05-01,2.69,216.07,216.07,432.14,1.59,0.84,1.31,0.0,0.0,2026-05-15,16.69,537.49,537.49,1074.97,3.96,102.85,119.04,7.81,14.9,2026-06-19,51.69,941.84,941.84,1883.69,6.93,396.63,436.62,124.39,173.3
2026-04-29,2026-04-29 21:00,27325.25,23.760000228881836,2026-05-01,1.69,176.08,176.08,352.16,1.29,0.09,0.16,0.0,0.0,2026-05-15,15.69,535.93,535.93,1071.85,3.92,100.76,116.77,7.4,14.22,2026-06-19,50.69,959.16,959.16,1918.31,7.02,408.65,449.54,130.58,181.19
2026-04-30,2026-04-30 21:00,27596.0,21.790000915527344,2026-05-01,0.69,104.1,104.1,208.21,0.75,0.0,0.0,0.0,0.0,2026-05-15,14.69,480.35,480.35,960.69,3.48,69.5,81.98,3.01,6.52,2026-06-19,49.69,879.69,879.69,1759.39,6.38,340.57,376.81,93.1,133.61
2026-05-01,2026-05-01 21:00,27835.75,21.920000076293945,2026-05-08,6.69,329.22,329.22,658.43,2.37,13.71,17.69,0.04,0.15,2026-05-15,13.69,470.58,470.58,941.17,3.38,63.4,75.15,2.37,5.31,2026-06-19,48.69,883.71,883.71,1767.42,6.35,340.6,376.95,92.43,132.86
2026-05-04,2026-05-04 21:00,27776.0,23.040000915527344,2026-05-08,3.69,256.5,256.5,513.0,1.85,2.93,4.18,0.0,0.0,2026-05-15,10.69,436.29,436.29,872.59,3.14,48.42,58.18,1.2,2.96,2026-06-19,45.69,898.17,898.17,1796.33,6.47,352.77,389.98,98.76,141.01
2026-05-05,2026-05-05 21:00,28136.0,22.459999084472656,2026-05-08,2.69,216.25,216.25,432.51,1.54,0.63,1.01,0.0,0.0,2026-05-15,9.69,410.22,410.22,820.45,2.92,36.6,44.66,0.57,1.55,2026-06-19,44.69,877.26,877.26,1754.53,6.24,331.47,367.29,87.03,126.0
2026-05-06,2026-05-06 21:00,28716.75,23.579999923706055,2026-05-08,1.69,183.64,183.64,367.29,1.28,0.08,0.15,0.0,0.0,2026-05-15,8.69,416.31,416.31,832.63,2.9,36.48,44.57,0.54,1.5,2026-06-19,43.69,929.53,929.53,1859.07,6.47,365.39,403.91,102.43,146.21
2026-05-07,2026-05-07 21:00,28682.25,23.149999618530273,2026-05-08,0.69,114.95,114.95,229.91,0.8,0.0,0.0,0.0,0.0,2026-05-15,7.69,384.07,384.07,768.13,2.68,25.87,32.21,0.21,0.68,2026-06-19,42.69,901.12,901.12,1802.23,6.28,343.2,380.11,91.31,131.82
2026-05-08,2026-05-08 21:00,29332.5,23.760000228881836,2026-05-15,6.69,376.04,376.04,752.07,2.56,21.61,27.22,0.12,0.43,2026-05-15,6.69,376.04,376.04,752.07,2.56,21.61,27.22,0.12,0.43,2026-06-19,41.69,934.79,934.79,1869.57,6.37,361.43,399.93,98.6,141.56
2026-05-11,2026-05-11 21:00,29424.0,24.739999771118164,2026-05-15,3.69,291.76,291.76,583.53,1.98,5.11,7.04,0.0,0.01,2026-05-15,3.69,291.76,291.76,583.53,1.98,5.11,7.04,0.0,0.01,2026-06-19,38.69,940.92,940.92,1881.84,6.4,364.98,403.78,100.1,143.56
2026-05-12,2026-05-12 21:00,29170.0,24.1299991607666,2026-05-15,2.69,240.87,240.87,481.74,1.65,1.27,1.92,0.0,0.0,2026-05-15,2.69,240.87,240.87,481.74,1.65,1.27,1.92,0.0,0.0,2026-06-19,37.69,898.09,898.09,1796.18,6.16,334.38,370.85,85.66,124.68
2026-05-13,2026-05-13 21:00,29479.25,24.59000015258789,2026-05-15,1.69,196.59,196.59,393.19,1.33,0.14,0.26,0.0,0.0,2026-05-15,1.69,196.59,196.59,393.19,1.33,0.14,0.26,0.0,0.0,2026-06-19,36.69,912.66,912.66,1825.33,6.19,341.84,378.99,88.45,128.47
2026-05-14,2026-05-14 21:00,29687.75,24.079999923706055,2026-05-15,0.69,123.76,123.76,247.53,0.83,0.0,0.0,0.0,0.0,2026-05-15,0.69,123.76,123.76,247.53,0.83,0.0,0.0,0.0,0.0,2026-06-19,35.69,887.82,887.82,1775.65,5.98,319.84,355.44,77.51,114.2
2026-05-15,2026-05-15 21:00,29231.75,25.329999923706055,2026-05-22,6.69,399.5,399.5,799.01,2.73,28.86,35.76,0.28,0.86,2026-06-19,34.69,906.68,906.68,1813.36,6.2,340.21,377.13,88.29,128.15,2026-07-17,62.69,1214.61,1214.61,2429.22,8.31,597.29,651.51,238.86,315.93
2026-05-18,2026-05-18 21:00,29096.0,24.209999084472656,2026-05-22,3.69,282.33,282.33,564.66,1.94,4.37,6.07,0.0,0.01,2026-06-19,31.69,824.75,824.75,1649.5,5.67,278.68,310.93,60.54,91.35,2026-07-17,59.69,1127.99,1127.99,2255.98,7.75,524.92,574.42,192.82,259.68
2026-05-19,2026-05-19 21:00,28924.25,24.09000015258789,2026-05-22,2.69,238.45,238.45,476.89,1.65,1.24,1.88,0.0,0.0,2026-06-19,30.69,802.94,802.94,1605.89,5.55,264.31,295.38,54.89,83.64,2026-07-17,58.69,1106.53,1106.53,2213.06,7.65,509.21,557.6,183.83,248.49
2026-05-20,2026-05-20 21:00,29390.5,23.709999084472656,2026-05-22,1.69,188.99,188.99,377.97,1.29,0.09,0.17,0.0,0.0,2026-06-19,29.69,789.93,789.93,1579.86,5.38,249.38,279.43,48.14,74.55,2026-07-17,57.69,1097.31,1097.31,2194.63,7.47,494.55,542.21,172.79,235.21
2026-05-21,2026-05-21 21:00,29447.25,22.739999771118164,2026-05-22,0.69,115.93,115.93,231.86,0.79,0.0,0.0,0.0,0.0,2026-06-19,28.69,746.28,746.28,1492.57,5.07,217.38,244.81,36.38,58.14,2026-07-17,56.69,1045.43,1045.43,2090.87,7.1,450.41,495.15,146.52,202.53
2026-05-22,2026-05-22 21:00,29558.75,22.81999969482422,2026-05-29,6.69,363.95,363.95,727.89,2.46,17.89,22.8,0.07,0.27,2026-06-19,27.69,738.62,738.62,1477.23,5.0,210.8,237.71,34.01,54.8,2026-07-17,55.69,1043.88,1043.88,2087.76,7.06,447.51,492.11,144.43,199.98
2026-05-26,2026-05-26 21:00,30073.5,23.899999618530273,2026-05-29,2.69,245.97,245.97,491.93,1.64,1.2,1.83,0.0,0.0,2026-06-19,23.69,728.33,728.33,1456.65,4.84,198.33,224.31,29.39,48.25,2026-07-17,51.69,1072.13,1072.13,2144.26,7.13,463.44,509.37,151.55,209.25
2026-05-27,2026-05-27 21:00,30047.25,23.389999389648438,2026-05-29,1.69,190.6,190.6,381.21,1.27,0.08,0.15,0.0,0.0,2026-06-19,22.69,697.06,697.06,1394.12,4.64,177.51,201.63,23.26,39.25,2026-07-17,50.69,1038.29,1038.29,2076.58,6.91,435.87,479.9,136.0,189.68
2026-05-28,2026-05-28 21:00,30307.0,22.920000076293945,2026-05-29,0.69,120.26,120.26,240.52,0.79,0.0,0.0,0.0,0.0,2026-06-19,21.69,673.69,673.69,1347.38,4.45,159.87,182.44,18.37,31.92,2026-07-17,49.69,1016.19,1016.19,2032.37,6.71,414.24,456.9,123.25,173.67
2026-05-29,2026-05-29 21:00,30405.25,22.579999923706055,2026-06-05,6.69,370.43,370.43,740.86,2.44,17.45,22.3,0.06,0.24,2026-06-19,20.69,650.4,650.4,1300.8,4.28,144.34,165.43,14.61,26.11,2026-07-17,48.69,994.33,994.33,1988.66,6.54,395.24,436.61,112.85,160.44
2026-06-01,2026-06-01 21:00,30566.25,23.18000030517578,2026-06-05,3.69,283.98,283.98,567.96,1.86,3.38,4.8,0.0,0.0,2026-06-19,17.69,620.87,620.87,1241.74,4.06,125.12,144.32,10.52,19.6,2026-07-17,45.69,994.39,994.39,1988.79,6.51,393.02,434.3,111.17,158.37
2026-06-02,2026-06-02 21:00,30712.75,23.270000457763672,2026-06-05,2.69,244.57,244.57,489.15,1.59,0.97,1.5,0.0,0.0,2026-06-19,16.69,608.38,608.38,1216.76,3.96,116.71,135.06,8.91,16.98,2026-07-17,44.69,992.12,992.12,1984.25,6.46,389.22,430.3,108.76,155.34
2026-06-03,2026-06-03 21:00,30633.25,23.84000015258789,2026-06-05,1.69,198.06,198.06,396.12,1.29,0.1,0.19,0.0,0.0,2026-06-19,15.69,602.83,602.83,1205.65,3.94,114.11,132.17,8.49,16.26,2026-07-17,43.69,1002.5,1002.5,2004.99,6.55,398.53,440.24,113.81,161.8
2026-06-04,2026-06-04 21:00,30488.25,23.219999313354492,2026-06-05,0.69,122.56,122.56,245.13,0.8,0.0,0.0,0.0,0.0,2026-06-19,14.69,565.51,565.51,1131.02,3.71,94.57,110.46,5.5,11.14,2026-07-17,42.69,960.75,960.75,1921.5,6.3,367.1,406.49,98.2,141.59
2026-06-05,2026-06-05 21:00,29026.5,30.469999313354492,2026-06-12,6.69,477.19,477.19,954.38,3.29,59.76,71.19,1.92,4.45,2026-06-19,13.69,682.07,682.07,1364.14,4.7,176.96,200.77,24.0,40.19,2026-07-17,41.69,1186.07,1186.07,2372.13,8.17,574.72,627.42,224.71,298.64
2026-06-08,2026-06-08 21:00,29454.75,27.1200008392334,2026-06-12,3.69,320.16,320.16,640.33,2.17,9.07,12.04,0.01,0.05,2026-06-19,10.69,544.58,544.58,1089.16,3.7,90.34,105.57,5.17,10.51,2026-07-17,38.69,1032.46,1032.46,2064.92,7.01,438.72,482.7,139.6,193.88
2026-06-09,2026-06-09 21:00,29117.0,29.780000686645508,2026-06-12,2.69,296.73,296.73,593.46,2.04,6.04,8.22,0.0,0.02,2026-06-19,9.69,562.86,562.86,1125.73,3.87,102.61,119.15,7.09,13.81,2026-07-17,37.69,1106.22,1106.22,2212.43,7.6,505.04,553.3,180.07,244.06
2026-06-10,2026-06-10 21:00,28554.0,32.68000030517578,2026-06-12,1.69,253.07,253.07,506.14,1.77,2.21,3.22,0.0,0.0,2026-06-19,8.69,573.68,573.68,1147.36,4.02,112.95,130.49,9.08,17.09,2026-07-17,36.69,1174.63,1174.63,2349.26,8.23,571.88,624.16,225.23,298.87
2026-06-11,2026-06-11 21:00,29464.75,30.440000534057617,2026-06-12,0.69,155.28,155.28,310.56,1.05,0.0,0.01,-0.0,0.0,2026-06-19,7.69,518.77,518.77,1037.54,3.52,76.96,90.63,3.51,7.52,2026-07-17,35.69,1113.73,1113.73,2227.46,7.56,506.17,554.67,179.19,243.24
2026-06-12,2026-06-12 21:00,29662.0,27.270000457763672,2026-06-19,6.69,436.43,436.43,872.86,2.94,40.0,48.71,0.66,1.78,2026-06-19,6.69,436.43,436.43,872.86,2.94,40.0,48.71,0.66,1.78,2026-07-17,34.69,990.45,990.45,1980.9,6.68,401.39,442.88,118.29,167.03
2026-06-15,2026-06-15 21:00,30559.25,25.920000076293945,2026-06-19,3.69,317.47,317.47,634.95,2.08,7.16,9.67,0.0,0.03,2026-06-19,3.69,317.47,317.47,634.95,2.08,7.16,9.67,0.0,0.03,2026-07-17,31.69,927.38,927.38,1854.76,6.07,339.51,376.93,84.55,123.82
2026-06-16,2026-06-16 21:00,29995.0,26.950000762939453,2026-06-19,2.69,276.63,276.63,553.26,1.84,3.14,4.47,0.0,0.0,2026-06-19,2.69,276.63,276.63,553.26,1.84,3.14,4.47,0.0,0.0,2026-07-17,30.69,931.48,931.48,1862.95,6.21,349.79,387.74,90.9,131.9
2026-06-17,2026-06-17 21:00,29687.5,28.559999465942383,2026-06-19,1.69,229.95,229.95,459.89,1.55,0.72,1.14,0.0,0.0,2026-06-19,1.69,229.95,229.95,459.89,1.55,0.72,1.14,0.0,0.0,2026-07-17,29.69,961.04,961.04,1922.09,6.47,377.17,416.96,105.45,150.6
2026-06-18,2026-06-18 21:00,30263.349609375,26.309999465942383,2026-06-19,0.69,137.85,137.85,275.7,0.91,0.0,0.0,0.0,0.0,2026-06-19,0.69,137.85,137.85,275.7,0.91,0.0,0.0,0.0,0.0,2026-07-17,28.69,887.32,887.32,1774.65,5.86,312.11,347.37,72.64,107.96
2026-06-22,2026-06-22 21:00,30653.5,27.670000076293945,2026-06-26,3.69,339.95,339.95,679.9,2.22,10.6,13.97,0.01,0.07,2026-07-17,24.69,877.27,877.27,1754.55,5.72,299.61,334.07,66.3,99.64,2026-08-21,59.69,1358.05,1358.05,2716.09,8.86,699.68,761.13,300.2,391.2
2026-06-23,2026-06-23 21:00,29666.0,32.369998931884766,2026-06-26,2.69,328.62,328.62,657.23,2.22,10.18,13.43,0.01,0.07,2026-07-17,23.69,972.95,972.95,1945.9,6.56,386.71,427.19,110.4,156.96,2026-08-21,58.69,1524.51,1524.51,3049.02,10.28,864.24,935.02,426.62,539.85
2026-06-24,2026-06-24 21:00,29514.25,30.18000030517578,2026-06-26,1.69,241.57,241.57,483.14,1.64,1.18,1.81,0.0,0.0,2026-07-17,22.69,883.37,883.37,1766.75,5.99,317.98,353.4,76.96,113.41,2026-08-21,57.69,1402.31,1402.31,2804.62,9.5,757.29,821.57,348.36,447.36
2026-06-25,2026-06-25 21:00,29724.75,30.90999984741211,2026-06-26,0.69,159.07,159.07,318.13,1.07,0.01,0.01,0.0,0.0,2026-07-17,21.69,890.99,890.99,1781.98,5.99,321.23,356.97,77.95,114.81,2026-08-21,56.69,1434.02,1434.02,2868.04,9.65,781.97,847.88,364.87,467.17
2026-06-26,2026-06-26 21:00,29368.25,30.81999969482422,2026-07-03,6.69,488.35,488.35,976.7,3.33,62.98,74.88,2.15,4.92,2026-07-17,20.69,857.38,857.38,1714.76,5.84,299.72,333.7,69.02,102.82,2026-08-21,55.69,1400.37,1400.37,2800.73,9.54,757.87,822.1,349.74,448.83
2026-06-29,2026-06-29 21:00,30052.75,29.3700008392334,2026-07-03,3.69,353.76,353.76,707.53,2.35,14.42,18.63,0.04,0.15,2026-07-17,17.69,773.4,773.4,1546.8,5.15,229.78,258.45,39.84,63.17,2026-08-21,52.69,1328.88,1328.88,2657.75,8.84,683.33,743.43,292.34,381.19
2026-06-30,2026-06-30 21:00,30523.5,27.110000610351562,2026-07-03,2.69,283.17,283.17,566.35,1.86,3.33,4.74,0.0,0.0,2026-07-17,16.69,704.38,704.38,1408.76,4.62,177.66,201.93,22.87,38.74,2026-08-21,51.69,1234.21,1234.21,2468.41,8.09,593.7,648.43,229.55,305.8
2026-07-01,2026-07-01 21:00,30094.25,27.690000534057617,2026-07-03,1.69,226.0,226.0,451.99,1.5,0.54,0.87,0.0,0.0,2026-07-17,15.69,687.84,687.84,1375.67,4.57,170.77,194.3,21.35,36.4,2026-08-21,50.69,1230.93,1230.93,2461.87,8.18,597.41,652.14,234.16,311.03
2026-07-02,2026-07-02 21:00,29556.0,27.979999542236328,2026-07-03,0.69,143.17,143.17,286.34,0.97,0.0,0.0,0.0,0.0,2026-07-17,14.69,660.58,660.58,1321.15,4.47,157.99,180.19,18.42,31.9,2026-08-21,49.69,1209.61,1209.61,2419.22,8.19,587.27,641.06,230.31,305.88
2026-07-06,2026-07-06 21:00,29941.0,26.809999465942383,2026-07-10,3.69,321.73,321.73,643.46,2.15,8.61,11.49,0.01,0.04,2026-07-17,10.69,547.24,547.24,1094.49,3.66,88.5,103.61,4.81,9.9,2026-08-21,45.69,1126.48,1126.48,2252.97,7.52,510.44,559.46,179.87,244.4
2026-07-07,2026-07-07 21:00,29391.5,27.920000076293945,2026-07-10,2.69,280.82,280.82,561.64,1.91,3.96,5.55,0.0,0.01,2026-07-17,9.69,532.69,532.69,1065.38,3.62,84.52,99.07,4.42,9.17,2026-08-21,44.69,1139.03,1139.03,2278.06,7.75,529.12,579.08,193.83,261.2
2026-07-08,2026-07-08 21:00,29468.5,27.860000610351562,2026-07-10,1.69,222.65,222.65,445.31,1.51,0.56,0.9,0.0,0.0,2026-07-17,8.69,504.75,504.75,1009.49,3.43,70.12,82.95,2.79,6.17,2026-08-21,43.69,1126.88,1126.88,2253.76,7.65,517.63,566.88,186.33,252.03
2026-07-09,2026-07-09 21:00,29937.0,26.90999984741211,2026-07-10,0.69,139.47,139.47,278.94,0.93,0.0,0.0,0.0,-0.0,2026-07-17,7.69,465.97,465.97,931.94,3.11,50.37,60.63,1.18,2.95,2026-08-21,42.69,1093.2,1093.2,2186.4,7.3,482.44,529.6,163.06,223.55
2026-07-10,2026-07-10 21:00,30032.25,24.889999389648438,2026-07-17,6.69,403.32,403.32,806.63,2.69,27.43,34.13,0.23,0.73,2026-07-17,6.69,403.32,403.32,806.63,2.69,27.43,34.13,0.23,0.73,2026-08-21,41.69,1002.58,1002.58,2005.16,6.68,406.55,448.55,119.93,169.3
2026-07-13,2026-07-13 21:00,29475.75,27.299999237060547,2026-07-17,3.69,322.52,322.52,645.04,2.19,9.43,12.49,0.01,0.06,2026-07-17,3.69,322.52,322.52,645.04,2.19,9.43,12.49,0.01,0.06,2026-08-21,38.69,1040.05,1040.05,2080.1,7.06,444.69,489.07,142.9,198.05
2026-07-14,2026-07-14 21:00,29790.25,26.280000686645508,2026-07-17,2.69,267.91,267.91,535.82,1.8,2.58,3.73,0.0,0.0,2026-07-17,2.69,267.91,267.91,535.82,1.8,2.58,3.73,0.0,0.0,2026-08-21,37.69,998.86,998.86,1997.72,6.71,406.61,448.52,120.71,170.17
2026-07-15,2026-07-15 21:00,29693.25,25.649999618530273,2026-07-17,1.69,206.56,206.56,413.11,1.39,0.24,0.41,0.0,0.0,2026-07-17,1.69,206.56,206.56,413.11,1.39,0.24,0.41,0.0,0.0,2026-08-21,36.69,958.9,958.9,1917.79,6.46,375.7,415.38,104.75,149.69
2026-07-16,2026-07-16 21:00,29225.75,27.34000015258789,2026-07-17,0.69,138.33,138.33,276.67,0.95,0.0,0.0,0.0,0.0,2026-07-17,0.69,138.33,138.33,276.67,0.95,0.0,0.0,0.0,0.0,2026-08-21,35.69,992.27,992.27,1984.53,6.79,408.83,450.64,123.77,173.75
2026-07-17,2026-07-17 21:00,28773.25,29.030000686645508,2026-07-24,6.69,450.67,450.67,901.35,3.13,49.56,59.58,1.21,2.98,2026-08-21,34.69,1022.74,1022.74,2045.49,7.11,440.08,483.82,142.87,197.57,2026-09-18,62.69,1370.0,1370.0,2740.0,9.52,741.13,803.97,341.81,438.71
2026-07-20,2026-07-20 21:00,28778.75,28.530000686645508,2026-07-24,3.69,329.08,329.08,658.16,2.29,11.81,15.4,0.02,0.1,2026-08-21,31.69,961.24,961.24,1922.48,6.68,389.53,429.8,114.79,162.08,2026-09-18,59.69,1314.57,1314.57,2629.14,9.14,691.74,751.57,306.27,396.48
2026-07-21,2026-07-21 21:00,29316.0,26.65999984741211,2026-07-24,2.69,267.46,267.46,534.92,1.82,2.83,4.06,0.0,0.0,2026-08-21,30.69,900.6,900.6,1801.2,6.14,334.2,370.72,85.14,124.07,2026-09-18,58.69,1241.06,1241.06,2482.11,8.47,618.69,674.31,252.6,332.64
2026-07-22,2026-07-22 21:00,29181.25,26.739999771118164,2026-07-24,1.69,211.62,211.62,423.24,1.45,0.37,0.61,0.0,0.0,2026-08-21,29.69,884.49,884.49,1768.97,6.06,323.28,358.95,80.29,117.65,2026-09-18,57.69,1228.61,1228.61,2457.22,8.42,609.94,664.94,247.46,326.31
2026-07-23,2026-07-23 21:00,28620.75,28.059999465942383,2026-07-24,0.69,139.04,139.04,278.07,0.97,0.0,0.0,0.0,-0.0,2026-08-21,28.69,894.95,894.95,1789.9,6.25,338.52,375.08,89.04,128.86,2026-09-18,56.69,1253.59,1253.59,2507.17,8.76,640.5,697.09,271.39,354.6
2026-07-24,2026-07-24 21:00,28282.25,28.389999389648438,2026-07-31,6.69,433.22,433.22,866.44,3.06,44.73,54.02,0.95,2.43,2026-08-21,27.69,879.14,879.14,1758.28,6.22,330.36,366.18,85.95,124.68,2026-09-18,55.69,1242.37,1242.37,2484.74,8.79,636.03,692.15,270.3,352.95
2026-07-27,2026-07-27 21:00,28190.0,28.649999618530273,2026-07-31,3.69,323.7,323.7,647.4,2.3,11.83,15.42,0.02,0.1,2026-08-21,24.69,835.33,835.33,1670.66,5.93,297.32,330.66,70.6,104.47,2026-09-18,52.69,1215.98,1215.98,2431.96,8.63,614.28,668.99,255.88,335.53
2026-07-28,2026-07-28 21:00,27922.0,28.610000610351562,2026-07-31,2.69,273.37,273.37,546.74,1.96,4.45,6.17,0.0,0.01,2026-08-21,23.69,809.43,809.43,1618.86,5.8,280.71,312.69,63.77,95.28,2026-09-18,51.69,1191.42,1191.42,2382.85,8.53,597.06,650.55,245.71,323.03
2026-07-29,2026-07-29 21:00,27342.0,30.84000015258789,2026-07-31,1.69,228.68,228.68,457.37,1.67,1.32,1.99,0.0,0.0,2026-08-21,22.69,836.25,836.25,1672.49,6.12,308.47,342.31,77.8,113.62,2026-09-18,50.69,1245.45,1245.45,2490.9,9.11,653.65,710.3,288.28,373.49
2026-07-30,2026-07-30 21:00,28237.75,27.549999237060547,2026-07-31,0.69,134.68,134.68,269.37,0.95,0.0,0.0,0.0,0.0,2026-08-21,21.69,754.45,754.45,1508.89,5.34,236.03,264.61,44.84,69.68,2026-09-18,49.69,1137.91,1137.91,2275.83,8.06,545.82,596.23,210.12,280.17
2026-07-31,2026-07-31 21:00,28404.25,26.0,2026-08-07,6.69,398.46,398.46,796.93,2.81,31.41,38.67,0.37,1.08,2026-08-21,20.69,699.59,699.59,1399.19,4.93,195.26,220.5,30.26,49.19,2026-09-18,48.69,1069.49,1069.49,2138.97,7.53,485.08,531.63,171.19,232.53
2026-08-03,2026-08-03 21:00,28891.75,24.770000457763672,2026-08-07,3.69,286.83,286.83,573.67,1.99,5.06,6.96,0.0,0.01,2026-08-21,17.69,627.1,627.1,1254.2,4.34,142.71,163.3,15.15,26.8,2026-09-18,45.69,1004.35,1004.35,2008.7,6.95,423.78,466.46,133.33,185.62
2026-08-04,2026-08-04 21:00,29863.5,25.479999542236328,2026-08-07,2.69,260.39,260.39,520.79,1.74,2.03,2.99,0.0,0.0,2026-08-21,16.69,647.73,647.73,1295.45,4.34,147.19,168.44,15.58,27.58,2026-09-18,44.69,1056.25,1056.25,2112.5,7.07,452.91,498.04,146.22,202.44
2026-08-05,2026-08-05 21:00,29615.0,24.149999618530273,2026-08-07,1.69,193.96,193.96,387.93,1.31,0.12,0.21,0.0,0.0,2026-08-21,15.69,590.37,590.37,1180.73,3.99,114.66,132.58,8.97,16.99,2026-09-18,43.69,981.77,981.77,1963.54,6.63,395.43,436.47,115.37,163.25
2026-08-06,2026-08-06 21:00,29488.25,23.950000762939453,2026-08-07,0.69,122.27,122.27,244.54,0.83,0.0,0.0,0.0,0.0,2026-08-21,14.69,564.16,564.16,1128.31,3.83,100.78,117.19,6.69,13.15,2026-09-18,42.69,958.44,958.44,1916.87,6.5,378.31,418.08,106.78,152.18
2026-08-07,2026-08-07 21:00,29834.75,22.81999969482422,2026-08-14,6.69,367.35,367.35,734.69,2.46,18.06,23.01,0.07,0.27,2026-08-21,13.69,525.08,525.08,1050.17,3.52,77.96,91.8,3.56,7.62,2026-09-18,41.69,913.2,913.2,1826.39,6.12,337.99,374.99,85.73,125.05
2026-08-10,2026-08-10 21:00,29737.0,23.040000915527344,2026-08-14,3.69,274.61,274.61,549.21,1.85,3.14,4.48,0.0,0.0,2026-08-21,10.69,467.1,467.1,934.19,3.14,51.84,62.28,1.29,3.17,2026-09-18,38.69,885.62,885.62,1771.24,5.96,317.66,353.12,76.42,112.77
2026-08-11,2026-08-11 21:00,29626.0,22.3799991607666,2026-08-14,2.69,226.9,226.9,453.79,1.53,0.65,1.03,0.0,0.0,2026-08-21,9.69,430.41,430.41,860.82,2.91,37.98,46.38,0.57,1.58,2026-09-18,37.69,846.01,846.01,1692.01,5.71,288.7,321.92,63.8,95.9
2026-08-12,2026-08-12 21:00,29853.25,20.969999313354492,2026-08-14,1.69,169.78,169.78,339.56,1.14,0.02,0.03,0.0,0.0,2026-08-21,8.69,384.89,384.89,769.78,2.58,22.61,28.44,0.14,0.47,2026-09-18,36.69,788.23,788.23,1576.47,5.28,243.31,273.0,45.14,70.52
2026-08-13,2026-08-13 21:00,30188.5,21.229999542236328,2026-08-14,0.69,110.96,110.96,221.91,0.74,0.0,0.0,0.0,0.0,2026-08-21,7.69,370.71,370.71,741.42,2.46,18.04,23.0,0.07,0.27,2026-09-18,35.69,795.99,795.99,1591.98,5.27,245.21,275.17,45.33,70.87
2026-08-14,2026-08-14 21:00,30141.75,20.719999313354492,2026-08-21,6.69,336.97,336.97,673.95,2.24,10.92,14.36,0.02,0.08,2026-08-21,6.69,336.97,336.97,673.95,2.24,10.92,14.36,0.02,0.08,2026-09-18,34.69,764.82,764.82,1529.64,5.07,223.39,251.54,37.57,59.98
2026-08-17,2026-08-17 21:00,30096.0,21.510000228881836,2026-08-21,3.69,259.47,259.47,518.93,1.72,1.87,2.77,0.0,0.0,2026-08-21,3.69,259.47,259.47,518.93,1.72,1.87,2.77,0.0,0.0,2026-09-18,31.69,757.99,757.99,1515.98,5.04,218.95,246.71,36.1,57.88
2026-08-18,2026-08-18 21:00,29586.0,22.559999465942383,2026-08-21,2.69,228.41,228.41,456.82,1.54,0.7,1.1,0.0,0.0,2026-08-21,2.69,228.41,228.41,456.82,1.54,0.7,1.1,0.0,0.0,2026-09-18,30.69,769.17,769.17,1538.34,5.2,232.25,260.96,41.45,65.3
2026-08-19,2026-08-19 21:00,29512.75,22.040000915527344,2026-08-21,1.69,176.41,176.41,352.81,1.2,0.03,0.07,0.0,0.0,2026-08-21,1.69,176.41,176.41,352.81,1.2,0.03,0.07,0.0,0.0,2026-09-18,29.69,737.36,737.36,1474.73,5.0,210.47,237.34,33.97,54.72
2026-08-20,2026-08-20 21:00,29300.5,23.260000228881836,2026-08-21,0.69,117.99,117.99,235.98,0.81,0.0,0.0,0.0,0.0,2026-08-21,0.69,117.99,117.99,235.98,0.81,0.0,0.0,0.0,0.0,2026-09-18,28.69,759.54,759.54,1519.08,5.18,228.35,256.65,40.44,63.82
2026-08-21,2026-08-21 21:00,29387.75,21.979999542236328,2026-08-28,6.69,348.52,348.52,697.05,2.37,14.68,18.92,0.04,0.17,2026-09-18,27.69,707.32,707.32,1414.64,4.81,190.94,216.08,27.85,45.89,2026-10-16,55.69,999.66,999.66,1999.33,6.8,413.59,455.77,126.05,176.7
2026-08-24,2026-08-24 21:00,29105.75,22.690000534057617,2026-08-28,3.69,264.69,264.69,529.39,1.82,2.75,3.94,0.0,0.0,2026-09-18,24.69,683.11,683.11,1366.22,4.69,177.26,201.11,24.05,40.26,2026-10-16,52.69,994.49,994.49,1988.98,6.83,413.09,455.11,126.71,177.37
2026-08-25,2026-08-25 21:00,29276.75,21.790000915527344,2026-08-28,2.69,218.31,218.31,436.62,1.49,0.49,0.8,0.0,0.0,2026-09-18,23.69,646.45,646.45,1292.9,4.42,151.74,173.27,17.08,29.81,2026-10-16,51.69,951.63,951.63,1903.27,6.5,376.06,415.57,106.35,151.51
2026-08-26,2026-08-26 21:00,29289.5,21.420000076293945,2026-08-28,1.69,170.15,170.15,340.3,1.16,0.02,0.05,0.0,0.0,2026-09-18,22.69,622.27,622.27,1244.53,4.25,136.47,156.54,13.5,24.26,2026-10-16,50.69,926.91,926.91,1853.82,6.33,356.14,394.22,96.14,138.36
2026-08-27,2026-08-27 21:00,29695.75,20.239999771118164,2026-08-28,0.69,104.06,104.06,208.11,0.7,0.0,0.0,0.0,0.0,2026-09-18,21.69,582.93,582.93,1165.87,3.93,109.95,127.39,8.12,15.59,2026-10-16,49.69,879.32,879.32,1758.65,5.92,313.79,348.92,74.84,110.64
2026-08-28,2026-08-28 21:00,29491.75,19.920000076293945,2026-09-04,6.69,316.98,316.98,633.96,2.15,8.51,11.35,0.01,0.04,2026-09-18,20.69,556.56,556.56,1113.11,3.77,96.74,112.7,6.08,12.1,2026-10-16,48.69,850.89,850.89,1701.79,5.77,294.46,328.05,66.65,99.66
2026-08-31,2026-08-31 21:00,29513.0,20.18000030517578,2026-09-04,3.69,238.71,238.71,477.42,1.62,1.07,1.64,0.0,0.0,2026-09-18,17.69,521.9,521.9,1043.81,3.54,78.44,92.29,3.67,7.82,2026-10-16,45.69,835.92,835.92,1671.85,5.66,282.76,315.46,61.54,92.82
2026-09-01,2026-09-01 21:00,29125.5,21.959999084472656,2026-09-04,2.69,218.88,218.88,437.75,1.5,0.53,0.85,0.0,0.0,2026-09-18,16.69,544.47,544.47,1088.93,3.74,92.65,108.09,5.58,11.21,2026-10-16,44.69,887.91,887.91,1775.82,6.1,327.29,363.21,82.45,120.44
2026-09-02,2026-09-02 21:00,29186.25,21.06999969482422,2026-09-04,1.69,166.78,166.78,333.56,1.14,0.02,0.04,0.0,0.0,2026-09-18,15.69,507.63,507.63,1015.26,3.48,73.33,86.5,3.17,6.86,2026-10-16,43.69,844.22,844.22,1688.43,5.79,292.83,326.19,66.54,99.42
2026-09-03,2026-09-03 21:00,29524.75,20.15999984741211,2026-09-04,0.69,103.05,103.05,206.1,0.7,0.0,0.0,0.0,0.0,2026-09-18,14.69,475.48,475.48,950.96,3.22,56.54,67.61,1.63,3.87,2026-10-16,42.69,807.83,807.83,1615.66,5.47,261.54,292.59,52.76,80.92
