bar_start_utc,bar_start_kst,bar_start_local,open,high,low,close,volume,ma20,ma50,ma200,rsi14,atr14,vol_index
2025-02-02 23:00,2025-02-03 08:00,2025-02-02 18:00,21200.0,21200.0,20943.0,21115.0,24584,,,,,,
2025-02-03 00:00,2025-02-03 09:00,2025-02-02 19:00,21114.0,21155.5,21027.5,21118.75,14828,,,,,,
2025-02-03 01:00,2025-02-03 10:00,2025-02-02 20:00,21115.75,21150.0,21065.75,21075.75,12713,,,,,,
2025-02-03 02:00,2025-02-03 11:00,2025-02-02 21:00,21074.5,21077.25,20976.75,21029.75,12598,,,,,,
2025-02-03 03:00,2025-02-03 12:00,2025-02-02 22:00,21029.5,21059.0,20995.75,21035.75,6555,,,,,,
2025-02-03 04:00,2025-02-03 13:00,2025-02-02 23:00,21034.0,21052.25,20981.25,21019.75,6020,,,,,,
2025-02-03 05:00,2025-02-03 14:00,2025-02-03 00:00,21019.5,21077.0,20998.75,21072.25,5729,,,,,,
2025-02-03 06:00,2025-02-03 15:00,2025-02-03 01:00,21071.0,21101.0,21044.0,21066.0,7580,,,,,,
2025-02-03 07:00,2025-02-03 16:00,2025-02-03 02:00,21068.0,21154.0,21067.75,21117.75,8819,,,,,,
2025-02-03 08:00,2025-02-03 17:00,2025-02-03 03:00,21118.25,21252.0,21118.25,21205.5,14431,,,,,,
2025-02-03 09:00,2025-02-03 18:00,2025-02-03 04:00,21206.25,21232.0,21166.5,21183.5,10230,,,,,,
2025-02-03 10:00,2025-02-03 19:00,2025-02-03 05:00,21181.5,21246.5,21158.25,21232.75,7363,,,,,,
2025-02-03 11:00,2025-02-03 20:00,2025-02-03 06:00,21233.5,21272.0,21197.0,21224.5,9808,,,,,,
2025-02-03 12:00,2025-02-03 21:00,2025-02-03 07:00,21224.75,21230.75,21155.5,21179.25,14844,,,,,,
2025-02-03 13:00,2025-02-03 22:00,2025-02-03 08:00,21180.25,21247.5,21163.0,21202.5,18498,,,,59.5,85.21,
2025-02-03 14:00,2025-02-03 23:00,2025-02-03 09:00,21202.25,21295.0,21171.75,21216.25,100484,,,,60.8,87.93,
2025-02-03 15:00,2025-02-04 00:00,2025-02-03 10:00,21215.25,21453.75,21113.25,21420.0,139293,,,,73.8,105.97,21.56999969482422
2025-02-03 16:00,2025-02-04 01:00,2025-02-03 11:00,21419.0,21474.5,21340.75,21382.5,76166,,,,69.2,107.96,21.100000381469727
2025-02-03 17:00,2025-02-04 02:00,2025-02-03 12:00,21382.0,21455.75,21341.0,21401.25,56866,,,,70.2,108.44,21.389999389648438
2025-02-03 18:00,2025-02-04 03:00,2025-02-03 13:00,21400.75,21473.0,21351.0,21467.75,45955,21188.33,,,73.5,109.41,21.399999618530273
2025-02-03 19:00,2025-02-04 04:00,2025-02-03 14:00,21466.75,21519.75,21448.0,21485.5,41829,21206.85,,,74.3,106.72,20.860000610351562
2025-02-03 20:00,2025-02-04 05:00,2025-02-03 15:00,21486.25,21506.75,21398.5,21406.25,56685,21221.22,,,64.8,106.83,21.219999313354492
2025-02-03 21:00,2025-02-04 06:00,2025-02-03 16:00,21406.25,21579.75,21388.25,21553.25,27180,21245.1,,,71.9,112.88,21.3700008392334
2025-02-03 23:00,2025-02-04 08:00,2025-02-03 18:00,21592.0,21600.0,21553.5,21571.5,0,21272.19,,,72.7,108.15,21.3700008392334
2025-02-04 00:00,2025-02-04 09:00,2025-02-03 19:00,21571.25,21576.75,21536.5,21549.0,4439,21297.85,,,70.2,103.3,21.3700008392334
2025-02-04 01:00,2025-02-04 10:00,2025-02-03 20:00,21548.75,21549.5,21480.0,21509.75,6329,21322.35,,,66.0,100.89,21.3700008392334
2025-02-04 02:00,2025-02-04 11:00,2025-02-03 21:00,21509.75,21515.5,21462.0,21468.5,4646,21342.16,,,61.8,97.5,21.3700008392334
2025-02-04 03:00,2025-02-04 12:00,2025-02-03 22:00,21468.75,21473.0,21426.0,21450.0,4481,21361.36,,,60.0,93.9,21.3700008392334
2025-02-04 04:00,2025-02-04 13:00,2025-02-03 23:00,21450.5,21475.75,21441.75,21454.5,3469,21378.2,,,60.3,89.62,21.3700008392334
2025-02-04 05:00,2025-02-04 14:00,2025-02-04 00:00,21301.5,21410.0,21242.5,21358.25,16914,21385.84,,,51.2,98.36,21.3700008392334
2025-02-04 06:00,2025-02-04 15:00,2025-02-04 01:00,21359.25,21402.75,21328.75,21400.25,5134,21396.67,,,54.4,96.62,21.3700008392334
2025-02-04 07:00,2025-02-04 16:00,2025-02-04 02:00,21400.5,21424.75,21387.0,21405.75,4640,21405.33,,,54.8,92.41,21.3700008392334
2025-02-04 08:00,2025-02-04 17:00,2025-02-04 03:00,21405.75,21422.0,21312.5,21363.0,8849,21412.25,,,50.9,93.64,21.3700008392334
2025-02-04 09:00,2025-02-04 18:00,2025-02-04 04:00,21362.5,21403.25,21356.0,21369.5,6270,21421.76,,,51.4,90.32,21.3700008392334
2025-02-04 10:00,2025-02-04 19:00,2025-02-04 05:00,21368.75,21401.75,21357.75,21390.75,4143,21431.17,,,53.4,87.01,21.3700008392334
2025-02-04 11:00,2025-02-04 20:00,2025-02-04 06:00,21390.5,21426.5,21375.0,21399.0,5689,21440.31,,,54.1,84.48,21.3700008392334
2025-02-04 12:00,2025-02-04 21:00,2025-02-04 07:00,21401.0,21498.5,21401.0,21457.0,12999,21442.16,,,59.1,85.55,21.3700008392334
2025-02-04 13:00,2025-02-04 22:00,2025-02-04 08:00,21455.5,21475.5,21421.0,21434.5,12921,21444.76,,,56.6,83.33,21.3700008392334
2025-02-04 14:00,2025-02-04 23:00,2025-02-04 09:00,21434.5,21575.75,21405.25,21559.75,68516,21452.69,,,65.6,89.56,21.3700008392334
2025-02-04 15:00,2025-02-05 00:00,2025-02-04 10:00,21561.0,21680.0,21561.0,21633.5,84433,21460.97,,,69.6,91.75,20.459999084472656
2025-02-04 16:00,2025-02-05 01:00,2025-02-04 11:00,21634.5,21694.0,21634.0,21657.5,43752,21469.58,,,70.8,89.52,20.209999084472656
2025-02-04 17:00,2025-02-05 02:00,2025-02-04 12:00,21658.0,21660.75,21550.0,21622.75,52911,21480.4,,,66.7,91.03,20.479999542236328
2025-02-04 18:00,2025-02-05 03:00,2025-02-04 13:00,21623.5,21646.0,21570.0,21622.0,29725,21483.84,,,66.6,89.96,20.139999389648438
2025-02-04 19:00,2025-02-05 04:00,2025-02-04 14:00,21622.75,21680.0,21609.5,21638.75,35064,21487.2,,,67.6,88.57,20.149999618530273
2025-02-04 20:00,2025-02-05 05:00,2025-02-04 15:00,21638.0,21685.25,21625.25,21668.0,45615,21493.15,,,69.4,86.53,20.209999084472656
2025-02-04 21:00,2025-02-05 06:00,2025-02-04 16:00,21667.75,21691.75,21572.0,21583.5,25295,21496.84,,,59.2,88.9,20.0
2025-02-04 23:00,2025-02-05 08:00,2025-02-04 18:00,21562.0,21594.5,21550.0,21566.5,0,21501.74,,,57.4,85.73,20.0
2025-02-05 00:00,2025-02-05 09:00,2025-02-04 19:00,21568.25,21617.0,21555.5,21598.0,5765,21509.14,,,59.9,84.0,20.0
2025-02-05 01:00,2025-02-05 10:00,2025-02-04 20:00,21597.25,21623.5,21567.0,21570.25,5484,21514.92,,,56.8,82.04,20.0
2025-02-05 02:00,2025-02-05 11:00,2025-02-04 21:00,21569.5,21588.5,21558.75,21564.25,4084,21525.22,21381.55,,56.1,78.3,20.0
2025-02-05 03:00,2025-02-05 12:00,2025-02-04 22:00,21565.25,21576.0,21537.25,21543.0,3640,21532.36,21390.11,,53.6,75.48,20.0
2025-02-05 04:00,2025-02-05 13:00,2025-02-04 23:00,21542.5,21563.5,21534.25,21562.25,3142,21540.19,21398.98,,55.5,72.17,20.0
2025-02-05 05:00,2025-02-05 14:00,2025-02-05 00:00,21558.25,21564.25,21530.5,21539.5,3145,21549.01,21408.26,,52.8,69.43,20.0
2025-02-05 06:00,2025-02-05 15:00,2025-02-05 01:00,21541.0,21549.25,21508.0,21519.25,5236,21556.5,21418.04,,50.4,67.42,20.0
2025-02-05 07:00,2025-02-05 16:00,2025-02-05 02:00,21518.0,21520.5,21481.25,21515.0,6836,21562.71,21427.63,,49.9,65.41,20.0
2025-02-05 08:00,2025-02-05 17:00,2025-02-05 03:00,21514.0,21540.75,21451.25,21469.25,13497,21566.22,21436.62,,44.6,67.13,20.0
2025-02-05 09:00,2025-02-05 18:00,2025-02-05 04:00,21470.25,21506.0,21435.5,21441.0,11974,21565.42,21443.99,,41.7,67.37,20.0
2025-02-05 10:00,2025-02-05 19:00,2025-02-05 05:00,21441.0,21480.0,21429.75,21479.0,6718,21567.65,21452.26,,46.8,66.14,20.0
2025-02-05 11:00,2025-02-05 20:00,2025-02-05 06:00,21479.5,21497.25,21474.25,21494.0,5447,21564.36,21459.78,,48.6,63.06,20.0
2025-02-05 12:00,2025-02-05 21:00,2025-02-05 07:00,21494.5,21515.0,21471.0,21511.0,8958,21558.24,21465.89,,50.8,61.7,20.0
2025-02-05 13:00,2025-02-05 22:00,2025-02-05 08:00,21511.25,21553.75,21486.5,21529.25,17125,21551.83,21472.81,,53.0,62.1,20.0
2025-02-05 14:00,2025-02-05 23:00,2025-02-05 09:00,21529.25,21588.0,21510.0,21568.25,37151,21549.1,21479.51,,57.5,63.23,20.0
2025-02-05 15:00,2025-02-06 00:00,2025-02-05 10:00,21570.5,21605.0,21501.0,21592.25,116250,21547.61,21486.87,,60.0,66.15,19.8700008392334
2025-02-05 16:00,2025-02-06 01:00,2025-02-05 11:00,21591.0,21719.25,21562.75,21711.0,65876,21551.22,21497.51,,69.6,72.6,19.860000610351562
2025-02-05 17:00,2025-02-06 02:00,2025-02-05 12:00,21711.0,21742.25,21684.25,21704.75,42562,21553.06,21507.55,,68.7,71.56,19.540000915527344
2025-02-05 18:00,2025-02-06 03:00,2025-02-05 13:00,21705.5,21722.25,21672.0,21710.5,29069,21559.41,21517.44,,69.1,70.03,19.540000915527344
2025-02-05 19:00,2025-02-06 04:00,2025-02-05 14:00,21710.5,21736.25,21703.0,21709.5,24393,21566.56,21523.22,,68.9,67.41,19.360000610351562
2025-02-05 20:00,2025-02-06 05:00,2025-02-05 15:00,21708.75,21769.0,21689.75,21761.5,51109,21574.74,21530.81,,72.7,68.25,19.309999465942383
2025-02-05 21:00,2025-02-06 06:00,2025-02-05 16:00,21761.25,21795.0,21750.0,21770.5,20602,21584.75,21538.19,,73.3,66.59,19.229999542236328
2025-02-05 23:00,2025-02-06 08:00,2025-02-05 18:00,21764.5,21775.5,21749.75,21773.0,0,21595.19,21544.29,,73.5,63.67,19.229999542236328
2025-02-06 00:00,2025-02-06 09:00,2025-02-05 19:00,21772.25,21797.75,21765.25,21774.0,4039,21606.74,21550.06,,73.5,61.45,19.229999542236328
2025-02-06 01:00,2025-02-06 10:00,2025-02-05 20:00,21775.5,21785.0,21763.5,21767.75,2534,21617.01,21557.29,,72.2,58.59,19.229999542236328
2025-02-06 02:00,2025-02-06 11:00,2025-02-05 21:00,21767.5,21784.5,21758.25,21780.75,2267,21629.08,21561.85,,73.3,56.28,19.229999542236328
2025-02-06 03:00,2025-02-06 12:00,2025-02-05 22:00,21781.0,21788.5,21769.0,21780.75,1838,21642.15,21566.03,,73.3,53.66,19.229999542236328
2025-02-06 04:00,2025-02-06 13:00,2025-02-05 23:00,21780.0,21806.25,21778.25,21805.25,2530,21656.66,21571.15,,75.4,51.82,19.229999542236328
2025-02-06 05:00,2025-02-06 14:00,2025-02-06 00:00,21807.25,21832.75,21806.0,21828.5,4109,21674.62,21577.53,,77.3,50.09,19.229999542236328
2025-02-06 06:00,2025-02-06 15:00,2025-02-06 01:00,21829.75,21830.25,21807.25,21810.0,2488,21693.08,21584.36,,72.6,48.15,19.229999542236328
2025-02-06 07:00,2025-02-06 16:00,2025-02-06 02:00,21810.5,21830.75,21782.75,21787.75,4287,21708.51,21591.12,,67.3,48.14,19.229999542236328
2025-02-06 08:00,2025-02-06 17:00,2025-02-06 03:00,21787.75,21814.75,21770.0,21803.0,6343,21723.96,21598.08,,68.9,47.9,19.229999542236328
2025-02-06 09:00,2025-02-06 18:00,2025-02-06 04:00,21803.0,21830.0,21792.25,21794.25,5533,21738.12,21606.81,,66.8,47.17,19.229999542236328
2025-02-06 10:00,2025-02-06 19:00,2025-02-06 05:00,21794.75,21810.0,21774.5,21779.25,5471,21750.62,21614.38,,63.2,46.34,19.229999542236328
2025-02-06 11:00,2025-02-06 20:00,2025-02-06 06:00,21778.5,21778.5,21716.5,21726.0,9585,21758.51,21620.79,,52.5,47.51,19.229999542236328
2025-02-06 12:00,2025-02-06 21:00,2025-02-06 07:00,21724.75,21766.0,21705.75,21763.75,9714,21767.09,21628.81,,57.9,48.42,19.229999542236328
2025-02-06 13:00,2025-02-06 22:00,2025-02-06 08:00,21764.0,21777.25,21742.75,21776.25,12153,21770.35,21636.94,,59.6,47.43,19.229999542236328
2025-02-06 14:00,2025-02-06 23:00,2025-02-06 09:00,21775.75,21823.5,21738.25,21790.25,62582,21774.62,21644.93,,61.4,50.13,19.229999542236328
2025-02-06 15:00,2025-02-07 00:00,2025-02-06 10:00,21789.5,21848.75,21740.25,21771.75,81806,21777.69,21652.38,,57.7,54.3,19.079999923706055
2025-02-06 16:00,2025-02-07 01:00,2025-02-06 11:00,21772.0,21815.0,21753.75,21770.75,36130,21780.75,21658.66,,57.5,54.8,18.989999771118164
2025-02-06 17:00,2025-02-07 02:00,2025-02-06 12:00,21772.0,21830.75,21748.0,21815.5,30574,21783.45,21666.28,,63.7,56.79,18.989999771118164
2025-02-06 18:00,2025-02-07 03:00,2025-02-06 13:00,21815.5,21841.75,21801.75,21816.5,29745,21785.75,21671.42,,63.8,55.59,18.790000915527344
2025-02-06 19:00,2025-02-07 04:00,2025-02-06 14:00,21815.25,21830.25,21711.5,21747.5,43930,21784.47,21673.69,,50.7,60.1,18.8799991607666
2025-02-06 20:00,2025-02-07 05:00,2025-02-06 15:00,21747.25,21882.25,21735.25,21871.0,49486,21789.33,21677.97,,64.7,66.31,18.899999618530273
2025-02-06 21:00,2025-02-07 06:00,2025-02-06 16:00,21871.25,21876.25,21761.75,21845.25,25803,21793.2,21682.42,,60.8,69.75,18.540000915527344
2025-02-06 23:00,2025-02-07 08:00,2025-02-06 18:00,21817.75,21857.0,21807.5,21854.0,0,21796.86,21687.06,,61.6,68.31,18.540000915527344
2025-02-07 00:00,2025-02-07 09:00,2025-02-06 19:00,21853.0,21866.25,21843.5,21864.5,2493,21801.05,21691.57,,62.7,65.05,18.540000915527344
2025-02-07 01:00,2025-02-07 10:00,2025-02-06 20:00,21864.5,21896.5,21862.0,21891.25,4015,21805.35,21696.03,,65.2,62.87,18.540000915527344
2025-02-07 02:00,2025-02-07 11:00,2025-02-06 21:00,21892.0,21899.25,21882.0,21891.0,1895,21808.47,21702.19,,65.2,59.61,18.540000915527344
2025-02-07 03:00,2025-02-07 12:00,2025-02-06 22:00,21891.0,21894.5,21864.5,21872.25,3118,21811.59,21708.3,,61.7,57.5,18.540000915527344
2025-02-07 04:00,2025-02-07 13:00,2025-02-06 23:00,21872.75,21874.25,21855.5,21857.5,1714,21815.08,21713.49,,59.1,54.73,18.540000915527344
2025-02-07 05:00,2025-02-07 14:00,2025-02-07 00:00,21856.5,21860.0,21845.0,21853.25,2066,21817.59,21719.15,,58.3,51.89,18.540000915527344
2025-02-07 06:00,2025-02-07 15:00,2025-02-07 01:00,21852.0,21861.75,21826.25,21860.25,3708,21820.89,21725.07,,59.3,50.72,18.540000915527344
2025-02-07 07:00,2025-02-07 16:00,2025-02-07 02:00,21861.25,21874.25,21855.25,21861.0,3244,21824.97,21731.43,,59.4,48.45,18.540000915527344
2025-02-07 08:00,2025-02-07 17:00,2025-02-07 03:00,21860.75,21881.75,21833.0,21844.5,5763,21830.9,21737.08,,55.9,48.48,18.540000915527344
2025-02-07 09:00,2025-02-07 18:00,2025-02-07 04:00,21844.25,21866.0,21836.25,21855.25,4935,21835.47,21743.39,,57.6,47.14,18.540000915527344
2025-02-07 10:00,2025-02-07 19:00,2025-02-07 05:00,21854.5,21866.75,21847.5,21854.25,2963,21839.38,21750.09,,57.4,45.15,18.540000915527344
2025-02-07 11:00,2025-02-07 20:00,2025-02-07 06:00,21853.75,21876.0,21841.0,21872.0,3673,21843.46,21757.23,,60.4,44.42,18.540000915527344
2025-02-07 12:00,2025-02-07 21:00,2025-02-07 07:00,21871.25,21877.0,21856.25,21865.0,3755,21848.12,21765.15,,58.6,42.73,18.540000915527344
2025-02-07 13:00,2025-02-07 22:00,2025-02-07 08:00,21864.75,21930.0,21790.25,21878.25,25105,21853.5,21773.89,,60.9,49.66,18.540000915527344
2025-02-07 14:00,2025-02-07 23:00,2025-02-07 09:00,21878.5,21968.0,21863.75,21904.0,63509,21857.92,21782.39,,65.0,53.56,18.540000915527344
2025-02-07 15:00,2025-02-08 00:00,2025-02-07 10:00,21904.0,21904.0,21613.25,21722.0,142139,21853.2,21786.95,,36.3,70.5,18.549999237060547
2025-02-07 16:00,2025-02-08 01:00,2025-02-07 11:00,21721.25,21759.25,21606.75,21629.25,90980,21847.29,21789.31,,29.2,76.36,19.25
2025-02-07 17:00,2025-02-08 02:00,2025-02-07 12:00,21628.75,21683.0,21585.0,21652.5,68956,21836.36,21791.78,,32.7,77.9,19.209999084472656
2025-02-07 18:00,2025-02-08 03:00,2025-02-07 13:00,21652.75,21730.75,21619.0,21624.25,43484,21825.31,21792.9,,30.7,80.32,18.790000915527344
2025-02-07 19:00,2025-02-08 04:00,2025-02-07 14:00,21625.0,21637.25,21566.0,21607.5,41226,21812.99,21793.21,,29.6,79.67,19.420000076293945
2025-02-07 20:00,2025-02-08 05:00,2025-02-07 15:00,21607.0,21621.25,21552.75,21588.25,54888,21799.17,21790.75,,28.2,78.88,19.31999969482422
2025-02-07 21:00,2025-02-08 06:00,2025-02-07 16:00,21588.5,21603.5,21574.5,21575.25,13941,21783.38,21788.16,,27.3,75.31,19.239999771118164
2025-02-09 23:00,2025-02-10 08:00,2025-02-09 18:00,21463.25,21657.0,21418.0,21644.75,10102,21771.06,21786.85,,38.5,87.01,19.239999771118164
2025-02-10 00:00,2025-02-10 09:00,2025-02-09 19:00,21645.25,21700.0,21642.25,21699.5,7728,21762.42,21786.65,,45.6,84.92,19.239999771118164
2025-02-10 01:00,2025-02-10 10:00,2025-02-09 20:00,21698.75,21700.0,21665.25,21672.0,6389,21753.15,21784.85,,42.9,81.33,19.239999771118164
2025-02-10 02:00,2025-02-10 11:00,2025-02-09 21:00,21670.5,21683.0,21659.5,21675.5,3373,21744.26,21782.96,,43.4,77.2,19.239999771118164
2025-02-10 03:00,2025-02-10 12:00,2025-02-09 22:00,21676.5,21691.25,21669.0,21689.75,2155,21735.74,21781.29,,45.3,73.28,19.239999771118164
2025-02-10 04:00,2025-02-10 13:00,2025-02-09 23:00,21689.25,21702.25,21681.75,21683.75,2546,21726.88,21779.49,,44.6,69.51,19.239999771118164
2025-02-10 05:00,2025-02-10 14:00,2025-02-10 00:00,21685.0,21732.5,21684.0,21713.75,5019,21720.34,21778.4,,48.7,68.02,19.239999771118164
2025-02-10 06:00,2025-02-10 15:00,2025-02-10 01:00,21714.5,21716.0,21683.0,21694.5,2832,21712.3,21776.68,,46.3,65.52,19.239999771118164
2025-02-10 07:00,2025-02-10 16:00,2025-02-10 02:00,21694.75,21702.0,21683.0,21690.25,3109,21704.1,21774.87,,45.8,62.2,19.239999771118164
2025-02-10 08:00,2025-02-10 17:00,2025-02-10 03:00,21689.75,21716.0,21683.25,21694.5,4779,21695.22,21772.65,,46.5,60.1,19.239999771118164
2025-02-10 09:00,2025-02-10 18:00,2025-02-10 04:00,21695.0,21715.0,21685.25,21708.75,4501,21687.41,21770.26,,48.8,57.93,19.239999771118164
2025-02-10 10:00,2025-02-10 19:00,2025-02-10 05:00,21708.25,21735.0,21707.0,21726.25,5635,21679.81,21768.58,,51.5,55.79,19.239999771118164
2025-02-10 11:00,2025-02-10 20:00,2025-02-10 06:00,21726.0,21752.5,21695.25,21742.25,6310,21671.72,21767.67,,53.9,55.89,19.239999771118164
2025-02-10 12:00,2025-02-10 21:00,2025-02-10 07:00,21742.0,21746.75,21722.0,21739.0,5360,21672.58,21766.4,,53.3,53.67,19.239999771118164
2025-02-10 13:00,2025-02-10 22:00,2025-02-10 08:00,21739.25,21785.5,21733.25,21780.25,10570,21680.12,21766.12,,59.3,53.57,19.239999771118164
2025-02-10 14:00,2025-02-10 23:00,2025-02-10 09:00,21780.5,21809.0,21744.0,21791.0,59213,21687.05,21766.35,,60.8,54.39,19.239999771118164
2025-02-10 15:00,2025-02-11 00:00,2025-02-10 10:00,21792.5,21894.0,21782.5,21865.75,69547,21699.12,21769.15,,68.9,58.46,18.90999984741211
2025-02-10 16:00,2025-02-11 01:00,2025-02-10 11:00,21865.5,21886.25,21836.25,21871.5,40408,21712.33,21771.3,,69.4,57.86,19.059999465942383
2025-02-10 17:00,2025-02-11 02:00,2025-02-10 12:00,21871.5,21872.25,21817.25,21866.0,32224,21726.21,21773.1,,68.2,57.66,19.110000610351562
2025-02-10 18:00,2025-02-11 03:00,2025-02-10 13:00,21865.75,21886.25,21858.0,21878.75,20781,21741.39,21774.87,,69.5,55.56,18.889999389648438
2025-02-10 19:00,2025-02-11 04:00,2025-02-10 14:00,21878.5,21881.5,21845.0,21862.0,23864,21752.25,21776.67,,65.7,54.19,18.780000686645508
2025-02-10 20:00,2025-02-11 05:00,2025-02-10 15:00,21862.5,21875.5,21832.75,21843.0,44913,21759.42,21778.12,,61.6,53.38,18.780000686645508
2025-02-10 21:00,2025-02-11 06:00,2025-02-10 16:00,21843.25,21847.75,21821.25,21837.0,12138,21767.67,21778.54,,60.3,51.46,18.81999969482422
2025-02-10 23:00,2025-02-11 08:00,2025-02-10 18:00,21832.0,21832.25,21773.75,21795.75,0,21773.69,21778.13,,52.3,52.3,18.81999969482422
2025-02-11 00:00,2025-02-11 09:00,2025-02-10 19:00,21796.0,21816.25,21783.0,21809.25,3946,21779.66,21779.37,,54.4,50.94,18.81999969482422
2025-02-11 01:00,2025-02-11 10:00,2025-02-10 20:00,21809.25,21812.75,21789.0,21795.5,3383,21785.25,21777.85,,51.8,49.0,18.81999969482422
2025-02-11 02:00,2025-02-11 11:00,2025-02-10 21:00,21795.75,21797.0,21750.5,21762.75,5563,21787.7,21776.21,,46.3,48.82,18.81999969482422
2025-02-11 03:00,2025-02-11 12:00,2025-02-10 22:00,21763.5,21784.0,21752.5,21778.25,3021,21791.89,21774.69,,49.1,47.58,18.81999969482422
2025-02-11 04:00,2025-02-11 13:00,2025-02-10 23:00,21777.5,21788.5,21773.5,21783.25,1939,21796.54,21773.06,,50.0,45.25,18.81999969482422
2025-02-11 05:00,2025-02-11 14:00,2025-02-11 00:00,21797.25,21797.25,21787.25,21789.0,1788,21801.26,21771.02,,51.0,43.02,18.81999969482422
2025-02-11 06:00,2025-02-11 15:00,2025-02-11 01:00,21789.25,21789.5,21766.75,21770.75,1919,21804.36,21768.62,,47.5,41.57,18.81999969482422
2025-02-11 07:00,2025-02-11 16:00,2025-02-11 02:00,21771.5,21776.0,21730.0,21730.75,4218,21804.59,21765.78,,40.9,41.89,18.81999969482422
2025-02-11 08:00,2025-02-11 17:00,2025-02-11 03:00,21731.75,21780.5,21719.0,21762.5,5952,21805.6,21763.88,,47.2,43.29,18.81999969482422
2025-02-11 09:00,2025-02-11 18:00,2025-02-11 04:00,21762.5,21792.0,21744.25,21748.0,5480,21806.05,21761.78,,44.9,43.61,18.81999969482422
2025-02-11 10:00,2025-02-11 19:00,2025-02-11 05:00,21748.75,21763.75,21728.0,21734.0,7699,21803.74,21759.26,,42.7,43.05,18.81999969482422
2025-02-11 11:00,2025-02-11 20:00,2025-02-11 06:00,21733.25,21765.25,21731.5,21763.75,3557,21802.38,21757.31,,48.5,42.38,18.81999969482422
2025-02-11 12:00,2025-02-11 21:00,2025-02-11 07:00,21763.25,21770.0,21729.0,21749.0,7308,21796.54,21755.4,,46.0,42.28,18.81999969482422
2025-02-11 13:00,2025-02-11 22:00,2025-02-11 08:00,21748.5,21754.25,21672.5,21676.0,15094,21786.76,21751.81,,36.1,45.1,18.81999969482422
2025-02-11 14:00,2025-02-11 23:00,2025-02-11 09:00,21675.5,21806.0,21669.5,21777.5,57394,21782.34,21750.28,,51.6,51.63,18.81999969482422
2025-02-11 15:00,2025-02-12 00:00,2025-02-11 10:00,21777.5,21871.5,21761.0,21841.25,65932,21780.46,21749.67,,58.5,55.84,18.8700008392334
2025-02-11 16:00,2025-02-12 01:00,2025-02-11 11:00,21841.5,21850.25,21785.0,21791.0,44832,21776.91,21748.19,,52.2,56.51,18.829999923706055
2025-02-11 17:00,2025-02-12 02:00,2025-02-11 12:00,21790.25,21796.0,21715.75,21763.75,57043,21772.95,21745.9,,49.1,58.21,18.850000381469727
2025-02-11 18:00,2025-02-12 03:00,2025-02-11 13:00,21764.0,21833.5,21747.75,21801.5,34374,21771.17,21743.85,,53.2,60.17,18.90999984741211
2025-02-11 19:00,2025-02-12 04:00,2025-02-11 14:00,21802.25,21840.25,21792.25,21826.25,26549,21772.7,21745.93,,55.8,59.3,18.829999923706055
2025-02-11 20:00,2025-02-12 05:00,2025-02-11 15:00,21826.75,21840.5,21766.0,21790.5,45771,21771.76,21749.15,,51.4,60.39,18.770000457763672
2025-02-11 21:00,2025-02-12 06:00,2025-02-11 16:00,21791.0,21798.5,21779.25,21792.5,10256,21771.61,21751.96,,51.7,57.45,18.790000915527344
2025-02-11 23:00,2025-02-12 08:00,2025-02-11 18:00,21794.25,21818.5,21779.5,21810.5,0,21774.0,21755.68,,53.8,56.13,18.790000915527344
2025-02-12 00:00,2025-02-12 09:00,2025-02-11 19:00,21810.5,21831.0,21806.5,21813.5,5228,21775.76,21759.8,,54.1,53.87,18.790000915527344
2025-02-12 01:00,2025-02-12 10:00,2025-02-11 20:00,21813.5,21830.0,21795.25,21825.5,8088,21777.88,21764.54,,55.6,52.51,18.790000915527344
2025-02-12 02:00,2025-02-12 11:00,2025-02-11 21:00,21827.0,21828.5,21807.25,21810.25,2103,21778.94,21769.24,,53.2,50.27,18.790000915527344
2025-02-12 03:00,2025-02-12 12:00,2025-02-11 22:00,21811.0,21812.25,21786.75,21789.5,2224,21779.88,21772.14,,50.2,48.5,18.790000915527344
2025-02-12 04:00,2025-02-12 13:00,2025-02-11 23:00,21788.75,21793.75,21775.25,21780.0,2402,21782.34,21773.75,,48.8,46.36,18.790000915527344
2025-02-12 05:00,2025-02-12 14:00,2025-02-12 00:00,21782.0,21783.25,21766.0,21774.0,1754,21782.91,21775.79,,47.9,44.28,18.790000915527344
2025-02-12 06:00,2025-02-12 15:00,2025-02-12 01:00,21775.75,21793.0,21770.75,21783.25,1778,21784.67,21777.94,,49.4,42.71,18.790000915527344
2025-02-12 07:00,2025-02-12 16:00,2025-02-12 02:00,21783.75,21802.5,21775.75,21800.5,2007,21788.0,21780.16,,52.3,41.57,18.790000915527344
2025-02-12 08:00,2025-02-12 17:00,2025-02-12 03:00,21801.0,21813.75,21789.75,21798.5,4158,21789.74,21782.46,,51.9,40.31,18.790000915527344
2025-02-12 09:00,2025-02-12 18:00,2025-02-12 04:00,21797.75,21798.75,21736.0,21768.75,6941,21790.72,21783.56,,46.7,41.92,18.790000915527344
2025-02-12 10:00,2025-02-12 19:00,2025-02-12 05:00,21769.5,21794.5,21757.0,21791.0,5661,21796.47,21785.49,,50.7,41.6,18.790000915527344
2025-02-12 11:00,2025-02-12 20:00,2025-02-12 06:00,21791.25,21801.75,21770.75,21790.25,5624,21797.11,21787.49,,50.5,40.84,18.790000915527344
2025-02-12 12:00,2025-02-12 21:00,2025-02-12 07:00,21791.0,21836.25,21784.5,21830.25,6354,21796.56,21790.2,,57.2,41.62,18.790000915527344
2025-02-12 13:00,2025-02-12 22:00,2025-02-12 08:00,21830.5,21850.0,21514.5,21544.5,47997,21784.24,21786.92,,28.1,62.61,18.790000915527344
2025-02-12 14:00,2025-02-12 23:00,2025-02-12 09:00,21544.75,21701.0,21510.75,21677.0,95849,21779.9,21785.93,,42.7,71.73,18.790000915527344
2025-02-12 15:00,2025-02-13 00:00,2025-02-12 10:00,21677.25,21773.25,21580.5,21728.0,103440,21776.22,21785.65,,47.1,80.37,19.09000015258789
2025-02-12 16:00,2025-02-13 01:00,2025-02-12 11:00,21728.5,21784.5,21646.0,21780.0,58840,21773.91,21786.47,,51.3,84.53,19.329999923706055
2025-02-12 17:00,2025-02-13 02:00,2025-02-12 12:00,21780.0,21825.75,21755.5,21817.75,49957,21775.28,21787.22,,54.1,83.51,18.850000381469727
2025-02-12 18:00,2025-02-13 03:00,2025-02-12 13:00,21818.0,21826.75,21770.25,21792.5,32295,21775.28,21787.24,,51.9,81.58,18.780000686645508
2025-02-12 19:00,2025-02-13 04:00,2025-02-12 14:00,21793.0,21839.0,21758.0,21828.5,31925,21776.17,21786.5,,54.7,81.54,18.809999465942383
2025-02-12 20:00,2025-02-13 05:00,2025-02-12 15:00,21828.75,21837.25,21776.25,21801.75,44280,21775.59,21785.1,,52.3,80.07,18.739999771118164
2025-02-12 21:00,2025-02-13 06:00,2025-02-12 16:00,21802.0,21862.5,21782.0,21861.75,17446,21777.4,21785.02,,56.9,80.1,18.700000762939453
2025-02-12 23:00,2025-02-13 08:00,2025-02-12 18:00,21861.25,21898.5,21845.75,21888.25,0,21781.3,21785.21,,58.8,78.15,18.700000762939453
2025-02-13 00:00,2025-02-13 09:00,2025-02-12 19:00,21888.0,21905.75,21872.75,21895.25,3853,21786.59,21785.88,,59.3,74.92,18.700000762939453
2025-02-13 01:00,2025-02-13 10:00,2025-02-12 20:00,21895.25,21914.75,21880.25,21892.25,4066,21792.2,21786.86,,58.9,72.03,18.700000762939453
2025-02-13 02:00,2025-02-13 11:00,2025-02-12 21:00,21890.5,21894.25,21871.25,21887.0,2657,21797.85,21787.86,,58.3,68.53,18.700000762939453
2025-02-13 03:00,2025-02-13 12:00,2025-02-12 22:00,21887.5,21913.5,21885.25,21907.0,2188,21804.04,21790.08,,60.1,65.65,18.700000762939453
2025-02-13 04:00,2025-02-13 13:00,2025-02-12 23:00,21907.75,21927.0,21905.0,21907.25,3072,21809.38,21792.04,,60.1,62.54,18.700000762939453
2025-02-13 05:00,2025-02-13 14:00,2025-02-13 00:00,21912.75,21915.5,21895.75,21899.75,2588,21814.44,21794.13,,59.0,59.48,18.700000762939453
2025-02-13 06:00,2025-02-13 15:00,2025-02-13 01:00,21899.25,21920.5,21889.0,21889.5,3529,21820.47,21796.67,,57.5,57.48,18.700000762939453
2025-02-13 07:00,2025-02-13 16:00,2025-02-13 02:00,21890.0,21893.25,21841.75,21854.75,5361,21823.66,21798.19,,52.6,57.05,18.700000762939453
2025-02-13 08:00,2025-02-13 17:00,2025-02-13 03:00,21854.75,21861.5,21764.25,21775.5,11284,21822.92,21798.04,,43.5,59.93,18.700000762939453
2025-02-13 09:00,2025-02-13 18:00,2025-02-13 04:00,21774.75,21838.5,21753.0,21829.0,10181,21822.86,21798.84,,49.8,61.75,18.700000762939453
2025-02-13 10:00,2025-02-13 19:00,2025-02-13 05:00,21828.0,21846.5,21809.0,21833.75,4018,21837.33,21800.1,,50.4,60.02,18.700000762939453
2025-02-13 11:00,2025-02-13 20:00,2025-02-13 06:00,21834.25,21859.0,21796.25,21824.0,7946,21844.67,21801.97,,49.2,60.22,18.700000762939453
2025-02-13 12:00,2025-02-13 21:00,2025-02-13 07:00,21823.5,21831.0,21788.0,21822.75,8589,21849.41,21803.17,,49.1,58.99,18.700000762939453
2025-02-13 13:00,2025-02-13 22:00,2025-02-13 08:00,21822.25,21900.75,21787.25,21878.25,25529,21854.33,21805.78,,55.7,62.88,18.700000762939453
2025-02-13 14:00,2025-02-13 23:00,2025-02-13 09:00,21877.5,21951.0,21834.75,21920.0,82013,21859.44,21809.49,21668.84,59.9,66.69,18.700000762939453
2025-02-13 15:00,2025-02-14 00:00,2025-02-13 10:00,21919.5,22057.75,21876.75,22038.25,95664,21871.72,21814.99,21673.46,69.0,74.86,18.639999389648438
2025-02-13 16:00,2025-02-14 01:00,2025-02-13 11:00,22038.0,22046.5,21942.0,21962.0,50894,21878.4,21819.24,21677.67,59.6,76.97,18.579999923706055
2025-02-13 17:00,2025-02-14 02:00,2025-02-13 12:00,21962.5,21999.0,21943.25,21966.5,33697,21886.64,21825.06,21682.13,60.0,75.46,18.780000686645508
2025-02-13 18:00,2025-02-14 03:00,2025-02-13 13:00,21967.25,21997.25,21890.5,21996.0,57805,21893.35,21829.42,21686.96,62.3,77.69,18.940000534057617
2025-02-13 19:00,2025-02-14 04:00,2025-02-13 14:00,21997.0,22075.5,21988.0,22057.0,41369,21901.79,21833.74,21692.07,66.5,78.39,18.610000610351562
2025-02-13 20:00,2025-02-14 05:00,2025-02-13 15:00,22057.5,22123.75,22052.75,22110.0,51387,21912.53,21840.12,21697.52,69.7,77.87,18.520000457763672
2025-02-13 21:00,2025-02-14 06:00,2025-02-13 16:00,22109.5,22110.5,22070.25,22075.0,16988,21921.66,21846.35,21702.53,65.3,75.18,18.329999923706055
2025-02-13 23:00,2025-02-14 08:00,2025-02-13 18:00,22071.0,22103.25,22070.0,22083.0,0,21931.46,21851.97,21707.62,65.8,72.18,18.329999923706055
2025-02-14 00:00,2025-02-14 09:00,2025-02-13 19:00,22084.75,22105.0,22074.75,22096.25,3807,21940.92,21857.38,21712.51,66.7,69.19,18.329999923706055
2025-02-14 01:00,2025-02-14 10:00,2025-02-13 20:00,22096.25,22145.0,22094.25,22142.75,5798,21952.7,21864.42,21717.19,69.8,67.87,18.329999923706055
2025-02-14 02:00,2025-02-14 11:00,2025-02-13 21:00,22142.5,22147.0,22130.5,22134.5,2925,21964.44,21871.26,21721.95,68.6,64.2,18.329999923706055
2025-02-14 03:00,2025-02-14 12:00,2025-02-13 22:00,22135.0,22146.5,22126.0,22141.25,2355,21977.03,21877.88,21726.49,69.0,61.08,18.329999923706055
2025-02-14 04:00,2025-02-14 13:00,2025-02-13 23:00,22141.5,22144.75,22134.5,22143.0,1334,21991.44,21884.47,21731.08,69.2,57.45,18.329999923706055
2025-02-14 05:00,2025-02-14 14:00,2025-02-14 00:00,22138.0,22142.25,22112.25,22120.25,3343,22008.67,21890.36,21735.79,65.4,55.54,18.329999923706055
2025-02-14 06:00,2025-02-14 15:00,2025-02-14 01:00,22120.25,22134.75,22117.5,22132.25,2296,22023.84,21896.8,21740.44,66.4,52.81,18.329999923706055
2025-02-14 07:00,2025-02-14 16:00,2025-02-14 02:00,22132.25,22163.5,22130.75,22146.25,5504,22039.46,21903.94,21745.09,67.6,51.37,18.329999923706055
2025-02-14 08:00,2025-02-14 17:00,2025-02-14 03:00,22146.5,22148.0,22102.25,22118.0,5877,22054.16,21910.69,21748.58,62.7,50.97,18.329999923706055
2025-02-14 09:00,2025-02-14 18:00,2025-02-14 04:00,22117.25,22146.25,22107.0,22125.0,7600,22069.28,21917.72,21752.29,63.4,50.14,18.329999923706055
2025-02-14 10:00,2025-02-14 19:00,2025-02-14 05:00,22123.75,22126.75,22093.25,22105.25,5058,22080.62,21924.15,21755.81,59.9,48.95,18.329999923706055
2025-02-14 11:00,2025-02-14 20:00,2025-02-14 06:00,22104.75,22104.75,22042.5,22062.5,9591,22087.75,21929.4,21758.78,53.0,49.93,18.329999923706055
2025-02-14 12:00,2025-02-14 21:00,2025-02-14 07:00,22062.25,22087.0,22056.25,22084.5,6508,22090.06,21935.12,21761.78,55.8,48.56,18.329999923706055
2025-02-14 13:00,2025-02-14 22:00,2025-02-14 08:00,22084.0,22115.25,22070.0,22104.5,11371,22097.19,21941.83,21765.27,58.3,48.33,18.329999923706055
2025-02-14 14:00,2025-02-14 23:00,2025-02-14 09:00,22105.25,22141.5,22090.0,22127.25,56919,22105.22,21948.56,21768.14,60.9,48.55,18.329999923706055
2025-02-14 15:00,2025-02-15 00:00,2025-02-14 10:00,22127.5,22171.75,22099.0,22164.75,72586,22113.66,21956.04,21771.11,64.8,50.28,18.540000915527344
2025-02-14 16:00,2025-02-15 01:00,2025-02-14 11:00,22164.5,22170.25,22102.0,22138.5,50566,22117.74,21962.21,21774.06,60.3,51.56,18.56999969482422
2025-02-14 17:00,2025-02-15 02:00,2025-02-14 12:00,22139.25,22163.0,22092.0,22157.25,39055,22120.1,21974.47,21777.29,62.3,52.95,18.540000915527344
2025-02-14 18:00,2025-02-15 03:00,2025-02-14 13:00,22157.75,22198.75,22145.0,22185.5,34126,22125.62,21984.63,21780.88,65.2,53.01,18.329999923706055
2025-02-14 19:00,2025-02-15 04:00,2025-02-14 14:00,22185.5,22206.75,22156.0,22178.25,30502,22130.39,21993.64,21784.52,63.9,52.85,18.329999923706055
2025-02-14 20:00,2025-02-15 05:00,2025-02-14 15:00,22178.5,22225.0,22159.25,22194.5,51043,22135.3,22001.93,21788.22,65.6,53.77,18.239999771118164
2025-02-14 21:00,2025-02-15 06:00,2025-02-14 16:00,22194.5,22219.5,22182.0,22203.5,15168,22138.34,22009.65,21792.44,66.5,52.61,18.1299991607666
2025-02-16 23:00,2025-02-17 08:00,2025-02-16 18:00,22235.75,22237.75,22196.25,22211.5,12432,22142.19,22018.03,21796.5,67.4,51.81,18.1299991607666
2025-02-17 00:00,2025-02-17 09:00,2025-02-16 19:00,22211.25,22227.25,22200.5,22221.25,7031,22146.19,22025.88,21800.58,68.5,50.02,18.1299991607666
2025-02-17 01:00,2025-02-17 10:00,2025-02-16 20:00,22222.0,22252.0,22215.75,22246.0,6295,22151.34,22034.76,21804.99,71.1,49.04,18.1299991607666
2025-02-17 02:00,2025-02-17 11:00,2025-02-16 21:00,22247.5,22269.5,22242.25,22268.25,2840,22158.74,22042.9,21809.49,73.2,47.48,18.1299991607666
2025-02-17 03:00,2025-02-17 12:00,2025-02-16 22:00,22268.25,22272.0,22257.5,22263.0,2181,22165.28,22050.39,21813.85,71.9,45.13,18.1299991607666
2025-02-17 04:00,2025-02-17 13:00,2025-02-16 23:00,22263.25,22276.5,22250.0,22275.75,2066,22171.75,22058.0,21818.23,73.2,43.8,18.1299991607666
2025-02-18 05:00,2025-02-18 14:00,2025-02-18 00:00,22262.0,22263.5,22249.0,22253.0,1839,22178.5,22065.22,21822.21,67.2,42.58,18.1299991607666
2025-02-18 06:00,2025-02-18 15:00,2025-02-18 01:00,22252.25,22303.25,22250.5,22298.0,4307,22187.15,22073.44,21826.53,72.1,43.31,18.1299991607666
2025-02-18 07:00,2025-02-18 16:00,2025-02-18 02:00,22298.25,22316.75,22296.5,22314.0,4798,22197.59,22081.58,21830.3,73.6,41.66,18.1299991607666
2025-02-18 08:00,2025-02-18 17:00,2025-02-18 03:00,22314.75,22319.75,22269.75,22292.75,10052,22209.1,22089.28,21833.6,68.3,42.26,18.1299991607666
2025-02-18 09:00,2025-02-18 18:00,2025-02-18 04:00,22292.75,22307.0,22266.25,22273.25,7170,22218.54,22096.76,21836.68,63.8,42.15,18.1299991607666
2025-02-18 10:00,2025-02-18 19:00,2025-02-18 05:00,22272.75,22284.75,22263.0,22281.25,4348,22227.38,22104.59,21839.97,64.9,40.69,18.1299991607666
2025-02-18 11:00,2025-02-18 20:00,2025-02-18 06:00,22282.25,22287.5,22269.5,22277.0,3280,22234.86,22113.03,21843.24,63.8,39.07,18.1299991607666
2025-02-18 12:00,2025-02-18 21:00,2025-02-18 07:00,22276.75,22301.75,22267.25,22285.75,5972,22240.91,22123.24,21846.48,65.1,38.74,18.1299991607666
2025-02-18 13:00,2025-02-18 22:00,2025-02-18 08:00,22285.5,22313.5,22269.25,22311.0,10051,22249.54,22132.88,21849.69,68.4,39.14,18.1299991607666
2025-02-18 14:00,2025-02-18 23:00,2025-02-18 09:00,22311.75,22318.25,22165.0,22202.5,81813,22251.8,22140.26,21852.79,47.4,47.29,18.1299991607666
2025-02-18 15:00,2025-02-19 00:00,2025-02-18 10:00,22202.25,22207.25,22125.0,22187.0,78604,22251.88,22147.51,21855.89,45.3,49.78,20.059999465942383
2025-02-18 16:00,2025-02-19 01:00,2025-02-18 11:00,22187.25,22215.75,22165.0,22186.25,48568,22252.28,22154.78,21858.83,45.2,49.85,19.520000457763672
2025-02-18 17:00,2025-02-19 02:00,2025-02-18 12:00,22186.75,22202.75,22162.0,22195.0,34268,22252.3,22161.12,21861.96,46.8,49.2,19.520000457763672
2025-02-18 18:00,2025-02-19 03:00,2025-02-18 13:00,22195.0,22206.0,22138.5,22158.75,35243,22250.06,22165.9,21864.93,41.5,50.51,19.459999084472656
2025-02-18 19:00,2025-02-19 04:00,2025-02-18 14:00,22159.0,22186.75,22102.75,22178.5,43309,22248.41,22168.7,21868.11,45.1,52.9,19.540000915527344
2025-02-18 20:00,2025-02-19 05:00,2025-02-18 15:00,22178.5,22239.5,22160.5,22239.0,47182,22249.3,22174.24,21871.49,54.5,54.77,19.450000762939453
2025-02-18 21:00,2025-02-19 06:00,2025-02-18 16:00,22238.75,22250.0,22214.75,22224.25,18467,22248.21,22179.4,21874.91,52.1,53.37,19.239999771118164
2025-02-18 23:00,2025-02-19 08:00,2025-02-18 18:00,22224.5,22252.5,22222.0,22250.0,0,22247.3,22184.47,21878.57,55.7,51.74,19.239999771118164
2025-02-19 00:00,2025-02-19 09:00,2025-02-18 19:00,22250.5,22277.5,22245.5,22275.5,6425,22247.92,22188.85,21882.37,59.0,50.33,19.239999771118164
2025-02-19 01:00,2025-02-19 10:00,2025-02-18 20:00,22275.5,22288.0,22271.0,22273.5,5097,22247.81,22192.12,21886.39,58.6,47.95,19.239999771118164
2025-02-19 02:00,2025-02-19 11:00,2025-02-18 21:00,22273.0,22291.25,22262.5,22286.25,2865,22249.47,22196.34,21890.62,60.3,46.58,19.239999771118164
2025-02-19 03:00,2025-02-19 12:00,2025-02-18 22:00,22285.75,22289.5,22278.5,22286.0,1524,22248.88,22200.4,21894.65,60.2,44.04,19.239999771118164
2025-02-19 04:00,2025-02-19 13:00,2025-02-18 23:00,22286.0,22287.25,22262.0,22266.75,1865,22246.51,22203.81,21898.52,56.2,42.69,19.239999771118164
2025-02-19 05:00,2025-02-19 14:00,2025-02-19 00:00,22264.75,22268.75,22252.5,22262.25,3872,22244.99,22206.2,21902.27,55.3,40.81,19.239999771118164
2025-02-19 06:00,2025-02-19 15:00,2025-02-19 01:00,22263.0,22271.75,22255.5,22255.75,2170,22244.11,22208.62,21905.9,53.9,39.05,19.239999771118164
2025-02-19 07:00,2025-02-19 16:00,2025-02-19 02:00,22256.0,22261.75,22247.0,22249.5,2967,22242.53,22210.79,21909.31,52.6,37.32,19.239999771118164
2025-02-19 08:00,2025-02-19 17:00,2025-02-19 03:00,22249.25,22275.75,22246.25,22261.0,8375,22241.72,22213.15,21912.65,54.8,36.76,19.239999771118164
2025-02-19 09:00,2025-02-19 18:00,2025-02-19 04:00,22261.0,22270.0,22241.0,22247.25,5980,22239.8,22215.69,21915.34,51.7,36.2,19.239999771118164
2025-02-19 10:00,2025-02-19 19:00,2025-02-19 05:00,22247.0,22251.5,22203.0,22220.5,5606,22235.28,22217.46,21917.92,46.1,37.08,19.239999771118164
2025-02-19 11:00,2025-02-19 20:00,2025-02-19 06:00,22220.75,22225.5,22195.5,22213.25,5600,22235.81,22218.79,21920.43,44.7,36.58,19.239999771118164
2025-02-19 12:00,2025-02-19 21:00,2025-02-19 07:00,22212.75,22255.75,22208.5,22228.0,9861,22237.86,22220.99,21923.02,48.1,37.34,19.239999771118164
2025-02-19 13:00,2025-02-19 22:00,2025-02-19 08:00,22228.25,22241.0,22179.5,22204.75,13994,22238.79,22222.59,21925.24,43.5,39.06,19.239999771118164
2025-02-19 14:00,2025-02-19 23:00,2025-02-19 09:00,22204.5,22221.5,22155.0,22167.75,65690,22237.42,22223.84,21927.22,37.4,41.02,19.239999771118164
2025-02-19 15:00,2025-02-20 00:00,2025-02-19 10:00,22168.25,22208.5,22118.0,22160.75,87583,22237.53,22225.81,21929.16,36.3,44.56,19.540000915527344
2025-02-19 16:00,2025-02-20 01:00,2025-02-19 11:00,22160.75,22243.5,22159.75,22238.5,52861,22240.53,22228.88,21931.49,52.3,47.36,19.1200008392334
2025-02-19 17:00,2025-02-20 02:00,2025-02-19 12:00,22238.75,22256.5,22207.5,22245.5,36473,22240.85,22231.71,21933.87,53.4,47.47,19.1299991607666
2025-02-19 18:00,2025-02-20 03:00,2025-02-19 13:00,22245.5,22264.25,22195.0,22232.5,37822,22241.26,22233.81,21936.13,51.0,49.03,18.979999542236328
2025-02-19 19:00,2025-02-20 04:00,2025-02-19 14:00,22232.5,22299.75,22226.25,22295.0,45416,22243.51,22236.42,21938.7,60.3,50.78,18.829999923706055
2025-02-19 20:00,2025-02-20 05:00,2025-02-19 15:00,22295.25,22295.25,22205.5,22246.75,71445,22242.08,22238.58,21940.91,52.1,53.56,18.989999771118164
2025-02-19 21:00,2025-02-20 06:00,2025-02-19 16:00,22247.0,22247.25,22213.75,22222.25,14360,22239.51,22239.88,21942.88,48.5,52.13,18.799999237060547
2025-02-19 23:00,2025-02-20 08:00,2025-02-19 18:00,22213.0,22235.5,22208.5,22217.75,0,22236.09,22240.53,21944.92,47.8,50.33,18.799999237060547
2025-02-20 00:00,2025-02-20 09:00,2025-02-19 19:00,22217.75,22228.25,22199.0,22227.25,3944,22233.15,22241.51,21947.12,49.4,48.83,18.799999237060547
2025-02-20 01:00,2025-02-20 10:00,2025-02-19 20:00,22227.0,22230.0,22161.75,22169.5,6000,22228.29,22241.01,21948.95,41.3,50.21,18.799999237060547
2025-02-20 02:00,2025-02-20 11:00,2025-02-19 21:00,22169.5,22187.5,22157.5,22184.0,4622,22224.38,22240.62,21950.9,43.8,48.77,18.799999237060547
2025-02-20 03:00,2025-02-20 12:00,2025-02-19 22:00,22185.5,22191.0,22174.5,22180.75,2113,22220.62,22240.0,21952.9,43.3,46.47,18.799999237060547
2025-02-20 04:00,2025-02-20 13:00,2025-02-19 23:00,22180.0,22182.75,22163.75,22176.5,2145,22216.97,22239.1,21955.16,42.7,44.5,18.799999237060547
2025-02-20 05:00,2025-02-20 14:00,2025-02-20 00:00,22176.5,22183.0,22168.75,22169.0,1846,22212.38,22237.56,21957.18,41.6,42.34,18.799999237060547
2025-02-20 06:00,2025-02-20 15:00,2025-02-20 01:00,22169.0,22172.75,22144.0,22159.25,4348,22207.97,22235.38,21959.1,40.2,41.37,18.799999237060547
2025-02-20 07:00,2025-02-20 16:00,2025-02-20 02:00,22159.0,22170.25,22141.0,22150.0,4052,22204.45,22233.12,21960.9,38.8,40.51,18.799999237060547
2025-02-20 08:00,2025-02-20 17:00,2025-02-20 03:00,22149.5,22185.5,22149.0,22182.25,6452,22202.9,22231.26,21962.95,45.8,40.22,18.799999237060547
2025-02-20 09:00,2025-02-20 18:00,2025-02-20 04:00,22181.5,22208.75,22175.0,22204.5,4716,22201.72,22230.28,21965.12,50.1,39.76,18.799999237060547
2025-02-20 10:00,2025-02-20 19:00,2025-02-20 05:00,22205.75,22219.75,22203.5,22204.25,3957,22201.7,22228.41,21967.06,50.0,38.08,18.799999237060547
2025-02-20 11:00,2025-02-20 20:00,2025-02-20 06:00,22204.25,22210.0,22175.0,22186.0,6635,22202.61,22225.85,21968.91,46.6,37.86,18.799999237060547
2025-02-20 12:00,2025-02-20 21:00,2025-02-20 07:00,22186.5,22210.25,22173.5,22207.0,6230,22204.92,22224.13,21971.21,50.8,37.78,18.799999237060547
2025-02-20 13:00,2025-02-20 22:00,2025-02-20 08:00,22207.5,22212.75,22186.5,22203.5,8332,22203.17,22222.74,21972.87,50.1,36.96,18.799999237060547
2025-02-20 14:00,2025-02-20 23:00,2025-02-20 09:00,22203.25,22225.5,22000.5,22010.5,96355,22191.42,22217.33,21973.7,27.3,50.39,18.799999237060547
2025-02-20 15:00,2025-02-21 00:00,2025-02-20 10:00,22011.0,22107.5,21951.0,21988.75,121347,22179.24,22211.56,21974.37,25.9,57.97,19.1299991607666
2025-02-20 16:00,2025-02-21 01:00,2025-02-20 11:00,21988.75,22076.5,21983.5,22031.25,63059,22166.05,22206.47,21975.2,33.2,60.47,19.270000457763672
2025-02-20 17:00,2025-02-21 02:00,2025-02-20 12:00,22030.5,22098.0,22023.25,22040.0,41596,22155.71,22201.05,21975.95,34.7,61.49,19.18000030517578
2025-02-20 18:00,2025-02-21 03:00,2025-02-20 13:00,22039.75,22077.25,22027.5,22067.5,37060,22147.97,22198.35,21976.83,39.1,60.65,19.25
2025-02-20 19:00,2025-02-21 04:00,2025-02-20 14:00,22067.5,22127.75,22056.0,22116.75,48167,22142.92,22196.94,21978.05,46.1,61.44,18.950000762939453
2025-02-20 20:00,2025-02-21 05:00,2025-02-20 15:00,22116.5,22148.25,22084.5,22145.0,63807,22138.81,22196.12,21979.49,49.7,61.61,18.959999084472656
2025-02-20 21:00,2025-02-21 06:00,2025-02-20 16:00,22145.0,22150.0,22118.75,22135.75,14714,22137.12,22194.94,21980.9,48.6,59.44,18.809999465942383
2025-02-20 23:00,2025-02-21 08:00,2025-02-20 18:00,22136.0,22174.5,22123.25,22161.5,0,22136.0,22194.99,21982.41,51.9,58.86,18.809999465942383
2025-02-21 00:00,2025-02-21 09:00,2025-02-20 19:00,22161.0,22169.0,22147.25,22155.75,2743,22134.75,22194.53,21983.88,51.1,56.2,18.809999465942383
2025-02-21 01:00,2025-02-21 10:00,2025-02-20 20:00,22155.0,22160.5,22127.25,22140.5,4512,22132.95,22192.56,21985.36,49.0,54.57,18.809999465942383
2025-02-21 02:00,2025-02-21 11:00,2025-02-20 21:00,22141.0,22157.5,22138.5,22150.0,2241,22132.0,22191.08,21986.84,50.4,52.02,18.809999465942383
2025-02-21 03:00,2025-02-21 12:00,2025-02-20 22:00,22150.5,22154.5,22135.5,22138.25,2105,22130.95,22188.85,21988.26,48.6,49.67,18.809999465942383
2025-02-21 04:00,2025-02-21 13:00,2025-02-20 23:00,22138.5,22142.25,22122.0,22125.25,1754,22129.71,22185.84,21989.52,46.7,47.56,18.809999465942383
2025-02-21 05:00,2025-02-21 14:00,2025-02-21 00:00,22119.0,22133.5,22117.0,22125.25,2268,22126.86,22182.88,21990.82,46.7,45.35,18.809999465942383
2025-02-21 06:00,2025-02-21 15:00,2025-02-21 01:00,22126.0,22155.0,22125.0,22152.0,2501,22124.24,22180.19,21992.19,51.3,44.25,18.809999465942383
2025-02-21 07:00,2025-02-21 16:00,2025-02-21 02:00,22153.0,22159.5,22135.75,22136.0,5754,22120.83,22177.19,21993.35,48.6,42.79,18.809999465942383
2025-02-21 08:00,2025-02-21 17:00,2025-02-21 03:00,22137.25,22152.5,22104.25,22148.0,8082,22118.92,22174.81,21995.48,50.7,43.18,18.809999465942383
2025-02-21 09:00,2025-02-21 18:00,2025-02-21 04:00,22147.75,22171.0,22141.0,22167.75,4637,22116.96,22172.92,21998.17,54.1,42.23,18.809999465942383
2025-02-21 10:00,2025-02-21 19:00,2025-02-21 05:00,22168.5,22178.5,22157.25,22168.5,3457,22115.21,22171.18,22000.76,54.2,40.74,18.809999465942383
2025-02-21 11:00,2025-02-21 20:00,2025-02-21 06:00,22169.25,22174.75,22152.75,22165.5,2704,22122.96,22169.5,22003.46,53.6,39.4,18.809999465942383
2025-02-21 12:00,2025-02-21 21:00,2025-02-21 07:00,22164.5,22220.0,22156.75,22217.5,10133,22134.4,22168.63,22006.51,62.0,41.1,18.809999465942383
2025-02-21 13:00,2025-02-21 22:00,2025-02-21 08:00,22217.0,22245.5,22207.25,22224.25,12031,22144.05,22168.17,22009.69,62.9,40.9,18.809999465942383
2025-02-21 14:00,2025-02-21 23:00,2025-02-21 09:00,22224.0,22236.75,22080.0,22092.5,82719,22146.67,22165.61,22012.28,41.4,49.17,18.809999465942383
2025-02-21 15:00,2025-02-22 00:00,2025-02-21 10:00,22096.25,22110.75,21940.75,22006.75,113224,22143.64,22161.48,22014.09,33.4,57.8,19.360000610351562
2025-02-21 16:00,2025-02-22 01:00,2025-02-21 11:00,22006.25,22029.75,21960.0,21979.25,66522,22136.76,22156.51,22015.49,31.3,58.66,18.920000076293945
2025-02-21 17:00,2025-02-22 02:00,2025-02-21 12:00,21978.5,21998.5,21837.5,21852.5,76794,22122.14,22149.46,22016.39,23.9,65.97,19.25
2025-02-21 18:00,2025-02-22 03:00,2025-02-21 13:00,21852.25,21854.25,21759.75,21771.75,94246,22103.94,22141.54,22016.87,20.6,68.0,20.530000686645508
2025-02-21 19:00,2025-02-22 04:00,2025-02-21 14:00,21772.25,21784.5,21667.25,21687.5,89291,22080.24,22132.08,22016.86,17.8,71.52,21.549999237060547
2025-02-21 20:00,2025-02-22 05:00,2025-02-21 15:00,21687.0,21719.5,21662.5,21682.5,85163,22056.58,22120.96,22016.85,17.6,70.49,21.149999618530273
2025-02-21 21:00,2025-02-22 06:00,2025-02-21 16:00,21682.5,21699.0,21652.75,21660.0,21405,22032.55,22109.24,22016.58,16.9,68.75,21.110000610351562
2025-02-23 23:00,2025-02-24 08:00,2025-02-23 18:00,21700.75,21774.5,21676.75,21758.0,10518,22012.95,22099.76,22016.9,30.0,72.02,21.110000610351562
2025-02-24 00:00,2025-02-24 09:00,2025-02-23 19:00,21758.25,21792.75,21750.5,21763.75,7380,21994.22,22089.13,22017.27,30.7,69.9,21.110000610351562
2025-02-24 01:00,2025-02-24 10:00,2025-02-23 20:00,21763.5,21776.0,21733.0,21746.0,6048,21975.26,22079.12,22017.53,29.8,67.97,21.110000610351562
2025-02-24 02:00,2025-02-24 11:00,2025-02-23 21:00,21746.0,21783.0,21740.5,21777.75,4361,21957.89,22070.22,22017.87,33.8,66.15,21.110000610351562
2025-02-24 03:00,2025-02-24 12:00,2025-02-23 22:00,21778.25,21789.0,21766.0,21788.0,3390,21939.69,22061.63,22018.18,35.1,63.07,21.110000610351562
2025-02-24 04:00,2025-02-24 13:00,2025-02-23 23:00,21788.5,21796.25,21771.75,21772.0,2666,21921.49,22052.53,22018.33,34.0,60.32,21.110000610351562
2025-02-24 05:00,2025-02-24 14:00,2025-02-24 00:00,21776.0,21801.5,21771.25,21793.5,2404,21903.76,22045.01,22018.6,36.9,58.17,21.110000610351562
2025-02-24 06:00,2025-02-24 15:00,2025-02-24 01:00,21792.5,21801.0,21775.25,21785.25,2987,21884.64,22037.03,22018.63,36.3,55.85,21.110000610351562
2025-02-24 07:00,2025-02-24 16:00,2025-02-24 02:00,21786.25,21793.5,21731.5,21755.25,6524,21863.97,22028.52,22018.45,33.9,56.29,21.110000610351562
2025-02-24 08:00,2025-02-24 17:00,2025-02-24 03:00,21758.0,21779.0,21701.0,21775.75,10171,21844.49,22020.51,22018.0,36.9,57.84,21.110000610351562
2025-02-24 09:00,2025-02-24 18:00,2025-02-24 04:00,21775.25,21812.75,21769.25,21783.25,8878,21822.78,22012.79,22017.56,38.1,56.82,21.110000610351562
2025-02-24 10:00,2025-02-24 19:00,2025-02-24 05:00,21783.0,21787.5,21757.5,21763.25,4364,21799.72,22004.87,22017.04,36.2,54.9,21.110000610351562
2025-02-24 11:00,2025-02-24 20:00,2025-02-24 06:00,21763.5,21787.5,21746.75,21777.25,6104,21783.96,21997.42,22016.53,38.5,53.89,21.110000610351562
2025-02-24 12:00,2025-02-24 21:00,2025-02-24 07:00,21777.25,21777.25,21739.5,21762.25,7909,21771.74,21989.01,22016.04,36.9,52.74,21.110000610351562
2025-02-24 13:00,2025-02-24 22:00,2025-02-24 08:00,21763.0,21800.5,21757.0,21798.0,9088,21762.67,21980.88,22015.81,42.7,52.08,21.110000610351562
2025-02-24 14:00,2025-02-24 23:00,2025-02-24 09:00,21794.75,21801.5,21560.25,21567.5,94566,21748.42,21968.15,22014.46,26.1,65.59,21.110000610351562
2025-02-24 15:00,2025-02-25 00:00,2025-02-24 10:00,21567.75,21585.25,21436.25,21492.0,130876,21734.44,21954.27,22012.94,23.0,71.55,21.799999237060547
2025-02-24 16:00,2025-02-25 01:00,2025-02-24 11:00,21493.0,21625.0,21477.5,21576.5,90148,21728.89,21941.66,22011.78,32.7,76.97,20.790000915527344
2025-02-24 17:00,2025-02-25 02:00,2025-02-24 12:00,21577.25,21659.75,21569.25,21605.25,63062,21725.03,21929.69,22010.83,35.7,77.94,20.459999084472656
2025-02-24 18:00,2025-02-25 03:00,2025-02-24 13:00,21605.75,21660.5,21595.25,21608.75,37844,21722.46,21921.66,22010.06,36.1,77.03,20.239999771118164
2025-02-24 19:00,2025-02-25 04:00,2025-02-24 14:00,21608.5,21639.5,21538.5,21553.25,43885,21712.22,21912.95,22008.94,32.9,78.75,20.65999984741211
2025-02-24 20:00,2025-02-25 05:00,2025-02-24 15:00,21553.75,21569.0,21408.75,21421.25,83570,21695.1,21900.75,22007.12,26.7,84.57,21.09000015258789
2025-02-24 21:00,2025-02-25 06:00,2025-02-24 16:00,21421.0,21447.5,21407.5,21427.25,21393,21679.16,21888.49,22005.32,27.4,81.38,21.6299991607666
2025-02-24 23:00,2025-02-25 08:00,2025-02-24 18:00,21442.5,21453.5,21366.5,21385.25,0,21659.54,21874.85,22003.39,25.6,81.79,21.6299991607666
2025-02-25 00:00,2025-02-25 09:00,2025-02-24 19:00,21385.5,21449.25,21385.5,21434.0,8338,21641.84,21861.19,22001.9,31.1,80.51,21.6299991607666
2025-02-25 01:00,2025-02-25 10:00,2025-02-24 20:00,21432.75,21453.75,21408.5,21442.0,16242,21625.34,21847.13,22000.3,32.0,78.0,21.6299991607666
2025-02-25 02:00,2025-02-25 11:00,2025-02-24 21:00,21442.0,21451.75,21398.25,21438.0,4484,21607.56,21833.18,21998.75,31.8,76.25,21.6299991607666
2025-02-25 03:00,2025-02-25 12:00,2025-02-24 22:00,21438.25,21444.5,21425.5,21430.25,2568,21589.81,21818.56,21997.23,31.3,72.16,21.6299991607666
2025-02-25 04:00,2025-02-25 13:00,2025-02-24 23:00,21431.0,21440.5,21413.0,21423.25,2314,21573.21,21803.9,21995.53,30.9,68.97,21.6299991607666
2025-02-25 05:00,2025-02-25 14:00,2025-02-25 00:00,21431.5,21442.25,21427.5,21437.25,1721,21556.29,21789.84,21993.97,32.9,65.4,21.6299991607666
2025-02-25 06:00,2025-02-25 15:00,2025-02-25 01:00,21436.75,21445.0,21409.25,21422.25,3272,21538.24,21775.28,21992.7,31.8,63.28,21.6299991607666
2025-02-25 07:00,2025-02-25 16:00,2025-02-25 02:00,21421.75,21425.25,21306.0,21317.5,11219,21515.95,21758.87,21990.4,25.7,67.28,21.6299991607666
2025-02-25 08:00,2025-02-25 17:00,2025-02-25 03:00,21316.75,21405.0,21309.5,21317.25,13956,21492.95,21742.71,21987.78,25.7,69.29,21.6299991607666
2025-02-25 09:00,2025-02-25 18:00,2025-02-25 04:00,21317.5,21383.75,21301.75,21304.5,11568,21470.06,21726.29,21985.35,25.0,70.2,21.6299991607666
2025-02-25 10:00,2025-02-25 19:00,2025-02-25 05:00,21304.75,21345.75,21286.0,21296.25,8191,21444.97,21709.18,21983.01,24.5,69.46,21.6299991607666
2025-02-25 11:00,2025-02-25 20:00,2025-02-25 06:00,21295.75,21388.0,21286.0,21370.5,10485,21435.12,21693.87,21980.86,35.8,71.78,21.6299991607666
2025-02-25 12:00,2025-02-25 21:00,2025-02-25 07:00,21371.0,21438.5,21362.75,21429.75,10569,21432.01,21679.51,21978.88,43.2,72.06,21.6299991607666
2025-02-25 13:00,2025-02-25 22:00,2025-02-25 08:00,21429.25,21451.75,21392.75,21404.0,18256,21423.39,21664.23,21976.94,41.0,71.13,21.6299991607666
2025-02-25 14:00,2025-02-25 23:00,2025-02-25 09:00,21404.25,21413.75,21210.75,21260.0,101908,21406.12,21646.06,21974.28,31.4,80.55,21.6299991607666
2025-02-25 15:00,2025-02-26 00:00,2025-02-25 10:00,21259.75,21265.5,21028.25,21104.25,160297,21380.9,21624.83,21970.75,24.7,91.74,23.489999771118164
2025-02-25 16:00,2025-02-26 01:00,2025-02-25 11:00,21105.0,21202.75,20990.0,21170.5,96799,21361.76,21603.9,21967.53,31.4,100.39,23.139999389648438
2025-02-25 17:00,2025-02-26 02:00,2025-02-25 12:00,21170.0,21225.75,21109.25,21219.75,60028,21351.69,21583.81,21964.51,36.0,101.54,22.25
2025-02-25 18:00,2025-02-26 03:00,2025-02-25 13:00,21220.0,21281.25,21165.5,21199.5,64937,21340.3,21565.94,21961.45,34.9,102.55,22.290000915527344
2025-02-25 19:00,2025-02-26 04:00,2025-02-25 14:00,21199.5,21214.75,21123.75,21202.5,64217,21331.16,21549.86,21958.52,35.2,101.73,22.510000228881836
2025-02-25 20:00,2025-02-26 05:00,2025-02-25 15:00,21202.5,21263.0,21121.0,21150.0,93817,21316.96,21533.28,21955.37,32.5,104.6,21.8799991607666
2025-02-25 21:00,2025-02-26 06:00,2025-02-25 16:00,21149.75,21210.0,21140.25,21196.0,18727,21304.66,21520.15,21952.48,37.1,102.11,22.329999923706055
2025-02-25 23:00,2025-02-26 08:00,2025-02-25 18:00,21230.5,21240.75,21210.0,21225.75,0,21294.05,21509.22,21949.69,40.0,98.02,22.329999923706055
2025-02-26 00:00,2025-02-26 09:00,2025-02-25 19:00,21225.0,21249.75,21209.5,21249.5,4441,21285.01,21500.47,21946.94,42.3,93.89,22.329999923706055
2025-02-26 01:00,2025-02-26 10:00,2025-02-25 20:00,21249.75,21251.0,21212.0,21217.75,3282,21274.74,21491.17,21944.03,40.1,89.97,22.329999923706055
2025-02-26 02:00,2025-02-26 11:00,2025-02-25 21:00,21218.5,21246.0,21200.0,21242.25,3241,21264.99,21482.81,21941.4,42.6,86.83,22.329999923706055
2025-02-26 03:00,2025-02-26 12:00,2025-02-25 22:00,21242.5,21267.0,21235.25,21238.75,3634,21255.81,21472.43,21938.64,42.3,82.89,22.329999923706055
2025-02-26 04:00,2025-02-26 13:00,2025-02-25 23:00,21238.25,21253.5,21231.75,21250.0,1929,21252.44,21462.15,21935.94,43.6,78.53,22.329999923706055
2025-02-26 05:00,2025-02-26 14:00,2025-02-26 00:00,21256.75,21280.5,21255.0,21279.0,2834,21250.53,21452.81,21933.18,46.8,75.1,22.329999923706055
2025-02-26 06:00,2025-02-26 15:00,2025-02-26 01:00,21279.0,21282.5,21261.5,21276.0,2586,21249.1,21442.78,21931.84,46.5,71.23,22.329999923706055
2025-02-26 07:00,2025-02-26 16:00,2025-02-26 02:00,21277.0,21305.5,21262.0,21293.5,6405,21248.96,21432.89,21929.92,48.5,69.25,22.329999923706055
2025-02-26 08:00,2025-02-26 17:00,2025-02-26 03:00,21293.0,21297.5,21263.25,21291.25,5705,21245.0,21423.28,21927.74,48.2,66.75,22.329999923706055
2025-02-26 09:00,2025-02-26 18:00,2025-02-26 04:00,21291.25,21328.25,21284.75,21305.0,7555,21238.76,21413.51,21925.36,49.9,65.09,22.329999923706055
2025-02-26 10:00,2025-02-26 19:00,2025-02-26 05:00,21306.0,21327.0,21303.5,21320.75,4113,21234.6,21404.22,21922.88,51.9,62.12,22.329999923706055
2025-02-26 11:00,2025-02-26 20:00,2025-02-26 06:00,21320.5,21329.25,21276.75,21288.25,5644,21236.01,21394.88,21920.35,47.7,61.43,22.329999923706055
2025-02-26 12:00,2025-02-26 21:00,2025-02-26 07:00,21287.5,21307.5,21259.5,21291.0,7842,21245.35,21385.18,21917.67,48.1,60.47,22.329999923706055
2025-02-26 13:00,2025-02-26 22:00,2025-02-26 08:00,21290.25,21332.5,21254.5,21272.75,15361,21250.46,21374.97,21915.02,45.8,61.73,22.329999923706055
2025-02-26 14:00,2025-02-26 23:00,2025-02-26 09:00,21272.75,21313.0,21189.0,21301.75,88287,21254.56,21365.74,21912.22,50.0,66.17,22.329999923706055
2025-02-26 15:00,2025-02-27 00:00,2025-02-26 10:00,21301.75,21373.0,21264.25,21352.0,91041,21262.19,21357.24,21909.54,56.3,69.21,21.520000457763672
2025-02-26 16:00,2025-02-27 01:00,2025-02-26 11:00,21351.75,21409.0,21339.75,21349.75,62880,21269.55,21348.99,21906.81,56.0,69.22,20.979999542236328
2025-02-26 17:00,2025-02-27 02:00,2025-02-26 12:00,21349.75,21407.75,21229.0,21248.75,73066,21274.49,21338.0,21903.6,43.3,77.04,20.93000030517578
2025-02-26 18:00,2025-02-27 03:00,2025-02-26 13:00,21249.5,21261.75,21083.0,21102.25,76465,21269.8,21328.69,21899.67,32.0,84.31,22.190000534057617
2025-02-26 19:00,2025-02-27 04:00,2025-02-26 14:00,21100.75,21173.25,21064.5,21093.75,65411,21263.2,21320.73,21895.61,31.4,86.05,22.360000610351562
2025-02-26 20:00,2025-02-27 05:00,2025-02-26 15:00,21094.25,21224.5,21077.75,21191.25,65642,21260.29,21313.03,21892.03,42.8,90.39,22.329999923706055
2025-02-26 21:00,2025-02-27 06:00,2025-02-26 16:00,21191.75,21327.0,21055.0,21272.75,39775,21263.04,21306.38,21888.89,50.2,103.36,22.239999771118164
2025-02-26 23:00,2025-02-27 08:00,2025-02-26 18:00,21249.0,21261.75,21160.0,21213.25,0,21261.59,21298.47,21885.51,45.6,104.03,22.239999771118164
2025-02-27 00:00,2025-02-27 09:00,2025-02-26 19:00,21213.25,21228.75,21123.0,21137.25,11490,21256.51,21290.15,21881.92,40.4,104.15,22.239999771118164
2025-02-27 01:00,2025-02-27 10:00,2025-02-26 20:00,21137.75,21195.75,21108.25,21168.0,6928,21252.41,21285.08,21878.88,43.2,102.96,22.239999771118164
2025-02-27 02:00,2025-02-27 11:00,2025-02-26 21:00,21168.5,21215.5,21155.5,21184.5,5627,21247.69,21280.22,21875.66,44.7,99.89,22.239999771118164
2025-02-27 03:00,2025-02-27 12:00,2025-02-26 22:00,21185.0,21208.0,21161.25,21161.75,3001,21241.97,21275.76,21872.3,43.0,96.1,22.239999771118164
2025-02-27 04:00,2025-02-27 13:00,2025-02-26 23:00,21162.0,21171.25,21147.25,21168.75,3091,21235.74,21270.45,21869.03,43.7,90.95,22.239999771118164
2025-02-27 05:00,2025-02-27 14:00,2025-02-27 00:00,21189.0,21266.25,21187.5,21245.25,5743,21233.44,21266.51,21866.14,50.9,91.42,22.239999771118164
2025-02-27 06:00,2025-02-27 15:00,2025-02-27 01:00,21245.75,21295.0,21239.0,21281.0,4549,21232.24,21263.38,21863.15,53.8,88.89,22.239999771118164
2025-02-27 07:00,2025-02-27 16:00,2025-02-27 02:00,21281.5,21326.25,21271.5,21281.75,6940,21230.29,21260.4,21859.96,53.9,86.45,22.239999771118164
2025-02-27 08:00,2025-02-27 17:00,2025-02-27 03:00,21282.25,21328.0,21250.0,21322.5,10892,21232.0,21258.39,21856.38,57.3,85.85,22.239999771118164
2025-02-27 09:00,2025-02-27 18:00,2025-02-27 04:00,21321.75,21334.5,21292.0,21323.75,7188,21233.64,21256.12,21853.19,57.4,82.75,22.239999771118164
2025-02-27 10:00,2025-02-27 19:00,2025-02-27 05:00,21325.0,21349.25,21309.5,21321.25,6575,21236.06,21254.1,21849.97,57.1,79.68,22.239999771118164
2025-02-27 11:00,2025-02-27 20:00,2025-02-27 06:00,21322.0,21345.25,21311.75,21344.0,9182,21238.17,21254.63,21846.71,59.2,76.38,22.239999771118164
2025-02-27 12:00,2025-02-27 21:00,2025-02-27 07:00,21344.5,21386.5,21336.0,21351.5,10400,21238.15,21255.31,21843.18,59.8,74.53,22.239999771118164
2025-02-27 13:00,2025-02-27 22:00,2025-02-27 08:00,21351.25,21373.0,21268.75,21306.5,32707,21235.99,21255.35,21839.16,54.0,76.65,22.239999771118164
2025-02-27 14:00,2025-02-27 23:00,2025-02-27 09:00,21307.25,21381.0,20996.0,21009.0,117251,21224.0,21249.61,21833.83,31.7,98.68,22.239999771118164
2025-02-27 15:00,2025-02-28 00:00,2025-02-27 10:00,21006.5,21166.0,20896.5,21018.5,158399,21219.81,21242.57,21828.51,32.7,110.88,22.030000686645508
2025-02-27 16:00,2025-02-28 01:00,2025-02-27 11:00,21020.5,21159.75,20994.5,21006.25,73923,21215.44,21234.1,21823.06,32.1,114.76,22.049999237060547
2025-02-27 17:00,2025-02-28 02:00,2025-02-27 12:00,21006.25,21076.5,20956.5,21038.75,63756,21207.81,21226.79,21817.54,35.6,115.14,22.010000228881836
2025-02-27 18:00,2025-02-28 03:00,2025-02-27 13:00,21038.75,21117.5,21028.5,21052.25,52905,21196.79,21222.64,21812.13,37.0,113.27,21.729999542236328
2025-02-27 19:00,2025-02-28 04:00,2025-02-27 14:00,21051.75,21056.5,20795.75,20834.0,90621,21177.83,21217.24,21805.59,26.6,123.8,22.610000610351562
2025-02-27 20:00,2025-02-28 05:00,2025-02-27 15:00,20835.0,20840.5,20597.75,20608.5,125450,21151.39,21205.99,21797.92,20.2,132.3,23.940000534057617
2025-02-27 21:00,2025-02-28 06:00,2025-02-27 16:00,20608.75,20658.0,20583.25,20633.25,29045,21124.65,21194.26,21790.48,22.4,128.19,24.149999618530273
2025-02-27 23:00,2025-02-28 08:00,2025-02-27 18:00,20649.5,20680.5,20639.75,20673.75,0,21099.11,21183.75,21783.19,26.0,122.41,24.149999618530273
2025-02-28 00:00,2025-02-28 09:00,2025-02-27 19:00,20672.5,20688.0,20617.0,20617.25,8392,21071.89,21172.04,21775.54,24.3,118.74,24.149999618530273
2025-02-28 01:00,2025-02-28 10:00,2025-02-27 20:00,20617.25,20667.75,20538.5,20626.75,11946,21044.79,21161.58,21768.09,25.2,119.49,24.149999618530273
2025-02-28 02:00,2025-02-28 11:00,2025-02-27 21:00,20626.75,20645.75,20570.75,20587.75,8004,21011.91,21149.42,21760.4,24.0,116.31,24.149999618530273
2025-02-28 03:00,2025-02-28 12:00,2025-02-27 22:00,20588.5,20598.5,20516.25,20561.75,9078,20975.95,21136.13,21752.69,23.2,113.88,24.149999618530273
2025-02-28 04:00,2025-02-28 13:00,2025-02-27 23:00,20560.5,20642.25,20546.75,20612.75,6883,20942.5,21123.4,21745.44,28.3,112.56,24.149999618530273
2025-02-28 05:00,2025-02-28 14:00,2025-02-28 00:00,20640.0,20645.5,20611.25,20623.5,4071,20907.55,21111.51,21738.13,29.4,106.97,24.149999618530273
2025-02-28 06:00,2025-02-28 15:00,2025-02-28 01:00,20621.25,20645.75,20585.25,20595.0,3322,20871.11,21098.57,21730.58,28.2,103.65,24.149999618530273
2025-02-28 07:00,2025-02-28 16:00,2025-02-28 02:00,20595.25,20630.5,20552.75,20624.5,5778,20836.28,21086.28,21723.07,31.3,101.8,24.149999618530273
2025-02-28 08:00,2025-02-28 17:00,2025-02-28 03:00,20626.75,20678.25,20612.0,20660.0,9665,20802.08,21074.49,21715.55,35.0,99.26,24.149999618530273
2025-02-28 09:00,2025-02-28 18:00,2025-02-28 04:00,20660.25,20684.0,20636.0,20657.5,7154,20767.38,21062.06,21708.14,34.8,95.6,24.149999618530273
2025-02-28 10:00,2025-02-28 19:00,2025-02-28 05:00,20657.5,20678.75,20646.0,20656.75,4707,20734.89,21049.67,21700.64,34.8,91.11,24.149999618530273
2025-02-28 11:00,2025-02-28 20:00,2025-02-28 06:00,20657.5,20677.5,20650.0,20662.25,4114,20717.55,21037.04,21693.02,35.4,86.57,24.149999618530273
2025-02-28 12:00,2025-02-28 21:00,2025-02-28 07:00,20662.5,20664.75,20581.25,20620.5,16118,20697.65,21023.63,21685.23,32.7,86.35,24.149999618530273
2025-02-28 13:00,2025-02-28 22:00,2025-02-28 08:00,20619.25,20664.25,20561.5,20600.25,24712,20677.35,21009.53,21677.26,31.5,87.52,24.149999618530273
2025-02-28 14:00,2025-02-28 23:00,2025-02-28 09:00,20601.0,20645.0,20460.5,20593.5,110679,20655.09,20994.99,21669.21,31.0,94.45,24.149999618530273
2025-02-28 15:00,2025-03-01 00:00,2025-02-28 10:00,20591.75,20777.75,20554.0,20759.75,123070,20640.46,20984.42,21661.95,49.4,103.68,23.31999969482422
2025-02-28 16:00,2025-03-01 01:00,2025-02-28 11:00,20760.0,20776.25,20624.5,20696.75,77241,20633.6,20972.53,21654.33,44.5,107.12,23.8799991607666
2025-02-28 17:00,2025-03-01 02:00,2025-02-28 12:00,20697.25,20749.0,20537.0,20540.5,75534,20630.2,20957.89,21645.8,35.3,114.61,23.6299991607666
2025-02-28 18:00,2025-03-01 03:00,2025-02-28 13:00,20540.5,20666.75,20484.25,20542.25,93768,20625.65,20942.7,21637.17,35.5,119.46,24.290000915527344
2025-02-28 19:00,2025-03-01 04:00,2025-02-28 14:00,20541.5,20721.75,20537.75,20710.5,68772,20627.49,20929.87,21629.41,48.7,124.07,24.09000015258789
2025-02-28 20:00,2025-03-01 05:00,2025-02-28 15:00,20711.5,20944.25,20683.25,20920.75,118535,20642.66,20921.29,21622.64,59.8,133.85,23.25
2025-02-28 21:00,2025-03-01 06:00,2025-02-28 16:00,20920.5,20930.5,20868.25,20909.0,30059,20656.78,20914.49,21615.92,59.0,128.73,22.43000030517578
2025-03-02 23:00,2025-03-03 08:00,2025-03-02 18:00,21005.25,21036.25,20949.0,20968.5,12657,20675.81,20911.82,21609.27,61.7,128.63,22.43000030517578
2025-03-03 00:00,2025-03-03 09:00,2025-03-02 19:00,20969.5,20971.0,20837.75,20883.0,13831,20691.88,20907.6,21602.11,56.0,128.96,22.43000030517578
2025-03-03 01:00,2025-03-03 10:00,2025-03-02 20:00,20885.75,20952.0,20863.75,20945.0,8926,20708.49,20902.68,21595.38,59.0,126.05,22.43000030517578
2025-03-03 02:00,2025-03-03 11:00,2025-03-02 21:00,20942.25,20962.75,20918.5,20929.5,6571,20723.79,20895.81,21588.66,57.9,120.21,22.43000030517578
2025-03-03 03:00,2025-03-03 12:00,2025-03-02 22:00,20928.0,20934.0,20884.25,20923.5,5511,20740.21,20890.02,21581.87,57.5,115.18,22.43000030517578
2025-03-03 04:00,2025-03-03 13:00,2025-03-02 23:00,20923.0,20956.0,20919.75,20954.0,2433,20756.69,20886.35,21575.25,59.2,109.54,22.43000030517578
2025-03-03 05:00,2025-03-03 14:00,2025-03-03 00:00,20951.5,21001.5,20945.0,20987.0,4734,20773.04,20882.74,21568.76,60.9,105.75,22.43000030517578
2025-03-03 06:00,2025-03-03 15:00,2025-03-03 01:00,20986.5,21021.25,20958.5,21008.25,6768,20790.58,20879.21,21562.24,62.1,102.68,22.43000030517578
2025-03-03 07:00,2025-03-03 16:00,2025-03-03 02:00,21009.0,21014.5,20923.25,20963.5,7736,20805.91,20875.24,21556.05,58.2,101.86,22.43000030517578
2025-03-03 08:00,2025-03-03 17:00,2025-03-03 03:00,20961.5,20990.0,20888.0,20947.5,12767,20820.17,20870.82,21549.85,56.9,101.87,22.43000030517578
2025-03-03 09:00,2025-03-03 18:00,2025-03-03 04:00,20948.0,21019.0,20928.25,21013.25,8239,20839.81,20866.18,21543.99,60.9,101.08,22.43000030517578
2025-03-03 10:00,2025-03-03 19:00,2025-03-03 05:00,21014.0,21021.0,20986.0,21003.75,5474,20859.99,20860.63,21538.03,60.0,96.36,22.43000030517578
2025-03-03 11:00,2025-03-03 20:00,2025-03-03 06:00,21003.75,21045.75,20995.25,21042.25,5480,20882.42,20855.85,21532.45,62.4,93.08,22.43000030517578
2025-03-03 12:00,2025-03-03 21:00,2025-03-03 07:00,21040.75,21101.0,21031.25,21069.5,13544,20897.91,20850.78,21526.9,64.0,91.42,22.43000030517578
2025-03-03 13:00,2025-03-03 22:00,2025-03-03 08:00,21070.25,21081.0,21034.25,21065.5,13490,20916.35,20845.62,21521.04,63.5,88.22,22.43000030517578
2025-03-03 14:00,2025-03-03 23:00,2025-03-03 09:00,21065.25,21121.0,20824.25,20845.5,98525,20931.6,20836.1,21514.14,45.4,103.12,22.43000030517578
2025-03-03 15:00,2025-03-04 00:00,2025-03-03 10:00,20845.0,20989.25,20760.0,20858.0,130368,20947.39,20826.38,21507.18,46.4,112.13,23.209999084472656
2025-03-03 16:00,2025-03-04 01:00,2025-03-03 11:00,20858.5,20985.0,20831.0,20922.0,77917,20957.96,20817.79,21500.42,51.0,115.12,23.389999389648438
2025-03-03 17:00,2025-03-04 02:00,2025-03-03 12:00,20922.0,20964.5,20822.0,20849.25,47665,20954.39,20808.65,21493.29,46.1,117.08,23.030000686645508
2025-03-03 18:00,2025-03-04 03:00,2025-03-03 13:00,20849.5,20857.0,20653.25,20747.75,92921,20946.33,20803.42,21485.6,40.3,123.27,24.200000762939453
2025-03-03 19:00,2025-03-04 04:00,2025-03-03 14:00,20747.25,20819.75,20598.75,20603.25,78920,20928.06,20795.12,21477.19,33.8,130.25,23.969999313354492
2025-03-03 20:00,2025-03-04 05:00,2025-03-03 15:00,20604.25,20606.0,20316.75,20473.0,148894,20907.56,20784.46,21468.22,29.2,141.6,25.610000610351562
2025-03-03 21:00,2025-03-04 06:00,2025-03-03 16:00,20473.5,20537.0,20464.25,20530.75,23228,20886.85,20774.29,21459.56,33.5,136.69,25.020000457763672
2025-03-03 23:00,2025-03-04 08:00,2025-03-03 18:00,20527.0,20557.75,20490.0,20515.75,0,20866.16,20763.56,21450.86,33.0,131.76,25.020000457763672
2025-03-04 00:00,2025-03-04 09:00,2025-03-03 19:00,20514.75,20556.25,20474.0,20551.0,8159,20847.54,20757.9,21442.37,35.7,128.23,25.020000457763672
2025-03-04 01:00,2025-03-04 10:00,2025-03-03 20:00,20551.25,20571.0,20466.25,20476.75,8604,20823.67,20755.27,21433.45,32.7,126.55,25.020000457763672
2025-03-04 02:00,2025-03-04 11:00,2025-03-03 21:00,20476.75,20538.5,20472.75,20524.0,5040,20800.53,20753.08,21424.83,36.4,122.21,25.020000457763672
2025-03-04 03:00,2025-03-04 12:00,2025-03-03 22:00,20523.5,20549.5,20501.25,20540.5,4453,20777.14,20750.42,21416.43,37.7,116.92,25.020000457763672
2025-03-04 04:00,2025-03-04 13:00,2025-03-03 23:00,20540.75,20562.0,20516.75,20532.75,5033,20755.6,20748.73,21408.03,37.3,111.8,25.020000457763672
2025-03-04 05:00,2025-03-04 14:00,2025-03-04 00:00,20571.0,20581.25,20532.25,20567.25,7721,20736.59,20747.54,21399.72,40.2,107.32,25.020000457763672
2025-03-04 06:00,2025-03-04 15:00,2025-03-04 01:00,20568.5,20583.0,20524.0,20559.5,6239,20713.9,20746.97,21391.5,39.7,103.87,25.020000457763672
2025-03-04 07:00,2025-03-04 16:00,2025-03-04 02:00,20560.0,20568.75,20475.25,20489.5,8510,20688.19,20745.53,21383.11,35.9,103.13,25.020000457763672
2025-03-04 08:00,2025-03-04 17:00,2025-03-04 03:00,20488.25,20563.5,20462.75,20517.0,12273,20661.92,20743.62,21374.89,38.4,102.96,25.020000457763672
2025-03-04 09:00,2025-03-04 18:00,2025-03-04 04:00,20516.0,20566.0,20489.5,20495.5,10332,20633.22,20741.06,21366.17,37.2,101.07,25.020000457763672
2025-03-04 10:00,2025-03-04 19:00,2025-03-04 05:00,20496.5,20514.5,20444.0,20462.75,11468,20603.09,20738.41,21357.26,35.3,98.88,25.020000457763672
2025-03-04 11:00,2025-03-04 20:00,2025-03-04 06:00,20462.5,20493.25,20438.25,20475.0,9669,20584.56,20735.42,21348.47,36.6,95.75,25.020000457763672
2025-03-04 12:00,2025-03-04 21:00,2025-03-04 07:00,20474.25,20474.75,20305.25,20319.75,27583,20557.65,20728.62,21338.6,28.8,101.03,25.020000457763672
2025-03-04 13:00,2025-03-04 22:00,2025-03-04 08:00,20320.75,20356.0,20262.25,20326.25,34436,20527.86,20721.99,21328.99,29.5,100.51,25.020000457763672
2025-03-04 14:00,2025-03-04 23:00,2025-03-04 09:00,20324.5,20430.0,20227.75,20231.75,123011,20496.99,20713.49,21319.04,25.7,107.78,25.020000457763672
2025-03-04 15:00,2025-03-05 00:00,2025-03-04 10:00,20230.5,20263.25,20075.25,20196.25,150128,20469.41,20704.17,21308.93,24.4,113.51,26.989999771118164
2025-03-04 16:00,2025-03-05 01:00,2025-03-04 11:00,20197.5,20337.75,20108.5,20299.0,101793,20454.2,20697.74,21299.29,34.5,121.78,26.75
2025-03-04 17:00,2025-03-05 02:00,2025-03-04 12:00,20298.0,20436.25,20265.75,20337.0,85474,20447.4,20692.47,21290.13,37.9,125.26,25.3700008392334
2025-03-04 18:00,2025-03-05 03:00,2025-03-04 13:00,20338.0,20523.0,20310.75,20500.5,76010,20445.89,20690.62,21281.71,49.7,131.47,25.649999618530273
2025-03-04 19:00,2025-03-05 04:00,2025-03-04 14:00,20500.0,20632.25,20497.75,20618.75,73292,20451.04,20687.79,21273.9,56.2,131.69,24.729999542236328
2025-03-04 20:00,2025-03-05 05:00,2025-03-04 15:00,20619.25,20732.5,20324.5,20397.5,121894,20443.36,20681.81,21265.01,44.6,151.42,24.270000457763672
2025-03-04 21:00,2025-03-05 06:00,2025-03-04 16:00,20396.75,20593.25,20394.0,20537.0,41382,20446.38,20681.74,21256.85,51.4,154.84,25.399999618530273
2025-03-04 23:00,2025-03-05 08:00,2025-03-04 18:00,20555.0,20595.25,20531.75,20578.0,0,20449.08,20682.46,21248.94,53.2,148.32,25.399999618530273
2025-03-05 00:00,2025-03-05 09:00,2025-03-04 19:00,20579.5,20588.75,20485.5,20533.75,7696,20448.74,20678.92,21240.86,51.0,145.1,25.399999618530273
2025-03-05 01:00,2025-03-05 10:00,2025-03-04 20:00,20535.0,20542.5,20452.5,20503.25,9895,20447.26,20670.57,21232.47,49.5,141.16,25.399999618530273
2025-03-05 02:00,2025-03-05 11:00,2025-03-04 21:00,20501.5,20510.5,20440.5,20479.75,8438,20442.89,20661.99,21223.84,48.3,136.08,25.399999618530273
2025-03-05 03:00,2025-03-05 12:00,2025-03-04 22:00,20476.5,20563.5,20458.0,20549.25,7973,20442.38,20653.6,21215.57,52.0,133.89,25.399999618530273
2025-03-05 04:00,2025-03-05 13:00,2025-03-04 23:00,20546.5,20567.75,20529.0,20538.75,3109,20444.84,20646.72,21207.33,51.4,127.1,25.399999618530273
2025-03-05 05:00,2025-03-05 14:00,2025-03-05 00:00,20551.5,20557.75,20506.0,20549.25,4219,20446.45,20638.8,21199.04,52.0,121.72,25.399999618530273
2025-03-05 06:00,2025-03-05 15:00,2025-03-05 01:00,20549.25,20566.75,20518.0,20549.0,3657,20449.12,20631.19,21190.77,52.0,116.5,25.399999618530273
2025-03-05 07:00,2025-03-05 16:00,2025-03-05 02:00,20549.0,20577.0,20535.25,20541.25,5650,20453.05,20623.54,21183.42,51.4,111.17,25.399999618530273
2025-03-05 08:00,2025-03-05 17:00,2025-03-05 03:00,20542.25,20609.75,20513.75,20551.0,12311,20456.85,20615.49,21176.23,52.1,110.08,25.399999618530273
2025-03-05 09:00,2025-03-05 18:00,2025-03-05 04:00,20551.25,20629.5,20517.0,20609.0,10414,20471.31,20607.92,21169.12,56.0,110.25,25.399999618530273
2025-03-05 10:00,2025-03-05 19:00,2025-03-05 05:00,20609.75,20622.0,20534.75,20545.5,9980,20482.28,20598.67,21161.65,51.1,108.61,25.399999618530273
2025-03-05 11:00,2025-03-05 20:00,2025-03-05 06:00,20548.0,20557.5,20441.0,20492.25,11518,20495.3,20589.24,21153.77,47.3,109.17,25.399999618530273
2025-03-05 12:00,2025-03-05 21:00,2025-03-05 07:00,20492.75,20527.5,20460.25,20486.0,13586,20509.79,20580.01,21145.62,46.9,106.18,25.399999618530273
2025-03-05 13:00,2025-03-05 22:00,2025-03-05 08:00,20486.0,20523.25,20403.75,20419.5,25247,20515.81,20568.14,21136.99,42.4,107.13,25.399999618530273
2025-03-05 14:00,2025-03-05 23:00,2025-03-05 09:00,20419.75,20465.75,20270.5,20316.75,96768,20514.8,20554.4,21127.9,36.6,113.43,25.399999618530273
2025-03-05 15:00,2025-03-06 00:00,2025-03-05 10:00,20322.75,20497.0,20300.0,20391.25,120796,20509.34,20541.38,21119.05,42.7,119.4,25.829999923706055
2025-03-05 16:00,2025-03-06 01:00,2025-03-05 11:00,20390.75,20390.75,20215.0,20338.0,94832,20495.3,20526.75,21109.96,39.8,123.46,25.8799991607666
2025-03-05 17:00,2025-03-06 02:00,2025-03-05 12:00,20337.0,20575.75,20331.0,20570.5,79025,20503.95,20516.85,21102.11,54.6,132.12,25.18000030517578
2025-03-05 18:00,2025-03-06 03:00,2025-03-05 13:00,20570.25,20596.75,20446.0,20590.5,77111,20506.62,20511.75,21094.31,55.6,133.45,25.020000457763672
2025-03-05 19:00,2025-03-06 04:00,2025-03-05 14:00,20590.25,20711.25,20558.25,20651.0,67482,20510.28,20507.61,21086.87,58.6,134.85,24.209999084472656
2025-03-05 20:00,2025-03-06 05:00,2025-03-05 15:00,20651.0,20725.0,20602.0,20657.5,80903,20516.46,20502.32,21079.53,58.9,134.0,23.969999313354492
2025-03-05 21:00,2025-03-06 06:00,2025-03-05 16:00,20658.0,20663.0,20577.75,20611.75,18106,20521.89,20497.57,21071.97,55.6,130.52,24.1200008392334
2025-03-05 23:00,2025-03-06 08:00,2025-03-05 18:00,20605.25,20643.5,20589.0,20605.0,0,20528.15,20494.72,21064.23,55.1,125.09,24.1200008392334
2025-03-06 00:00,2025-03-06 09:00,2025-03-05 19:00,20604.5,20637.25,20582.0,20591.0,3689,20530.24,20494.47,21056.51,54.1,120.1,24.1200008392334
2025-03-06 01:00,2025-03-06 10:00,2025-03-05 20:00,20591.0,20618.0,20583.5,20615.25,3790,20534.06,20497.31,21048.84,55.7,113.99,24.1200008392334
2025-03-06 02:00,2025-03-06 11:00,2025-03-05 21:00,20614.5,20631.25,20590.0,20605.25,3854,20536.86,20498.81,21041.03,54.8,108.79,24.1200008392334
2025-03-06 03:00,2025-03-06 12:00,2025-03-05 22:00,20607.25,20627.25,20592.5,20623.0,2232,20540.56,20500.95,21033.3,56.1,103.5,24.1200008392334
2025-03-06 04:00,2025-03-06 13:00,2025-03-05 23:00,20623.25,20647.0,20620.25,20639.25,2409,20545.46,20502.72,21025.67,57.3,98.02,24.1200008392334
2025-03-06 05:00,2025-03-06 14:00,2025-03-06 00:00,20639.0,20647.5,20607.0,20611.25,2637,20548.47,20505.4,21017.64,54.6,93.91,24.1200008392334
2025-03-06 06:00,2025-03-06 15:00,2025-03-06 01:00,20612.5,20640.5,20596.5,20635.25,3215,20549.79,20507.63,21009.7,56.5,90.35,24.1200008392334
2025-03-06 07:00,2025-03-06 16:00,2025-03-06 02:00,20635.75,20642.25,20531.5,20535.25,8408,20549.28,20507.53,21001.91,47.5,91.8,24.1200008392334
2025-03-06 08:00,2025-03-06 17:00,2025-03-06 03:00,20532.75,20556.5,20432.0,20444.25,16564,20546.88,20505.76,20994.1,41.1,94.14,24.1200008392334
2025-03-06 09:00,2025-03-06 18:00,2025-03-06 04:00,20443.25,20486.0,20376.25,20409.5,15413,20543.05,20502.6,20986.25,38.9,95.25,24.1200008392334
2025-03-06 10:00,2025-03-06 19:00,2025-03-06 05:00,20408.5,20439.5,20365.5,20380.25,11611,20541.09,20499.01,20978.89,37.2,93.74,24.1200008392334
2025-03-06 11:00,2025-03-06 20:00,2025-03-06 06:00,20379.25,20429.75,20352.75,20424.0,11061,20546.45,20497.71,20972.15,41.5,92.54,24.1200008392334
2025-03-06 12:00,2025-03-06 21:00,2025-03-06 07:00,20423.5,20429.75,20354.75,20371.0,12714,20545.44,20494.78,20965.57,38.1,91.29,24.1200008392334
2025-03-06 13:00,2025-03-06 22:00,2025-03-06 08:00,20371.75,20385.0,20299.0,20326.5,23341,20544.86,20491.4,20958.79,35.5,90.91,24.1200008392334
2025-03-06 14:00,2025-03-06 23:00,2025-03-06 09:00,20325.75,20373.0,20228.25,20281.5,84441,20530.41,20487.78,20951.89,33.0,94.76,24.1200008392334
2025-03-06 15:00,2025-03-07 00:00,2025-03-06 10:00,20282.75,20513.25,20253.25,20429.75,104373,20522.38,20486.88,20945.25,46.3,106.56,25.209999084472656
2025-03-06 16:00,2025-03-07 01:00,2025-03-06 11:00,20431.0,20496.0,20246.25,20252.0,82938,20502.42,20485.52,20937.69,36.8,116.79,25.299999237060547
2025-03-06 17:00,2025-03-07 02:00,2025-03-06 12:00,20252.0,20277.25,20088.25,20171.25,92693,20478.11,20482.42,20929.82,33.5,121.94,26.040000915527344
2025-03-06 18:00,2025-03-07 03:00,2025-03-06 13:00,20171.0,20208.0,20040.0,20119.0,66959,20453.47,20480.17,20921.53,31.5,125.23,26.15999984741211
2025-03-06 19:00,2025-03-07 04:00,2025-03-06 14:00,20118.5,20207.5,20003.0,20050.5,81322,20425.75,20477.25,20912.84,29.1,130.9,26.68000030517578
2025-03-06 20:00,2025-03-07 05:00,2025-03-06 15:00,20051.25,20155.0,20026.5,20093.5,91614,20400.88,20473.14,20904.45,32.6,130.73,26.280000686645508
2025-03-06 21:00,2025-03-07 06:00,2025-03-06 16:00,20092.5,20217.25,20075.25,20173.5,25258,20378.79,20469.87,20896.35,38.7,131.53,26.420000076293945
2025-03-06 23:00,2025-03-07 08:00,2025-03-06 18:00,20214.5,20225.75,20168.0,20187.0,0,20357.88,20463.6,20888.35,39.7,126.26,26.420000076293945
2025-03-07 00:00,2025-03-07 09:00,2025-03-06 19:00,20187.5,20202.25,20141.0,20174.5,5992,20335.45,20454.72,20880.45,39.1,121.62,26.420000076293945
2025-03-07 01:00,2025-03-07 10:00,2025-03-06 20:00,20175.25,20220.0,20161.0,20197.0,4929,20313.34,20450.71,20872.56,40.9,117.14,26.420000076293945
2025-03-07 02:00,2025-03-07 11:00,2025-03-06 21:00,20196.5,20216.75,20175.75,20195.0,3718,20292.53,20443.87,20864.62,40.8,111.71,26.420000076293945
2025-03-07 03:00,2025-03-07 12:00,2025-03-06 22:00,20198.5,20199.5,20163.5,20170.75,2706,20269.3,20435.72,20856.65,39.3,106.3,26.420000076293945
2025-03-07 04:00,2025-03-07 13:00,2025-03-06 23:00,20169.75,20191.5,20156.0,20181.25,2787,20251.6,20428.67,20848.67,40.3,101.24,26.420000076293945
2025-03-07 05:00,2025-03-07 14:00,2025-03-07 00:00,20166.75,20186.0,20136.75,20153.25,3460,20237.05,20421.67,20840.63,38.5,97.53,26.420000076293945
2025-03-07 06:00,2025-03-07 15:00,2025-03-07 01:00,20154.5,20157.0,20111.5,20129.0,5321,20223.03,20414.65,20832.28,36.9,93.81,26.420000076293945
2025-03-07 07:00,2025-03-07 16:00,2025-03-07 02:00,20128.0,20176.75,20120.25,20166.25,5563,20212.33,20406.99,20825.28,40.9,91.15,26.420000076293945
2025-03-07 08:00,2025-03-07 17:00,2025-03-07 03:00,20167.5,20187.25,20144.25,20169.5,8132,20199.6,20399.61,20818.67,41.2,87.71,26.420000076293945
2025-03-07 09:00,2025-03-07 18:00,2025-03-07 04:00,20168.75,20228.0,20158.5,20197.5,8368,20190.92,20392.58,20811.77,44.3,86.41,26.420000076293945
2025-03-07 10:00,2025-03-07 19:00,2025-03-07 05:00,20197.75,20200.75,20157.5,20177.75,4659,20183.49,20385.15,20804.63,42.6,83.32,26.420000076293945
2025-03-07 11:00,2025-03-07 20:00,2025-03-07 06:00,20179.0,20202.0,20150.75,20184.75,4875,20178.65,20378.02,20797.51,43.4,81.03,26.420000076293945
2025-03-07 12:00,2025-03-07 21:00,2025-03-07 07:00,20184.25,20184.25,20092.0,20125.0,11799,20163.41,20369.5,20790.37,38.4,81.87,26.420000076293945
2025-03-07 13:00,2025-03-07 22:00,2025-03-07 08:00,20124.0,20273.0,20038.5,20066.25,38525,20154.12,20358.65,20783.6,34.2,92.77,26.420000076293945
2025-03-07 14:00,2025-03-07 23:00,2025-03-07 09:00,20066.0,20242.0,20023.75,20140.75,90653,20152.6,20350.55,20777.16,42.7,101.73,26.420000076293945
2025-03-07 15:00,2025-03-08 00:00,2025-03-07 10:00,20139.5,20193.0,19887.75,20021.0,114547,20147.7,20341.12,20770.34,34.9,116.27,26.450000762939453
2025-03-07 16:00,2025-03-08 01:00,2025-03-07 11:00,20021.0,20034.5,19765.75,19830.25,87052,20136.69,20328.01,20762.32,26.6,127.16,27.309999465942383
2025-03-07 17:00,2025-03-08 02:00,2025-03-07 12:00,19831.25,20084.25,19771.0,19945.75,93649,20129.3,20318.53,20754.84,36.5,140.45,27.43000030517578
2025-03-07 18:00,2025-03-08 03:00,2025-03-07 13:00,19945.5,20176.75,19943.0,20169.25,83578,20129.09,20315.58,20748.5,50.4,147.12,26.75
2025-03-07 19:00,2025-03-08 04:00,2025-03-07 14:00,20169.75,20274.0,20120.75,20192.75,67522,20129.38,20311.62,20742.31,51.6,147.56,25.719999313354492
2025-03-07 20:00,2025-03-08 05:00,2025-03-07 15:00,20193.5,20286.25,20098.5,20225.0,82191,20131.9,20309.35,20736.32,53.3,150.43,25.639999389648438
2025-03-07 21:00,2025-03-08 06:00,2025-03-07 16:00,20224.0,20232.25,20145.5,20207.25,18374,20132.41,20302.09,20730.17,52.2,145.88,25.5
2025-03-09 22:00,2025-03-10 07:00,2025-03-09 18:00,20147.0,20147.0,19995.5,20012.0,11278,20123.26,20290.52,20723.12,42.2,150.58,25.5
2025-03-09 23:00,2025-03-10 08:00,2025-03-09 19:00,20014.0,20061.5,19932.25,20034.5,7478,20116.45,20278.19,20716.7,43.5,149.06,25.5
2025-03-10 00:00,2025-03-10 09:00,2025-03-09 20:00,20033.25,20067.5,20007.0,20066.0,9280,20110.69,20266.36,20710.45,45.4,142.73,25.5
2025-03-10 01:00,2025-03-10 10:00,2025-03-09 21:00,20067.0,20136.5,20060.5,20133.5,8688,20109.7,20256.79,20704.59,49.4,137.97,25.5
2025-03-10 02:00,2025-03-10 11:00,2025-03-09 22:00,20133.0,20156.5,20117.0,20137.75,5225,20110.14,20247.45,20698.8,49.6,130.93,25.5
2025-03-10 03:00,2025-03-10 12:00,2025-03-09 23:00,20136.5,20151.75,20102.25,20123.5,4662,20108.0,20238.1,20692.56,48.8,125.12,25.5
2025-03-10 04:00,2025-03-10 13:00,2025-03-10 00:00,20126.5,20152.5,20091.25,20094.25,4387,20104.24,20227.68,20685.89,47.0,120.56,25.5
2025-03-10 05:00,2025-03-10 14:00,2025-03-10 01:00,20094.5,20132.75,20078.0,20090.75,4774,20098.9,20217.39,20679.32,46.8,115.86,25.5
2025-03-10 06:00,2025-03-10 15:00,2025-03-10 02:00,20091.75,20124.25,20091.75,20110.75,3561,20095.55,20207.15,20673.58,48.3,109.97,25.5
2025-03-10 07:00,2025-03-10 16:00,2025-03-10 03:00,20112.0,20140.75,20085.25,20091.25,6129,20090.88,20196.19,20668.51,46.9,106.08,25.5
2025-03-10 08:00,2025-03-10 17:00,2025-03-10 04:00,20094.0,20113.0,19949.0,19960.0,18002,20082.62,20183.16,20662.46,38.7,110.22,25.5
2025-03-10 09:00,2025-03-10 18:00,2025-03-10 05:00,19958.0,20055.25,19951.25,20002.0,15633,20079.41,20170.49,20656.37,42.2,109.77,25.5
2025-03-10 10:00,2025-03-10 19:00,2025-03-10 06:00,20006.5,20024.5,19940.0,19970.0,8966,20070.88,20159.19,20650.22,40.3,107.97,25.5
2025-03-10 11:00,2025-03-10 20:00,2025-03-10 07:00,19970.75,20020.5,19920.5,19951.5,12812,20067.4,20149.33,20643.97,39.3,107.4,25.5
2025-03-10 12:00,2025-03-10 21:00,2025-03-10 08:00,19951.75,19955.75,19861.0,19913.75,19765,20071.58,20139.42,20637.78,37.1,106.5,25.5
2025-03-10 13:00,2025-03-10 22:00,2025-03-10 09:00,19914.0,19942.0,19744.25,19790.25,79794,20063.8,20127.62,20630.76,31.0,113.01,25.5
2025-03-10 14:00,2025-03-10 23:00,2025-03-10 10:00,19791.0,19791.0,19521.0,19554.25,115492,20033.05,20110.22,20622.4,23.2,124.23,28.229999542236328
2025-03-10 15:00,2025-03-11 00:00,2025-03-10 11:00,19554.0,19702.75,19550.0,19587.5,86519,20002.79,20094.56,20614.09,26.0,126.27,28.239999771118164
2025-03-10 16:00,2025-03-11 01:00,2025-03-10 12:00,19586.5,19639.25,19522.75,19542.75,61626,19968.67,20078.88,20605.71,24.7,125.57,28.209999084472656
2025-03-10 17:00,2025-03-11 02:00,2025-03-10 13:00,19542.5,19553.0,19422.0,19441.75,73018,19930.4,20062.08,20596.71,22.0,125.96,28.3799991607666
2025-03-10 18:00,2025-03-11 03:00,2025-03-10 14:00,19442.0,19500.0,19330.0,19338.75,66637,19896.74,20040.26,20587.21,19.6,129.1,28.780000686645508
2025-03-10 19:00,2025-03-11 04:00,2025-03-10 15:00,19338.5,19551.25,19272.5,19464.0,129435,19868.21,20024.51,20578.28,29.5,139.79,28.93000030517578
2025-03-10 20:00,2025-03-11 05:00,2025-03-10 16:00,19463.75,19488.75,19416.25,19472.0,29019,19838.51,20010.52,20569.25,30.1,134.98,28.889999389648438
2025-03-10 22:00,2025-03-11 07:00,2025-03-10 18:00,19440.0,19461.5,19370.5,19376.5,0,19800.66,19995.67,20559.75,27.2,132.59,28.889999389648438
2025-03-10 23:00,2025-03-11 08:00,2025-03-10 19:00,19377.5,19401.0,19229.25,19304.25,14388,19758.99,19980.74,20549.8,25.2,135.39,28.889999389648438
2025-03-11 00:00,2025-03-11 09:00,2025-03-10 20:00,19306.5,19329.5,19139.25,19206.0,14621,19713.11,19962.99,20539.38,22.7,139.31,28.889999389648438
2025-03-11 01:00,2025-03-11 10:00,2025-03-10 21:00,19208.0,19272.0,19146.75,19254.75,13279,19671.14,19944.62,20529.12,26.6,138.3,28.889999389648438
2025-03-11 02:00,2025-03-11 11:00,2025-03-10 22:00,19256.75,19420.0,19247.25,19391.25,15619,19636.16,19928.71,20519.48,36.1,140.76,28.889999389648438
2025-03-11 03:00,2025-03-11 12:00,2025-03-10 23:00,19393.25,19494.5,19393.25,19437.25,10665,19602.49,19913.96,20510.22,39.0,138.08,28.889999389648438
2025-03-11 04:00,2025-03-11 13:00,2025-03-11 00:00,19435.0,19494.5,19433.5,19465.5,5900,19571.2,19899.33,20501.1,40.7,132.58,28.889999389648438
2025-03-11 05:00,2025-03-11 14:00,2025-03-11 01:00,19465.5,19491.75,19446.0,19477.75,4889,19547.09,19884.99,20492.12,41.5,126.38,28.889999389648438
2025-03-11 06:00,2025-03-11 15:00,2025-03-11 02:00,19475.75,19519.75,19458.0,19474.25,6045,19520.7,19871.06,20482.98,41.4,121.76,28.889999389648438
2025-03-11 07:00,2025-03-11 16:00,2025-03-11 03:00,19474.25,19494.5,19403.0,19482.0,9583,19496.3,19857.07,20473.63,41.9,119.6,28.889999389648438
2025-03-11 08:00,2025-03-11 17:00,2025-03-11 04:00,19481.0,19568.5,19468.75,19564.0,14488,19476.92,19845.28,20464.7,47.7,118.18,28.889999389648438
2025-03-11 09:00,2025-03-11 18:00,2025-03-11 05:00,19563.25,19581.75,19531.0,19544.75,12639,19458.47,19833.6,20456.18,46.5,113.36,28.889999389648438
2025-03-11 10:00,2025-03-11 19:00,2025-03-11 06:00,19544.5,19561.5,19507.0,19534.0,14013,19445.66,19820.96,20448.34,45.8,109.16,28.889999389648438
2025-03-11 11:00,2025-03-11 20:00,2025-03-11 07:00,19533.75,19578.0,19470.5,19578.0,12439,19446.85,19809.12,20440.76,49.1,109.04,28.889999389648438
2025-03-11 12:00,2025-03-11 21:00,2025-03-11 08:00,19576.75,19585.0,19439.25,19453.0,24449,19440.12,19794.24,20432.07,41.5,111.66,28.889999389648438
2025-03-11 13:00,2025-03-11 22:00,2025-03-11 09:00,19453.75,19599.0,19385.75,19521.0,83770,19439.04,19781.1,20423.31,46.3,118.92,28.889999389648438
2025-03-11 14:00,2025-03-11 23:00,2025-03-11 10:00,19523.25,19613.25,19264.5,19315.0,136254,19432.7,19763.71,20413.82,36.4,135.34,29.489999771118164
2025-03-11 15:00,2025-03-12 00:00,2025-03-11 11:00,19311.5,19544.25,19286.0,19423.25,88835,19436.92,19749.67,20405.25,43.3,144.12,29.139999389648438
2025-03-11 16:00,2025-03-12 01:00,2025-03-11 12:00,19422.25,19446.0,19296.0,19323.0,62435,19429.88,19734.81,20396.03,39.1,144.54,29.209999084472656
2025-03-11 17:00,2025-03-12 02:00,2025-03-11 13:00,19323.0,19369.5,19201.0,19325.0,77917,19422.53,19718.49,20386.73,39.2,146.25,29.65999984741211
2025-03-11 18:00,2025-03-12 03:00,2025-03-11 14:00,19326.0,19686.75,19319.0,19638.75,91972,19435.64,19710.85,20379.12,55.0,162.07,28.809999465942383
2025-03-11 19:00,2025-03-12 04:00,2025-03-11 15:00,19640.0,19677.25,19391.75,19393.25,100556,19440.09,19702.1,20370.24,45.1,170.89,28.520000457763672
2025-03-11 20:00,2025-03-12 05:00,2025-03-11 16:00,19392.5,19446.0,19371.75,19401.25,25056,19449.85,19691.22,20361.02,45.5,163.98,28.860000610351562
2025-03-11 22:00,2025-03-12 07:00,2025-03-11 18:00,19412.75,19479.75,19399.25,19469.75,0,19460.6,19677.22,20351.96,48.5,158.02,28.860000610351562
2025-03-11 23:00,2025-03-12 08:00,2025-03-11 19:00,19468.75,19477.25,19423.5,19476.75,5213,19464.88,19662.9,20342.94,48.8,150.57,28.860000610351562
2025-03-12 00:00,2025-03-12 09:00,2025-03-11 20:00,19478.0,19499.75,19438.5,19466.25,6456,19466.33,19647.73,20333.65,48.3,144.19,28.860000610351562
2025-03-12 01:00,2025-03-12 10:00,2025-03-11 21:00,19467.0,19482.75,19442.25,19471.5,4887,19466.62,19633.01,20324.39,48.6,136.79,28.860000610351562
2025-03-12 02:00,2025-03-12 11:00,2025-03-11 22:00,19472.5,19492.5,19449.5,19452.5,3221,19465.36,19621.83,20315.05,47.6,130.09,28.860000610351562
2025-03-12 03:00,2025-03-12 12:00,2025-03-11 23:00,19455.25,19468.75,19436.0,19453.75,2675,19464.34,19610.21,20305.6,47.7,123.13,28.860000610351562
2025-03-12 04:00,2025-03-12 13:00,2025-03-12 00:00,19442.25,19473.0,19440.5,19454.0,2746,19462.94,19597.97,20296.11,47.7,116.66,28.860000610351562
2025-03-12 05:00,2025-03-12 14:00,2025-03-12 01:00,19455.0,19483.5,19447.75,19480.0,1920,19458.74,19584.9,20286.98,49.4,110.88,28.860000610351562
2025-03-12 06:00,2025-03-12 15:00,2025-03-12 02:00,19480.25,19480.75,19397.0,19412.0,3749,19452.1,19570.38,20278.99,45.3,108.94,28.860000610351562
2025-03-12 07:00,2025-03-12 16:00,2025-03-12 03:00,19412.0,19483.0,19387.0,19474.5,8921,19449.12,19557.4,20271.27,49.4,108.02,28.860000610351562
2025-03-12 08:00,2025-03-12 17:00,2025-03-12 04:00,19474.75,19555.5,19442.0,19547.25,13014,19447.59,19546.47,20263.98,53.9,108.41,28.860000610351562
2025-03-12 09:00,2025-03-12 18:00,2025-03-12 05:00,19546.0,19565.0,19523.5,19560.25,7936,19452.95,19535.85,20256.59,54.6,103.63,28.860000610351562
2025-03-12 10:00,2025-03-12 19:00,2025-03-12 06:00,19559.5,19567.25,19524.25,19550.5,6488,19454.42,19524.65,20249.08,53.9,99.3,28.860000610351562
2025-03-12 11:00,2025-03-12 20:00,2025-03-12 07:00,19551.0,19608.25,19546.75,19582.75,10758,19467.81,19514.48,20242.82,56.0,96.6,28.860000610351562
2025-03-12 12:00,2025-03-12 21:00,2025-03-12 08:00,19582.5,19788.5,19564.75,19722.0,43881,19482.75,19509.72,20238.39,63.6,105.68,28.860000610351562
2025-03-12 13:00,2025-03-12 22:00,2025-03-12 09:00,19722.5,19777.5,19589.75,19645.0,96677,19498.85,19502.58,20233.45,57.6,111.54,28.860000610351562
2025-03-12 14:00,2025-03-12 23:00,2025-03-12 10:00,19643.25,19724.5,19469.5,19475.75,105600,19506.39,19492.69,20227.46,47.2,121.79,27.600000381469727
2025-03-12 15:00,2025-03-13 00:00,2025-03-12 11:00,19475.0,19638.0,19395.25,19633.0,86211,19506.1,19486.33,20222.54,55.3,130.43,27.790000915527344
2025-03-12 16:00,2025-03-13 01:00,2025-03-12 12:00,19634.0,19727.75,19586.5,19626.5,77450,19517.76,19480.58,20217.53,54.9,131.2,27.25
2025-03-12 17:00,2025-03-13 02:00,2025-03-12 13:00,19627.0,19719.5,19535.5,19539.75,58833,19524.69,19475.57,20212.29,50.1,134.97,26.8799991607666
2025-03-12 18:00,2025-03-13 03:00,2025-03-12 14:00,19540.0,19706.25,19531.25,19677.75,52139,19535.09,19478.04,20207.88,56.6,137.83,26.829999923706055
2025-03-12 19:00,2025-03-13 04:00,2025-03-12 15:00,19677.5,19677.75,19554.0,19609.5,74614,19541.72,19478.48,20202.86,52.9,136.83,26.8700008392334
2025-03-12 20:00,2025-03-13 05:00,2025-03-12 16:00,19609.5,19609.5,19561.5,19572.75,14912,19547.05,19479.08,20197.6,51.0,130.48,26.709999084472656
2025-03-12 22:00,2025-03-13 07:00,2025-03-12 18:00,19572.0,19637.25,19567.5,19627.25,0,19554.84,19482.79,20192.77,53.7,126.14,26.709999084472656
2025-03-12 23:00,2025-03-13 08:00,2025-03-12 19:00,19626.25,19688.0,19626.25,19685.25,4642,19566.47,19489.72,20188.07,56.5,121.55,26.709999084472656
2025-03-13 00:00,2025-03-13 09:00,2025-03-12 20:00,19683.75,19694.0,19639.75,19644.5,4772,19576.01,19493.33,20182.99,54.0,116.74,26.709999084472656
2025-03-13 01:00,2025-03-13 10:00,2025-03-12 21:00,19643.25,19656.5,19607.0,19638.5,5221,19585.24,19496.66,20177.9,53.7,111.94,26.709999084472656
2025-03-13 02:00,2025-03-13 11:00,2025-03-12 22:00,19638.0,19644.0,19587.25,19592.25,3903,19590.85,19500.97,20172.58,50.8,107.99,26.709999084472656
2025-03-13 03:00,2025-03-13 12:00,2025-03-12 23:00,19592.25,19592.75,19510.0,19521.25,6767,19596.31,19505.31,20166.87,46.7,106.19,26.709999084472656
2025-03-13 04:00,2025-03-13 13:00,2025-03-13 00:00,19538.75,19544.75,19463.0,19481.0,6895,19596.64,19510.81,20161.17,44.5,104.44,26.709999084472656
2025-03-13 05:00,2025-03-13 14:00,2025-03-13 01:00,19481.75,19504.0,19435.0,19464.0,7484,19592.47,19515.0,20155.49,43.5,101.91,26.709999084472656
2025-03-13 06:00,2025-03-13 15:00,2025-03-13 02:00,19465.75,19499.0,19400.75,19483.5,9693,19588.64,19516.85,20149.94,45.0,101.65,26.709999084472656
2025-03-13 07:00,2025-03-13 16:00,2025-03-13 03:00,19483.0,19512.0,19416.75,19432.0,11949,19582.71,19516.74,20143.3,41.9,101.19,26.709999084472656
2025-03-13 08:00,2025-03-13 17:00,2025-03-13 04:00,19430.75,19494.5,19409.5,19492.75,14955,19578.21,19517.28,20137.28,46.5,100.04,26.709999084472656
2025-03-13 09:00,2025-03-13 18:00,2025-03-13 05:00,19491.75,19609.0,19460.25,19606.0,15533,19572.41,19519.85,20132.61,53.8,103.52,26.709999084472656
2025-03-13 10:00,2025-03-13 19:00,2025-03-13 06:00,19605.5,19631.0,19560.25,19575.25,14051,19568.92,19521.87,20127.78,51.7,101.18,26.709999084472656
2025-03-13 11:00,2025-03-13 20:00,2025-03-13 07:00,19575.5,19595.0,19494.75,19532.0,17654,19571.74,19522.87,20121.88,48.9,101.11,26.709999084472656
2025-03-13 12:00,2025-03-13 21:00,2025-03-13 08:00,19529.25,19600.0,19477.25,19555.75,28321,19567.88,19522.71,20115.06,50.5,102.66,26.709999084472656
2025-03-13 13:00,2025-03-13 22:00,2025-03-13 09:00,19556.0,19590.75,19339.5,19368.0,87832,19554.95,19519.17,20107.35,39.8,113.27,26.709999084472656
2025-03-13 14:00,2025-03-13 23:00,2025-03-13 10:00,19367.5,19570.0,19324.5,19423.25,125470,19549.12,19516.96,20099.63,43.6,122.71,26.93000030517578
2025-03-13 15:00,2025-03-14 00:00,2025-03-13 11:00,19424.5,19477.5,19276.5,19296.75,90383,19530.08,19511.33,20091.69,37.8,128.31,27.329999923706055
2025-03-13 16:00,2025-03-14 01:00,2025-03-13 12:00,19297.0,19390.75,19240.5,19288.25,61553,19514.01,19508.03,20083.41,37.4,129.87,27.6299991607666
2025-03-13 17:00,2025-03-14 02:00,2025-03-13 13:00,19287.5,19312.75,19170.0,19191.0,58230,19494.92,19501.44,20074.72,33.5,130.79,28.030000686645508
2025-03-13 18:00,2025-03-14 03:00,2025-03-13 14:00,19190.0,19377.0,19186.75,19363.5,67547,19481.74,19502.4,20066.92,44.6,135.04,27.84000015258789
2025-03-13 19:00,2025-03-14 04:00,2025-03-13 15:00,19362.25,19396.25,19184.25,19251.5,79262,19460.05,19498.97,20058.41,39.9,140.54,27.889999389648438
2025-03-13 20:00,2025-03-14 05:00,2025-03-13 16:00,19251.75,19328.5,19243.75,19293.0,21655,19442.47,19498.37,20049.94,42.4,136.55,27.799999237060547
2025-03-13 22:00,2025-03-14 07:00,2025-03-13 18:00,19312.75,19382.0,19296.75,19362.5,0,19428.67,19499.12,20041.71,46.3,133.16,27.799999237060547
2025-03-13 23:00,2025-03-14 08:00,2025-03-13 19:00,19362.25,19386.5,19349.25,19356.25,5788,19416.88,19493.47,20033.67,46.0,126.31,27.799999237060547
2025-03-14 00:00,2025-03-14 09:00,2025-03-13 20:00,19358.25,19425.75,19335.0,19400.5,13808,19410.84,19493.62,20025.94,48.5,123.77,27.799999237060547
2025-03-14 01:00,2025-03-14 10:00,2025-03-13 21:00,19401.25,19432.75,19387.5,19402.75,8083,19406.92,19493.65,20017.88,48.7,118.16,27.799999237060547
2025-03-14 02:00,2025-03-14 11:00,2025-03-13 22:00,19403.5,19441.5,19401.5,19435.5,5485,19405.5,19492.96,20010.04,50.7,112.58,27.799999237060547
2025-03-14 03:00,2025-03-14 12:00,2025-03-13 23:00,19434.25,19460.0,19433.0,19449.75,4787,19403.81,19492.42,20002.08,51.5,106.46,27.799999237060547
2025-03-14 04:00,2025-03-14 13:00,2025-03-14 00:00,19449.75,19458.75,19431.0,19442.0,3824,19404.31,19491.94,19993.94,51.0,100.84,27.799999237060547
2025-03-14 05:00,2025-03-14 14:00,2025-03-14 01:00,19441.75,19455.25,19404.25,19410.25,4462,19400.19,19490.71,19985.67,48.8,97.28,27.799999237060547
2025-03-14 06:00,2025-03-14 15:00,2025-03-14 02:00,19410.5,19420.5,19383.75,19413.0,4992,19390.54,19489.92,19978.5,49.0,92.96,27.799999237060547
2025-03-14 07:00,2025-03-14 16:00,2025-03-14 03:00,19411.25,19422.0,19370.0,19391.75,8321,19381.36,19488.68,19971.17,47.4,90.03,27.799999237060547
2025-03-14 08:00,2025-03-14 17:00,2025-03-14 04:00,19392.25,19454.0,19375.25,19427.75,11663,19376.15,19488.15,19963.7,50.3,89.23,27.799999237060547
2025-03-14 09:00,2025-03-14 18:00,2025-03-14 05:00,19428.75,19462.5,19427.0,19441.5,10987,19370.44,19487.38,19956.66,51.5,85.39,27.799999237060547
2025-03-14 10:00,2025-03-14 19:00,2025-03-14 06:00,19443.0,19487.75,19398.5,19456.5,17635,19374.86,19488.28,19950.21,52.7,85.66,27.799999237060547
2025-03-14 11:00,2025-03-14 20:00,2025-03-14 07:00,19456.75,19487.25,19424.0,19472.25,14217,19377.31,19488.23,19944.55,54.1,84.06,27.799999237060547
2025-03-14 12:00,2025-03-14 21:00,2025-03-14 08:00,19472.25,19533.5,19467.0,19496.0,20560,19387.28,19487.21,19939.67,56.1,82.81,27.799999237060547
2025-03-14 13:00,2025-03-14 22:00,2025-03-14 09:00,19495.75,19620.75,19450.75,19548.25,87855,19400.28,19486.97,19934.75,60.3,89.04,27.799999237060547
2025-03-14 14:00,2025-03-14 23:00,2025-03-14 10:00,19545.25,19611.0,19437.0,19609.75,135774,19421.21,19488.15,19930.22,64.5,95.11,27.610000610351562
2025-03-14 15:00,2025-03-15 00:00,2025-03-14 11:00,19610.25,19703.0,19589.25,19680.0,85379,19437.04,19490.1,19925.87,68.7,96.44,26.6299991607666
2025-03-14 16:00,2025-03-15 01:00,2025-03-14 12:00,19680.0,19707.75,19604.5,19687.0,63753,19458.81,19489.4,19921.92,69.1,96.92,26.68000030517578
2025-03-14 17:00,2025-03-15 02:00,2025-03-14 13:00,19686.75,19707.25,19619.75,19629.75,57036,19475.65,19489.09,19917.45,62.3,96.25,26.290000915527344
2025-03-14 18:00,2025-03-15 03:00,2025-03-14 14:00,19630.0,19704.5,19612.25,19674.25,51360,19491.24,19493.06,19913.12,65.1,95.96,26.020000457763672
2025-03-14 19:00,2025-03-15 04:00,2025-03-14 15:00,19673.75,19742.5,19650.0,19705.25,84990,19508.69,19494.51,19908.98,67.0,95.72,25.75
2025-03-14 20:00,2025-03-15 05:00,2025-03-14 16:00,19705.0,19707.25,19640.75,19665.0,24431,19521.91,19495.28,19904.47,62.3,93.63,25.600000381469727
2025-03-16 22:00,2025-03-17 07:00,2025-03-16 18:00,19668.25,19686.25,19559.5,19569.5,11211,19530.25,19495.87,19899.52,52.9,96.0,25.600000381469727
2025-03-16 23:00,2025-03-17 08:00,2025-03-16 19:00,19569.25,19611.25,19550.5,19584.0,4705,19537.67,19493.99,19894.99,54.0,93.48,25.600000381469727
2025-03-17 00:00,2025-03-17 09:00,2025-03-16 20:00,19586.0,19622.75,19564.5,19601.75,7001,19545.28,19493.84,19890.42,55.4,90.96,25.600000381469727
2025-03-17 01:00,2025-03-17 10:00,2025-03-16 21:00,19600.0,19628.25,19598.75,19609.0,4251,19553.62,19494.56,19885.98,56.0,86.57,25.600000381469727
2025-03-17 02:00,2025-03-17 11:00,2025-03-16 22:00,19609.25,19611.25,19592.25,19602.5,3327,19563.24,19494.07,19881.68,55.3,81.75,25.600000381469727
2025-03-17 03:00,2025-03-17 12:00,2025-03-16 23:00,19600.75,19610.0,19583.25,19586.0,2561,19571.89,19492.08,19877.24,53.4,77.82,25.600000381469727
2025-03-17 04:00,2025-03-17 13:00,2025-03-17 00:00,19584.5,19606.5,19584.25,19595.0,2147,19582.05,19491.1,19873.61,54.3,73.85,25.600000381469727
2025-03-17 05:00,2025-03-17 14:00,2025-03-17 01:00,19595.75,19600.0,19585.0,19593.75,1325,19590.35,19490.2,19869.95,54.2,69.64,25.600000381469727
2025-03-17 06:00,2025-03-17 15:00,2025-03-17 02:00,19594.0,19601.75,19562.0,19577.5,2658,19597.15,19489.9,19866.68,52.1,67.51,25.600000381469727
2025-03-17 07:00,2025-03-17 16:00,2025-03-17 03:00,19577.0,19600.0,19555.0,19592.0,4718,19603.92,19491.32,19863.66,53.8,65.9,25.600000381469727
2025-03-17 08:00,2025-03-17 17:00,2025-03-17 04:00,19593.25,19627.75,19575.75,19618.25,7316,19611.22,19494.06,19860.25,56.8,64.91,25.600000381469727
2025-03-17 09:00,2025-03-17 18:00,2025-03-17 05:00,19618.75,19636.5,19604.75,19625.25,5591,19617.69,19497.29,19856.69,57.6,62.54,25.600000381469727
2025-03-17 10:00,2025-03-17 19:00,2025-03-17 06:00,19624.5,19688.75,19617.25,19680.25,7027,19624.29,19501.22,19852.59,63.4,63.18,25.600000381469727
2025-03-17 11:00,2025-03-17 20:00,2025-03-17 07:00,19679.0,19717.0,19677.5,19682.75,9225,19627.94,19506.24,19847.91,63.6,61.49,25.600000381469727
2025-03-17 12:00,2025-03-17 21:00,2025-03-17 08:00,19683.25,19778.5,19660.25,19752.75,20441,19631.58,19511.44,19844.69,69.7,65.54,25.600000381469727
2025-03-17 13:00,2025-03-17 22:00,2025-03-17 09:00,19751.25,19847.75,19683.25,19789.0,76167,19636.67,19515.1,19840.95,72.3,72.61,25.600000381469727
2025-03-17 14:00,2025-03-17 23:00,2025-03-17 10:00,19790.0,19816.75,19671.25,19686.0,99448,19639.49,19517.31,19836.49,57.4,77.82,25.760000228881836
2025-03-17 15:00,2025-03-18 00:00,2025-03-17 11:00,19686.25,19734.5,19628.75,19681.5,53877,19639.85,19520.31,19832.23,56.8,79.81,25.770000457763672
2025-03-17 16:00,2025-03-18 01:00,2025-03-17 12:00,19682.25,19745.0,19654.75,19699.25,48514,19639.55,19523.17,19828.21,58.5,80.56,25.690000534057617
2025-03-17 17:00,2025-03-18 02:00,2025-03-17 13:00,19698.5,19833.25,19673.25,19816.0,54868,19647.1,19532.13,19824.89,67.5,86.23,25.190000534057617
2025-03-17 18:00,2025-03-18 03:00,2025-03-17 14:00,19815.75,19959.25,19814.75,19937.5,62186,19665.5,19542.42,19821.83,73.9,90.39,24.68000030517578
2025-03-17 19:00,2025-03-18 04:00,2025-03-17 15:00,19936.75,19944.5,19826.0,19832.5,65050,19677.92,19553.13,19818.3,62.5,92.4,24.670000076293945
2025-03-17 20:00,2025-03-18 05:00,2025-03-17 16:00,19832.5,19838.5,19800.5,19831.25,14808,19689.4,19563.99,19814.71,62.4,88.52,24.979999542236328
2025-03-17 22:00,2025-03-18 07:00,2025-03-17 18:00,19821.0,19858.0,19813.25,19850.5,0,19701.47,19577.19,19811.22,63.6,85.39,24.979999542236328
2025-03-17 23:00,2025-03-18 08:00,2025-03-17 19:00,19850.5,19853.0,19817.25,19820.75,3553,19712.39,19586.33,19807.62,60.4,81.84,24.979999542236328
2025-03-18 00:00,2025-03-18 09:00,2025-03-17 20:00,19821.5,19827.0,19782.75,19794.0,5516,19722.79,19597.18,19803.83,57.6,79.16,24.979999542236328
2025-03-18 01:00,2025-03-18 10:00,2025-03-17 21:00,19794.0,19806.25,19744.25,19749.75,4810,19730.53,19606.31,19799.53,53.2,77.93,24.979999542236328
2025-03-18 02:00,2025-03-18 11:00,2025-03-17 22:00,19749.0,19768.25,19747.25,19761.5,2490,19738.91,19614.29,19795.61,54.2,73.87,24.979999542236328
2025-03-18 03:00,2025-03-18 12:00,2025-03-17 23:00,19760.25,19764.25,19725.75,19732.0,1977,19746.64,19621.81,19791.81,51.2,71.34,24.979999542236328
2025-03-18 04:00,2025-03-18 13:00,2025-03-18 00:00,19736.75,19747.0,19711.5,19719.0,2047,19752.99,19628.18,19787.98,50.0,68.78,24.979999542236328
2025-03-18 05:00,2025-03-18 14:00,2025-03-18 01:00,19719.5,19746.75,19718.5,19744.25,2331,19759.29,19635.01,19784.6,52.5,65.89,24.979999542236328
2025-03-18 06:00,2025-03-18 15:00,2025-03-18 02:00,19743.75,19771.5,19733.5,19767.0,2482,19766.38,19641.64,19781.85,54.7,63.89,24.979999542236328
2025-03-18 07:00,2025-03-18 16:00,2025-03-18 03:00,19765.75,19780.75,19753.75,19770.75,3213,19770.9,19648.06,19778.75,55.0,61.26,24.979999542236328
2025-03-18 08:00,2025-03-18 17:00,2025-03-18 04:00,19773.0,19827.75,19761.5,19815.75,6125,19777.55,19655.53,19776.14,59.3,61.61,24.979999542236328
2025-03-18 09:00,2025-03-18 18:00,2025-03-18 05:00,19814.5,19828.75,19768.0,19771.25,9439,19778.47,19662.76,19772.14,53.9,61.55,24.979999542236328
2025-03-18 10:00,2025-03-18 19:00,2025-03-18 06:00,19768.75,19776.25,19715.5,19773.0,10095,19777.67,19669.96,19768.06,54.0,61.5,24.979999542236328
2025-03-18 11:00,2025-03-18 20:00,2025-03-18 07:00,19774.25,19788.25,19722.0,19762.5,5752,19781.5,19677.37,19763.61,52.7,61.84,24.979999542236328
2025-03-18 12:00,2025-03-18 21:00,2025-03-18 08:00,19761.5,19768.5,19695.5,19698.75,9748,19782.36,19682.79,19758.82,45.4,62.63,24.979999542236328
2025-03-18 13:00,2025-03-18 22:00,2025-03-18 09:00,19699.0,19724.25,19454.25,19468.25,55239,19770.81,19683.33,19753.1,29.5,77.44,24.979999542236328
2025-03-18 14:00,2025-03-18 23:00,2025-03-18 10:00,19469.25,19530.0,19431.25,19478.0,52108,19753.91,19683.76,19747.47,30.6,78.97,26.540000915527344
2025-03-18 15:00,2025-03-19 00:00,2025-03-18 11:00,19476.0,19497.5,19397.75,19456.5,35993,19729.86,19683.44,19741.79,29.5,80.45,26.399999618530273
2025-03-18 16:00,2025-03-19 01:00,2025-03-18 12:00,19456.5,19548.0,19446.75,19529.0,34061,19714.69,19684.1,19736.36,37.7,81.94,26.09000015258789
2025-03-18 17:00,2025-03-19 02:00,2025-03-18 13:00,19529.0,19545.0,19447.5,19508.25,26129,19698.54,19683.3,19730.88,36.4,83.05,26.350000381469727
2025-03-18 18:00,2025-03-19 03:00,2025-03-18 14:00,19508.0,19579.0,19454.75,19542.75,27806,19683.15,19681.96,19725.48,40.1,85.99,26.040000915527344
2025-03-18 19:00,2025-03-19 04:00,2025-03-18 15:00,19541.5,19547.75,19458.0,19500.25,28913,19667.12,19678.37,19719.78,37.2,86.26,25.829999923706055
2025-03-18 20:00,2025-03-19 05:00,2025-03-18 16:00,19500.75,19531.5,19495.25,19496.75,7860,19652.26,19674.56,19714.21,37.0,82.69,25.979999542236328
2025-03-18 22:00,2025-03-19 07:00,2025-03-18 18:00,19496.75,19517.75,19462.5,19503.0,0,19639.92,19672.03,19708.55,37.7,80.73,25.979999542236328
2025-03-18 23:00,2025-03-19 08:00,2025-03-18 19:00,19503.5,19514.5,19482.0,19504.25,1914,19627.06,19668.62,19703.39,37.9,77.28,25.979999542236328
2025-03-19 00:00,2025-03-19 09:00,2025-03-18 20:00,19504.25,19591.75,19502.0,19569.25,7764,19618.92,19665.9,19699.02,45.7,78.17,25.979999542236328
2025-03-19 01:00,2025-03-19 10:00,2025-03-18 21:00,19570.0,19580.0,19555.0,19564.25,3231,19611.19,19663.89,19694.79,45.2,74.38,25.979999542236328
2025-03-19 02:00,2025-03-19 11:00,2025-03-18 22:00,19567.5,19575.0,19547.25,19547.75,6077,19601.36,19663.46,19690.63,43.6,71.05,25.979999542236328
2025-03-19 03:00,2025-03-19 12:00,2025-03-18 23:00,19548.25,19568.0,19548.25,19556.25,1442,19590.83,19662.9,19686.29,44.7,67.42,25.979999542236328
2025-03-19 04:00,2025-03-19 13:00,2025-03-19 00:00,19544.25,19544.25,19524.75,19528.75,1022,19578.72,19661.44,19682.08,41.9,64.85,25.979999542236328
2025-03-19 05:00,2025-03-19 14:00,2025-03-19 01:00,19530.25,19556.0,19517.5,19532.75,904,19564.58,19659.92,19678.11,42.5,62.97,25.979999542236328
2025-03-19 06:00,2025-03-19 15:00,2025-03-19 02:00,19531.75,19537.75,19511.25,19533.25,1088,19552.67,19658.53,19674.37,42.5,60.36,25.979999542236328
2025-03-19 07:00,2025-03-19 16:00,2025-03-19 03:00,19533.25,19533.25,19455.5,19468.75,3690,19537.46,19656.19,19669.56,36.0,61.61,25.979999542236328
2025-03-19 08:00,2025-03-19 17:00,2025-03-19 04:00,19469.0,19541.25,19467.25,19516.0,4621,19525.14,19654.6,19665.88,42.9,62.49,25.979999542236328
2025-03-19 09:00,2025-03-19 18:00,2025-03-19 05:00,19516.0,19560.25,19501.0,19558.0,4549,19518.1,19653.89,19662.82,48.3,62.26,25.979999542236328
2025-03-19 10:00,2025-03-19 19:00,2025-03-19 06:00,19557.5,19578.5,19541.25,19551.5,3807,19522.26,19653.37,19659.98,47.5,60.47,25.979999542236328
2025-03-19 11:00,2025-03-19 20:00,2025-03-19 07:00,19551.5,19584.75,19542.25,19568.25,4591,19526.78,19652.9,19657.57,49.7,59.19,25.979999542236328
2025-03-19 12:00,2025-03-19 21:00,2025-03-19 08:00,19567.5,19579.25,19539.0,19557.5,3818,19531.83,19651.68,19654.89,48.3,57.84,25.979999542236328
2025-03-19 13:00,2025-03-19 22:00,2025-03-19 09:00,19557.75,19639.0,19504.25,19618.75,26036,19536.31,19651.55,19652.12,55.8,63.33,25.979999542236328
2025-03-19 14:00,2025-03-19 23:00,2025-03-19 10:00,19618.75,19694.25,19585.0,19595.0,24235,19540.65,19649.85,19649.15,52.6,66.61,24.690000534057617
2025-03-19 15:00,2025-03-20 00:00,2025-03-19 11:00,19590.5,19731.5,19588.0,19715.0,17355,19549.26,19650.49,19646.86,63.8,72.1,24.510000228881836
2025-03-19 16:00,2025-03-20 01:00,2025-03-19 12:00,19715.0,19728.0,19651.5,19672.0,12302,19557.85,19648.88,19644.23,58.5,72.42,24.34000015258789
2025-03-19 17:00,2025-03-20 02:00,2025-03-19 13:00,19672.25,19680.75,19584.75,19610.5,10335,19563.54,19645.31,19641.31,51.8,74.1,24.520000457763672
2025-03-19 18:00,2025-03-20 03:00,2025-03-19 14:00,19603.25,19824.0,19550.0,19820.25,30490,19579.4,19647.99,19639.56,66.0,88.38,24.09000015258789
2025-03-19 19:00,2025-03-20 04:00,2025-03-19 15:00,19819.0,19935.0,19729.5,19748.5,27007,19591.61,19649.33,19637.39,59.6,96.75,23.84000015258789
2025-03-19 20:00,2025-03-20 05:00,2025-03-19 16:00,19748.25,19775.25,19735.0,19739.0,4764,19600.1,19650.12,19635.32,58.7,92.71,23.739999771118164
2025-03-19 22:00,2025-03-20 07:00,2025-03-19 18:00,19746.75,19820.0,19730.25,19807.0,0,19612.24,19649.94,19633.71,62.7,92.5,23.739999771118164
2025-03-19 23:00,2025-03-20 08:00,2025-03-19 19:00,19806.0,19826.25,19797.0,19823.5,1973,19626.03,19647.67,19632.0,63.6,87.98,23.739999771118164
2025-03-20 00:00,2025-03-20 09:00,2025-03-19 20:00,19823.5,19847.75,19803.75,19839.0,1336,19640.16,19647.79,19630.35,64.5,84.84,23.739999771118164
2025-03-20 01:00,2025-03-20 10:00,2025-03-19 21:00,19838.25,19849.0,19817.0,19819.75,1194,19654.71,19647.56,19628.46,62.5,81.07,23.739999771118164
2025-03-20 02:00,2025-03-20 11:00,2025-03-19 22:00,19820.0,19866.75,19820.0,19860.5,1232,19671.1,19647.76,19626.87,65.0,78.63,23.739999771118164
2025-03-20 03:00,2025-03-20 12:00,2025-03-19 23:00,19860.75,19885.75,19860.75,19870.5,889,19687.96,19648.76,19625.3,65.6,74.82,23.739999771118164
2025-03-20 04:00,2025-03-20 13:00,2025-03-20 00:00,19873.0,19883.75,19861.0,19872.25,645,19708.14,19650.33,19624.04,65.7,71.1,23.739999771118164
2025-03-20 05:00,2025-03-20 14:00,2025-03-20 01:00,19872.5,19881.25,19860.0,19879.5,748,19726.31,19652.92,19623.1,66.2,67.54,23.739999771118164
2025-03-20 06:00,2025-03-20 15:00,2025-03-20 02:00,19877.75,19880.5,19836.75,19842.0,1097,19740.51,19654.53,19621.61,61.3,65.84,23.739999771118164
2025-03-20 07:00,2025-03-20 16:00,2025-03-20 03:00,19842.5,19868.25,19830.0,19833.75,1608,19754.62,19656.56,19620.67,60.3,63.87,23.739999771118164
2025-03-20 08:00,2025-03-20 17:00,2025-03-20 04:00,19835.5,19866.5,19834.75,19846.5,2260,19768.54,19659.12,19620.75,61.4,61.65,23.739999771118164
2025-03-20 09:00,2025-03-20 18:00,2025-03-20 05:00,19846.75,19850.5,19728.75,19746.75,4388,19778.0,19659.17,19619.76,49.7,65.94,23.739999771118164
2025-03-20 10:00,2025-03-20 19:00,2025-03-20 06:00,19747.0,19747.0,19530.25,19611.5,7479,19777.64,19656.06,19616.97,38.9,76.71,23.739999771118164
2025-03-20 11:00,2025-03-20 20:00,2025-03-20 07:00,19616.25,19655.25,19592.25,19641.0,1841,19779.94,19653.46,19614.21,41.9,75.73,23.739999771118164
2025-03-20 12:00,2025-03-20 21:00,2025-03-20 08:00,19654.0,19658.5,19619.0,19626.5,1588,19775.51,19649.67,19611.22,40.8,73.14,23.739999771118164
2025-03-20 13:00,2025-03-20 22:00,2025-03-20 09:00,19623.0,19733.5,19554.25,19729.5,10171,19778.39,19648.84,19608.83,50.3,80.72,23.739999771118164
2025-03-20 14:00,2025-03-20 23:00,2025-03-20 10:00,19728.5,19898.75,19723.25,19838.0,14565,19789.76,19650.14,19607.96,58.0,87.49,23.010000228881836
2025-03-20 15:00,2025-03-21 00:00,2025-03-20 11:00,19840.5,19857.75,19757.0,19784.0,12084,19787.95,19650.57,19606.71,53.6,88.44,23.049999237060547
2025-03-20 16:00,2025-03-21 01:00,2025-03-20 12:00,19779.25,19835.0,19659.25,19674.5,12475,19784.25,19650.08,19604.75,45.9,94.68,23.899999618530273
2025-03-20 17:00,2025-03-21 02:00,2025-03-20 13:00,19675.0,19742.5,19627.25,19650.25,9049,19779.81,19653.72,19602.33,44.4,96.15,24.139999389648438
2025-03-20 18:00,2025-03-21 03:00,2025-03-20 14:00,19650.75,19699.0,19597.75,19618.25,8265,19770.38,19656.53,19599.74,42.4,96.51,23.989999771118164
2025-03-20 19:00,2025-03-21 04:00,2025-03-20 15:00,19620.5,19720.0,19615.0,19681.0,12020,19763.25,19661.02,19597.52,47.4,97.12,23.760000228881836
2025-03-20 20:00,2025-03-21 05:00,2025-03-20 16:00,19682.0,19712.25,19678.0,19690.5,2671,19755.83,19664.25,19595.51,48.1,92.63,23.479999542236328
2025-03-20 22:00,2025-03-21 07:00,2025-03-20 18:00,19690.75,19715.25,19678.75,19684.0,0,19749.04,19667.76,19593.47,47.6,88.62,23.479999542236328
2025-03-20 23:00,2025-03-21 08:00,2025-03-20 19:00,19685.0,19686.25,19647.25,19683.25,495,19740.17,19670.58,19591.33,47.6,85.07,23.479999542236328
2025-03-21 00:00,2025-03-21 09:00,2025-03-20 20:00,19682.25,19720.25,19678.0,19711.0,375,19732.2,19674.79,19589.43,50.1,82.01,23.479999542236328
2025-03-21 01:00,2025-03-21 10:00,2025-03-20 21:00,19713.5,19728.75,19697.0,19721.0,275,19724.64,19679.28,19588.24,51.0,78.42,23.479999542236328
2025-03-21 02:00,2025-03-21 11:00,2025-03-20 22:00,19725.0,19725.0,19688.0,19705.25,252,19715.92,19683.32,19586.75,49.5,75.47,23.479999542236328
2025-03-21 03:00,2025-03-21 12:00,2025-03-20 23:00,19695.0,19696.0,19663.0,19678.75,284,19707.76,19686.81,19585.3,46.9,73.09,23.479999542236328
2025-03-21 04:00,2025-03-21 13:00,2025-03-21 00:00,19686.25,19689.5,19664.0,19667.75,184,19699.46,19688.78,19583.88,45.9,69.69,23.479999542236328
2025-03-21 05:00,2025-03-21 14:00,2025-03-21 01:00,19664.75,19666.5,19626.25,19643.25,262,19689.3,19690.36,19582.53,43.5,67.68,23.479999542236328
2025-03-21 06:00,2025-03-21 15:00,2025-03-21 02:00,19640.75,19689.5,19638.5,19689.5,295,19686.44,19693.19,19582.02,48.8,66.49,23.479999542236328
2025-03-21 07:00,2025-03-21 16:00,2025-03-21 03:00,19690.0,19690.25,19624.75,19640.0,281,19687.86,19694.87,19582.45,44.1,66.42,23.479999542236328
2025-03-21 08:00,2025-03-21 17:00,2025-03-21 04:00,19633.25,19670.0,19569.0,19597.75,660,19685.7,19696.25,19582.5,40.4,68.89,23.479999542236328
2025-03-21 09:00,2025-03-21 18:00,2025-03-21 05:00,19600.0,19614.25,19563.5,19592.75,294,19684.01,19697.45,19582.75,40.0,67.59,23.479999542236328
2025-03-21 10:00,2025-03-21 19:00,2025-03-21 06:00,19601.5,19646.0,19571.25,19603.5,320,19677.71,19698.85,19583.56,41.4,68.1,23.479999542236328
2025-03-21 11:00,2025-03-21 20:00,2025-03-21 07:00,19609.0,19626.5,19592.5,19595.75,507,19665.6,19701.4,19584.85,40.7,65.67,23.479999542236328
2025-03-21 12:00,2025-03-21 21:00,2025-03-21 08:00,19594.25,19631.5,19477.0,19485.5,1280,19650.67,19700.78,19584.95,31.9,72.01,23.479999542236328
2025-03-21 13:00,2025-03-21 22:00,2025-03-21 09:00,19483.75,19491.0,19408.0,19451.25,1754,19639.51,19698.65,19584.85,29.8,72.8,23.479999542236328
2025-03-21 20:00,2025-03-22 05:00,2025-03-21 16:00,19970.75,19970.80078125,19970.75,19970.75,589029,19655.54,19707.03,19587.82,66.5,104.71,22.729999542236328
2025-03-23 22:00,2025-03-24 07:00,2025-03-23 18:00,20050.5,20102.5,20050.5,20063.5,15018,19677.8,19716.94,19591.62,69.6,106.64,22.729999542236328
2025-03-23 23:00,2025-03-24 08:00,2025-03-23 19:00,20063.75,20114.25,20056.5,20107.5,8188,19699.12,19727.94,19596.12,71.0,103.15,22.729999542236328
2025-03-24 00:00,2025-03-24 09:00,2025-03-23 20:00,20109.75,20139.0,20102.0,20123.0,12894,19720.75,19738.03,19600.47,71.4,98.42,22.729999542236328
2025-03-24 01:00,2025-03-24 10:00,2025-03-23 21:00,20122.25,20127.0,20099.25,20109.25,10256,19742.01,19748.31,19604.06,70.3,93.37,22.729999542236328
2025-03-24 02:00,2025-03-24 11:00,2025-03-23 22:00,20109.75,20117.0,20097.25,20113.75,3031,19763.54,19756.28,19607.44,70.5,88.12,22.729999542236328
2025-03-24 03:00,2025-03-24 12:00,2025-03-23 23:00,20114.0,20125.0,20100.75,20105.0,3157,19783.24,19764.94,19610.64,69.7,83.55,22.729999542236328
2025-03-24 04:00,2025-03-24 13:00,2025-03-24 00:00,20104.0,20113.75,20096.0,20112.5,1949,19802.81,19774.99,19613.81,70.0,78.85,22.729999542236328
2025-03-24 05:00,2025-03-24 14:00,2025-03-24 01:00,20111.75,20126.0,20111.75,20117.0,1857,19823.4,19780.92,19617.02,70.2,74.24,22.729999542236328
2025-03-24 06:00,2025-03-24 15:00,2025-03-24 02:00,20116.5,20149.75,20110.25,20146.75,3891,19846.8,19788.88,19620.35,71.5,71.76,22.729999542236328
2025-03-24 07:00,2025-03-24 16:00,2025-03-24 03:00,20146.5,20172.75,20140.5,20167.5,8898,19871.79,19797.46,19623.37,72.5,68.94,22.729999542236328
2025-03-24 08:00,2025-03-24 17:00,2025-03-24 04:00,20166.75,20227.25,20158.75,20210.75,12890,19900.16,19805.53,19626.69,74.4,68.9,22.729999542236328
2025-03-24 09:00,2025-03-24 18:00,2025-03-24 05:00,20210.0,20221.5,20184.0,20189.25,9504,19925.15,19812.85,19629.97,71.7,66.66,22.729999542236328
2025-03-24 10:00,2025-03-24 19:00,2025-03-24 06:00,20188.5,20230.0,20183.25,20214.75,6223,19953.89,19820.36,19633.15,73.0,65.24,22.729999542236328
2025-03-24 11:00,2025-03-24 20:00,2025-03-24 07:00,20214.0,20262.75,20210.25,20253.0,14015,19986.65,19829.03,19637.15,74.7,64.33,22.729999542236328
2025-03-24 12:00,2025-03-24 21:00,2025-03-24 08:00,20253.75,20276.25,20237.75,20273.0,12957,20020.66,19837.28,19640.92,75.6,62.48,22.729999542236328
2025-03-24 13:00,2025-03-24 22:00,2025-03-24 09:00,20272.75,20338.5,20229.25,20316.0,74518,20056.29,19846.19,19645.92,77.5,65.82,22.729999542236328
2025-03-24 14:00,2025-03-24 23:00,2025-03-24 10:00,20315.5,20359.25,20275.0,20349.25,74212,20093.96,19855.72,19650.55,78.8,67.14,21.889999389648438
2025-03-24 15:00,2025-03-25 00:00,2025-03-24 11:00,20349.25,20370.25,20328.25,20354.5,46953,20137.41,19865.22,19655.71,79.0,65.35,21.81999969482422
2025-03-24 16:00,2025-03-25 01:00,2025-03-24 12:00,20354.75,20380.75,20319.0,20341.75,50064,20181.94,19875.22,19660.79,77.0,65.09,21.940000534057617
2025-03-24 17:00,2025-03-25 02:00,2025-03-24 13:00,20342.5,20350.25,20309.0,20342.5,37005,20200.53,19885.4,19664.31,77.1,63.39,21.75
2025-03-24 18:00,2025-03-25 03:00,2025-03-24 14:00,20342.75,20373.5,20308.25,20366.0,49802,20215.65,19895.78,19669.17,78.2,63.52,21.520000457763672
2025-03-24 19:00,2025-03-25 04:00,2025-03-24 15:00,20366.25,20409.5,20359.75,20365.75,69956,20228.56,19908.17,19674.0,78.2,62.54,21.360000610351562
2025-03-24 20:00,2025-03-25 05:00,2025-03-24 16:00,20365.75,20379.25,20356.25,20357.25,18871,20240.28,19923.08,19678.43,76.5,59.71,21.299999237060547
2025-03-24 22:00,2025-03-25 07:00,2025-03-24 18:00,20353.0,20366.25,20342.25,20348.25,0,20252.22,19937.22,19682.79,74.7,57.16,21.299999237060547
2025-03-24 23:00,2025-03-25 08:00,2025-03-24 19:00,20348.5,20367.75,20343.5,20355.0,2888,20264.29,19951.79,19687.24,75.2,54.81,21.299999237060547
2025-03-25 00:00,2025-03-25 09:00,2025-03-24 20:00,20354.75,20371.5,20334.0,20368.75,7020,20277.47,19964.58,19691.72,76.2,53.57,21.299999237060547
2025-03-25 01:00,2025-03-25 10:00,2025-03-24 21:00,20367.75,20374.75,20358.5,20361.0,3257,20289.9,19975.04,19696.26,74.4,50.91,21.299999237060547
2025-03-25 02:00,2025-03-25 11:00,2025-03-24 22:00,20360.75,20360.75,20338.0,20344.25,5144,20301.26,19986.24,19700.72,70.6,48.91,21.299999237060547
2025-03-25 03:00,2025-03-25 12:00,2025-03-24 23:00,20343.5,20348.25,20329.75,20336.5,2198,20310.75,19999.49,19705.13,68.8,46.74,21.299999237060547
2025-03-25 04:00,2025-03-25 13:00,2025-03-25 00:00,20333.0,20338.75,20328.5,20336.0,1744,20319.17,20013.2,19709.41,68.7,44.14,21.299999237060547
2025-03-25 05:00,2025-03-25 14:00,2025-03-25 01:00,20336.0,20343.0,20333.0,20341.25,1390,20325.7,20027.66,19714.06,69.3,41.7,21.299999237060547
2025-03-25 06:00,2025-03-25 15:00,2025-03-25 02:00,20341.5,20351.0,20332.25,20351.0,2209,20333.79,20041.06,19718.44,70.4,40.06,21.299999237060547
2025-03-25 07:00,2025-03-25 16:00,2025-03-25 03:00,20350.25,20372.0,20338.25,20338.25,4560,20339.96,20054.01,19722.39,66.9,39.61,21.299999237060547
2025-03-25 08:00,2025-03-25 17:00,2025-03-25 04:00,20339.0,20350.5,20293.25,20303.75,11459,20342.5,20066.41,19726.11,58.4,40.87,21.299999237060547
2025-03-25 09:00,2025-03-25 18:00,2025-03-25 05:00,20303.75,20345.5,20296.5,20343.5,10858,20346.03,20079.62,19730.08,64.1,41.45,21.299999237060547
2025-03-25 10:00,2025-03-25 19:00,2025-03-25 06:00,20343.0,20383.0,20320.75,20374.5,8481,20348.95,20092.88,19734.03,67.8,42.93,21.299999237060547
2025-03-25 11:00,2025-03-25 20:00,2025-03-25 07:00,20373.75,20416.5,20364.0,20411.75,9939,20352.08,20106.7,19737.48,71.5,43.62,21.299999237060547
2025-03-25 12:00,2025-03-25 21:00,2025-03-25 08:00,20412.0,20447.5,20403.5,20407.0,12748,20354.7,20120.74,19741.29,70.4,43.64,21.299999237060547
2025-03-25 13:00,2025-03-25 22:00,2025-03-25 09:00,20407.0,20434.75,20361.75,20410.75,64951,20358.15,20135.38,19745.97,70.8,45.74,21.299999237060547
2025-03-25 14:00,2025-03-25 23:00,2025-03-25 10:00,20414.5,20491.0,20371.0,20477.0,71490,20364.88,20151.56,19750.19,76.7,51.05,20.959999084472656
2025-03-25 15:00,2025-03-26 00:00,2025-03-25 11:00,20476.0,20495.25,20432.25,20442.5,44461,20368.7,20167.54,19754.27,68.9,51.9,20.81999969482422
2025-03-25 16:00,2025-03-26 01:00,2025-03-25 12:00,20443.25,20461.25,20417.5,20450.0,44140,20372.91,20182.76,19758.82,69.6,51.32,21.219999313354492
2025-03-25 17:00,2025-03-26 02:00,2025-03-25 13:00,20450.25,20480.0,20402.0,20414.25,41406,20375.76,20198.24,19762.5,62.2,53.22,21.010000228881836
2025-03-25 18:00,2025-03-26 03:00,2025-03-25 14:00,20414.25,20457.25,20402.75,20427.75,40913,20379.74,20214.84,19766.59,63.8,53.31,20.8799991607666
2025-03-25 19:00,2025-03-26 04:00,2025-03-25 15:00,20427.5,20492.75,20425.0,20488.0,57019,20386.39,20232.74,19771.17,69.8,54.35,20.850000381469727
2025-03-25 20:00,2025-03-26 05:00,2025-03-25 16:00,20487.75,20524.75,20486.75,20517.25,15277,20393.81,20251.02,19775.62,72.2,53.18,20.639999389648438
2025-03-25 22:00,2025-03-26 07:00,2025-03-25 18:00,20511.5,20531.5,20504.0,20508.75,0,20401.2,20269.28,19779.74,70.4,51.34,20.639999389648438
2025-03-25 23:00,2025-03-26 08:00,2025-03-25 19:00,20508.75,20534.0,20508.75,20523.5,2373,20410.16,20290.04,19784.13,71.7,49.48,20.639999389648438
2025-03-26 00:00,2025-03-26 09:00,2025-03-25 20:00,20524.0,20536.75,20511.0,20527.0,3234,20419.69,20311.56,19788.57,72.0,47.79,20.639999389648438
2025-03-26 01:00,2025-03-26 10:00,2025-03-25 21:00,20526.25,20526.5,20505.0,20510.5,3291,20428.41,20322.35,19793.17,68.2,45.94,20.639999389648438
2025-03-26 02:00,2025-03-26 11:00,2025-03-25 22:00,20510.75,20513.0,20471.75,20493.5,5038,20436.03,20330.95,19798.03,64.4,45.61,20.639999389648438
2025-03-26 03:00,2025-03-26 12:00,2025-03-25 23:00,20493.25,20494.25,20469.25,20478.0,2455,20442.38,20338.36,19803.01,61.1,44.14,20.639999389648438
2025-03-26 04:00,2025-03-26 13:00,2025-03-26 00:00,20477.75,20484.25,20472.75,20483.5,1383,20449.64,20345.57,19808.11,61.9,41.8,20.639999389648438
2025-03-26 05:00,2025-03-26 14:00,2025-03-26 01:00,20483.25,20494.75,20458.5,20459.5,2214,20457.42,20352.58,19812.99,56.7,41.41,20.639999389648438
2025-03-26 06:00,2025-03-26 15:00,2025-03-26 02:00,20460.0,20474.5,20453.25,20473.75,2379,20463.94,20359.78,19818.2,58.9,39.97,20.639999389648438
2025-03-26 07:00,2025-03-26 16:00,2025-03-26 03:00,20473.25,20498.0,20469.5,20478.5,3558,20469.14,20367.24,19823.13,59.6,39.15,20.639999389648438
2025-03-26 08:00,2025-03-26 17:00,2025-03-26 04:00,20478.75,20484.0,20440.75,20452.5,7820,20471.17,20374.04,19827.36,53.9,39.44,20.639999389648438
2025-03-26 09:00,2025-03-26 18:00,2025-03-26 05:00,20453.75,20468.0,20432.75,20432.75,6162,20472.46,20380.36,19831.65,50.0,39.14,20.639999389648438
2025-03-26 10:00,2025-03-26 19:00,2025-03-26 06:00,20432.75,20473.75,20429.5,20473.5,7083,20475.6,20386.9,19836.35,57.0,39.51,20.639999389648438
2025-03-26 11:00,2025-03-26 20:00,2025-03-26 07:00,20473.5,20493.0,20458.5,20482.5,5531,20475.88,20393.19,19840.99,58.3,39.15,20.639999389648438
2025-03-26 12:00,2025-03-26 21:00,2025-03-26 08:00,20482.25,20485.5,20450.0,20480.5,12549,20477.78,20398.59,19846.55,57.9,38.89,20.639999389648438
2025-03-26 13:00,2025-03-26 22:00,2025-03-26 09:00,20480.0,20486.5,20306.0,20315.75,80424,20471.06,20401.12,19851.01,34.6,49.0,20.639999389648438
2025-03-26 14:00,2025-03-26 23:00,2025-03-26 10:00,20316.5,20356.25,20227.0,20295.5,101561,20465.12,20402.74,19856.01,32.9,54.74,21.489999771118164
2025-03-26 15:00,2025-03-27 00:00,2025-03-26 11:00,20295.75,20320.5,20170.25,20192.5,70742,20453.36,20401.53,19860.53,25.8,61.56,21.600000381469727
2025-03-26 16:00,2025-03-27 01:00,2025-03-26 12:00,20193.0,20218.0,20124.75,20132.25,64110,20435.58,20398.71,19865.23,22.7,63.82,22.020000457763672
2025-03-26 17:00,2025-03-27 02:00,2025-03-26 13:00,20132.5,20157.75,20076.5,20083.75,66005,20413.9,20394.06,19868.83,20.5,65.07,22.43000030517578
2025-03-26 18:00,2025-03-27 03:00,2025-03-26 14:00,20083.25,20146.25,20050.0,20057.25,58042,20391.33,20388.22,19872.86,19.4,67.29,22.149999618530273
2025-03-26 19:00,2025-03-27 04:00,2025-03-26 15:00,20056.25,20135.0,20045.0,20112.5,84370,20370.78,20383.38,19876.96,27.9,68.92,22.520000457763672
2025-03-26 20:00,2025-03-27 05:00,2025-03-26 16:00,20112.25,20120.5,20081.5,20090.5,17199,20348.95,20378.36,19880.6,26.7,66.78,22.049999237060547
2025-03-26 22:00,2025-03-27 07:00,2025-03-26 18:00,20046.0,20098.0,20003.25,20019.0,0,20324.38,20371.89,19883.92,23.2,68.78,22.049999237060547
2025-03-26 23:00,2025-03-27 08:00,2025-03-26 19:00,20019.75,20070.75,20012.5,20059.75,5751,20302.69,20365.76,19887.21,29.0,68.03,22.049999237060547
2025-03-27 00:00,2025-03-27 09:00,2025-03-26 20:00,20059.5,20092.5,20049.5,20072.0,7449,20282.39,20359.89,19890.56,30.6,66.24,22.049999237060547
2025-03-27 01:00,2025-03-27 10:00,2025-03-26 21:00,20073.25,20101.25,20070.5,20088.75,5219,20262.65,20354.52,19893.82,33.0,63.7,22.049999237060547
2025-03-27 02:00,2025-03-27 11:00,2025-03-26 22:00,20088.5,20123.5,20088.0,20118.25,4351,20245.59,20349.92,19897.17,37.0,61.69,22.049999237060547
2025-03-27 03:00,2025-03-27 12:00,2025-03-26 23:00,20118.75,20147.75,20115.0,20136.25,4155,20228.71,20345.54,19900.64,39.4,59.62,22.049999237060547
2025-03-27 04:00,2025-03-27 13:00,2025-03-27 00:00,20144.0,20147.5,20125.5,20134.25,2547,20211.5,20340.85,19904.26,39.2,56.93,22.049999237060547
2025-03-27 05:00,2025-03-27 14:00,2025-03-27 01:00,20134.0,20143.75,20112.25,20114.5,3328,20194.6,20335.92,19907.76,37.4,55.12,22.049999237060547
2025-03-27 06:00,2025-03-27 15:00,2025-03-27 02:00,20114.5,20140.0,20103.0,20112.0,5497,20178.56,20331.28,19911.37,37.2,53.82,22.049999237060547
2025-03-27 07:00,2025-03-27 16:00,2025-03-27 03:00,20111.25,20120.25,20068.25,20073.25,8569,20158.55,20326.01,19914.59,33.7,53.69,22.049999237060547
2025-03-27 08:00,2025-03-27 17:00,2025-03-27 04:00,20075.0,20114.75,20020.0,20112.25,13796,20140.04,20321.54,19917.95,39.8,56.63,22.049999237060547
2025-03-27 09:00,2025-03-27 18:00,2025-03-27 05:00,20112.25,20129.25,20094.25,20116.25,6482,20121.83,20317.04,19921.25,40.4,55.08,22.049999237060547
2025-03-27 10:00,2025-03-27 19:00,2025-03-27 06:00,20117.25,20138.5,20073.0,20075.5,7065,20109.81,20311.53,19924.26,36.4,55.83,22.049999237060547
2025-03-27 11:00,2025-03-27 20:00,2025-03-27 07:00,20074.75,20097.0,20031.0,20090.25,10985,20099.55,20306.57,19927.23,38.8,56.55,22.049999237060547
2025-03-27 12:00,2025-03-27 21:00,2025-03-27 08:00,20088.75,20105.25,20049.5,20064.5,17908,20093.15,20301.78,19929.81,36.2,56.49,22.049999237060547
2025-03-27 13:00,2025-03-27 22:00,2025-03-27 09:00,20065.5,20091.0,19937.25,20077.25,99730,20090.4,20296.46,19932.15,38.4,63.44,22.049999237060547
2025-03-27 14:00,2025-03-27 23:00,2025-03-27 10:00,20076.5,20199.5,20028.0,20189.25,93078,20095.67,20292.76,19934.7,53.3,71.16,22.170000076293945
2025-03-27 15:00,2025-03-28 00:00,2025-03-27 11:00,20189.75,20193.75,20040.5,20048.0,65381,20095.21,20285.48,19936.5,40.1,77.02,21.760000228881836
2025-03-27 16:00,2025-03-28 01:00,2025-03-27 12:00,20048.25,20155.75,20006.0,20008.5,62176,20090.01,20277.51,19938.4,37.3,82.22,22.3799991607666
2025-03-27 17:00,2025-03-28 02:00,2025-03-27 13:00,20008.5,20070.75,20001.0,20015.0,47283,20086.24,20269.6,19940.1,38.1,81.33,22.610000610351562
2025-03-27 18:00,2025-03-28 03:00,2025-03-27 14:00,20014.75,20109.25,20011.0,20045.25,50386,20087.55,20260.96,19941.8,41.6,82.54,22.34000015258789
2025-03-27 19:00,2025-03-28 04:00,2025-03-27 15:00,20045.0,20129.75,19975.0,19994.75,75434,20084.3,20252.01,19943.45,37.7,87.69,22.040000915527344
2025-03-27 20:00,2025-03-28 05:00,2025-03-27 16:00,19995.0,20019.0,19988.0,19997.25,15156,20080.56,20242.95,19945.59,38.1,83.64,22.479999542236328
2025-03-27 22:00,2025-03-28 07:00,2025-03-27 18:00,19995.25,20011.75,19983.25,19991.0,0,20075.67,20234.49,19947.62,37.6,79.71,22.479999542236328
2025-03-27 23:00,2025-03-28 08:00,2025-03-27 19:00,19992.0,19996.0,19953.5,19964.75,4384,20068.0,20225.22,19949.44,35.4,77.05,22.479999542236328
2025-03-28 00:00,2025-03-28 09:00,2025-03-27 20:00,19965.0,19986.75,19931.25,19984.0,4850,20060.39,20215.15,19951.31,38.2,75.51,22.479999542236328
2025-03-28 01:00,2025-03-28 10:00,2025-03-27 21:00,19984.0,19991.75,19961.0,19965.25,3241,20051.94,20204.1,19953.13,36.6,72.31,22.479999542236328
2025-03-28 02:00,2025-03-28 11:00,2025-03-27 22:00,19965.25,19998.0,19963.25,19983.25,2498,20045.38,20193.6,19955.11,39.2,69.63,22.479999542236328
2025-03-28 03:00,2025-03-28 12:00,2025-03-27 23:00,19984.25,19993.25,19968.25,19988.25,2159,20039.19,20182.89,19957.08,40.0,66.44,22.479999542236328
2025-03-28 04:00,2025-03-28 13:00,2025-03-28 00:00,19974.0,19983.25,19966.25,19982.0,2147,20034.62,20171.99,19959.02,39.3,63.27,22.479999542236328
2025-03-28 05:00,2025-03-28 14:00,2025-03-28 01:00,19982.75,19989.5,19964.25,19976.0,1940,20027.81,20161.3,19961.01,38.7,60.55,22.479999542236328
2025-03-28 06:00,2025-03-28 15:00,2025-03-28 02:00,19974.5,20008.75,19921.0,19923.25,5661,20018.16,20149.9,19962.67,33.4,62.49,22.479999542236328
2025-03-28 07:00,2025-03-28 16:00,2025-03-28 03:00,19924.5,19945.25,19845.25,19857.5,12447,20007.26,20137.49,19963.87,28.2,65.17,22.479999542236328
2025-03-28 08:00,2025-03-28 17:00,2025-03-28 04:00,19857.25,19911.75,19853.0,19904.5,11233,19997.97,20125.9,19965.26,35.9,64.71,22.479999542236328
2025-03-28 09:00,2025-03-28 18:00,2025-03-28 05:00,19905.5,19929.0,19897.75,19909.5,6704,19990.22,20114.9,19966.41,36.6,62.32,22.479999542236328
2025-03-28 10:00,2025-03-28 19:00,2025-03-28 06:00,19909.75,19969.75,19907.0,19951.0,7606,19983.91,20104.45,19967.75,42.8,62.35,22.479999542236328
2025-03-28 11:00,2025-03-28 20:00,2025-03-28 07:00,19951.0,19958.25,19908.75,19948.75,7529,19971.89,20093.85,19968.73,42.6,61.44,22.479999542236328
2025-03-28 12:00,2025-03-28 21:00,2025-03-28 08:00,19949.0,19955.25,19863.25,19863.75,20408,19962.67,20082.08,19969.1,34.6,63.62,22.479999542236328
2025-03-28 13:00,2025-03-28 22:00,2025-03-28 09:00,19864.75,19966.0,19840.0,19856.0,87252,19955.05,20070.54,19969.95,34.0,68.08,22.479999542236328
2025-03-28 14:00,2025-03-28 23:00,2025-03-28 10:00,19856.75,19879.0,19575.75,19605.5,131724,19934.58,20053.19,19969.57,20.8,84.87,24.299999237060547
2025-03-28 15:00,2025-03-29 00:00,2025-03-28 11:00,19605.25,19632.0,19542.0,19542.25,84308,19909.42,20034.38,19968.79,18.9,85.24,24.219999313354492
2025-03-28 16:00,2025-03-29 01:00,2025-03-28 12:00,19542.75,19582.5,19485.25,19493.0,64720,19884.34,20014.63,19967.17,17.5,86.1,24.75
2025-03-28 17:00,2025-03-29 02:00,2025-03-28 13:00,19492.5,19500.0,19439.0,19482.75,59930,19858.61,19997.97,19964.9,17.2,84.3,25.3700008392334
2025-03-28 18:00,2025-03-29 03:00,2025-03-28 14:00,19482.75,19518.5,19444.25,19481.5,48607,19833.14,19981.69,19963.15,17.2,83.59,25.079999923706055
2025-03-28 19:00,2025-03-29 04:00,2025-03-28 15:00,19481.5,19504.25,19421.5,19461.75,83802,19807.99,19967.08,19961.3,16.6,83.53,25.030000686645508
2025-03-28 20:00,2025-03-29 05:00,2025-03-28 16:00,19461.5,19462.75,19367.0,19371.25,27476,19777.35,19951.85,19958.9,14.1,84.4,24.959999084472656
2025-03-30 22:00,2025-03-31 07:00,2025-03-30 18:00,19319.75,19365.0,19275.0,19312.0,9932,19744.69,19936.42,19956.36,12.8,85.25,24.959999084472656
2025-03-30 23:00,2025-03-31 08:00,2025-03-30 19:00,19312.0,19314.0,19215.5,19258.5,12865,19708.45,19920.44,19953.68,11.7,86.19,24.959999084472656
2025-03-31 00:00,2025-03-31 09:00,2025-03-30 20:00,19256.5,19261.75,19160.25,19211.75,17559,19669.62,19902.43,19950.99,10.9,87.29,24.959999084472656
2025-03-31 01:00,2025-03-31 10:00,2025-03-30 21:00,19213.0,19272.0,19211.25,19241.75,11501,19632.61,19885.46,19948.39,15.1,85.39,24.959999084472656
2025-03-31 02:00,2025-03-31 11:00,2025-03-30 22:00,19242.0,19254.75,19209.5,19226.25,6434,19595.12,19869.6,19945.86,14.8,82.52,24.959999084472656
2025-03-31 03:00,2025-03-31 12:00,2025-03-30 23:00,19227.25,19232.5,19179.75,19194.5,6195,19558.69,19852.29,19943.24,13.9,80.4,24.959999084472656
2025-03-31 04:00,2025-03-31 13:00,2025-03-31 00:00,19199.75,19237.25,19181.75,19229.5,4950,19527.29,19835.44,19940.67,19.2,78.62,24.959999084472656
2025-03-31 05:00,2025-03-31 14:00,2025-03-31 01:00,19229.0,19259.25,19218.25,19238.5,5778,19493.99,19818.44,19938.02,20.5,75.93,24.959999084472656
2025-03-31 06:00,2025-03-31 15:00,2025-03-31 02:00,19237.25,19246.75,19193.75,19220.25,9424,19459.53,19800.48,19935.27,19.8,74.29,24.959999084472656
2025-03-31 07:00,2025-03-31 16:00,2025-03-31 03:00,19219.25,19265.25,19198.75,19260.5,14772,19425.0,19782.97,19932.49,25.9,73.74,24.959999084472656
2025-03-31 08:00,2025-03-31 17:00,2025-03-31 04:00,19260.25,19272.25,19202.75,19204.5,11917,19387.79,19764.37,19929.66,23.3,73.43,24.959999084472656
2025-03-31 09:00,2025-03-31 18:00,2025-03-31 05:00,19203.5,19227.75,19163.5,19196.0,13203,19354.4,19746.0,19926.78,22.9,72.78,24.959999084472656
2025-03-31 10:00,2025-03-31 19:00,2025-03-31 06:00,19196.25,19231.25,19182.75,19216.0,8830,19322.4,19728.08,19924.04,26.0,71.04,24.959999084472656
2025-03-31 11:00,2025-03-31 20:00,2025-03-31 07:00,19217.0,19228.75,19118.5,19170.75,19227,19300.66,19710.03,19921.4,23.7,73.84,24.959999084472656
2025-03-31 12:00,2025-03-31 21:00,2025-03-31 08:00,19172.0,19223.0,19148.5,19220.5,18095,19284.58,19692.19,19920.17,30.9,73.89,24.959999084472656
2025-03-31 13:00,2025-03-31 22:00,2025-03-31 09:00,19220.0,19236.75,18977.0,19089.25,110900,19264.39,19671.65,19918.22,24.3,87.17,24.959999084472656
2025-03-31 14:00,2025-03-31 23:00,2025-03-31 10:00,19090.0,19168.0,19056.0,19139.5,110549,19247.22,19652.94,19916.64,30.5,88.94,27.059999465942383
2025-03-31 15:00,2025-04-01 00:00,2025-03-31 11:00,19139.5,19263.75,19113.75,19221.5,88889,19234.22,19635.56,19915.1,39.1,93.3,26.15999984741211
2025-03-31 16:00,2025-04-01 01:00,2025-03-31 12:00,19220.75,19286.25,19174.25,19217.25,62575,19222.0,19618.62,19913.64,38.8,94.64,25.549999237060547
2025-03-31 17:00,2025-04-01 02:00,2025-03-31 13:00,19217.75,19307.5,19207.5,19222.75,59216,19214.58,19601.53,19912.04,39.4,95.02,25.950000762939453
2025-03-31 18:00,2025-04-01 03:00,2025-03-31 14:00,19222.5,19416.0,19218.25,19348.5,83210,19216.4,19584.71,19911.28,50.9,102.36,25.229999542236328
2025-03-31 19:00,2025-04-01 04:00,2025-03-31 15:00,19348.25,19489.75,19346.0,19449.75,121315,19225.96,19572.74,19911.05,57.9,105.32,25.329999923706055
2025-03-31 20:00,2025-04-01 05:00,2025-03-31 16:00,19450.0,19454.25,19392.25,19413.0,20027,19236.03,19560.83,19910.6,54.8,102.22,25.350000381469727
2025-03-31 22:00,2025-04-01 07:00,2025-03-31 18:00,19411.25,19413.75,19326.75,19375.0,0,19242.69,19548.03,19909.95,51.8,101.13,25.350000381469727
2025-03-31 23:00,2025-04-01 08:00,2025-03-31 19:00,19374.75,19407.0,19340.0,19358.25,6509,19249.29,19534.29,19908.9,50.5,98.7,25.350000381469727
2025-04-01 00:00,2025-04-01 09:00,2025-03-31 20:00,19359.0,19364.75,19292.5,19318.5,7998,19255.49,19520.77,19907.67,47.4,96.81,25.350000381469727
2025-04-01 01:00,2025-04-01 10:00,2025-03-31 21:00,19318.0,19346.25,19283.25,19340.75,6282,19261.05,19507.64,19906.63,49.3,94.39,25.350000381469727
2025-04-01 02:00,2025-04-01 11:00,2025-03-31 22:00,19340.75,19381.75,19335.75,19380.0,4226,19268.12,19495.42,19905.75,52.5,90.94,25.350000381469727
2025-04-01 03:00,2025-04-01 12:00,2025-03-31 23:00,19380.25,19386.75,19354.5,19365.0,3083,19275.36,19483.42,19904.94,51.1,86.74,25.350000381469727
2025-04-01 04:00,2025-04-01 13:00,2025-04-01 00:00,19350.75,19367.5,19347.5,19366.75,2776,19280.67,19471.08,19904.1,51.3,81.98,25.350000381469727
2025-04-01 05:00,2025-04-01 14:00,2025-04-01 01:00,19366.25,19400.0,19357.75,19360.5,4151,19288.47,19458.99,19903.24,50.7,79.14,25.350000381469727
2025-04-01 06:00,2025-04-01 15:00,2025-04-01 02:00,19359.25,19436.5,19349.75,19429.75,6884,19300.16,19447.92,19903.05,56.9,79.68,25.350000381469727
2025-04-01 07:00,2025-04-01 16:00,2025-04-01 03:00,19430.75,19479.25,19380.75,19393.75,12232,19309.05,19436.03,19902.44,53.1,81.03,25.350000381469727
2025-04-01 08:00,2025-04-01 17:00,2025-04-01 04:00,19394.0,19473.0,19384.25,19469.0,10617,19323.96,19425.76,19901.99,59.2,81.58,25.350000381469727
2025-04-01 09:00,2025-04-01 18:00,2025-04-01 05:00,19468.75,19511.0,19458.5,19487.75,10332,19337.33,19416.0,19901.67,60.6,79.5,25.350000381469727
2025-04-01 10:00,2025-04-01 19:00,2025-04-01 06:00,19488.0,19491.25,19343.75,19405.0,19782,19353.11,19405.63,19900.85,52.2,84.36,25.350000381469727
2025-04-01 11:00,2025-04-01 20:00,2025-04-01 07:00,19405.5,19407.75,19311.25,19354.25,14641,19363.85,19395.57,19899.84,47.9,85.23,25.350000381469727
2025-04-01 12:00,2025-04-01 21:00,2025-04-01 08:00,19353.75,19394.25,19337.75,19382.0,15875,19371.88,19385.12,19898.65,50.3,83.17,25.350000381469727
2025-04-01 13:00,2025-04-01 22:00,2025-04-01 09:00,19383.5,19462.25,19338.25,19398.75,94666,19380.95,19374.9,19897.67,51.8,86.09,25.350000381469727
2025-04-01 14:00,2025-04-01 23:00,2025-04-01 10:00,19410.5,19519.5,19261.25,19516.0,135004,19395.61,19366.21,19896.68,60.6,98.39,26.270000457763672
2025-04-01 15:00,2025-04-02 00:00,2025-04-01 11:00,19516.0,19606.0,19503.0,19592.0,93790,19407.79,19359.07,19896.28,65.0,98.72,25.1299991607666
2025-04-01 16:00,2025-04-02 01:00,2025-04-01 12:00,19592.75,19644.0,19496.5,19564.25,86435,19413.51,19353.08,19896.05,62.2,102.2,25.15999984741211
2025-04-01 17:00,2025-04-02 02:00,2025-04-01 13:00,19564.0,19582.5,19500.75,19505.5,56976,19418.14,19346.07,19894.47,56.8,100.74,25.200000762939453
2025-04-01 18:00,2025-04-02 03:00,2025-04-01 14:00,19505.75,19514.25,19385.0,19448.0,74970,19421.79,19342.92,19892.97,51.9,102.78,25.59000015258789
2025-04-01 19:00,2025-04-02 04:00,2025-04-01 15:00,19448.25,19626.25,19437.5,19603.25,88865,19434.04,19344.14,19892.29,61.5,108.92,25.229999542236328
2025-04-01 20:00,2025-04-02 05:00,2025-04-01 16:00,19603.5,19629.0,19574.75,19598.0,19484,19448.01,19346.24,19891.25,61.0,105.01,24.850000381469727
2025-04-01 22:00,2025-04-02 07:00,2025-04-01 18:00,19600.5,19697.0,19595.25,19643.0,0,19463.12,19349.44,19890.35,63.4,104.78,24.850000381469727
2025-04-01 23:00,2025-04-02 08:00,2025-04-01 19:00,19641.75,19666.75,19631.25,19644.75,4223,19476.36,19352.71,19889.37,63.5,99.83,24.850000381469727
2025-04-02 00:00,2025-04-02 09:00,2025-04-01 20:00,19643.75,19646.75,19556.75,19572.0,8994,19486.71,19354.92,19888.13,56.9,99.13,24.850000381469727
2025-04-02 01:00,2025-04-02 10:00,2025-04-01 21:00,19571.0,19603.0,19561.25,19593.0,4201,19498.03,19359.35,19886.8,58.3,95.03,24.850000381469727
2025-04-02 02:00,2025-04-02 11:00,2025-04-01 22:00,19594.75,19598.5,19568.0,19580.25,2793,19509.01,19364.72,19885.35,57.1,90.42,24.850000381469727
2025-04-02 03:00,2025-04-02 12:00,2025-04-01 23:00,19579.75,19588.75,19561.0,19570.0,2206,19516.03,19370.94,19883.83,56.1,85.94,24.850000381469727
2025-04-02 04:00,2025-04-02 13:00,2025-04-02 00:00,19570.25,19591.0,19565.0,19590.0,2018,19525.84,19378.51,19882.39,57.6,81.66,24.850000381469727
2025-04-02 05:00,2025-04-02 14:00,2025-04-02 01:00,19590.75,19592.75,19548.0,19557.5,2433,19530.26,19384.83,19880.97,54.4,79.03,24.850000381469727
2025-04-02 06:00,2025-04-02 15:00,2025-04-02 02:00,19557.25,19589.5,19544.75,19562.75,4246,19534.01,19391.56,19879.61,54.8,76.58,24.850000381469727
2025-04-02 07:00,2025-04-02 16:00,2025-04-02 03:00,19563.0,19585.0,19516.0,19535.5,10476,19540.54,19398.38,19878.06,51.9,76.04,24.850000381469727
2025-04-02 08:00,2025-04-02 17:00,2025-04-02 04:00,19535.75,19565.25,19499.0,19530.5,8233,19549.35,19404.4,19876.97,51.4,75.34,24.850000381469727
2025-04-02 09:00,2025-04-02 18:00,2025-04-02 05:00,19527.25,19554.75,19511.5,19515.25,4950,19556.01,19409.93,19876.49,49.8,73.05,24.850000381469727
2025-04-02 10:00,2025-04-02 19:00,2025-04-02 06:00,19516.75,19523.75,19453.5,19471.0,13275,19559.62,19414.94,19875.64,45.2,72.85,24.850000381469727
2025-04-02 11:00,2025-04-02 20:00,2025-04-02 07:00,19471.75,19483.0,19424.0,19428.75,10687,19555.26,19418.31,19874.65,41.3,71.86,24.850000381469727
2025-04-02 12:00,2025-04-02 21:00,2025-04-02 08:00,19429.5,19431.5,19343.25,19387.0,30368,19545.01,19421.96,19872.94,37.8,73.03,24.850000381469727
2025-04-02 13:00,2025-04-02 22:00,2025-04-02 09:00,19386.5,19580.5,19316.5,19532.25,96903,19543.41,19428.69,19871.41,52.7,86.67,24.850000381469727
2025-04-02 14:00,2025-04-02 23:00,2025-04-02 10:00,19530.75,19639.75,19491.25,19632.5,108081,19549.76,19437.01,19870.65,59.9,91.09,25.329999923706055
2025-04-02 15:00,2025-04-03 00:00,2025-04-02 11:00,19632.5,19714.0,19578.5,19668.5,88831,19560.79,19446.97,19870.62,62.1,94.26,24.780000686645508
2025-04-02 16:00,2025-04-03 01:00,2025-04-02 12:00,19668.75,19829.0,19658.5,19813.25,74731,19571.29,19458.83,19871.44,69.4,99.7,24.670000076293945
2025-04-02 17:00,2025-04-03 02:00,2025-04-02 13:00,19815.5,19890.25,19718.75,19744.5,84168,19578.61,19471.93,19872.07,63.2,104.83,24.040000915527344
2025-04-02 18:00,2025-04-03 03:00,2025-04-02 14:00,19744.75,19762.25,19604.75,19607.25,80567,19576.83,19481.28,19871.7,52.9,108.59,25.079999923706055
2025-04-02 19:00,2025-04-03 04:00,2025-04-02 15:00,19608.0,19796.0,19608.0,19746.5,81149,19581.91,19491.78,19871.98,60.0,114.32,24.739999771118164
2025-04-02 20:00,2025-04-03 05:00,2025-04-02 16:00,19746.25,20044.25,19076.75,19152.25,98298,19560.92,19490.49,19869.32,35.5,175.26,24.520000457763672
2025-04-02 22:00,2025-04-03 07:00,2025-04-02 18:00,19020.0,19037.0,18819.0,18951.5,0,19528.85,19485.06,19865.67,30.9,186.55,24.520000457763672
2025-04-02 23:00,2025-04-03 08:00,2025-04-02 19:00,18948.0,18950.25,18845.5,18877.25,13895,19493.7,19475.63,19861.5,29.4,180.79,24.520000457763672
2025-04-03 00:00,2025-04-03 09:00,2025-04-02 20:00,18879.75,19068.25,18879.75,18995.25,16273,19464.96,19466.54,19857.87,34.8,181.52,24.520000457763672
2025-04-03 01:00,2025-04-03 10:00,2025-04-02 21:00,18995.25,19127.75,18993.5,19078.0,10923,19439.36,19459.85,19854.73,38.4,178.15,24.520000457763672
2025-04-03 02:00,2025-04-03 11:00,2025-04-02 22:00,19080.0,19134.75,19060.75,19131.25,8363,19418.05,19454.97,19851.99,40.7,170.71,24.520000457763672
2025-04-03 03:00,2025-04-03 12:00,2025-04-02 23:00,19132.0,19140.0,19069.5,19098.5,4897,19394.84,19449.78,19849.15,39.7,163.55,24.520000457763672
2025-04-03 04:00,2025-04-03 13:00,2025-04-03 00:00,19117.75,19150.25,19098.25,19124.75,4677,19374.3,19445.9,19846.56,41.0,155.58,24.520000457763672
2025-04-03 05:00,2025-04-03 14:00,2025-04-03 01:00,19121.5,19142.25,19038.5,19042.5,8047,19349.9,19439.94,19843.32,38.4,151.88,24.520000457763672
2025-04-03 06:00,2025-04-03 15:00,2025-04-03 02:00,19044.25,19100.0,19023.75,19045.75,8750,19326.42,19433.25,19840.35,38.5,146.48,24.520000457763672
2025-04-03 07:00,2025-04-03 16:00,2025-04-03 03:00,19046.0,19125.0,19025.5,19095.75,14400,19307.66,19427.87,19837.84,41.2,143.12,24.520000457763672
2025-04-03 08:00,2025-04-03 17:00,2025-04-03 04:00,19094.25,19173.0,19076.25,19152.5,11206,19293.85,19423.58,19835.64,44.1,139.81,24.520000457763672
2025-04-03 09:00,2025-04-03 18:00,2025-04-03 05:00,19151.5,19177.0,19017.0,19034.5,11194,19276.22,19417.06,19832.79,39.7,141.25,24.520000457763672
2025-04-03 10:00,2025-04-03 19:00,2025-04-03 06:00,19034.25,19047.75,18948.0,18990.25,13563,19249.12,19408.27,19829.76,38.1,138.29,24.520000457763672
2025-04-03 11:00,2025-04-03 20:00,2025-04-03 07:00,18992.75,19037.0,18958.75,18987.75,15398,19216.89,19400.15,19827.28,38.0,134.0,24.520000457763672
2025-04-03 12:00,2025-04-03 21:00,2025-04-03 08:00,18985.75,19061.25,18845.0,18850.5,36227,19175.99,19387.78,19824.27,33.4,139.87,24.520000457763672
2025-04-03 13:00,2025-04-03 22:00,2025-04-03 09:00,18850.0,19074.0,18830.25,18989.25,111020,19134.79,19377.81,19819.37,41.2,147.29,24.520000457763672
2025-04-03 14:00,2025-04-03 23:00,2025-04-03 10:00,18984.5,19002.25,18762.25,18766.25,127240,19085.88,19365.03,19812.88,34.2,153.92,28.540000915527344
2025-04-03 15:00,2025-04-04 00:00,2025-04-03 11:00,18766.0,18934.5,18720.0,18885.0,105007,19049.76,19355.65,19806.77,40.1,158.24,29.040000915527344
2025-04-03 16:00,2025-04-04 01:00,2025-04-03 12:00,18885.0,18987.75,18858.75,18875.0,73051,19006.19,19345.51,19800.53,39.7,156.15,27.989999771118164
2025-04-03 17:00,2025-04-04 02:00,2025-04-03 13:00,18875.75,18918.5,18812.0,18814.0,51265,18989.28,19333.81,19794.05,37.8,152.61,28.920000076293945
2025-04-03 18:00,2025-04-04 03:00,2025-04-03 14:00,18814.25,18862.0,18754.75,18850.25,61596,18984.21,19320.5,19787.73,39.7,149.37,29.3799991607666
2025-04-03 19:00,2025-04-04 04:00,2025-04-03 15:00,18850.5,18862.75,18664.75,18686.0,107584,18974.65,19302.38,19780.64,34.5,152.84,29.690000534057617
2025-04-03 20:00,2025-04-04 05:00,2025-04-03 16:00,18685.75,18708.75,18614.0,18648.5,28924,18957.31,19284.06,19773.32,33.4,148.69,30.540000915527344
2025-04-03 22:00,2025-04-04 07:00,2025-04-03 18:00,18660.0,18698.0,18588.5,18642.0,0,18935.51,19266.79,19765.94,33.2,145.89,30.540000915527344
2025-04-03 23:00,2025-04-04 08:00,2025-04-03 19:00,18645.0,18686.75,18615.0,18654.25,5506,18911.66,19250.92,19758.48,34.0,140.6,30.540000915527344
2025-04-04 00:00,2025-04-04 09:00,2025-04-03 20:00,18654.0,18713.0,18638.25,18673.75,7325,18890.42,19232.33,19751.01,35.3,135.89,30.540000915527344
2025-04-04 01:00,2025-04-04 10:00,2025-04-03 21:00,18674.25,18700.25,18633.75,18638.5,6326,18866.11,19213.14,19743.15,34.0,130.94,30.540000915527344
2025-04-04 02:00,2025-04-04 11:00,2025-04-03 22:00,18641.0,18680.0,18635.5,18636.0,4569,18845.79,19193.0,19735.38,33.9,124.76,30.540000915527344
2025-04-04 03:00,2025-04-04 12:00,2025-04-03 23:00,18635.75,18638.75,18520.0,18559.25,10139,18821.46,19171.29,19727.11,31.0,124.33,30.540000915527344
2025-04-04 04:00,2025-04-04 13:00,2025-04-04 00:00,18554.0,18574.0,18476.0,18483.5,7407,18790.85,19149.52,19718.26,28.5,122.45,30.540000915527344
2025-04-04 05:00,2025-04-04 14:00,2025-04-04 01:00,18485.0,18643.5,18458.0,18642.75,10520,18765.36,19130.51,19710.11,39.7,126.96,30.540000915527344
2025-04-04 06:00,2025-04-04 15:00,2025-04-04 02:00,18640.25,18675.75,18604.5,18605.0,10981,18743.89,19111.01,19701.55,38.2,122.98,30.540000915527344
2025-04-04 07:00,2025-04-04 16:00,2025-04-04 03:00,18606.75,18649.5,18579.0,18586.5,15104,18723.7,19091.34,19692.74,37.4,119.23,30.540000915527344
2025-04-04 08:00,2025-04-04 17:00,2025-04-04 04:00,18585.75,18658.25,18566.0,18587.5,16653,18703.69,19071.29,19683.9,37.5,117.3,30.540000915527344
2025-04-04 09:00,2025-04-04 18:00,2025-04-04 05:00,18588.5,18597.75,18540.25,18573.0,13353,18689.81,19051.6,19675.06,36.8,113.03,30.540000915527344
2025-04-04 10:00,2025-04-04 19:00,2025-04-04 06:00,18572.5,18601.25,18031.25,18085.75,49481,18644.64,19022.06,19663.78,22.4,145.67,30.540000915527344
2025-04-04 11:00,2025-04-04 20:00,2025-04-04 07:00,18087.5,18160.0,17820.75,18128.0,39584,18612.72,18993.91,19652.59,25.2,159.5,30.540000915527344
2025-04-04 12:00,2025-04-04 21:00,2025-04-04 08:00,18127.0,18240.0,18029.75,18212.0,43152,18579.08,18967.54,19641.82,30.4,163.12,30.540000915527344
2025-04-04 13:00,2025-04-04 22:00,2025-04-04 09:00,18208.75,18273.0,18005.75,18195.5,125253,18545.1,18941.15,19631.01,30.0,170.56,30.540000915527344
2025-04-04 14:00,2025-04-04 23:00,2025-04-04 10:00,18195.0,18200.25,17656.0,17855.75,150808,18497.19,18908.84,19618.55,22.6,197.25,35.900001525878906
2025-04-04 15:00,2025-04-05 00:00,2025-04-04 11:00,17855.0,18147.75,17823.0,17881.0,144139,18448.72,18877.88,19606.18,24.1,206.36,35.029998779296875
2025-04-04 16:00,2025-04-05 01:00,2025-04-04 12:00,17881.0,17978.25,17710.0,17751.75,97577,18402.01,18845.18,19593.09,21.8,210.78,36.22999954223633
2025-04-04 17:00,2025-04-05 02:00,2025-04-04 13:00,17752.75,17867.25,17619.75,17866.25,93724,18362.9,18811.86,19580.62,28.3,213.4,36.459999084472656
2025-04-04 18:00,2025-04-05 03:00,2025-04-04 14:00,17867.25,17913.0,17548.5,17623.5,101808,18311.97,18771.68,19567.01,23.8,224.2,36.95000076293945
2025-04-04 19:00,2025-04-05 04:00,2025-04-04 15:00,17625.25,17870.25,17528.5,17535.25,160137,18256.03,18729.01,19553.01,22.4,232.59,37.27000045776367
2025-04-04 20:00,2025-04-05 05:00,2025-04-04 16:00,17535.0,17570.0,17387.5,17493.0,52855,18196.99,18682.61,19538.79,21.7,229.01,37.380001068115234
2025-04-06 22:00,2025-04-07 07:00,2025-04-06 18:00,17100.0,17100.0,16550.0,16665.0,32643,18098.31,18621.02,19520.41,13.4,280.01,37.380001068115234
2025-04-06 23:00,2025-04-07 08:00,2025-04-06 19:00,16671.25,16795.0,16460.0,16718.75,19515,18002.45,18563.25,19502.25,15.6,283.94,37.380001068115234
2025-04-07 00:00,2025-04-07 09:00,2025-04-06 20:00,16721.25,16775.0,16505.0,16768.75,22780,17912.92,18503.69,19484.4,17.8,282.95,37.380001068115234
2025-04-07 01:00,2025-04-07 10:00,2025-04-06 21:00,16768.5,17011.75,16730.0,16985.25,24703,17838.01,18460.35,19467.81,26.5,282.86,37.380001068115234
2025-04-07 02:00,2025-04-07 11:00,2025-04-06 22:00,16980.0,17025.0,16858.5,16896.25,14138,17750.69,18419.25,19450.57,25.4,274.55,37.380001068115234
2025-04-07 03:00,2025-04-07 12:00,2025-04-06 23:00,16898.25,16900.75,16739.25,16787.5,12659,17659.81,18377.46,19432.64,23.9,266.47,37.380001068115234
2025-04-07 04:00,2025-04-07 13:00,2025-04-07 00:00,16813.5,16860.5,16668.75,16736.5,11840,17567.31,18332.28,19414.26,23.3,261.14,37.380001068115234
2025-04-07 05:00,2025-04-07 14:00,2025-04-07 01:00,16739.25,16913.75,16704.0,16761.5,14765,17476.01,18285.95,19396.03,24.4,257.47,37.380001068115234
2025-04-07 06:00,2025-04-07 15:00,2025-04-07 02:00,16750.75,16817.0,16507.25,16541.25,16901,17374.42,18234.15,19376.69,21.5,261.2,37.380001068115234
2025-04-07 07:00,2025-04-07 16:00,2025-04-07 03:00,16540.5,16696.75,16480.0,16682.75,25227,17304.28,18185.83,19357.72,27.5,258.03,37.380001068115234
2025-04-07 08:00,2025-04-07 17:00,2025-04-07 04:00,16683.0,16958.5,16668.5,16842.75,26724,17240.01,18140.19,19339.72,33.6,260.31,37.380001068115234
2025-04-07 09:00,2025-04-07 18:00,2025-04-07 05:00,16844.75,16960.0,16742.25,16888.25,16827,17173.83,18097.11,19321.91,35.3,257.27,37.380001068115234
2025-04-07 10:00,2025-04-07 19:00,2025-04-07 06:00,16889.75,17278.0,16855.5,17121.25,34396,17120.11,18058.62,19305.44,43.3,269.07,37.380001068115234
2025-04-07 11:00,2025-04-07 20:00,2025-04-07 07:00,17123.0,17232.25,17001.75,17063.25,24197,17080.49,18017.97,19288.62,41.9,266.32,37.380001068115234
2025-04-07 12:00,2025-04-07 21:00,2025-04-07 08:00,17061.75,17231.0,16960.75,17167.5,47959,17044.81,17978.27,19272.02,45.2,266.6,37.380001068115234
2025-04-07 13:00,2025-04-07 22:00,2025-04-07 09:00,17168.0,17296.25,16673.5,17274.5,146830,17020.95,17943.07,19255.81,48.6,292.04,37.380001068115234
2025-04-07 14:00,2025-04-07 23:00,2025-04-07 10:00,17273.0,18361.5,17163.0,17658.5,248378,17010.56,17916.44,19241.55,58.3,356.78,39.93000030517578
2025-04-07 15:00,2025-04-08 00:00,2025-04-07 11:00,17657.75,17799.0,17150.0,17389.25,109858,16998.85,17884.47,19225.88,51.0,377.66,39.58000183105469
2025-04-07 16:00,2025-04-08 01:00,2025-04-07 12:00,17388.25,17496.75,17212.75,17255.25,49173,16984.85,17852.56,19209.52,47.8,370.97,39.43000030517578
2025-04-07 17:00,2025-04-08 02:00,2025-04-07 13:00,17253.25,17792.0,17248.0,17783.5,64756,16999.38,17828.44,19195.89,58.8,383.33,39.220001220703125
2025-04-07 18:00,2025-04-08 03:00,2025-04-07 14:00,17784.75,17824.0,17498.0,17531.25,53865,17042.69,17803.74,19181.08,53.0,379.23,38.720001220703125
2025-04-07 19:00,2025-04-08 04:00,2025-04-07 15:00,17532.5,17660.75,17405.0,17561.5,77840,17084.83,17777.28,19166.49,53.6,370.41,39.0099983215332
2025-04-07 20:00,2025-04-08 05:00,2025-04-07 16:00,17561.0,17757.5,17542.25,17628.75,26933,17127.83,17752.35,19152.22,55.0,359.33,38.7599983215332
2025-04-07 22:00,2025-04-08 07:00,2025-04-07 18:00,17665.0,17753.75,17644.5,17748.25,0,17165.97,17731.03,19138.67,57.3,342.59,38.7599983215332
2025-04-07 23:00,2025-04-08 08:00,2025-04-07 19:00,17750.25,17784.0,17725.75,17763.75,6366,17209.35,17709.31,19125.12,57.6,322.28,38.7599983215332
2025-04-08 00:00,2025-04-08 09:00,2025-04-07 20:00,17763.75,17854.5,17703.75,17713.75,9902,17255.66,17689.86,19111.29,56.2,310.03,38.7599983215332
2025-04-08 01:00,2025-04-08 10:00,2025-04-07 21:00,17712.0,17885.5,17662.5,17867.5,12327,17312.21,17674.24,19098.37,59.5,303.81,38.7599983215332
2025-04-08 02:00,2025-04-08 11:00,2025-04-07 22:00,17867.75,17876.0,17808.0,17817.5,5684,17365.01,17657.75,19085.29,58.0,286.97,38.7599983215332
2025-04-08 03:00,2025-04-08 12:00,2025-04-07 23:00,17816.0,17835.75,17740.75,17768.5,4951,17426.38,17640.03,19071.76,56.5,273.26,38.7599983215332
2025-04-08 04:00,2025-04-08 13:00,2025-04-08 00:00,17765.5,17796.75,17708.0,17780.25,5076,17481.25,17622.17,19058.25,56.8,260.08,38.7599983215332
2025-04-08 05:00,2025-04-08 14:00,2025-04-08 01:00,17779.5,17785.75,17669.0,17753.75,5536,17526.8,17604.47,19044.62,55.8,249.84,38.7599983215332
2025-04-08 06:00,2025-04-08 15:00,2025-04-08 02:00,17750.0,17803.0,17701.0,17785.0,6104,17571.64,17587.45,19031.97,56.7,239.28,38.7599983215332
2025-04-08 07:00,2025-04-08 16:00,2025-04-08 03:00,17782.0,17883.0,17750.5,17881.0,11875,17609.62,17573.88,19019.89,59.4,231.65,38.7599983215332
2025-04-08 08:00,2025-04-08 17:00,2025-04-08 04:00,17879.5,17893.25,17713.0,17826.5,13732,17647.79,17560.74,19008.06,57.2,227.98,38.7599983215332
2025-04-08 09:00,2025-04-08 18:00,2025-04-08 05:00,17823.25,17830.25,17721.0,17724.25,7539,17675.62,17542.38,18996.02,53.3,219.5,38.7599983215332
2025-04-08 10:00,2025-04-08 19:00,2025-04-08 06:00,17725.0,17821.75,17693.75,17785.0,10596,17701.15,17525.97,18984.53,55.3,212.96,38.7599983215332
2025-04-08 11:00,2025-04-08 20:00,2025-04-08 07:00,17785.0,18021.0,17760.25,18016.25,21751,17719.04,17514.57,18974.33,61.9,216.38,38.7599983215332
2025-04-08 12:00,2025-04-08 21:00,2025-04-08 08:00,18015.0,18062.25,17926.0,17983.0,35053,17748.72,17502.48,18963.68,60.5,210.65,38.7599983215332
2025-04-08 13:00,2025-04-08 22:00,2025-04-08 09:00,17982.0,18265.25,17964.5,18248.5,104012,17798.39,17495.99,18954.47,66.9,217.09,38.7599983215332
2025-04-08 14:00,2025-04-08 23:00,2025-04-08 10:00,18247.75,18356.75,18117.25,18119.25,111876,17815.17,17496.66,18944.97,61.7,218.69,34.27000045776367
2025-04-08 15:00,2025-04-09 00:00,2025-04-08 11:00,18120.25,18182.25,17952.5,18054.0,98441,17841.31,17495.18,18934.94,59.1,219.48,36.31999969482422
2025-04-08 16:00,2025-04-09 01:00,2025-04-08 12:00,18053.75,18073.25,17655.5,17662.75,109187,17846.38,17484.19,18922.89,46.8,233.64,36.91999816894531
2025-04-08 17:00,2025-04-09 02:00,2025-04-08 13:00,17661.0,17761.25,17488.25,17669.25,116611,17848.4,17473.67,18910.8,47.0,236.45,38.959999084472656
2025-04-08 18:00,2025-04-09 03:00,2025-04-08 14:00,17670.5,17703.5,17438.5,17439.5,76249,17832.96,17465.35,18897.4,41.2,238.49,38.56999969482422
2025-04-08 19:00,2025-04-09 04:00,2025-04-08 15:00,17441.0,17462.0,16973.5,17237.0,130159,17806.62,17452.47,18882.91,36.9,256.35,39.5
2025-04-08 20:00,2025-04-09 05:00,2025-04-08 16:00,17239.5,17331.0,17139.5,17232.0,31895,17782.54,17442.07,18868.4,36.8,251.72,39.84000015258789
2025-04-08 22:00,2025-04-09 07:00,2025-04-08 18:00,17220.25,17240.0,16970.75,17067.0,0,17742.51,17426.08,18853.16,33.4,252.97,39.84000015258789
2025-04-08 23:00,2025-04-09 08:00,2025-04-08 19:00,17066.5,17069.25,16876.5,16994.0,12204,17701.34,17413.49,18837.57,32.1,248.67,39.84000015258789
2025-04-09 00:00,2025-04-09 09:00,2025-04-08 20:00,16995.5,16999.0,16839.5,16899.0,10070,17657.86,17400.77,18821.7,30.3,242.3,39.84000015258789
2025-04-09 01:00,2025-04-09 10:00,2025-04-08 21:00,16895.75,17154.25,16845.0,17119.0,14562,17624.8,17393.29,18806.73,38.7,247.08,39.84000015258789
2025-04-09 02:00,2025-04-09 11:00,2025-04-08 22:00,17115.5,17207.5,17033.75,17051.0,11300,17589.66,17401.01,18791.4,37.2,241.84,39.84000015258789
2025-04-09 03:00,2025-04-09 12:00,2025-04-08 23:00,17051.25,17093.75,16903.0,16919.5,9300,17546.39,17405.03,18775.62,34.4,238.19,39.84000015258789
2025-04-09 04:00,2025-04-09 13:00,2025-04-09 00:00,16897.25,16955.5,16750.5,16825.0,17361,17493.59,17406.15,18759.3,32.6,235.82,39.84000015258789
2025-04-09 05:00,2025-04-09 14:00,2025-04-09 01:00,16821.5,16895.75,16735.0,16895.75,13621,17447.05,17404.36,18743.45,35.4,230.46,39.84000015258789
2025-04-09 06:00,2025-04-09 15:00,2025-04-09 02:00,16895.75,17121.5,16888.5,17020.5,13436,17411.86,17406.85,18728.17,40.1,230.64,39.84000015258789
2025-04-09 07:00,2025-04-09 16:00,2025-04-09 03:00,17020.25,17425.0,17011.0,17342.75,33466,17389.75,17417.95,18713.94,50.3,243.74,39.84000015258789
2025-04-09 08:00,2025-04-09 17:00,2025-04-09 04:00,17345.5,17419.0,17126.5,17350.0,19254,17356.44,17430.22,18700.45,50.5,247.22,39.84000015258789
2025-04-09 09:00,2025-04-09 18:00,2025-04-09 05:00,17348.75,17399.0,17224.0,17268.5,11675,17320.71,17440.36,18686.75,48.1,242.06,39.84000015258789
2025-04-09 10:00,2025-04-09 19:00,2025-04-09 06:00,17277.25,17373.5,17129.75,17248.0,17393,17270.69,17454.49,18672.91,47.5,242.18,39.84000015258789
2025-04-09 11:00,2025-04-09 20:00,2025-04-09 07:00,17245.25,17250.0,16867.5,16959.5,42734,17212.7,17460.03,18657.48,39.9,252.21,39.84000015258789
2025-04-09 12:00,2025-04-09 21:00,2025-04-09 08:00,16959.5,17218.5,16900.25,17130.75,31509,17166.54,17465.79,18643.16,45.5,256.92,39.84000015258789
2025-04-09 13:00,2025-04-09 22:00,2025-04-09 09:00,17128.25,17554.0,17121.25,17446.5,94914,17155.72,17476.96,18630.41,54.0,269.48,39.84000015258789
2025-04-09 14:00,2025-04-09 23:00,2025-04-09 10:00,17446.75,17597.25,17219.0,17225.0,103497,17133.51,17479.03,18616.58,48.3,277.25,49.79999923706055
2025-04-09 15:00,2025-04-10 00:00,2025-04-09 11:00,17224.5,17462.0,17206.0,17322.5,75102,17127.66,17484.22,18603.37,50.8,275.73,50.310001373291016
2025-04-09 16:00,2025-04-10 01:00,2025-04-09 12:00,17320.25,17579.75,17281.5,17530.25,52377,17142.33,17491.47,18591.1,55.6,277.34,50.209999084472656
2025-04-09 17:00,2025-04-10 02:00,2025-04-09 13:00,17532.25,18897.75,17422.5,18878.25,166231,17224.64,17523.54,18585.67,73.7,362.91,40.77000045776367
2025-04-09 18:00,2025-04-10 03:00,2025-04-09 14:00,18877.75,19112.25,18743.5,18776.25,119012,17310.1,17545.9,18579.63,71.3,363.32,36.13999938964844
2025-04-09 19:00,2025-04-10 04:00,2025-04-09 15:00,18776.75,19386.75,18719.25,19271.5,132001,17423.97,17583.54,18576.05,75.5,385.05,33.779998779296875
2025-04-09 20:00,2025-04-10 05:00,2025-04-09 16:00,19270.5,19365.5,19229.25,19353.5,43093,17546.7,17625.51,18572.9,76.1,367.28,34.0
2025-04-09 22:00,2025-04-10 07:00,2025-04-09 18:00,19266.75,19359.0,19242.25,19343.75,0,17657.94,17656.72,18569.74,75.8,349.38,34.0
2025-04-09 23:00,2025-04-10 08:00,2025-04-09 19:00,19345.75,19383.5,19288.75,19313.5,5336,17771.06,17692.36,18566.69,75.0,331.2,34.0
2025-04-10 00:00,2025-04-10 09:00,2025-04-09 20:00,19312.25,19336.0,19143.75,19228.0,14267,17886.49,17725.69,18563.55,72.7,321.27,34.0
2025-04-10 01:00,2025-04-10 10:00,2025-04-09 21:00,19227.0,19279.0,19114.0,19148.25,10546,18002.65,17756.08,18559.76,70.5,310.11,34.0
2025-04-10 02:00,2025-04-10 11:00,2025-04-09 22:00,19149.0,19187.5,19103.0,19104.5,7434,18113.09,17783.21,18555.74,69.3,293.99,34.0
2025-04-10 03:00,2025-04-10 12:00,2025-04-09 23:00,19104.25,19114.75,18969.25,19009.75,9829,18212.55,17808.12,18551.03,66.5,283.39,34.0
2025-04-10 04:00,2025-04-10 13:00,2025-04-10 00:00,19001.25,19068.75,18978.5,19048.25,5828,18297.83,17834.81,18546.53,67.1,269.59,34.0
2025-04-10 05:00,2025-04-10 14:00,2025-04-10 01:00,19046.25,19153.0,19018.0,19152.0,6369,18387.92,17860.51,18542.97,68.6,259.98,34.0
2025-04-10 06:00,2025-04-10 15:00,2025-04-10 02:00,19153.75,19163.75,19062.75,19121.75,8861,18480.59,17886.59,18539.3,67.6,248.62,34.0
2025-04-10 07:00,2025-04-10 16:00,2025-04-10 03:00,19124.5,19185.75,18866.0,18897.5,19361,18563.06,17909.17,18535.76,60.6,253.7,34.0
2025-04-10 08:00,2025-04-10 17:00,2025-04-10 04:00,18898.5,18960.25,18703.5,18784.75,20258,18654.33,17929.26,18531.97,57.4,253.92,34.0
2025-04-10 09:00,2025-04-10 18:00,2025-04-10 05:00,18784.5,18892.5,18750.5,18853.0,14609,18740.44,17951.24,18528.77,58.8,245.93,34.0
2025-04-10 10:00,2025-04-10 19:00,2025-04-10 06:00,18851.75,19004.25,18847.0,18874.25,15820,18811.83,17973.03,18525.73,59.3,239.59,34.0
2025-04-10 11:00,2025-04-10 20:00,2025-04-10 07:00,18876.0,18958.25,18867.25,18926.0,12562,18896.88,17993.93,18522.95,60.4,228.98,34.0
2025-04-10 12:00,2025-04-10 21:00,2025-04-10 08:00,18926.25,18985.5,18733.25,18823.0,35921,18971.9,18013.86,18519.76,57.0,230.64,34.0
2025-04-10 13:00,2025-04-10 22:00,2025-04-10 09:00,18822.5,18902.25,18658.0,18661.75,86651,19028.47,18032.61,18516.21,51.9,231.61,34.0
2025-04-10 14:00,2025-04-10 23:00,2025-04-10 10:00,18661.25,18800.75,18568.5,18585.0,107609,19013.81,18048.61,18512.58,49.7,231.66,39.52000045776367
2025-04-10 15:00,2025-04-11 00:00,2025-04-10 11:00,18586.5,18677.75,18257.5,18277.25,88888,18988.86,18053.83,18507.67,41.9,245.13,42.08000183105469
2025-04-10 16:00,2025-04-11 01:00,2025-04-10 12:00,18278.25,18335.0,17919.0,18313.0,135373,18940.94,18060.43,18503.18,43.0,257.33,51.16999816894531
2025-04-10 17:00,2025-04-11 02:00,2025-04-10 13:00,18309.0,18515.75,18030.25,18458.75,100792,18896.2,18064.63,18499.26,47.5,273.63,47.560001373291016
2025-04-10 18:00,2025-04-11 03:00,2025-04-10 14:00,18460.25,18674.75,18300.75,18538.25,95814,18855.92,18073.01,18495.82,49.8,280.8,42.11000061035156
2025-04-10 19:00,2025-04-11 04:00,2025-04-10 15:00,18537.25,18657.75,18241.25,18482.0,118522,18814.35,18081.58,18492.26,48.2,290.49,44.939998626708984
2025-04-10 20:00,2025-04-11 05:00,2025-04-10 16:00,18483.25,18573.75,18437.0,18501.5,24611,18778.03,18098.35,18488.62,48.8,279.51,44.40999984741211
2025-04-10 22:00,2025-04-11 07:00,2025-04-10 18:00,18464.75,18597.75,18464.75,18525.0,0,18746.86,18115.47,18485.05,49.6,269.05,44.40999984741211
2025-04-10 23:00,2025-04-11 08:00,2025-04-10 19:00,18527.25,18536.0,18312.25,18357.0,7832,18709.49,18133.81,18480.74,44.3,265.81,44.40999984741211
2025-04-11 00:00,2025-04-11 09:00,2025-04-10 20:00,18352.75,18362.75,18067.25,18183.0,11840,18668.15,18152.74,18475.35,39.7,267.93,44.40999984741211
2025-04-11 01:00,2025-04-11 10:00,2025-04-10 21:00,18176.75,18376.75,18159.75,18364.25,8143,18633.95,18175.38,18471.15,46.0,264.29,44.40999984741211
2025-04-11 02:00,2025-04-11 11:00,2025-04-10 22:00,18365.0,18449.5,18260.0,18354.75,8186,18594.09,18201.13,18466.94,45.8,258.95,44.40999984741211
2025-04-11 03:00,2025-04-11 12:00,2025-04-10 23:00,18360.75,18531.25,18354.25,18475.25,6836,18561.76,18230.76,18463.24,49.8,253.1,44.40999984741211
2025-04-11 04:00,2025-04-11 13:00,2025-04-11 00:00,18540.75,18546.75,18449.0,18486.75,5271,18541.22,18262.51,18459.82,50.2,242.0,44.40999984741211
2025-04-11 05:00,2025-04-11 14:00,2025-04-11 01:00,18488.5,18709.75,18436.0,18695.5,8260,18536.76,18294.04,18457.19,56.7,244.27,44.40999984741211
2025-04-11 06:00,2025-04-11 15:00,2025-04-11 02:00,18697.25,18795.0,18669.0,18682.0,12883,18528.21,18326.67,18455.16,56.1,235.82,44.40999984741211
2025-04-11 07:00,2025-04-11 16:00,2025-04-11 03:00,18687.75,18695.0,18553.75,18566.75,14647,18512.84,18359.61,18452.29,51.9,229.07,44.40999984741211
2025-04-11 08:00,2025-04-11 17:00,2025-04-11 04:00,18564.5,18615.5,18314.25,18398.75,23181,18486.47,18391.08,18448.18,46.4,234.22,44.40999984741211
2025-04-11 09:00,2025-04-11 18:00,2025-04-11 05:00,18395.0,18647.5,18358.0,18641.25,16464,18477.39,18425.99,18445.3,54.0,238.17,44.40999984741211
2025-04-11 10:00,2025-04-11 19:00,2025-04-11 06:00,18640.5,18702.75,18577.0,18629.5,15136,18475.78,18458.17,18442.33,53.6,230.14,44.40999984741211
2025-04-11 11:00,2025-04-11 20:00,2025-04-11 07:00,18629.75,18654.75,18462.5,18564.75,14127,18474.76,18482.62,18438.41,51.3,227.43,44.40999984741211
2025-04-11 12:00,2025-04-11 21:00,2025-04-11 08:00,18562.0,18672.25,18478.0,18490.75,18262,18485.44,18505.43,18433.62,48.8,225.06,44.40999984741211
2025-04-11 13:00,2025-04-11 22:00,2025-04-11 09:00,18491.25,18647.5,18352.0,18570.0,72422,18498.29,18531.46,18429.4,51.6,230.1,44.40999984741211
2025-04-11 14:00,2025-04-11 23:00,2025-04-11 10:00,18562.0,18623.0,18270.0,18413.0,101293,18496.0,18554.76,18424.59,46.3,238.87,46.720001220703125
2025-04-11 15:00,2025-04-12 00:00,2025-04-11 11:00,18412.0,18576.0,18323.0,18568.5,62741,18497.51,18586.94,18420.65,51.6,239.88,46.27000045776367
2025-04-11 16:00,2025-04-12 01:00,2025-04-11 12:00,18568.75,18790.0,18532.0,18736.25,54995,18510.22,18619.05,18417.73,56.5,241.18,43.4900016784668
2025-04-11 17:00,2025-04-12 02:00,2025-04-11 13:00,18737.25,18873.5,18594.75,18822.5,64504,18526.28,18646.57,18415.14,58.9,243.86,43.189998626708984
2025-04-11 18:00,2025-04-12 03:00,2025-04-11 14:00,18821.5,18838.25,18713.25,18739.5,49029,18537.0,18676.86,18411.94,55.8,235.37,41.310001373291016
2025-04-11 19:00,2025-04-12 04:00,2025-04-11 15:00,18742.25,18867.5,18735.0,18810.0,64131,18559.65,18706.61,18409.17,57.8,228.02,39.56999969482422
2025-04-11 20:00,2025-04-12 05:00,2025-04-11 16:00,18810.25,18838.25,18783.0,18820.5,15210,18591.53,18732.42,18406.43,58.1,215.68,39.939998626708984
2025-04-13 22:00,2025-04-14 07:00,2025-04-13 18:00,19225.0,19250.0,18931.5,18956.0,17107,18621.11,18733.97,18404.41,62.0,230.95,39.939998626708984
2025-04-13 23:00,2025-04-14 08:00,2025-04-13 19:00,18957.75,19053.25,18932.75,19013.25,6876,18654.04,18738.71,18402.33,63.5,223.07,39.939998626708984
2025-04-14 00:00,2025-04-14 09:00,2025-04-13 20:00,19011.5,19076.25,18990.0,19008.25,9451,18680.69,18733.44,18400.4,63.3,213.29,39.939998626708984
2025-04-14 01:00,2025-04-14 10:00,2025-04-13 21:00,19008.75,19027.25,18957.25,19006.0,6911,18706.65,18726.49,18398.09,63.2,203.06,39.939998626708984
2025-04-14 02:00,2025-04-14 11:00,2025-04-13 22:00,19007.25,19060.5,19005.25,19053.75,5582,18724.56,18720.69,18395.92,64.7,192.5,39.939998626708984
2025-04-14 03:00,2025-04-14 12:00,2025-04-13 23:00,19054.0,19083.25,19005.5,19052.5,6579,18743.09,18715.47,18394.15,64.6,184.3,39.939998626708984
2025-04-14 04:00,2025-04-14 13:00,2025-04-14 00:00,19058.5,19131.5,19047.5,19117.25,4452,18770.61,18713.26,18392.97,66.7,177.14,39.939998626708984
2025-04-14 05:00,2025-04-14 14:00,2025-04-14 01:00,19117.5,19127.0,19075.25,19086.75,4021,18805.01,18712.03,18391.49,64.7,168.18,39.939998626708984
2025-04-14 06:00,2025-04-14 15:00,2025-04-14 02:00,19088.25,19155.75,19062.0,19119.0,5105,18828.9,18712.32,18390.09,65.9,162.87,39.939998626708984
2025-04-14 07:00,2025-04-14 16:00,2025-04-14 03:00,19121.0,19163.25,19070.75,19157.5,8079,18855.3,18715.28,18388.3,67.2,157.84,39.939998626708984
2025-04-14 08:00,2025-04-14 17:00,2025-04-14 04:00,19155.5,19181.5,19114.75,19121.0,6866,18883.11,18716.73,18385.95,64.6,151.33,39.939998626708984
2025-04-14 09:00,2025-04-14 18:00,2025-04-14 05:00,19121.0,19146.25,19025.75,19065.75,6704,18911.86,18715.01,18383.45,60.7,149.13,39.939998626708984
2025-04-14 10:00,2025-04-14 19:00,2025-04-14 06:00,19067.25,19112.5,19043.75,19103.75,4828,18938.55,18714.65,18381.44,62.4,143.39,39.939998626708984
2025-04-14 11:00,2025-04-14 20:00,2025-04-14 07:00,19101.75,19175.5,19066.0,19072.25,10688,18971.51,18718.14,18379.57,60.1,140.97,39.939998626708984
2025-04-14 12:00,2025-04-14 21:00,2025-04-14 08:00,19073.25,19196.5,19063.0,19185.0,13923,19002.34,18726.15,18377.47,65.0,140.44,39.939998626708984
2025-04-14 13:00,2025-04-14 22:00,2025-04-14 09:00,19185.5,19256.0,18988.25,19046.0,76057,19017.83,18730.01,18374.72,55.9,149.53,39.939998626708984
2025-04-14 14:00,2025-04-14 23:00,2025-04-14 10:00,19046.75,19193.0,19030.0,19128.25,68119,19033.11,18735.08,18372.14,59.5,150.49,33.810001373291016
2025-04-14 15:00,2025-04-15 00:00,2025-04-14 11:00,19128.25,19151.0,18803.5,18828.75,71341,19037.58,18733.14,18368.06,45.0,164.56,35.58000183105469
2025-04-14 16:00,2025-04-15 01:00,2025-04-14 12:00,18829.5,18898.0,18737.5,18784.5,63162,19036.3,18732.37,18364.12,43.3,164.27,37.36000061035156
2025-04-14 17:00,2025-04-15 02:00,2025-04-14 13:00,18784.75,18951.75,18772.0,18941.0,48058,19042.33,18737.96,18360.86,50.4,165.38,36.2599983215332
2025-04-14 18:00,2025-04-15 03:00,2025-04-14 14:00,18940.75,19044.25,18936.0,19014.0,38924,19045.22,18746.53,18358.03,53.3,161.3,34.380001068115234
2025-04-14 19:00,2025-04-15 04:00,2025-04-14 15:00,19015.0,19095.0,18921.25,18940.25,59542,19041.58,18759.79,18354.88,50.1,162.19,33.560001373291016
2025-04-14 20:00,2025-04-15 05:00,2025-04-14 16:00,18940.75,18961.5,18792.25,18902.5,20357,19036.29,18771.58,18351.45,48.5,162.69,34.2599983215332
2025-04-14 22:00,2025-04-15 07:00,2025-04-14 18:00,18902.5,18909.0,18809.0,18817.0,0,19026.84,18778.75,18347.74,45.0,158.21,34.2599983215332
2025-04-14 23:00,2025-04-15 08:00,2025-04-14 19:00,18814.5,18879.5,18814.0,18850.75,4970,19016.69,18785.0,18344.18,46.6,151.59,34.2599983215332
2025-04-15 00:00,2025-04-15 09:00,2025-04-14 20:00,18849.5,18923.75,18848.5,18913.5,5932,19009.74,18793.63,18341.07,49.6,146.14,34.2599983215332
2025-04-15 01:00,2025-04-15 10:00,2025-04-14 21:00,18912.0,18950.0,18892.0,18900.5,5482,18998.9,18801.61,18337.92,49.0,139.84,34.2599983215332
2025-04-15 02:00,2025-04-15 11:00,2025-04-14 22:00,18900.75,18937.0,18869.0,18874.0,5415,18988.26,18808.59,18334.72,47.7,134.71,34.2599983215332
2025-04-15 03:00,2025-04-15 12:00,2025-04-14 23:00,18876.0,18921.5,18861.5,18915.5,3583,18978.09,18819.76,18331.94,50.0,129.37,34.2599983215332
2025-04-15 04:00,2025-04-15 13:00,2025-04-15 00:00,18915.75,18932.5,18892.5,18913.5,3907,18965.89,18834.37,18329.36,49.8,122.99,34.2599983215332
2025-04-15 05:00,2025-04-15 14:00,2025-04-15 01:00,18913.5,18920.5,18869.5,18890.5,4087,18954.36,18844.9,18326.88,48.5,117.85,34.2599983215332
2025-04-15 06:00,2025-04-15 15:00,2025-04-15 02:00,18890.25,18924.25,18876.25,18921.0,4013,18947.12,18856.22,18323.83,50.4,112.86,34.2599983215332
2025-04-15 07:00,2025-04-15 16:00,2025-04-15 03:00,18920.5,19040.25,18917.75,19009.75,10479,18942.42,18866.91,18320.71,55.6,113.55,34.2599983215332
2025-04-15 08:00,2025-04-15 17:00,2025-04-15 04:00,19012.0,19020.75,18964.25,19000.25,8909,18938.83,18877.18,18317.37,54.9,109.47,34.2599983215332
2025-04-15 09:00,2025-04-15 18:00,2025-04-15 05:00,18999.5,19026.0,18959.25,18979.75,6134,18928.56,18882.87,18313.2,53.4,106.42,34.2599983215332
2025-04-15 10:00,2025-04-15 19:00,2025-04-15 06:00,18980.25,19007.75,18948.25,18984.5,5647,18925.49,18888.92,18309.4,53.7,103.07,34.2599983215332
2025-04-15 11:00,2025-04-15 20:00,2025-04-15 07:00,18984.25,18994.25,18870.25,18888.25,11046,18913.49,18895.35,18305.81,47.0,104.57,34.2599983215332
2025-04-15 12:00,2025-04-15 21:00,2025-04-15 08:00,18889.5,18942.25,18835.75,18936.0,15860,18918.85,18906.09,18301.76,50.3,104.7,34.2599983215332
2025-04-15 13:00,2025-04-15 22:00,2025-04-15 09:00,18936.25,19117.5,18936.25,19067.75,60400,18933.01,18914.62,18301.33,58.2,110.19,34.2599983215332
2025-04-15 14:00,2025-04-15 23:00,2025-04-15 10:00,19068.25,19144.5,18924.5,19019.5,99310,18936.94,18922.42,18301.67,54.7,118.03,33.06999969482422
2025-04-15 15:00,2025-04-16 00:00,2025-04-15 11:00,19019.0,19088.75,18983.0,19049.25,60389,18938.7,18932.11,18302.53,56.4,117.16,32.25
2025-04-15 16:00,2025-04-16 01:00,2025-04-15 12:00,19050.0,19090.5,18943.5,18964.0,42055,18939.89,18941.58,18302.38,50.6,119.29,31.59000015258789
2025-04-15 17:00,2025-04-16 02:00,2025-04-15 13:00,18964.5,19009.5,18908.0,18952.0,50178,18942.36,18949.22,18301.75,49.8,118.02,32.66999816894531
2025-04-15 18:00,2025-04-16 03:00,2025-04-15 14:00,18951.25,18994.25,18884.25,18975.0,47500,18950.26,18960.46,18300.97,51.4,117.44,32.65999984741211
2025-04-15 19:00,2025-04-16 04:00,2025-04-15 15:00,18975.5,19000.75,18922.5,18960.5,50811,18955.75,18968.29,18300.28,50.3,114.64,32.2599983215332
2025-04-15 20:00,2025-04-16 05:00,2025-04-15 16:00,18959.5,18979.0,18930.25,18938.0,9851,18956.97,18972.33,18299.34,48.6,109.94,32.84000015258789
2025-04-15 22:00,2025-04-16 07:00,2025-04-15 18:00,18790.0,18800.0,18700.0,18748.5,0,18949.38,18970.85,18297.87,37.4,119.08,32.84000015258789
2025-04-15 23:00,2025-04-16 08:00,2025-04-15 19:00,18747.0,18761.75,18692.75,18729.0,7177,18942.12,18970.64,18296.29,36.4,115.51,32.84000015258789
2025-04-16 00:00,2025-04-16 09:00,2025-04-15 20:00,18728.25,18736.25,18636.25,18670.25,8427,18929.86,18967.85,18294.16,33.7,114.4,32.84000015258789
2025-04-16 01:00,2025-04-16 10:00,2025-04-15 21:00,18671.5,18730.25,18670.0,18707.0,5344,18919.54,18965.58,18291.93,36.9,110.53,32.84000015258789
2025-04-16 02:00,2025-04-16 11:00,2025-04-15 22:00,18707.5,18721.75,18676.5,18693.25,4815,18909.67,18960.32,18290.23,36.2,105.87,32.84000015258789
2025-04-16 03:00,2025-04-16 12:00,2025-04-15 23:00,18693.25,18721.5,18672.0,18676.0,3590,18897.42,18953.58,18288.65,35.3,101.84,32.84000015258789
2025-04-16 04:00,2025-04-16 13:00,2025-04-16 00:00,18671.5,18683.0,18656.25,18666.0,3222,18880.24,18946.73,18287.05,34.7,96.48,32.84000015258789
2025-04-16 05:00,2025-04-16 14:00,2025-04-16 01:00,18667.0,18668.25,18504.5,18524.5,12473,18856.45,18937.1,18285.42,28.1,101.28,32.84000015258789
2025-04-16 06:00,2025-04-16 15:00,2025-04-16 02:00,18526.75,18601.25,18512.75,18576.25,8144,18836.28,18927.55,18283.35,33.1,100.37,32.84000015258789
2025-04-16 07:00,2025-04-16 16:00,2025-04-16 03:00,18575.25,18615.5,18511.5,18519.5,8381,18813.03,18916.89,18282.12,30.6,100.63,32.84000015258789
2025-04-16 08:00,2025-04-16 17:00,2025-04-16 04:00,18523.25,18861.25,18514.5,18712.25,23470,18804.22,18908.79,18281.25,45.7,118.21,32.84000015258789
2025-04-16 09:00,2025-04-16 18:00,2025-04-16 05:00,18715.0,18763.0,18676.5,18679.25,12437,18791.39,18900.64,18280.28,44.0,115.94,32.84000015258789
2025-04-16 10:00,2025-04-16 19:00,2025-04-16 06:00,18678.75,18729.5,18670.75,18689.25,7165,18772.46,18892.04,18279.65,44.6,111.86,32.84000015258789
2025-04-16 11:00,2025-04-16 20:00,2025-04-16 07:00,18689.0,18724.0,18651.25,18695.5,9758,18756.26,18882.81,18278.88,45.1,109.07,32.84000015258789
2025-04-16 12:00,2025-04-16 21:00,2025-04-16 08:00,18694.0,18713.25,18630.0,18636.25,13687,18735.61,18873.11,18278.63,41.6,107.22,32.84000015258789
2025-04-16 13:00,2025-04-16 22:00,2025-04-16 09:00,18636.5,18679.5,18523.25,18524.0,72917,18713.61,18862.28,18278.01,35.9,110.72,32.84000015258789
2025-04-16 14:00,2025-04-16 23:00,2025-04-16 10:00,18522.75,18669.5,18509.25,18628.0,67656,18697.41,18852.76,18277.94,43.6,114.26,33.63999938964844
2025-04-16 15:00,2025-04-17 00:00,2025-04-16 11:00,18628.0,18735.0,18576.25,18587.75,63131,18678.05,18843.07,18277.6,41.5,117.44,32.41999816894531
2025-04-16 16:00,2025-04-17 01:00,2025-04-16 12:00,18588.5,18616.5,18548.0,18560.0,50085,18658.03,18830.57,18277.03,40.1,113.94,33.439998626708984
2025-04-16 17:00,2025-04-17 02:00,2025-04-16 13:00,18561.0,18595.75,18288.0,18293.0,73113,18625.78,18815.51,18275.31,29.6,127.79,33.5099983215332
2025-04-16 18:00,2025-04-17 03:00,2025-04-16 14:00,18292.5,18387.75,18209.5,18213.5,77374,18599.03,18797.22,18273.19,27.3,131.39,34.90999984741211
2025-04-16 19:00,2025-04-17 04:00,2025-04-16 15:00,18213.25,18400.0,18116.25,18388.25,104742,18581.99,18788.4,18272.34,38.6,142.27,37.40999984741211
2025-04-16 20:00,2025-04-17 05:00,2025-04-16 16:00,18387.5,18441.0,18338.5,18369.25,26954,18566.94,18780.1,18271.77,37.9,139.43,35.38999938964844
2025-04-16 22:00,2025-04-17 07:00,2025-04-16 18:00,18391.25,18426.75,18370.0,18408.5,0,18552.01,18769.45,18270.6,40.2,133.58,35.38999938964844
2025-04-16 23:00,2025-04-17 08:00,2025-04-16 19:00,18407.75,18428.25,18345.25,18402.0,6896,18537.45,18757.21,18269.58,40.0,129.97,35.38999938964844
2025-04-17 00:00,2025-04-17 09:00,2025-04-16 20:00,18403.5,18498.0,18375.5,18487.5,8085,18528.03,18748.15,18269.09,45.2,129.43,35.38999938964844
2025-04-17 01:00,2025-04-17 10:00,2025-04-16 21:00,18487.5,18491.0,18452.75,18476.25,4671,18518.54,18739.63,18268.53,44.7,122.92,35.38999938964844
2025-04-17 02:00,2025-04-17 11:00,2025-04-16 22:00,18474.5,18512.5,18453.75,18497.5,5688,18517.19,18733.24,18268.15,46.0,118.34,35.38999938964844
2025-04-17 03:00,2025-04-17 12:00,2025-04-16 23:00,18497.25,18538.75,18495.75,18537.25,3507,18515.24,18726.97,18270.41,48.5,112.96,35.38999938964844
2025-04-17 04:00,2025-04-17 13:00,2025-04-17 00:00,18532.25,18543.5,18526.25,18535.5,2721,18516.04,18719.41,18272.45,48.4,106.12,35.38999938964844
2025-04-17 05:00,2025-04-17 14:00,2025-04-17 01:00,18535.75,18578.25,18517.5,18551.25,5807,18507.99,18712.42,18274.15,49.5,102.88,35.38999938964844
2025-04-17 06:00,2025-04-17 15:00,2025-04-17 02:00,18551.5,18602.5,18530.75,18555.5,9554,18501.8,18706.06,18275.94,49.8,100.66,35.38999938964844
2025-04-17 07:00,2025-04-17 16:00,2025-04-17 03:00,18556.75,18652.75,18555.5,18617.0,11980,18498.19,18700.08,18279.75,54.1,100.41,35.38999938964844
2025-04-17 08:00,2025-04-17 17:00,2025-04-17 04:00,18617.0,18620.25,18533.5,18537.75,8080,18490.3,18692.57,18283.03,48.4,99.44,35.38999938964844
2025-04-17 09:00,2025-04-17 18:00,2025-04-17 05:00,18538.75,18592.25,18524.75,18577.5,8043,18487.36,18686.31,18287.16,51.2,97.16,35.38999938964844
2025-04-17 10:00,2025-04-17 19:00,2025-04-17 06:00,18576.25,18583.5,18496.5,18509.25,12121,18486.62,18678.08,18290.38,46.5,96.43,35.38999938964844
2025-04-17 11:00,2025-04-17 20:00,2025-04-17 07:00,18510.25,18532.25,18456.75,18516.0,12501,18481.03,18668.2,18294.84,47.0,94.94,35.38999938964844
2025-04-17 12:00,2025-04-17 21:00,2025-04-17 08:00,18514.75,18624.25,18514.5,18530.5,20485,18478.16,18658.81,18299.82,48.2,95.99,35.38999938964844
2025-04-17 13:00,2025-04-17 22:00,2025-04-17 09:00,18529.75,18546.75,18376.25,18467.75,78252,18473.55,18648.56,18304.69,43.7,101.32,35.38999938964844
2025-04-17 14:00,2025-04-17 23:00,2025-04-17 10:00,18466.25,18488.0,18261.5,18304.0,87604,18474.1,18634.96,18312.89,34.7,110.26,34.689998626708984
2025-04-17 15:00,2025-04-18 00:00,2025-04-17 11:00,18304.0,18443.75,18291.0,18339.5,73680,18480.4,18623.98,18320.99,37.7,113.29,34.150001525878906
2025-04-17 16:00,2025-04-18 01:00,2025-04-17 12:00,18340.25,18478.75,18317.0,18454.0,77548,18483.69,18614.34,18329.42,46.3,116.75,33.470001220703125
2025-04-17 17:00,2025-04-18 02:00,2025-04-17 13:00,18454.0,18487.5,18366.75,18453.0,50291,18487.88,18602.04,18336.76,46.2,117.04,33.91999816894531
2025-04-17 18:00,2025-04-18 03:00,2025-04-17 14:00,18453.75,18526.0,18418.0,18420.0,51895,18488.45,18590.06,18344.37,44.2,116.39,33.09000015258789
2025-04-17 19:00,2025-04-18 04:00,2025-04-17 15:00,18419.75,18431.25,18330.0,18373.25,63424,18487.01,18576.53,18352.3,41.4,115.31,33.630001068115234
2025-04-17 20:00,2025-04-18 05:00,2025-04-17 16:00,18373.75,18455.75,18364.25,18427.75,14652,18484.03,18565.81,18360.76,45.7,113.61,33.31999969482422
2025-04-20 22:00,2025-04-21 07:00,2025-04-20 18:00,18306.25,18383.5,18231.25,18290.0,4626,18474.71,18552.57,18368.4,38.1,119.53,33.31999969482422
2025-04-20 23:00,2025-04-21 08:00,2025-04-20 19:00,18286.5,18327.5,18279.0,18314.75,2738,18465.58,18539.37,18377.27,40.0,114.46,33.31999969482422
2025-04-21 00:00,2025-04-21 09:00,2025-04-20 20:00,18313.25,18378.25,18298.25,18300.75,6530,18453.75,18526.17,18385.36,39.3,112.0,33.31999969482422
2025-04-21 01:00,2025-04-21 10:00,2025-04-20 21:00,18303.0,18315.0,18257.25,18286.0,7543,18441.28,18513.13,18392.58,38.5,108.12,33.31999969482422
2025-04-21 02:00,2025-04-21 11:00,2025-04-20 22:00,18286.75,18305.5,18189.0,18217.25,7639,18424.58,18502.51,18399.22,34.9,108.72,33.31999969482422
2025-04-21 03:00,2025-04-21 12:00,2025-04-20 23:00,18219.25,18235.0,18209.5,18218.5,3318,18407.72,18492.29,18404.71,35.0,102.78,33.31999969482422
2025-04-21 04:00,2025-04-21 13:00,2025-04-21 00:00,18220.0,18245.5,18212.5,18220.0,2708,18387.88,18483.29,18410.49,35.1,97.79,33.31999969482422
2025-04-21 05:00,2025-04-21 14:00,2025-04-21 01:00,18221.25,18254.0,18216.25,18246.25,2609,18373.3,18474.08,18415.88,37.9,93.5,33.31999969482422
2025-04-21 06:00,2025-04-21 15:00,2025-04-21 02:00,18245.0,18256.75,18196.75,18218.0,3952,18355.33,18464.57,18420.6,36.1,91.11,33.31999969482422
2025-04-21 07:00,2025-04-21 16:00,2025-04-21 03:00,18219.0,18226.75,18150.5,18152.75,5513,18337.5,18454.1,18423.07,32.3,90.05,33.31999969482422
2025-04-21 08:00,2025-04-21 17:00,2025-04-21 04:00,18153.75,18194.75,18144.25,18172.25,5312,18320.31,18444.23,18426.99,34.5,87.22,33.31999969482422
2025-04-21 09:00,2025-04-21 18:00,2025-04-21 05:00,18172.75,18181.75,18135.0,18171.75,4897,18302.38,18437.17,18431.57,34.5,84.33,33.31999969482422
2025-04-21 10:00,2025-04-21 19:00,2025-04-21 06:00,18172.25,18192.0,18144.5,18188.75,3916,18288.42,18429.42,18433.6,36.6,81.7,33.31999969482422
2025-04-21 11:00,2025-04-21 20:00,2025-04-21 07:00,18187.75,18213.75,18080.0,18106.25,14325,18278.54,18421.16,18436.47,31.4,85.42,33.31999969482422
2025-04-21 12:00,2025-04-21 21:00,2025-04-21 08:00,18105.75,18148.0,18091.0,18122.0,9978,18267.66,18409.35,18439.27,33.3,83.39,33.31999969482422
2025-04-21 13:00,2025-04-21 22:00,2025-04-21 09:00,18121.25,18165.0,17994.0,17994.5,56538,18244.69,18395.66,18441.1,26.7,89.65,33.31999969482422
2025-04-21 14:00,2025-04-21 23:00,2025-04-21 10:00,17994.5,17998.25,17899.75,17931.25,63836,18218.6,18380.5,18442.02,24.1,90.28,36.869998931884766
2025-04-21 15:00,2025-04-22 00:00,2025-04-21 11:00,17931.75,17949.5,17786.5,17796.75,53562,18187.44,18362.53,18442.18,19.7,95.47,37.02000045776367
2025-04-21 16:00,2025-04-22 01:00,2025-04-21 12:00,17796.0,17875.0,17788.25,17794.75,39486,18158.51,18345.69,18442.59,19.7,94.85,37.41999816894531
2025-04-21 17:00,2025-04-22 02:00,2025-04-21 13:00,17794.5,17812.75,17703.0,17712.25,41930,18122.74,18329.46,18441.81,17.5,95.92,37.939998626708984
2025-04-21 18:00,2025-04-22 03:00,2025-04-21 14:00,17712.75,17781.25,17700.0,17709.0,40228,18093.69,18311.08,18441.27,17.4,94.87,38.0099983215332
2025-04-21 19:00,2025-04-22 04:00,2025-04-21 15:00,17708.0,17952.0,17705.25,17923.0,74872,18074.1,18297.78,18442.04,38.3,105.72,37.560001373291016
2025-04-21 20:00,2025-04-22 05:00,2025-04-21 16:00,17923.0,17929.75,17889.75,17914.0,16810,18054.76,18284.87,18442.71,37.9,101.02,36.7400016784668
2025-04-21 22:00,2025-04-22 07:00,2025-04-21 18:00,17914.0,17934.25,17863.75,17893.25,0,18035.12,18276.87,18443.41,36.9,98.84,36.7400016784668
2025-04-21 23:00,2025-04-22 08:00,2025-04-21 19:00,17893.75,18005.75,17892.75,18003.5,6476,18024.44,18272.67,18444.5,45.4,99.85,36.7400016784668
2025-04-22 00:00,2025-04-22 09:00,2025-04-21 20:00,18003.5,18021.25,17976.0,17996.25,6808,18013.33,18264.83,18445.08,45.0,95.95,36.7400016784668
2025-04-22 01:00,2025-04-22 10:00,2025-04-21 21:00,17997.25,18068.25,17989.0,18030.5,9527,18003.85,18258.06,18446.1,47.5,94.76,36.7400016784668
2025-04-22 02:00,2025-04-22 11:00,2025-04-21 22:00,18030.0,18049.0,18012.0,18028.5,5201,17992.96,18250.46,18447.62,47.4,90.63,36.7400016784668
2025-04-22 03:00,2025-04-22 12:00,2025-04-21 23:00,18030.75,18037.25,17946.5,17980.0,7969,17981.06,18242.01,18448.59,44.1,90.64,36.7400016784668
2025-04-22 04:00,2025-04-22 13:00,2025-04-22 00:00,17980.0,17995.25,17972.25,17986.25,2783,17972.74,18231.99,18448.44,44.6,85.81,36.7400016784668
2025-04-22 05:00,2025-04-22 14:00,2025-04-22 01:00,17984.75,18013.0,17971.75,17998.25,3725,17964.04,18222.43,18448.52,45.7,82.63,36.7400016784668
2025-04-22 06:00,2025-04-22 15:00,2025-04-22 02:00,17997.25,18163.0,17985.25,18146.5,9283,17962.78,18215.41,18448.01,56.9,89.42,36.7400016784668
2025-04-22 07:00,2025-04-22 16:00,2025-04-22 03:00,18147.75,18171.0,18078.5,18086.0,11460,17957.64,18206.38,18447.84,52.2,89.64,36.7400016784668
2025-04-22 08:00,2025-04-22 17:00,2025-04-22 04:00,18085.5,18123.5,18055.25,18114.5,9366,17958.05,18197.97,18448.15,54.1,88.11,36.7400016784668
2025-04-22 09:00,2025-04-22 18:00,2025-04-22 05:00,18114.0,18121.5,18077.0,18093.0,4866,17956.6,18188.8,18450.3,52.4,85.0,36.7400016784668
2025-04-22 10:00,2025-04-22 19:00,2025-04-22 06:00,18091.0,18105.5,18072.75,18094.75,6516,17961.61,18179.58,18452.42,52.5,81.27,36.7400016784668
2025-04-22 11:00,2025-04-22 20:00,2025-04-22 07:00,18096.0,18100.25,18043.75,18055.0,8901,17967.8,18168.35,18455.5,49.2,79.5,36.7400016784668
2025-04-22 12:00,2025-04-22 21:00,2025-04-22 08:00,18054.25,18140.5,18046.25,18138.25,10936,17984.88,18160.35,18460.01,55.6,80.55,36.7400016784668
2025-04-22 13:00,2025-04-22 22:00,2025-04-22 09:00,18138.0,18255.0,18100.5,18253.0,65405,18007.79,18153.87,18465.11,62.6,85.83,36.7400016784668
2025-04-22 14:00,2025-04-22 23:00,2025-04-22 10:00,18253.75,18354.75,18241.0,18340.5,78477,18039.2,18150.49,18471.48,66.9,87.83,34.04999923706055
2025-04-22 15:00,2025-04-23 00:00,2025-04-22 11:00,18340.75,18396.25,18287.25,18378.5,58483,18072.67,18147.74,18478.4,68.5,89.34,33.91999816894531
2025-04-22 16:00,2025-04-23 01:00,2025-04-22 12:00,18378.75,18513.75,18378.75,18450.5,68695,18099.05,18146.14,18486.16,71.5,92.62,33.81999969482422
2025-04-22 17:00,2025-04-23 02:00,2025-04-22 13:00,18449.75,18493.0,18211.25,18223.25,93425,18114.51,18141.25,18491.68,54.2,106.13,35.459999084472656
2025-04-22 18:00,2025-04-23 03:00,2025-04-22 14:00,18223.5,18399.75,18218.0,18382.75,47007,18138.99,18142.83,18498.34,61.3,111.53,34.310001373291016
2025-04-22 19:00,2025-04-23 04:00,2025-04-22 15:00,18383.0,18406.25,18240.5,18379.5,73914,18157.79,18143.62,18505.64,61.1,115.4,34.56999969482422
2025-04-22 20:00,2025-04-23 05:00,2025-04-22 16:00,18380.0,18437.25,18345.0,18359.0,16675,18175.92,18141.72,18513.31,59.7,113.75,33.970001220703125
2025-04-22 22:00,2025-04-23 07:00,2025-04-22 18:00,18646.0,18771.75,18644.0,18765.5,0,18212.67,18147.97,18522.66,72.8,135.11,33.970001220703125
2025-04-22 23:00,2025-04-23 08:00,2025-04-22 19:00,18764.25,18802.75,18727.0,18760.75,11637,18249.29,18154.79,18531.36,72.5,130.87,33.970001220703125
2025-04-23 00:00,2025-04-23 09:00,2025-04-22 20:00,18761.75,18771.25,18673.25,18701.75,8132,18285.38,18161.36,18538.15,68.7,128.52,33.970001220703125
2025-04-23 01:00,2025-04-23 10:00,2025-04-22 21:00,18700.75,18725.0,18623.75,18640.25,7428,18318.08,18165.61,18544.61,65.0,126.57,33.970001220703125
2025-04-23 02:00,2025-04-23 11:00,2025-04-22 22:00,18641.0,18712.25,18627.25,18683.75,5348,18352.35,18173.49,18551.68,66.4,123.6,33.970001220703125
2025-04-23 03:00,2025-04-23 12:00,2025-04-22 23:00,18684.75,18706.5,18661.5,18704.25,4271,18380.24,18181.28,18558.96,67.0,117.99,33.970001220703125
2025-04-23 04:00,2025-04-23 13:00,2025-04-23 00:00,18722.0,18732.0,18707.5,18724.25,4096,18412.15,18189.74,18567.79,67.7,111.54,33.970001220703125
2025-04-23 05:00,2025-04-23 14:00,2025-04-23 01:00,18723.5,18751.25,18681.75,18739.0,5860,18443.38,18198.81,18575.83,68.2,108.54,33.970001220703125
2025-04-23 06:00,2025-04-23 15:00,2025-04-23 02:00,18739.75,18770.5,18730.5,18735.25,7462,18475.49,18209.17,18582.27,67.9,103.64,33.970001220703125
2025-04-23 07:00,2025-04-23 16:00,2025-04-23 03:00,18735.0,18790.5,18713.5,18782.75,10973,18509.89,18220.45,18590.06,69.7,101.74,33.970001220703125
2025-04-23 08:00,2025-04-23 17:00,2025-04-23 04:00,18782.75,18859.0,18775.0,18830.75,12335,18548.67,18232.67,18597.6,71.5,100.47,33.970001220703125
2025-04-23 09:00,2025-04-23 18:00,2025-04-23 05:00,18832.5,18851.5,18814.0,18844.75,7777,18584.0,18244.63,18604.17,72.0,95.97,33.970001220703125
2025-04-23 10:00,2025-04-23 19:00,2025-04-23 06:00,18845.25,18928.75,18839.0,18919.75,10146,18617.34,18258.67,18604.38,74.6,95.53,33.970001220703125
2025-04-23 11:00,2025-04-23 20:00,2025-04-23 07:00,18919.0,18945.0,18859.75,18859.75,14297,18643.3,18272.81,18604.8,69.1,94.8,33.970001220703125
2025-04-23 12:00,2025-04-23 21:00,2025-04-23 08:00,18860.25,18972.0,18857.75,18966.25,15488,18672.69,18288.69,18603.27,72.9,96.19,33.970001220703125
2025-04-23 13:00,2025-04-23 22:00,2025-04-23 09:00,18966.75,19122.25,18889.0,19072.0,103735,18703.76,18306.69,18601.87,76.1,105.98,33.970001220703125
2025-04-23 14:00,2025-04-23 23:00,2025-04-23 10:00,19074.25,19165.5,18974.0,19061.75,99215,18745.69,18324.15,18600.46,75.2,112.08,30.790000915527344
2025-04-23 15:00,2025-04-24 00:00,2025-04-23 11:00,19062.25,19104.75,18797.25,18876.75,98188,18770.39,18339.56,18598.27,60.9,126.04,32.119998931884766
2025-04-23 16:00,2025-04-24 01:00,2025-04-23 12:00,18876.5,18933.75,18747.0,18916.75,69084,18797.25,18355.46,18596.72,62.5,130.38,32.720001220703125
2025-04-23 17:00,2025-04-24 02:00,2025-04-23 13:00,18915.75,18966.25,18832.0,18925.75,52282,18825.59,18374.08,18595.6,62.9,130.66,31.8700008392334
2025-04-23 18:00,2025-04-24 03:00,2025-04-23 14:00,18927.5,18959.0,18846.75,18869.5,48533,18830.79,18392.85,18594.43,58.9,129.34,32.2400016784668
2025-04-23 19:00,2025-04-24 04:00,2025-04-23 15:00,18869.25,18894.25,18729.75,18788.0,81811,18832.15,18412.67,18593.32,53.5,131.85,32.5099983215332
2025-04-23 20:00,2025-04-24 05:00,2025-04-23 16:00,18788.75,18927.0,18771.0,18850.0,26910,18839.56,18433.78,18592.33,56.7,133.58,31.6200008392334
2025-04-23 22:00,2025-04-24 07:00,2025-04-23 18:00,18826.5,18842.25,18740.5,18819.25,0,18848.51,18455.92,18590.67,54.7,131.86,31.6200008392334
2025-04-23 23:00,2025-04-24 08:00,2025-04-23 19:00,18815.25,18857.5,18806.25,18839.5,4273,18856.3,18478.53,18589.25,55.8,126.1,31.6200008392334
2025-04-24 00:00,2025-04-24 09:00,2025-04-23 20:00,18840.0,18875.75,18826.25,18841.25,5914,18863.15,18496.9,18588.97,55.9,120.63,31.6200008392334
2025-04-24 01:00,2025-04-24 10:00,2025-04-23 21:00,18841.75,18850.0,18770.75,18771.75,6599,18865.53,18514.05,18588.91,50.9,117.67,31.6200008392334
2025-04-24 02:00,2025-04-24 11:00,2025-04-23 22:00,18771.0,18807.0,18747.0,18748.0,5602,18865.97,18531.15,18588.38,49.3,113.55,31.6200008392334
2025-04-24 03:00,2025-04-24 12:00,2025-04-23 23:00,18746.5,18763.5,18735.25,18756.25,3473,18867.03,18546.2,18587.79,49.9,107.46,31.6200008392334
2025-04-24 04:00,2025-04-24 13:00,2025-04-24 00:00,18752.75,18769.25,18710.75,18763.5,5074,18866.06,18561.54,18586.98,50.5,103.96,31.6200008392334
2025-04-24 05:00,2025-04-24 14:00,2025-04-24 01:00,18764.25,18781.75,18678.5,18710.5,6097,18860.05,18575.15,18586.42,46.4,103.91,31.6200008392334
2025-04-24 06:00,2025-04-24 15:00,2025-04-24 02:00,18711.5,18779.0,18706.0,18743.75,7130,18855.0,18589.45,18586.83,49.2,101.7,31.6200008392334
2025-04-24 07:00,2025-04-24 16:00,2025-04-24 03:00,18744.25,18755.0,18650.75,18676.0,14051,18842.81,18603.37,18587.28,44.2,101.89,31.6200008392334
2025-04-24 08:00,2025-04-24 17:00,2025-04-24 04:00,18675.25,18704.5,18594.75,18629.75,13305,18831.31,18616.24,18589.04,41.2,102.45,31.6200008392334
2025-04-24 09:00,2025-04-24 18:00,2025-04-24 05:00,18630.0,18696.0,18630.0,18693.75,7721,18817.69,18630.15,18590.95,46.7,99.86,31.6200008392334
2025-04-24 10:00,2025-04-24 19:00,2025-04-24 06:00,18695.25,18839.5,18693.5,18817.0,15186,18804.94,18643.56,18592.74,55.3,103.16,31.6200008392334
2025-04-24 11:00,2025-04-24 20:00,2025-04-24 07:00,18816.25,18823.0,18729.5,18769.25,15960,18790.31,18657.22,18593.9,51.8,102.47,31.6200008392334
2025-04-24 12:00,2025-04-24 21:00,2025-04-24 08:00,18769.5,18865.75,18769.0,18851.0,16848,18789.03,18671.96,18595.74,56.8,102.06,31.6200008392334
2025-04-24 13:00,2025-04-24 22:00,2025-04-24 09:00,18853.0,19060.5,18824.0,19051.75,63860,18795.78,18691.13,18598.49,66.2,111.66,31.6200008392334
2025-04-24 14:00,2025-04-24 23:00,2025-04-24 10:00,19052.5,19180.0,19044.75,19141.25,86799,18806.55,18712.06,18601.57,69.4,113.35,30.639999389648438
2025-04-24 15:00,2025-04-25 00:00,2025-04-24 11:00,19141.0,19215.0,19120.75,19162.25,64023,18821.19,18734.21,18605.6,70.1,111.98,30.59000015258789
2025-04-24 16:00,2025-04-25 01:00,2025-04-24 12:00,19163.0,19278.0,19140.25,19262.5,59721,18844.91,18756.69,18611.0,73.3,113.82,30.489999771118164
2025-04-24 17:00,2025-04-25 02:00,2025-04-24 13:00,19262.0,19273.5,19203.5,19265.0,44983,18865.66,18776.93,18615.5,73.4,110.69,30.760000228881836
2025-04-24 18:00,2025-04-25 03:00,2025-04-24 14:00,19265.75,19325.0,19258.5,19293.25,42734,18889.36,18795.99,18620.19,74.3,107.54,30.690000534057617
2025-04-24 19:00,2025-04-25 04:00,2025-04-24 15:00,19292.0,19338.0,19221.0,19319.0,69360,18913.34,18814.79,18624.41,75.1,108.21,30.239999771118164
2025-04-24 20:00,2025-04-25 05:00,2025-04-24 16:00,19319.25,19418.0,19312.75,19347.5,25332,18938.65,18832.74,18628.72,76.0,108.0,30.049999237060547
2025-04-24 22:00,2025-04-25 07:00,2025-04-24 18:00,19405.0,19427.0,19352.25,19405.25,0,18970.33,18856.38,18632.26,77.8,105.97,30.049999237060547
2025-04-24 23:00,2025-04-25 08:00,2025-04-24 19:00,19406.75,19435.5,19396.5,19412.5,5344,19003.55,18876.97,18635.92,78.0,101.18,30.049999237060547
2025-04-25 00:00,2025-04-25 09:00,2025-04-24 20:00,19412.75,19462.75,19390.0,19456.5,6782,19038.56,18898.51,18640.37,79.3,99.15,30.049999237060547
2025-04-25 01:00,2025-04-25 10:00,2025-04-24 21:00,19456.0,19469.75,19401.25,19411.5,7351,19070.96,18919.56,18645.43,74.3,96.96,30.049999237060547
2025-04-25 02:00,2025-04-25 11:00,2025-04-24 22:00,19410.75,19422.75,19363.0,19384.5,6414,19104.66,18931.94,18649.15,71.4,94.3,30.049999237060547
2025-04-25 03:00,2025-04-25 12:00,2025-04-24 23:00,19382.5,19454.0,19367.0,19450.5,6060,19140.0,18945.74,18653.25,74.1,93.78,30.049999237060547
2025-04-25 04:00,2025-04-25 13:00,2025-04-25 00:00,19479.0,19497.5,19397.25,19408.0,8144,19176.6,18959.86,18657.47,69.6,94.24,30.049999237060547
2025-04-25 05:00,2025-04-25 14:00,2025-04-25 01:00,19408.25,19434.0,19391.75,19412.0,4121,19215.71,18975.29,18662.07,69.8,90.53,30.049999237060547
2025-04-25 06:00,2025-04-25 15:00,2025-04-25 02:00,19412.25,19478.0,19403.0,19462.0,6140,19254.12,18990.86,18666.53,72.1,89.42,30.049999237060547
2025-04-25 07:00,2025-04-25 16:00,2025-04-25 03:00,19462.0,19465.75,19373.25,19418.0,10363,19284.17,19005.13,18671.56,67.2,89.64,30.049999237060547
2025-04-25 08:00,2025-04-25 17:00,2025-04-25 04:00,19416.5,19451.25,19383.5,19403.75,9458,19315.9,19018.72,18675.73,65.7,88.08,30.049999237060547
2025-04-25 09:00,2025-04-25 18:00,2025-04-25 05:00,19403.75,19404.0,19344.25,19396.75,8687,19343.19,19031.88,18679.04,64.9,86.05,30.049999237060547
2025-04-25 10:00,2025-04-25 19:00,2025-04-25 06:00,19396.0,19416.0,19218.0,19230.5,19787,19352.12,19041.78,18681.08,49.7,94.05,30.049999237060547
2025-04-25 11:00,2025-04-25 20:00,2025-04-25 07:00,19230.75,19322.0,19229.75,19255.25,15517,19357.83,19051.24,18683.65,51.5,93.92,30.049999237060547
2025-04-25 12:00,2025-04-25 21:00,2025-04-25 08:00,19255.0,19298.0,19233.0,19245.25,15152,19361.97,19059.53,18685.83,50.7,91.86,30.049999237060547
2025-04-25 13:00,2025-04-25 22:00,2025-04-25 09:00,19245.0,19363.75,19216.25,19263.75,66053,19362.04,19067.9,18688.05,52.2,95.83,30.049999237060547
2025-04-25 14:00,2025-04-25 23:00,2025-04-25 10:00,19257.0,19405.75,19233.75,19338.25,88886,19365.7,19076.28,18689.96,57.7,101.27,30.18000030517578
2025-04-25 15:00,2025-04-26 00:00,2025-04-25 11:00,19338.0,19393.0,19309.25,19362.75,50233,19369.17,19086.33,18691.71,59.4,100.02,29.200000762939453
2025-04-25 16:00,2025-04-26 01:00,2025-04-25 12:00,19363.0,19469.0,19349.75,19466.5,43029,19376.55,19096.34,18694.0,65.5,101.39,28.350000381469727
2025-04-25 17:00,2025-04-26 02:00,2025-04-25 13:00,19467.0,19554.25,19374.25,19428.25,74671,19380.59,19103.47,18696.11,61.8,107.01,28.25
2025-04-25 18:00,2025-04-26 03:00,2025-04-25 14:00,19428.75,19528.5,19414.25,19500.5,49322,19385.35,19112.24,18698.34,65.8,107.53,28.709999084472656
2025-04-25 19:00,2025-04-26 04:00,2025-04-25 15:00,19500.5,19546.75,19447.25,19531.0,57399,19391.28,19125.33,18700.74,67.3,106.95,28.639999389648438
2025-04-25 20:00,2025-04-26 05:00,2025-04-25 16:00,19530.5,19589.0,19526.0,19554.75,15410,19396.19,19138.08,18702.92,68.5,103.81,28.469999313354492
2025-04-27 22:00,2025-04-28 07:00,2025-04-27 18:00,19524.5,19524.5,19450.0,19460.5,6276,19398.64,19148.78,18704.79,59.3,103.88,28.469999313354492
2025-04-27 23:00,2025-04-28 08:00,2025-04-27 19:00,19459.75,19475.0,19435.25,19454.75,3272,19402.15,19160.49,18706.47,58.8,99.3,28.469999313354492
2025-04-28 00:00,2025-04-28 09:00,2025-04-27 20:00,19457.0,19471.5,19402.5,19413.5,4500,19400.3,19172.99,18707.75,55.0,97.13,28.469999313354492
2025-04-28 01:00,2025-04-28 10:00,2025-04-27 21:00,19413.0,19432.75,19392.25,19429.5,3666,19401.38,19184.58,18709.29,56.2,93.09,28.469999313354492
2025-04-28 02:00,2025-04-28 11:00,2025-04-27 22:00,19430.0,19452.0,19406.5,19417.5,3797,19401.65,19196.55,18711.05,55.1,89.69,28.469999313354492
2025-04-28 03:00,2025-04-28 12:00,2025-04-27 23:00,19417.75,19422.25,19395.5,19403.25,2611,19398.71,19207.83,18712.55,53.7,85.19,28.469999313354492
2025-04-28 04:00,2025-04-28 13:00,2025-04-28 00:00,19403.25,19427.75,19403.25,19411.25,2213,19398.38,19219.22,18714.24,54.4,80.86,28.469999313354492
2025-04-28 05:00,2025-04-28 14:00,2025-04-28 01:00,19411.75,19429.75,19404.0,19416.25,2731,19399.0,19232.12,18715.4,54.8,76.92,28.469999313354492
2025-04-28 06:00,2025-04-28 15:00,2025-04-28 02:00,19416.75,19505.5,19416.75,19502.75,5676,19404.3,19247.21,18717.68,62.0,77.8,28.469999313354492
2025-04-28 07:00,2025-04-28 16:00,2025-04-28 03:00,19503.25,19518.0,19467.5,19469.0,6784,19416.22,19261.47,18719.39,58.1,75.85,28.469999313354492
2025-04-28 08:00,2025-04-28 17:00,2025-04-28 04:00,19468.25,19502.75,19440.75,19500.0,6189,19428.46,19276.19,18722.74,60.5,74.86,28.469999313354492
2025-04-28 09:00,2025-04-28 18:00,2025-04-28 05:00,19500.25,19540.0,19482.75,19515.0,5973,19441.95,19292.28,18726.4,61.7,73.61,28.469999313354492
2025-04-28 10:00,2025-04-28 19:00,2025-04-28 06:00,19516.25,19523.0,19466.25,19477.0,7481,19452.61,19306.95,18729.08,57.1,72.4,28.469999313354492
2025-04-28 11:00,2025-04-28 20:00,2025-04-28 07:00,19475.5,19533.75,19466.25,19514.5,9118,19461.42,19323.72,18731.58,60.2,72.05,28.469999313354492
2025-04-28 12:00,2025-04-28 21:00,2025-04-28 08:00,19514.75,19550.0,19470.25,19540.0,12411,19470.29,19341.92,18734.58,62.3,72.6,28.469999313354492
2025-04-28 13:00,2025-04-28 22:00,2025-04-28 09:00,19540.0,19623.0,19454.0,19465.25,69916,19470.22,19357.35,18737.39,53.7,79.49,28.469999313354492
2025-04-28 14:00,2025-04-28 23:00,2025-04-28 10:00,19464.5,19539.25,19433.25,19471.75,72581,19472.4,19370.45,18740.67,54.3,81.38,29.06999969482422
2025-04-28 15:00,2025-04-29 00:00,2025-04-28 11:00,19471.5,19496.0,19311.75,19347.75,70643,19464.76,19382.02,18743.15,43.0,88.73,30.040000915527344
2025-04-28 16:00,2025-04-29 01:00,2025-04-28 12:00,19347.0,19356.25,19267.5,19318.0,52644,19454.11,19391.36,18745.17,40.8,88.73,30.059999465942383
2025-04-28 17:00,2025-04-29 02:00,2025-04-28 13:00,19317.0,19378.75,19257.25,19371.25,45116,19444.94,19397.75,18747.53,46.1,91.07,30.299999237060547
2025-04-28 18:00,2025-04-29 03:00,2025-04-28 14:00,19372.0,19438.75,19356.75,19428.5,38625,19443.34,19403.49,18750.3,51.1,90.42,29.190000534057617
2025-04-28 19:00,2025-04-29 04:00,2025-04-28 15:00,19429.0,19578.75,19423.5,19524.5,59950,19446.83,19410.74,18753.34,58.2,95.05,28.559999465942383
2025-04-28 20:00,2025-04-29 05:00,2025-04-28 16:00,19524.75,19526.5,19475.25,19483.75,13432,19450.34,19415.17,18756.19,54.6,91.92,28.34000015258789
2025-04-28 22:00,2025-04-29 07:00,2025-04-28 18:00,19478.25,19490.25,19455.5,19486.0,0,19453.16,19419.58,18759.17,54.8,87.84,28.34000015258789
2025-04-28 23:00,2025-04-29 08:00,2025-04-28 19:00,19485.75,19532.25,19478.25,19528.5,4576,19458.71,19424.29,18762.21,57.9,85.42,28.34000015258789
2025-04-29 00:00,2025-04-29 09:00,2025-04-28 20:00,19528.25,19561.0,19496.25,19555.0,4315,19466.3,19429.01,18764.94,59.8,83.95,28.34000015258789
2025-04-29 01:00,2025-04-29 10:00,2025-04-28 21:00,19554.0,19600.0,19544.5,19594.25,4701,19475.45,19433.94,18767.91,62.5,81.91,28.34000015258789
2025-04-29 02:00,2025-04-29 11:00,2025-04-28 22:00,19594.25,19630.75,19559.0,19569.5,7743,19483.11,19437.23,18770.85,59.8,81.19,28.34000015258789
2025-04-29 03:00,2025-04-29 12:00,2025-04-28 23:00,19570.5,19591.0,19561.0,19573.5,3363,19486.65,19440.45,18773.8,60.1,77.53,28.34000015258789
2025-04-29 04:00,2025-04-29 13:00,2025-04-29 00:00,19566.75,19597.5,19541.5,19552.75,4648,19490.84,19442.38,18777.12,57.7,75.99,28.34000015258789
2025-04-29 05:00,2025-04-29 14:00,2025-04-29 01:00,19552.5,19570.5,19530.0,19532.75,3877,19492.47,19444.8,18780.11,55.4,73.46,28.34000015258789
2025-04-29 06:00,2025-04-29 15:00,2025-04-29 02:00,19531.5,19565.5,19525.5,19542.75,3882,19493.86,19447.97,18782.48,56.3,71.07,28.34000015258789
2025-04-29 07:00,2025-04-29 16:00,2025-04-29 03:00,19543.5,19621.75,19532.75,19609.75,7367,19500.5,19451.15,18785.43,62.1,72.35,28.34000015258789
2025-04-29 08:00,2025-04-29 17:00,2025-04-29 04:00,19610.25,19610.75,19541.25,19581.25,6992,19503.84,19454.62,18788.09,58.5,72.15,28.34000015258789
2025-04-29 09:00,2025-04-29 18:00,2025-04-29 05:00,19582.0,19589.5,19545.75,19567.0,5642,19505.19,19457.72,18791.11,56.8,70.12,28.34000015258789
2025-04-29 10:00,2025-04-29 19:00,2025-04-29 06:00,19566.25,19580.75,19447.25,19496.25,11521,19506.74,19458.4,18793.83,49.0,74.65,28.34000015258789
2025-04-29 11:00,2025-04-29 20:00,2025-04-29 07:00,19496.0,19531.5,19488.25,19504.25,9873,19508.36,19460.12,18796.47,49.8,72.4,28.34000015258789
2025-04-29 12:00,2025-04-29 21:00,2025-04-29 08:00,19503.25,19538.0,19445.5,19450.0,20529,19513.47,19461.05,18798.92,44.5,73.84,28.34000015258789
2025-04-29 13:00,2025-04-29 22:00,2025-04-29 09:00,19450.5,19546.0,19378.0,19506.25,74125,19522.89,19463.24,18801.76,50.4,80.56,28.34000015258789
2025-04-29 14:00,2025-04-29 23:00,2025-04-29 10:00,19506.0,19609.0,19466.25,19597.0,87100,19534.17,19470.57,18806.01,58.2,85.01,28.719999313354492
2025-04-29 15:00,2025-04-30 00:00,2025-04-29 11:00,19598.0,19615.25,19500.0,19539.0,58557,19539.7,19476.24,18810.06,52.5,87.17,28.360000610351562
2025-04-29 16:00,2025-04-30 01:00,2025-04-29 12:00,19538.5,19606.0,19471.0,19494.25,57303,19538.19,19481.22,18814.18,48.6,90.58,28.059999465942383
2025-04-29 17:00,2025-04-30 02:00,2025-04-29 13:00,19494.0,19667.5,19483.0,19656.0,55581,19546.8,19489.07,18818.92,60.2,97.29,27.610000610351562
2025-04-29 18:00,2025-04-30 03:00,2025-04-29 14:00,19656.5,19688.5,19638.75,19646.25,47467,19554.81,19495.23,18823.69,59.3,93.9,27.209999084472656
2025-04-29 19:00,2025-04-30 04:00,2025-04-29 15:00,19646.5,19683.25,19615.0,19645.0,61184,19560.64,19500.88,18828.53,59.2,92.06,27.639999389648438
2025-04-29 20:00,2025-04-30 05:00,2025-04-29 16:00,19645.25,19668.5,19567.25,19614.25,16773,19563.6,19503.83,18833.27,56.2,92.72,27.600000381469727
2025-04-29 22:00,2025-04-30 07:00,2025-04-29 18:00,19599.75,19611.75,19563.25,19564.5,0,19562.11,19506.56,18838.47,51.7,89.74,27.600000381469727
2025-04-29 23:00,2025-04-30 08:00,2025-04-29 19:00,19564.5,19574.5,19544.75,19563.0,3807,19561.79,19507.81,18843.41,51.6,85.45,27.600000381469727
2025-04-30 00:00,2025-04-30 09:00,2025-04-29 20:00,19562.5,19584.5,19518.75,19531.25,6970,19559.67,19507.81,18848.47,48.7,84.05,27.600000381469727
2025-04-30 01:00,2025-04-30 10:00,2025-04-29 21:00,19530.0,19544.75,19506.0,19512.75,4753,19557.67,19506.97,18852.47,47.1,80.81,27.600000381469727
2025-04-30 02:00,2025-04-30 11:00,2025-04-29 22:00,19513.25,19528.5,19500.0,19509.25,4161,19556.5,19507.94,18856.62,46.7,77.08,27.600000381469727
2025-04-30 03:00,2025-04-30 12:00,2025-04-29 23:00,19509.5,19527.75,19485.25,19526.0,4864,19555.66,19509.37,18860.8,48.6,74.61,27.600000381469727
2025-04-30 04:00,2025-04-30 13:00,2025-04-30 00:00,19514.25,19540.25,19511.75,19519.75,3425,19551.16,19511.49,18864.92,47.9,71.31,27.600000381469727
2025-04-30 05:00,2025-04-30 14:00,2025-04-30 01:00,19520.25,19538.25,19503.5,19537.5,3999,19548.97,19513.65,18869.43,50.0,68.7,27.600000381469727
2025-04-30 06:00,2025-04-30 15:00,2025-04-30 02:00,19536.75,19572.75,19534.0,19564.25,5968,19548.84,19516.59,18874.63,53.0,66.56,27.600000381469727
2025-04-30 07:00,2025-04-30 16:00,2025-04-30 03:00,19564.75,19594.75,19562.5,19587.75,5827,19553.41,19520.28,18879.43,55.6,64.11,27.600000381469727
2025-04-30 08:00,2025-04-30 17:00,2025-04-30 04:00,19585.25,19622.75,19557.75,19575.25,7902,19556.96,19523.56,18884.37,53.9,64.17,27.600000381469727
2025-04-30 09:00,2025-04-30 18:00,2025-04-30 05:00,19574.5,19615.0,19573.5,19589.0,4065,19563.91,19527.01,18889.51,55.5,62.55,27.600000381469727
2025-04-30 10:00,2025-04-30 19:00,2025-04-30 06:00,19589.75,19593.0,19543.5,19570.75,6052,19567.14,19528.38,18895.9,52.9,61.62,27.600000381469727
2025-04-30 11:00,2025-04-30 20:00,2025-04-30 07:00,19571.5,19601.0,19511.25,19527.25,9200,19563.65,19529.54,18902.47,47.2,63.63,27.600000381469727
2025-04-30 12:00,2025-04-30 21:00,2025-04-30 08:00,19527.0,19535.5,19257.5,19286.25,40146,19551.01,19525.26,18906.96,28.7,78.94,27.600000381469727
2025-04-30 13:00,2025-04-30 22:00,2025-04-30 09:00,19285.5,19307.5,19106.0,19121.25,97121,19532.36,19517.39,18910.72,22.3,87.7,27.600000381469727
2025-04-30 14:00,2025-04-30 23:00,2025-04-30 10:00,19120.25,19356.75,19103.75,19333.0,103366,19516.21,19514.51,18915.34,40.7,99.5,29.520000457763672
2025-04-30 15:00,2025-05-01 00:00,2025-04-30 11:00,19332.75,19455.0,19327.5,19443.25,74266,19506.06,19513.08,18920.55,47.6,101.5,28.8700008392334
2025-04-30 16:00,2025-05-01 01:00,2025-04-30 12:00,19442.75,19473.5,19356.75,19438.25,58687,19495.72,19511.05,18925.3,47.3,102.59,29.09000015258789
2025-04-30 17:00,2025-05-01 02:00,2025-04-30 13:00,19438.25,19509.0,19337.0,19478.25,54488,19488.92,19511.31,18930.31,49.8,107.55,28.809999465942383
2025-04-30 18:00,2025-05-01 03:00,2025-04-30 14:00,19478.5,19582.0,19447.5,19474.25,68518,19484.41,19511.36,18935.19,49.5,109.48,28.729999542236328
2025-04-30 19:00,2025-05-01 04:00,2025-04-30 15:00,19474.75,19715.75,19467.25,19642.5,89921,19488.39,19517.26,18940.72,58.8,119.41,28.93000030517578
2025-04-30 20:00,2025-05-01 05:00,2025-04-30 16:00,19643.0,19880.0,19591.25,19848.5,43567,19504.25,19527.87,18947.29,66.9,131.5,27.8799991607666
2025-04-30 22:00,2025-05-01 07:00,2025-04-30 18:00,19834.0,19936.0,19805.0,19903.25,0,19523.78,19538.51,18954.05,68.7,131.47,27.8799991607666
2025-04-30 23:00,2025-05-01 08:00,2025-04-30 19:00,19903.25,19934.0,19868.0,19917.25,9130,19544.17,19548.28,18960.85,69.1,126.79,27.8799991607666
2025-05-01 00:00,2025-05-01 09:00,2025-04-30 20:00,19917.75,19955.5,19912.5,19946.75,9557,19565.21,19556.72,18967.5,70.1,120.81,27.8799991607666
2025-05-01 01:00,2025-05-01 10:00,2025-04-30 21:00,19947.0,19951.75,19910.75,19929.0,7035,19585.67,19565.63,18974.46,68.7,115.1,27.8799991607666
2025-05-01 02:00,2025-05-01 11:00,2025-04-30 22:00,19928.5,19951.25,19907.5,19913.75,4490,19604.49,19574.19,18981.14,67.4,110.01,27.8799991607666
2025-05-01 03:00,2025-05-01 12:00,2025-04-30 23:00,19913.5,19963.0,19907.0,19958.5,4105,19624.2,19582.78,18988.39,69.2,106.15,27.8799991607666
2025-05-01 04:00,2025-05-01 13:00,2025-05-01 00:00,19956.5,19958.25,19934.25,19941.5,2459,19641.89,19590.51,18995.51,67.7,100.3,27.8799991607666
2025-05-01 05:00,2025-05-01 14:00,2025-05-01 01:00,19941.75,19974.0,19918.25,19921.5,4303,19659.2,19597.06,19002.47,65.9,97.12,27.8799991607666
2025-05-01 06:00,2025-05-01 15:00,2025-05-01 02:00,19922.25,19948.5,19915.25,19922.0,4461,19675.85,19604.11,19009.74,65.9,92.56,27.8799991607666
2025-05-01 07:00,2025-05-01 16:00,2025-05-01 03:00,19922.5,19976.5,19901.25,19956.25,6631,19695.12,19611.76,19018.0,67.6,91.32,27.8799991607666
2025-05-01 08:00,2025-05-01 17:00,2025-05-01 04:00,19955.75,19987.75,19931.5,19984.0,7442,19717.96,19620.39,19026.22,69.0,88.81,27.8799991607666
2025-05-01 09:00,2025-05-01 18:00,2025-05-01 05:00,19984.5,20023.5,19973.0,20017.75,7494,19754.54,19630.09,19034.04,70.6,86.08,27.8799991607666
2025-05-01 10:00,2025-05-01 19:00,2025-05-01 06:00,20017.0,20027.5,19983.0,20001.5,7999,19798.55,19639.26,19041.79,68.8,83.11,27.8799991607666
2025-05-01 11:00,2025-05-01 20:00,2025-05-01 07:00,20001.75,20027.0,19980.5,20010.0,9407,19832.4,19647.27,19049.74,69.2,80.49,27.8799991607666
2025-05-01 12:00,2025-05-01 21:00,2025-05-01 08:00,20008.75,20035.75,19949.5,19953.5,16754,19857.91,19654.72,19057.64,62.6,80.9,27.8799991607666
2025-05-01 13:00,2025-05-01 22:00,2025-05-01 09:00,19954.0,19996.25,19860.0,19860.0,76478,19879.0,19660.58,19064.8,53.5,84.86,27.8799991607666
2025-05-01 14:00,2025-05-01 23:00,2025-05-01 10:00,19877.0,20073.5,19866.0,20072.75,81460,19908.72,19672.1,19073.71,65.7,94.05,27.110000610351562
2025-05-01 15:00,2025-05-02 00:00,2025-05-01 11:00,20073.25,20125.75,19933.0,19962.0,72522,19933.11,19681.26,19081.95,57.3,101.1,27.139999389648438
2025-05-01 16:00,2025-05-02 01:00,2025-05-01 12:00,19963.0,19999.5,19910.0,19942.75,57576,19948.12,19691.12,19090.16,55.9,100.27,27.770000457763672
2025-05-01 17:00,2025-05-02 02:00,2025-05-01 13:00,19942.25,20029.0,19939.0,19982.0,43273,19954.8,19700.63,19098.64,58.1,99.54,27.43000030517578
2025-05-01 18:00,2025-05-02 03:00,2025-05-01 14:00,19982.0,20049.25,19976.5,20009.0,38420,19960.09,19708.87,19107.6,59.6,97.62,27.110000610351562
2025-05-01 19:00,2025-05-02 04:00,2025-05-01 15:00,20009.0,20022.5,19857.75,19878.0,67979,19958.12,19715.65,19115.9,50.4,102.42,26.8799991607666
2025-05-01 20:00,2025-05-02 05:00,2025-05-01 16:00,19878.25,19923.0,19757.25,19799.0,30804,19950.74,19721.74,19123.79,45.8,106.94,27.510000228881836
2025-05-01 22:00,2025-05-02 07:00,2025-05-01 18:00,19782.5,19797.25,19749.5,19788.5,0,19943.71,19724.4,19131.5,45.2,102.84,27.510000228881836
2025-05-01 23:00,2025-05-02 08:00,2025-05-01 19:00,19788.0,19826.0,19778.0,19789.5,4244,19937.5,19727.26,19139.36,45.2,98.92,27.510000228881836
2025-05-02 00:00,2025-05-02 09:00,2025-05-01 20:00,19790.0,19968.75,19755.0,19943.25,15412,19936.74,19733.22,19148.31,55.1,107.12,27.510000228881836
2025-05-02 01:00,2025-05-02 10:00,2025-05-01 21:00,19941.75,19981.25,19915.25,19928.75,9413,19936.1,19739.51,19157.09,54.1,104.19,27.510000228881836
2025-05-02 02:00,2025-05-02 11:00,2025-05-01 22:00,19928.5,19972.75,19906.75,19959.0,5057,19937.97,19747.4,19166.03,55.9,101.46,27.510000228881836
2025-05-02 03:00,2025-05-02 12:00,2025-05-01 23:00,19959.0,19987.0,19952.5,19977.0,3036,19940.72,19755.69,19174.97,56.9,96.68,27.510000228881836
2025-05-02 04:00,2025-05-02 13:00,2025-05-02 00:00,19993.5,19997.25,19965.75,19985.0,4026,19942.16,19764.76,19184.37,57.4,92.02,27.510000228881836
2025-05-02 05:00,2025-05-02 14:00,2025-05-02 01:00,19986.0,19989.0,19940.5,19950.5,3853,19940.49,19773.51,19193.51,54.5,88.91,27.510000228881836
2025-05-02 06:00,2025-05-02 15:00,2025-05-02 02:00,19948.75,19948.75,19883.25,19930.25,7171,19936.11,19781.94,19203.19,52.8,87.36,27.510000228881836
2025-05-02 07:00,2025-05-02 16:00,2025-05-02 03:00,19930.75,19959.25,19901.0,19903.0,8882,19931.19,19789.47,19213.04,50.6,85.28,27.510000228881836
2025-05-02 08:00,2025-05-02 17:00,2025-05-02 04:00,19902.0,19949.5,19867.0,19870.25,8397,19924.2,19796.49,19223.41,47.9,85.09,27.510000228881836
2025-05-02 09:00,2025-05-02 18:00,2025-05-02 05:00,19869.0,19934.0,19864.0,19918.5,6168,19922.45,19804.1,19234.03,51.9,84.01,27.510000228881836
2025-05-02 10:00,2025-05-02 19:00,2025-05-02 06:00,19919.5,19956.0,19909.5,19932.0,6297,19926.05,19811.46,19245.13,53.0,81.33,27.510000228881836
2025-05-02 11:00,2025-05-02 20:00,2025-05-02 07:00,19932.0,19958.0,19901.5,19917.75,7771,19918.3,19818.06,19256.17,51.7,79.56,27.510000228881836
2025-05-02 12:00,2025-05-02 21:00,2025-05-02 08:00,19918.25,20105.5,19911.0,20095.25,27953,19924.96,19828.46,19267.03,63.9,87.77,27.510000228881836
2025-05-02 13:00,2025-05-02 22:00,2025-05-02 09:00,20095.75,20141.25,20020.0,20073.0,72341,19931.47,19838.14,19277.83,61.8,90.16,27.510000228881836
2025-05-02 14:00,2025-05-02 23:00,2025-05-02 10:00,20073.25,20180.5,20062.0,20166.0,67007,19940.67,19850.04,19289.19,66.7,92.18,25.81999969482422
2025-05-02 15:00,2025-05-03 00:00,2025-05-02 11:00,20166.0,20207.0,20127.25,20197.25,47246,19950.09,19863.44,19300.16,68.2,91.29,26.06999969482422
2025-05-02 16:00,2025-05-03 01:00,2025-05-02 12:00,20197.0,20266.0,20192.0,20241.75,51293,19968.28,19882.56,19311.39,70.2,90.06,25.899999618530273
2025-05-02 17:00,2025-05-03 02:00,2025-05-02 13:00,20242.0,20254.5,20196.25,20226.0,36755,19989.62,19904.65,19322.37,68.5,87.79,25.90999984741211
2025-05-02 18:00,2025-05-03 03:00,2025-05-02 14:00,20225.75,20276.75,20198.75,20221.25,32956,20011.26,19922.42,19333.33,68.0,87.09,25.639999389648438
2025-05-02 19:00,2025-05-03 04:00,2025-05-02 15:00,20220.75,20235.5,20152.25,20185.5,64478,20031.06,19937.26,19344.36,64.0,86.81,25.6299991607666
2025-05-02 20:00,2025-05-03 05:00,2025-05-02 16:00,20186.0,20225.0,20177.5,20204.5,14117,20044.12,19952.58,19355.45,65.2,84.01,25.610000610351562
2025-05-04 22:00,2025-05-05 07:00,2025-05-04 18:00,20181.5,20201.75,20108.25,20115.0,5496,20053.44,19965.32,19366.03,56.0,84.88,25.610000610351562
2025-05-04 23:00,2025-05-05 08:00,2025-05-04 19:00,20113.75,20122.25,20052.5,20085.0,7094,20059.74,19977.53,19375.73,53.3,83.8,25.610000610351562
2025-05-05 00:00,2025-05-05 09:00,2025-05-04 20:00,20084.75,20111.5,20067.75,20104.0,5960,20066.09,19986.76,19385.82,54.8,80.94,25.610000610351562
2025-05-05 01:00,2025-05-05 10:00,2025-05-04 21:00,20102.5,20103.0,19991.5,20004.0,9383,20067.04,19989.88,19395.26,46.3,83.19,25.610000610351562
2025-05-05 02:00,2025-05-05 11:00,2025-05-04 22:00,20003.75,20050.25,19995.25,20035.25,5343,20071.28,19992.51,19404.97,49.0,81.18,25.610000610351562
2025-05-05 03:00,2025-05-05 12:00,2025-05-04 23:00,20035.25,20073.75,20021.75,20056.5,5014,20077.59,19995.3,19414.78,50.8,79.09,25.610000610351562
2025-05-05 04:00,2025-05-05 13:00,2025-05-05 00:00,20056.5,20059.5,20017.0,20036.5,4521,20084.26,19997.1,19424.69,49.0,76.48,25.610000610351562
2025-05-05 05:00,2025-05-05 14:00,2025-05-05 01:00,20037.75,20072.75,20037.75,20062.75,3539,20093.89,19999.77,19434.31,51.4,73.61,25.610000610351562
2025-05-05 06:00,2025-05-05 15:00,2025-05-05 02:00,20062.0,20098.75,20060.0,20061.75,5144,20101.05,20002.73,19443.36,51.3,71.12,25.610000610351562
2025-05-05 07:00,2025-05-05 16:00,2025-05-05 03:00,20062.25,20070.0,20037.0,20057.25,6280,20107.31,20004.71,19451.94,50.8,68.39,25.610000610351562
2025-05-05 08:00,2025-05-05 17:00,2025-05-05 04:00,20058.0,20077.75,19977.25,20000.75,8692,20111.46,20005.89,19460.05,45.3,70.69,25.610000610351562
2025-05-05 09:00,2025-05-05 18:00,2025-05-05 05:00,20000.5,20028.25,19982.75,20011.5,6597,20107.28,20007.69,19467.86,46.5,68.89,25.610000610351562
2025-05-05 10:00,2025-05-05 19:00,2025-05-05 06:00,20012.0,20020.5,19981.5,20010.0,5980,20104.12,20009.45,19476.79,46.3,66.75,25.610000610351562
2025-05-05 11:00,2025-05-05 20:00,2025-05-05 07:00,20011.0,20019.75,19966.0,19980.5,8536,20094.85,20009.94,19484.78,43.3,65.83,25.610000610351562
2025-05-05 12:00,2025-05-05 21:00,2025-05-05 08:00,19980.75,20012.25,19970.5,20004.75,9625,20085.22,20010.35,19492.91,46.4,64.11,25.610000610351562
2025-05-05 13:00,2025-05-05 22:00,2025-05-05 09:00,20004.25,20070.75,19985.25,20051.25,48934,20075.7,20011.02,19501.37,51.8,65.63,25.610000610351562
2025-05-05 14:00,2025-05-05 23:00,2025-05-05 10:00,20059.25,20115.25,20009.0,20105.0,67204,20069.65,20013.09,19508.06,57.2,68.53,26.75
2025-05-05 15:00,2025-05-06 00:00,2025-05-05 11:00,20103.75,20124.0,20065.5,20102.0,40850,20063.69,20014.93,19514.77,56.8,67.82,26.260000228881836
2025-05-05 16:00,2025-05-06 01:00,2025-05-05 12:00,20102.25,20146.75,20094.5,20134.25,27860,20061.12,20018.54,19521.93,59.9,66.71,26.190000534057617
2025-05-05 17:00,2025-05-06 02:00,2025-05-05 13:00,20134.0,20156.25,20106.25,20143.75,26138,20058.09,20024.22,19529.45,60.8,65.51,26.190000534057617
2025-05-05 18:00,2025-05-06 03:00,2025-05-05 14:00,20144.0,20191.5,20138.25,20151.5,29922,20059.91,20025.79,19536.79,61.5,64.64,26.020000457763672
2025-05-05 19:00,2025-05-06 04:00,2025-05-05 15:00,20152.0,20155.0,20044.75,20065.5,51027,20058.94,20027.87,19543.6,50.1,67.89,26.170000076293945
2025-05-05 20:00,2025-05-06 05:00,2025-05-05 16:00,20065.75,20070.5,20002.25,20042.25,18453,20055.85,20029.85,19550.19,47.5,67.92,26.489999771118164
2025-05-05 22:00,2025-05-06 07:00,2025-05-05 18:00,20014.25,20036.75,20007.0,20017.75,0,20056.54,20030.57,19556.58,44.9,65.59,26.489999771118164
2025-05-05 23:00,2025-05-06 08:00,2025-05-05 19:00,20016.5,20035.25,20005.0,20008.25,3213,20055.19,20030.56,19562.94,43.9,63.06,26.489999771118164
2025-05-06 00:00,2025-05-06 09:00,2025-05-05 20:00,20008.75,20030.5,19975.25,19992.75,5181,20052.0,20032.85,19568.99,42.2,62.5,26.489999771118164
2025-05-06 01:00,2025-05-06 10:00,2025-05-05 21:00,19993.75,20004.25,19952.5,19958.25,6063,20048.09,20036.03,19574.63,38.7,61.74,26.489999771118164
2025-05-06 02:00,2025-05-06 11:00,2025-05-05 22:00,19959.0,19971.25,19937.0,19955.0,5297,20042.7,20039.37,19580.18,38.4,59.77,26.489999771118164
2025-05-06 03:00,2025-05-06 12:00,2025-05-05 23:00,19955.25,19988.5,19932.25,19987.75,3719,20039.0,20043.33,19585.52,43.5,59.52,26.489999771118164
2025-05-06 04:00,2025-05-06 13:00,2025-05-06 00:00,19985.5,19986.5,19953.25,19973.25,2366,20034.8,20043.93,19591.09,41.8,57.73,26.489999771118164
2025-05-06 05:00,2025-05-06 14:00,2025-05-06 01:00,19973.25,19976.25,19913.0,19923.0,3965,20030.91,20043.81,19595.88,36.6,58.13,26.489999771118164
2025-05-06 06:00,2025-05-06 15:00,2025-05-06 02:00,19922.5,19965.25,19919.25,19961.25,4857,20028.4,20043.86,19600.32,42.5,57.26,26.489999771118164
2025-05-06 07:00,2025-05-06 16:00,2025-05-06 03:00,19962.0,19974.75,19893.5,19902.25,10052,20023.01,20042.37,19604.52,36.8,58.98,26.489999771118164
2025-05-06 08:00,2025-05-06 17:00,2025-05-06 04:00,19902.5,19910.0,19832.0,19873.75,13492,20017.67,20040.14,19609.51,34.4,60.33,26.489999771118164
2025-05-06 09:00,2025-05-06 18:00,2025-05-06 05:00,19873.75,19875.75,19824.25,19866.5,9513,20010.76,20038.46,19614.26,33.8,59.7,26.489999771118164
2025-05-06 10:00,2025-05-06 19:00,2025-05-06 06:00,19866.0,19893.25,19852.25,19891.75,6508,20002.79,20037.69,19619.09,37.9,58.37,26.489999771118164
2025-05-06 11:00,2025-05-06 20:00,2025-05-06 07:00,19892.0,19908.25,19806.0,19840.0,13514,19989.54,20036.43,19623.94,33.4,61.5,26.489999771118164
2025-05-06 12:00,2025-05-06 21:00,2025-05-06 08:00,19840.25,19854.75,19803.0,19840.5,12122,19976.46,20035.83,19629.2,33.4,60.81,26.489999771118164
2025-05-06 13:00,2025-05-06 22:00,2025-05-06 09:00,19840.5,19864.0,19747.0,19757.75,66974,19957.64,20032.62,19633.74,27.4,64.82,26.489999771118164
2025-05-06 14:00,2025-05-06 23:00,2025-05-06 10:00,19757.5,19937.75,19739.25,19905.0,73800,19945.7,20032.08,19639.17,46.1,74.37,27.0
2025-05-06 15:00,2025-05-07 00:00,2025-05-06 11:00,19903.75,19952.5,19885.25,19897.0,46672,19932.97,20031.67,19644.46,45.4,73.86,26.729999542236328
2025-05-06 16:00,2025-05-07 01:00,2025-05-06 12:00,19895.75,20026.25,19860.25,19864.25,67197,19922.91,20027.04,19649.57,42.6,80.44,27.010000228881836
2025-05-06 17:00,2025-05-07 02:00,2025-05-06 13:00,19864.75,19920.0,19837.5,19846.75,40503,19913.14,20022.52,19654.95,41.2,80.59,27.1299991607666
2025-05-06 18:00,2025-05-07 03:00,2025-05-06 14:00,19847.0,19955.0,19845.5,19954.25,39102,19909.96,20018.28,19660.98,52.0,82.65,27.1200008392334
2025-05-06 19:00,2025-05-07 04:00,2025-05-06 15:00,19953.75,19972.5,19870.75,19875.5,52133,19903.33,20011.85,19666.58,45.4,84.02,27.100000381469727
2025-05-06 20:00,2025-05-07 05:00,2025-05-06 16:00,19876.0,19905.5,19809.0,19846.75,20811,19896.03,20003.95,19671.99,43.3,84.91,27.350000381469727
2025-05-06 22:00,2025-05-07 07:00,2025-05-06 18:00,19809.0,20133.75,19799.5,20078.25,0,19902.03,20000.99,19678.83,59.8,102.72,27.350000381469727
2025-05-06 23:00,2025-05-07 08:00,2025-05-06 19:00,20079.75,20086.25,20030.0,20068.0,7033,19907.67,19997.93,19685.45,59.0,99.4,27.350000381469727
2025-05-07 00:00,2025-05-07 09:00,2025-05-06 20:00,20067.25,20105.5,20005.25,20082.75,9033,19912.42,19995.88,19692.49,59.9,99.46,27.350000381469727
2025-05-07 01:00,2025-05-07 10:00,2025-05-06 21:00,20082.0,20108.0,20033.75,20052.0,6715,19916.36,19992.83,19699.6,57.2,97.66,27.350000381469727
2025-05-07 02:00,2025-05-07 11:00,2025-05-06 22:00,20052.75,20055.75,19976.0,19996.0,6425,19920.01,19990.44,19706.11,52.6,96.38,27.350000381469727
2025-05-07 03:00,2025-05-07 12:00,2025-05-06 23:00,19997.0,20021.75,19992.75,20005.0,4019,19922.2,19988.85,19712.05,53.2,91.57,27.350000381469727
2025-05-07 04:00,2025-05-07 13:00,2025-05-07 00:00,20017.5,20035.5,20001.25,20013.0,3520,19927.74,19987.03,19718.27,53.8,87.47,27.350000381469727
2025-05-07 05:00,2025-05-07 14:00,2025-05-07 01:00,20014.0,20015.25,19971.25,19978.5,4202,19932.97,19986.51,19723.9,50.8,84.37,27.350000381469727
2025-05-07 06:00,2025-05-07 15:00,2025-05-07 02:00,19978.25,20001.25,19953.0,19981.0,5442,19938.7,19985.43,19728.55,51.0,81.79,27.350000381469727
2025-05-07 07:00,2025-05-07 16:00,2025-05-07 03:00,19981.0,20020.75,19973.5,20013.5,6503,19944.79,19984.57,19732.91,53.8,79.32,27.350000381469727
2025-05-07 08:00,2025-05-07 17:00,2025-05-07 04:00,20014.25,20025.0,19969.5,20007.5,8039,19953.16,19983.99,19737.14,53.2,77.62,27.350000381469727
2025-05-07 09:00,2025-05-07 18:00,2025-05-07 05:00,20007.0,20018.25,19971.0,19990.5,5360,19960.66,19982.54,19740.78,51.4,75.45,27.350000381469727
2025-05-07 10:00,2025-05-07 19:00,2025-05-07 06:00,19990.0,20007.5,19966.75,19996.25,6084,19972.59,19981.24,19744.43,52.0,72.97,27.350000381469727
2025-05-07 11:00,2025-05-07 20:00,2025-05-07 07:00,19997.5,20030.25,19980.25,19995.75,6970,19977.12,19980.01,19747.95,52.0,71.33,27.350000381469727
2025-05-07 12:00,2025-05-07 21:00,2025-05-07 08:00,19995.5,19997.5,19908.0,19932.5,15857,19978.9,19978.64,19751.01,45.0,72.63,27.350000381469727
2025-05-07 13:00,2025-05-07 22:00,2025-05-07 09:00,19932.25,19944.75,19857.5,19937.5,60533,19982.56,19977.16,19753.96,45.6,73.67,27.350000381469727
2025-05-07 14:00,2025-05-07 23:00,2025-05-07 10:00,19936.75,19977.25,19829.25,19842.5,61098,19982.35,19973.81,19756.15,37.1,78.98,27.049999237060547
2025-05-07 15:00,2025-05-08 00:00,2025-05-07 11:00,19843.0,19857.25,19787.0,19850.0,65791,19977.14,19971.2,19758.34,38.0,78.36,27.530000686645508
2025-05-07 16:00,2025-05-08 01:00,2025-05-07 12:00,19848.0,19904.25,19806.0,19898.75,38610,19978.3,19969.08,19760.55,44.2,79.78,27.579999923706055
2025-05-07 17:00,2025-05-08 02:00,2025-05-07 13:00,19898.5,19925.75,19802.5,19818.75,35694,19976.9,19964.43,19762.58,37.6,82.88,27.229999542236328
2025-05-07 18:00,2025-05-08 03:00,2025-05-07 14:00,19817.5,19902.75,19678.75,19886.25,87731,19967.3,19960.06,19765.09,45.0,92.96,27.889999389648438
2025-05-07 19:00,2025-05-08 04:00,2025-05-07 15:00,19886.75,20053.5,19764.0,19949.5,102347,19961.38,19957.01,19767.59,50.9,107.0,27.420000076293945
2025-05-07 20:00,2025-05-08 05:00,2025-05-07 16:00,19949.25,19998.25,19915.5,19957.5,20021,19955.11,19953.47,19770.34,51.6,105.27,26.6200008392334
2025-05-07 22:00,2025-05-08 07:00,2025-05-07 18:00,19934.5,19957.25,19910.75,19943.5,0,19949.69,19949.47,19772.99,50.3,101.09,26.6200008392334
2025-05-07 23:00,2025-05-08 08:00,2025-05-07 19:00,19943.75,19978.25,19940.75,19953.0,3364,19947.54,19945.49,19775.45,51.2,96.55,26.6200008392334
2025-05-08 00:00,2025-05-08 09:00,2025-05-07 20:00,19952.75,20039.5,19925.5,20027.75,8945,19948.67,19944.74,19778.5,58.0,97.79,26.6200008392334
2025-05-08 01:00,2025-05-08 10:00,2025-05-07 21:00,20027.75,20123.25,20013.75,20066.0,12682,19951.33,19945.22,19781.81,61.0,98.63,26.6200008392334
2025-05-08 02:00,2025-05-08 11:00,2025-05-07 22:00,20068.0,20116.0,20068.0,20098.25,4662,19957.31,19946.83,19785.32,63.3,95.16,26.6200008392334
2025-05-08 03:00,2025-05-08 12:00,2025-05-07 23:00,20098.0,20170.0,20096.25,20166.5,6655,19966.59,19949.99,19790.0,67.8,93.63,26.6200008392334
2025-05-08 04:00,2025-05-08 13:00,2025-05-08 00:00,20173.75,20197.75,20168.0,20183.5,6171,19975.09,19953.81,19794.64,68.8,89.17,26.6200008392334
2025-05-08 05:00,2025-05-08 14:00,2025-05-08 01:00,20183.5,20195.25,20147.75,20156.75,5654,19982.55,19957.78,19799.19,65.3,86.2,26.6200008392334
2025-05-08 06:00,2025-05-08 15:00,2025-05-08 02:00,20155.5,20160.0,20124.0,20145.75,6361,19990.31,19961.59,19803.6,63.9,82.61,26.6200008392334
2025-05-08 07:00,2025-05-08 16:00,2025-05-08 03:00,20145.25,20192.0,20136.75,20177.25,7818,19999.36,19965.38,19807.8,66.2,80.66,26.6200008392334
2025-05-08 08:00,2025-05-08 17:00,2025-05-08 04:00,20178.0,20231.25,20153.75,20225.75,8064,20010.86,19970.43,19812.12,69.4,80.43,26.6200008392334
2025-05-08 09:00,2025-05-08 18:00,2025-05-08 05:00,20225.75,20262.25,20214.25,20245.5,6253,20026.51,19976.88,19816.01,70.6,78.11,26.6200008392334
2025-05-08 10:00,2025-05-08 19:00,2025-05-08 06:00,20246.25,20257.25,20226.5,20253.75,6831,20042.33,19982.73,19820.14,71.1,74.73,26.6200008392334
2025-05-08 11:00,2025-05-08 20:00,2025-05-08 07:00,20253.5,20257.25,20185.0,20197.75,11015,20060.09,19988.64,19823.62,63.0,74.55,26.6200008392334
2025-05-08 12:00,2025-05-08 21:00,2025-05-08 08:00,20198.0,20226.5,20134.5,20174.75,23242,20076.33,19994.66,19826.84,59.9,75.8,26.6200008392334
2025-05-08 13:00,2025-05-08 22:00,2025-05-08 09:00,20175.25,20183.75,20061.0,20089.25,56928,20085.85,19999.12,19829.51,50.2,79.15,26.6200008392334
2025-05-08 14:00,2025-05-08 23:00,2025-05-08 10:00,20090.5,20124.25,19979.0,20017.25,71690,20095.78,20001.62,19832.3,43.8,83.87,25.889999389648438
2025-05-08 15:00,2025-05-09 00:00,2025-05-08 11:00,20016.25,20316.5,19993.25,20273.0,101809,20115.11,20010.28,19836.39,62.3,100.97,25.540000915527344
2025-05-08 16:00,2025-05-09 01:00,2025-05-08 12:00,20273.0,20337.25,20268.75,20331.75,45335,20134.22,20020.11,19840.98,65.1,98.65,25.6299991607666
2025-05-08 17:00,2025-05-09 02:00,2025-05-08 13:00,20331.0,20335.75,20246.75,20250.75,36717,20148.89,20029.97,19845.09,58.6,97.96,25.649999618530273
2025-05-08 18:00,2025-05-09 03:00,2025-05-08 14:00,20250.0,20317.75,20234.25,20283.75,36910,20165.9,20037.54,19849.42,60.3,96.93,25.6299991607666
2025-05-08 19:00,2025-05-09 04:00,2025-05-08 15:00,20283.75,20331.25,20141.25,20152.5,72040,20175.88,20042.65,19853.17,51.1,103.58,25.469999313354492
2025-05-08 20:00,2025-05-09 05:00,2025-05-08 16:00,20153.0,20179.5,20143.5,20156.25,16586,20182.3,20048.49,19856.89,51.3,98.75,26.06999969482422
2025-05-08 22:00,2025-05-09 07:00,2025-05-08 18:00,20157.0,20182.5,20137.0,20161.0,0,20187.05,20054.78,19860.61,51.6,94.95,26.06999969482422
2025-05-08 23:00,2025-05-09 08:00,2025-05-08 19:00,20160.75,20172.0,20124.0,20139.25,4601,20189.1,20058.48,19863.8,50.1,91.59,26.06999969482422
2025-05-09 00:00,2025-05-09 09:00,2025-05-08 20:00,20138.25,20140.0,20080.75,20121.75,6148,20186.86,20063.4,19867.06,48.8,89.28,26.06999969482422
2025-05-09 01:00,2025-05-09 10:00,2025-05-08 21:00,20121.75,20160.75,20112.25,20158.75,4144,20185.62,20069.65,19870.35,51.6,86.37,26.06999969482422
2025-05-09 02:00,2025-05-09 11:00,2025-05-08 22:00,20160.25,20201.0,20148.75,20153.25,5956,20185.45,20071.15,19873.54,51.2,83.93,26.06999969482422
2025-05-09 03:00,2025-05-09 12:00,2025-05-08 23:00,20152.0,20189.5,20124.25,20187.75,5343,20187.55,20073.54,19877.1,53.9,82.6,26.06999969482422
2025-05-09 04:00,2025-05-09 13:00,2025-05-09 00:00,20188.0,20194.0,20170.25,20183.5,2625,20187.86,20075.56,19880.44,53.5,78.4,26.06999969482422
2025-05-09 05:00,2025-05-09 14:00,2025-05-09 01:00,20182.5,20203.0,20156.25,20192.5,4319,20186.2,20078.37,19883.71,54.2,76.14,26.06999969482422
2025-05-09 06:00,2025-05-09 15:00,2025-05-09 02:00,20193.0,20205.5,20172.75,20191.25,3999,20183.49,20082.27,19887.34,54.1,73.04,26.06999969482422
2025-05-09 07:00,2025-05-09 16:00,2025-05-09 03:00,20191.25,20232.25,20167.75,20193.0,8310,20180.45,20086.03,19890.94,54.3,72.43,26.06999969482422
2025-05-09 08:00,2025-05-09 17:00,2025-05-09 04:00,20191.75,20201.75,20165.0,20174.0,6003,20179.26,20089.25,19895.07,52.0,69.88,26.06999969482422
2025-05-09 09:00,2025-05-09 18:00,2025-05-09 05:00,20173.25,20199.75,20172.0,20198.0,3527,20180.42,20093.64,19899.47,54.6,66.87,26.06999969482422
2025-05-09 10:00,2025-05-09 19:00,2025-05-09 06:00,20198.75,20238.0,20196.0,20230.5,5402,20187.49,20098.63,19903.77,57.9,65.09,26.06999969482422
2025-05-09 11:00,2025-05-09 20:00,2025-05-09 07:00,20230.75,20288.75,20140.0,20206.5,19574,20196.95,20102.49,19907.66,54.7,71.07,26.06999969482422
2025-05-09 12:00,2025-05-09 21:00,2025-05-09 08:00,20205.5,20256.0,20195.0,20232.25,12967,20194.91,20106.99,19911.2,57.4,70.35,26.06999969482422
2025-05-09 13:00,2025-05-09 22:00,2025-05-09 09:00,20232.75,20279.75,20205.0,20254.25,49527,20191.04,20112.26,19915.05,59.6,70.66,26.06999969482422
2025-05-09 14:00,2025-05-09 23:00,2025-05-09 10:00,20254.0,20275.0,20058.0,20142.0,81203,20185.6,20115.17,19918.33,46.4,81.12,25.8700008392334
2025-05-09 15:00,2025-05-10 00:00,2025-05-09 11:00,20143.0,20176.25,20103.0,20169.75,52128,20179.9,20118.65,19921.54,49.4,80.55,25.739999771118164
2025-05-09 16:00,2025-05-10 01:00,2025-05-09 12:00,20170.25,20174.75,20072.0,20087.75,41888,20176.66,20121.76,19924.2,42.0,82.14,25.760000228881836
2025-05-09 17:00,2025-05-10 02:00,2025-05-09 13:00,20088.25,20161.0,20061.5,20156.0,37366,20176.65,20126.13,19927.01,48.9,83.38,25.860000610351562
2025-05-09 18:00,2025-05-10 03:00,2025-05-09 14:00,20155.25,20160.25,20110.0,20141.5,27319,20175.67,20132.11,19929.87,47.6,81.01,25.729999542236328
2025-05-09 19:00,2025-05-10 04:00,2025-05-09 15:00,20141.25,20185.5,20127.75,20136.25,47481,20175.53,20137.83,19932.68,47.1,79.35,25.450000762939453
2025-05-09 20:00,2025-05-10 05:00,2025-05-09 16:00,20136.25,20149.25,20120.5,20146.5,13069,20176.76,20142.79,19935.65,48.2,75.74,25.56999969482422
2025-05-11 22:00,2025-05-12 07:00,2025-05-11 18:00,20398.5,20474.75,20376.75,20407.0,9875,20189.17,20154.56,19940.02,67.1,93.77,25.56999969482422
2025-05-11 23:00,2025-05-12 08:00,2025-05-11 19:00,20409.75,20503.25,20404.0,20453.5,8755,20204.19,20165.9,19944.58,69.3,94.16,25.56999969482422
2025-05-12 00:00,2025-05-12 09:00,2025-05-11 20:00,20452.25,20508.5,20441.0,20492.75,8176,20219.44,20176.76,19948.99,71.0,92.26,25.56999969482422
2025-05-12 01:00,2025-05-12 10:00,2025-05-11 21:00,20493.5,20547.0,20488.75,20516.5,9809,20236.09,20187.94,19953.67,72.0,89.83,25.56999969482422
2025-05-12 02:00,2025-05-12 11:00,2025-05-11 22:00,20516.0,20533.5,20503.75,20529.5,4643,20252.94,20199.67,19958.48,72.6,85.54,25.56999969482422
2025-05-12 03:00,2025-05-12 12:00,2025-05-11 23:00,20528.25,20538.0,20511.75,20526.5,3603,20269.7,20211.13,19963.63,72.2,81.3,25.56999969482422
2025-05-12 04:00,2025-05-12 13:00,2025-05-12 00:00,20526.5,20535.0,20520.5,20530.5,2263,20286.58,20221.19,19968.76,72.4,76.53,25.56999969482422
2025-05-12 05:00,2025-05-12 14:00,2025-05-12 01:00,20530.5,20563.25,20523.25,20552.25,4225,20305.49,20230.92,19974.28,73.5,73.92,25.56999969482422
2025-05-12 06:00,2025-05-12 15:00,2025-05-12 02:00,20553.25,20593.25,20541.0,20563.5,8394,20323.76,20240.22,19979.56,74.1,72.38,25.56999969482422
2025-05-12 07:00,2025-05-12 16:00,2025-05-12 03:00,20563.25,20930.25,20563.25,20810.75,36189,20352.78,20253.1,19985.63,83.0,93.42,25.56999969482422
2025-05-12 08:00,2025-05-12 17:00,2025-05-12 04:00,20812.25,20898.25,20779.0,20876.25,16755,20386.26,20266.96,19992.32,84.5,95.26,25.56999969482422
2025-05-12 09:00,2025-05-12 18:00,2025-05-12 05:00,20877.5,20914.0,20874.0,20906.5,8989,20419.97,20281.96,19999.38,85.2,91.32,25.56999969482422
2025-05-12 10:00,2025-05-12 19:00,2025-05-12 06:00,20907.5,20983.0,20882.5,20971.5,17067,20455.84,20298.47,20005.96,86.5,91.97,25.56999969482422
2025-05-12 11:00,2025-05-12 20:00,2025-05-12 07:00,20972.0,20991.5,20883.0,20913.5,22293,20494.41,20313.19,20012.29,79.6,93.15,25.56999969482422
2025-05-12 12:00,2025-05-12 21:00,2025-05-12 08:00,20913.5,20965.25,20906.5,20916.75,17712,20531.76,20327.01,20018.65,79.7,90.7,25.56999969482422
2025-05-12 13:00,2025-05-12 22:00,2025-05-12 09:00,20916.5,20939.75,20746.5,20786.75,84320,20566.71,20337.84,20024.51,66.2,98.02,25.56999969482422
2025-05-12 14:00,2025-05-12 23:00,2025-05-12 10:00,20796.25,20849.25,20690.0,20770.5,84900,20597.44,20348.17,20030.54,64.7,102.4,23.299999237060547
2025-05-12 15:00,2025-05-13 00:00,2025-05-12 11:00,20772.0,20806.5,20753.75,20764.75,49344,20628.6,20359.51,20036.55,64.2,98.85,23.030000686645508
2025-05-12 16:00,2025-05-13 01:00,2025-05-12 12:00,20765.25,20883.5,20756.75,20877.75,45810,20665.67,20373.58,20043.28,69.6,100.84,22.639999389648438
2025-05-12 17:00,2025-05-13 02:00,2025-05-12 13:00,20878.25,20935.0,20872.25,20914.0,45643,20704.05,20390.07,20050.29,71.1,98.12,22.690000534057617
2025-05-12 18:00,2025-05-13 03:00,2025-05-12 14:00,20919.5,20943.5,20893.25,20896.5,38479,20728.53,20407.65,20057.23,69.3,94.7,22.610000610351562
2025-05-12 19:00,2025-05-13 04:00,2025-05-12 15:00,20896.0,20954.25,20859.0,20950.25,74074,20753.36,20421.2,20064.35,71.7,94.74,22.469999313354492
2025-05-12 20:00,2025-05-13 05:00,2025-05-12 16:00,20950.0,20996.0,20937.75,20957.0,21718,20776.58,20433.71,20071.53,72.0,92.13,22.209999084472656
2025-05-12 22:00,2025-05-13 07:00,2025-05-12 18:00,20954.75,20963.5,20913.25,20919.5,0,20796.72,20447.08,20078.44,67.8,89.14,22.209999084472656
2025-05-12 23:00,2025-05-13 08:00,2025-05-12 19:00,20920.5,20968.0,20908.0,20908.75,4548,20815.69,20459.58,20085.17,66.6,87.06,22.209999084472656
2025-05-13 00:00,2025-05-13 09:00,2025-05-12 20:00,20908.5,20909.25,20866.0,20875.25,6582,20833.12,20474.03,20091.6,62.9,83.93,22.209999084472656
2025-05-13 01:00,2025-05-13 10:00,2025-05-12 21:00,20876.25,20895.25,20864.0,20875.25,5063,20850.36,20488.42,20098.1,62.9,80.17,22.209999084472656
2025-05-13 02:00,2025-05-13 11:00,2025-05-12 22:00,20875.25,20894.0,20850.0,20872.25,5935,20866.36,20502.64,20104.52,62.5,77.59,22.209999084472656
2025-05-13 03:00,2025-05-13 12:00,2025-05-12 23:00,20871.75,20875.25,20842.25,20848.0,3225,20880.59,20516.81,20110.91,59.5,74.4,22.209999084472656
2025-05-13 04:00,2025-05-13 13:00,2025-05-13 00:00,20844.0,20854.25,20818.0,20839.25,4755,20882.01,20531.17,20117.47,58.4,71.68,22.209999084472656
2025-05-13 05:00,2025-05-13 14:00,2025-05-13 01:00,20838.5,20867.25,20837.0,20861.25,3554,20881.26,20545.22,20125.34,60.4,68.72,22.209999084472656
2025-05-13 06:00,2025-05-13 15:00,2025-05-13 02:00,20861.25,20882.75,20846.75,20848.5,5003,20878.36,20559.12,20133.98,58.7,66.38,22.209999084472656
2025-05-13 07:00,2025-05-13 16:00,2025-05-13 03:00,20848.5,20869.25,20831.0,20846.5,7428,20872.11,20572.29,20141.54,58.4,64.37,22.209999084472656
2025-05-13 08:00,2025-05-13 17:00,2025-05-13 04:00,20847.75,20877.0,20824.5,20833.75,8618,20868.12,20585.3,20148.5,56.5,63.52,22.209999084472656
2025-05-13 09:00,2025-05-13 18:00,2025-05-13 05:00,20835.25,20881.75,20827.75,20881.75,5205,20866.38,20599.08,20155.72,61.5,62.84,22.209999084472656
2025-05-13 10:00,2025-05-13 19:00,2025-05-13 06:00,20881.5,20911.0,20860.5,20890.25,8455,20871.55,20613.06,20162.78,62.3,61.96,22.209999084472656
2025-05-13 11:00,2025-05-13 20:00,2025-05-13 07:00,20891.25,20945.25,20886.5,20942.0,8914,20880.12,20628.04,20170.11,67.0,61.73,22.209999084472656
2025-05-13 12:00,2025-05-13 21:00,2025-05-13 08:00,20941.5,21065.75,20931.0,21008.75,24021,20892.33,20644.74,20176.94,71.8,66.95,22.209999084472656
2025-05-13 13:00,2025-05-13 22:00,2025-05-13 09:00,21006.25,21131.75,20972.75,21124.5,67123,20904.66,20663.27,20183.33,77.8,73.52,22.209999084472656
2025-05-13 14:00,2025-05-13 23:00,2025-05-13 10:00,21125.0,21260.0,21115.5,21250.0,87967,20921.46,20683.66,20190.06,82.2,78.59,21.760000228881836
2025-05-13 15:00,2025-05-14 00:00,2025-05-13 11:00,21250.75,21304.75,21230.75,21284.25,55103,20940.85,20705.22,20196.89,83.2,78.26,21.860000610351562
2025-05-13 16:00,2025-05-14 01:00,2025-05-13 12:00,21284.0,21338.5,21252.5,21321.25,46991,20959.4,20726.99,20203.77,84.2,78.82,21.979999542236328
2025-05-13 17:00,2025-05-14 02:00,2025-05-13 13:00,21322.0,21346.5,21294.0,21295.75,41637,20976.34,20747.83,20210.6,80.6,76.94,21.959999084472656
2025-05-13 18:00,2025-05-14 03:00,2025-05-13 14:00,21296.5,21331.25,21275.0,21327.5,35078,20996.74,20771.53,20217.67,81.7,75.46,22.049999237060547
2025-05-13 19:00,2025-05-14 04:00,2025-05-13 15:00,21326.75,21341.5,21257.75,21291.25,51266,21015.86,20793.97,20224.33,76.5,76.05,21.959999084472656
2025-05-13 20:00,2025-05-14 05:00,2025-05-13 16:00,21260.25,21268.5,21247.5,21254.75,25822,21034.84,20817.31,20230.9,71.7,73.74,22.239999771118164
2025-05-13 22:00,2025-05-14 07:00,2025-05-13 18:00,21250.0,21273.0,21249.5,21260.75,0,21054.11,20839.4,20237.6,72.0,70.16,22.239999771118164
2025-05-13 23:00,2025-05-14 08:00,2025-05-13 19:00,21260.75,21301.0,21252.25,21292.5,5714,21075.12,20862.42,20244.45,73.6,68.63,22.239999771118164
2025-05-14 00:00,2025-05-14 09:00,2025-05-13 20:00,21292.25,21297.5,21260.75,21267.5,6182,21096.1,20885.04,20251.0,70.1,66.35,22.239999771118164
2025-05-14 01:00,2025-05-14 10:00,2025-05-13 21:00,21267.75,21283.75,21247.0,21283.75,6001,21118.33,20907.79,20257.5,71.1,64.24,22.239999771118164
2025-05-14 02:00,2025-05-14 11:00,2025-05-13 22:00,21283.5,21291.5,21262.25,21275.25,4785,21139.03,20925.15,20263.79,69.8,61.74,22.239999771118164
2025-05-14 03:00,2025-05-14 12:00,2025-05-13 23:00,21275.25,21299.0,21271.75,21288.0,3802,21161.0,20941.85,20270.22,70.6,59.27,22.239999771118164
2025-05-14 04:00,2025-05-14 13:00,2025-05-14 00:00,21282.5,21316.0,21282.5,21307.5,4423,21184.05,20958.14,20276.71,72.0,57.43,22.239999771118164
2025-05-14 05:00,2025-05-14 14:00,2025-05-14 01:00,21306.75,21323.5,21302.5,21317.0,4671,21208.21,20974.15,20283.53,72.6,54.83,22.239999771118164
2025-05-14 06:00,2025-05-14 15:00,2025-05-14 02:00,21317.5,21355.75,21305.5,21348.5,6731,21231.55,20990.53,20290.97,74.7,54.5,22.239999771118164
2025-05-14 07:00,2025-05-14 16:00,2025-05-14 03:00,21349.0,21353.0,21289.0,21305.75,10641,21252.33,21006.12,20297.13,67.2,55.18,22.239999771118164
2025-05-14 08:00,2025-05-14 17:00,2025-05-14 04:00,21306.0,21314.5,21257.0,21274.25,9333,21268.94,21020.99,20303.7,62.3,55.35,22.239999771118164
2025-05-14 09:00,2025-05-14 18:00,2025-05-14 05:00,21273.0,21290.0,21238.25,21260.75,10095,21281.54,21035.16,20310.29,60.3,55.09,22.239999771118164
2025-05-14 10:00,2025-05-14 19:00,2025-05-14 06:00,21260.0,21303.5,21254.0,21293.5,7903,21289.99,21049.76,20316.84,63.4,54.69,22.239999771118164
2025-05-14 11:00,2025-05-14 20:00,2025-05-14 07:00,21293.25,21382.5,21292.75,21344.75,15823,21294.72,21060.44,20323.52,67.7,57.19,22.239999771118164
2025-05-14 12:00,2025-05-14 21:00,2025-05-14 08:00,21344.25,21367.25,21317.5,21324.25,14562,21296.72,21069.4,20330.75,64.4,56.66,22.239999771118164
2025-05-14 13:00,2025-05-14 22:00,2025-05-14 09:00,21325.0,21405.25,21273.75,21330.75,75785,21297.2,21077.88,20338.41,65.0,62.01,22.239999771118164
2025-05-14 14:00,2025-05-14 23:00,2025-05-14 10:00,21331.75,21370.0,21297.75,21357.0,64892,21300.26,21085.6,20346.26,67.3,62.74,22.670000076293945
2025-05-14 15:00,2025-05-15 00:00,2025-05-14 11:00,21357.5,21389.25,21289.0,21376.25,53499,21302.7,21094.85,20354.19,68.9,65.42,22.520000457763672
2025-05-14 16:00,2025-05-15 01:00,2025-05-14 12:00,21375.75,21419.5,21355.75,21367.5,35942,21306.51,21103.87,20361.31,67.3,65.3,22.450000762939453
2025-05-14 17:00,2025-05-15 02:00,2025-05-14 13:00,21367.25,21369.75,21281.5,21365.25,45688,21312.04,21115.44,20368.49,66.9,66.94,22.719999313354492
2025-05-14 18:00,2025-05-15 03:00,2025-05-14 14:00,21365.25,21400.5,21336.0,21369.5,40673,21317.47,21127.42,20375.54,67.3,66.77,22.479999542236328
2025-05-14 19:00,2025-05-15 04:00,2025-05-14 15:00,21369.75,21406.5,21331.0,21396.5,60119,21322.67,21140.05,20382.64,70.0,67.39,22.639999389648438
2025-05-14 20:00,2025-05-15 05:00,2025-05-14 16:00,21396.5,21412.75,21379.25,21399.75,14354,21329.29,21150.49,20389.72,70.3,64.97,22.75
2025-05-14 22:00,2025-05-15 07:00,2025-05-14 18:00,21379.75,21386.5,21361.5,21380.0,0,21334.1,21159.81,20396.86,65.8,63.06,22.75
2025-05-14 23:00,2025-05-15 08:00,2025-05-14 19:00,21379.25,21382.5,21357.5,21375.25,4734,21339.1,21169.38,20404.09,64.7,60.34,22.75
2025-05-15 00:00,2025-05-15 09:00,2025-05-14 20:00,21375.5,21390.75,21367.25,21381.75,3819,21343.79,21178.01,20411.48,65.5,57.71,22.75
2025-05-15 01:00,2025-05-15 10:00,2025-05-14 21:00,21381.5,21397.75,21365.5,21373.5,5180,21347.09,21186.35,20419.0,63.5,55.89,22.75
2025-05-15 02:00,2025-05-15 11:00,2025-05-14 22:00,21373.5,21412.0,21365.25,21406.5,4177,21351.56,21196.08,20426.44,67.8,55.24,22.75
2025-05-15 03:00,2025-05-15 12:00,2025-05-14 23:00,21407.25,21409.75,21376.5,21380.0,2974,21353.14,21205.51,20433.68,61.5,53.67,22.75
2025-05-15 04:00,2025-05-15 13:00,2025-05-15 00:00,21382.5,21388.5,21372.75,21384.25,1664,21357.06,21215.69,20441.01,62.1,50.96,22.75
2025-05-15 05:00,2025-05-15 14:00,2025-05-15 01:00,21385.0,21386.75,21317.25,21331.25,5956,21359.91,21224.81,20447.19,51.3,52.28,22.75
2025-05-15 06:00,2025-05-15 15:00,2025-05-15 02:00,21331.25,21370.5,21325.25,21344.5,5413,21364.1,21234.26,20453.55,53.4,51.78,22.75
2025-05-15 07:00,2025-05-15 16:00,2025-05-15 03:00,21344.25,21357.25,21265.5,21272.5,11276,21363.05,21242.74,20459.08,42.3,54.64,22.75
2025-05-15 08:00,2025-05-15 17:00,2025-05-15 04:00,21272.25,21290.5,21198.5,21214.75,13114,21356.55,21250.26,20464.17,35.9,57.31,22.75
2025-05-15 09:00,2025-05-15 18:00,2025-05-15 05:00,21215.25,21264.25,21192.0,21259.0,9166,21353.29,21258.21,20469.26,43.0,58.37,22.75
2025-05-15 10:00,2025-05-15 19:00,2025-05-15 06:00,21258.25,21258.25,21225.0,21250.25,6431,21349.26,21266.24,20474.38,42.0,56.63,22.75
2025-05-15 11:00,2025-05-15 20:00,2025-05-15 07:00,21250.25,21301.25,21247.75,21275.25,9872,21345.17,21274.82,20479.65,45.9,56.41,22.75
2025-05-15 12:00,2025-05-15 21:00,2025-05-15 08:00,21272.25,21330.0,21236.25,21288.0,19174,21340.76,21283.9,20485.16,47.8,59.08,22.75
2025-05-15 13:00,2025-05-15 22:00,2025-05-15 09:00,21288.0,21339.25,21247.75,21299.0,59512,21337.34,21292.25,20490.63,49.5,61.39,22.75
2025-05-15 14:00,2025-05-15 23:00,2025-05-15 10:00,21299.0,21346.5,21257.25,21335.25,67477,21335.84,21301.15,20496.73,54.6,63.38,22.6299991607666
2025-05-15 15:00,2025-05-16 00:00,2025-05-15 11:00,21335.25,21446.5,21327.75,21429.25,61600,21338.83,21310.9,20503.45,64.6,67.34,22.200000762939453
2025-05-15 16:00,2025-05-16 01:00,2025-05-15 12:00,21429.5,21492.75,21419.0,21491.75,42347,21343.59,21320.56,20510.39,69.5,67.79,22.389999389648438
2025-05-15 17:00,2025-05-16 02:00,2025-05-15 13:00,21491.5,21529.75,21468.0,21475.5,39849,21347.38,21327.58,20517.75,66.9,67.36,22.18000030517578
2025-05-15 18:00,2025-05-16 03:00,2025-05-15 14:00,21474.75,21474.75,21376.0,21392.5,57613,21348.0,21330.42,20524.54,55.6,69.66,22.030000686645508
2025-05-15 19:00,2025-05-16 04:00,2025-05-15 15:00,21392.25,21423.25,21303.75,21418.5,83549,21350.16,21333.11,20531.35,58.0,73.22,22.209999084472656
2025-05-15 20:00,2025-05-16 05:00,2025-05-15 16:00,21419.25,21445.0,21395.25,21395.5,17149,21350.85,21334.6,20538.14,55.2,71.54,21.969999313354492
2025-05-15 21:00,2025-05-16 06:00,2025-05-15 17:00,21396.25,21396.5,21396.25,21396.5,2,21352.0,21336.61,20544.81,55.3,66.5,21.969999313354492
2025-05-15 22:00,2025-05-16 07:00,2025-05-15 18:00,21396.0,21403.25,21379.5,21383.75,0,21350.86,21337.74,20551.42,53.6,63.45,21.969999313354492
2025-05-15 23:00,2025-05-16 08:00,2025-05-15 19:00,21383.5,21415.75,21381.25,21414.25,2786,21352.58,21340.19,20558.21,57.0,61.38,21.969999313354492
2025-05-16 00:00,2025-05-16 09:00,2025-05-15 20:00,21415.0,21436.25,21358.5,21360.75,6623,21351.4,21342.31,20565.01,50.1,62.55,21.969999313354492
2025-05-16 01:00,2025-05-16 10:00,2025-05-15 21:00,21359.75,21377.5,21348.75,21370.25,4692,21353.35,21344.51,20571.8,51.2,60.14,21.969999313354492
2025-05-16 02:00,2025-05-16 11:00,2025-05-15 22:00,21370.0,21409.25,21360.75,21401.75,4215,21356.21,21346.69,20578.76,54.9,59.31,21.969999313354492
2025-05-16 03:00,2025-05-16 12:00,2025-05-15 23:00,21401.25,21416.25,21396.75,21405.75,2476,21362.88,21349.46,20585.88,55.3,56.46,21.969999313354492
2025-05-16 04:00,2025-05-16 13:00,2025-05-16 00:00,21409.5,21418.5,21398.25,21402.5,2529,21372.26,21351.83,20592.87,54.8,53.88,21.969999313354492
2025-05-16 05:00,2025-05-16 14:00,2025-05-16 01:00,21401.75,21406.5,21384.0,21387.0,2542,21378.66,21354.06,20599.55,52.5,51.63,21.969999313354492
2025-05-16 06:00,2025-05-16 15:00,2025-05-16 02:00,21387.75,21409.5,21363.0,21369.0,4032,21384.6,21355.69,20605.87,49.8,51.27,21.969999313354492
2025-05-16 07:00,2025-05-16 16:00,2025-05-16 03:00,21369.5,21455.75,21362.0,21442.5,6690,21392.96,21358.38,20612.57,59.0,54.3,21.969999313354492
2025-05-16 08:00,2025-05-16 17:00,2025-05-16 04:00,21443.0,21478.5,21438.25,21460.5,7223,21401.59,21361.26,20619.21,60.9,53.3,21.969999313354492
2025-05-16 09:00,2025-05-16 18:00,2025-05-16 05:00,21461.75,21467.5,21437.75,21440.25,4891,21408.65,21363.09,20625.69,57.7,51.62,21.969999313354492
2025-05-16 10:00,2025-05-16 19:00,2025-05-16 06:00,21440.0,21472.0,21430.5,21457.75,5605,21414.78,21366.13,20632.22,59.7,50.89,21.969999313354492
2025-05-16 11:00,2025-05-16 20:00,2025-05-16 07:00,21458.25,21488.25,21447.25,21481.25,6197,21417.38,21370.27,20639.3,62.2,50.19,21.969999313354492
2025-05-16 12:00,2025-05-16 21:00,2025-05-16 08:00,21480.25,21501.0,21434.0,21439.25,12517,21414.75,21373.84,20646.28,55.4,51.39,21.969999313354492
2025-05-16 13:00,2025-05-16 22:00,2025-05-16 09:00,21438.75,21504.75,21388.25,21437.5,68015,21412.85,21376.72,20653.38,55.2,56.04,21.969999313354492
2025-05-16 14:00,2025-05-16 23:00,2025-05-16 10:00,21435.75,21456.5,21320.5,21391.0,71178,21412.78,21377.65,20660.29,48.4,61.75,21.3799991607666
2025-05-16 15:00,2025-05-17 00:00,2025-05-16 11:00,21391.5,21443.25,21373.75,21412.5,40922,21412.47,21379.41,20667.39,51.4,62.3,21.329999923706055
2025-05-16 16:00,2025-05-17 01:00,2025-05-16 12:00,21411.5,21451.25,21405.5,21427.5,29443,21414.08,21381.35,20674.74,53.4,61.12,21.25
2025-05-16 17:00,2025-05-17 02:00,2025-05-16 13:00,21427.25,21478.0,21419.25,21445.0,30581,21416.5,21383.1,20682.19,55.7,60.95,21.270000457763672
2025-05-16 18:00,2025-05-17 03:00,2025-05-16 14:00,21445.5,21493.25,21435.25,21476.5,26953,21421.14,21385.11,20689.63,59.6,60.74,21.40999984741211
2025-05-16 19:00,2025-05-17 04:00,2025-05-16 15:00,21477.0,21512.0,21461.75,21504.75,47811,21425.66,21387.85,20697.29,62.7,59.99,21.450000762939453
2025-05-16 20:00,2025-05-17 05:00,2025-05-16 16:00,21505.25,21509.75,21384.0,21400.25,16901,21427.64,21388.56,20704.68,47.9,64.69,21.239999771118164
2025-05-18 22:00,2025-05-19 07:00,2025-05-18 18:00,21310.75,21374.75,21283.75,21370.0,11010,21427.62,21388.56,20711.72,44.6,68.39,21.239999771118164
2025-05-18 23:00,2025-05-19 08:00,2025-05-18 19:00,21370.75,21418.0,21355.75,21381.25,6005,21426.6,21388.26,20719.12,46.1,67.95,21.239999771118164
2025-05-19 00:00,2025-05-19 09:00,2025-05-18 20:00,21381.75,21383.0,21264.75,21302.75,12622,21421.45,21386.32,20726.26,38.4,71.54,21.239999771118164
2025-05-19 01:00,2025-05-19 10:00,2025-05-18 21:00,21302.5,21309.0,21273.25,21274.75,6125,21415.06,21384.22,20733.3,36.0,68.99,21.239999771118164
2025-05-19 02:00,2025-05-19 11:00,2025-05-18 22:00,21274.5,21300.0,21260.75,21263.75,5976,21408.9,21381.99,20740.16,35.1,66.86,21.239999771118164
2025-05-19 03:00,2025-05-19 12:00,2025-05-18 23:00,21264.0,21265.25,21196.25,21212.0,7249,21401.05,21378.59,20747.02,31.2,67.02,21.239999771118164
2025-05-19 04:00,2025-05-19 13:00,2025-05-19 00:00,21212.25,21239.0,21205.5,21221.0,6119,21389.97,21375.54,20753.92,32.6,64.62,21.239999771118164
2025-05-19 05:00,2025-05-19 14:00,2025-05-19 01:00,21221.0,21253.25,21212.5,21247.0,5100,21379.3,21372.35,20761.37,36.7,62.92,21.239999771118164
2025-05-19 06:00,2025-05-19 15:00,2025-05-19 02:00,21247.25,21290.0,21186.5,21187.25,9910,21366.65,21368.49,20767.78,31.9,65.82,21.239999771118164
2025-05-19 07:00,2025-05-19 16:00,2025-05-19 03:00,21188.25,21226.75,21162.25,21194.5,10424,21353.49,21364.7,20774.27,33.1,65.72,21.239999771118164
2025-05-19 08:00,2025-05-19 17:00,2025-05-19 04:00,21193.75,21194.0,21112.5,21135.25,13718,21336.19,21360.78,20780.62,28.8,66.88,21.239999771118164
2025-05-19 09:00,2025-05-19 18:00,2025-05-19 05:00,21134.75,21179.5,21118.0,21164.75,7137,21322.46,21357.19,20787.22,33.4,66.5,21.239999771118164
2025-05-19 10:00,2025-05-19 19:00,2025-05-19 06:00,21165.0,21205.25,21130.5,21186.25,8014,21309.9,21355.46,20793.38,36.6,67.09,21.239999771118164
2025-05-19 11:00,2025-05-19 20:00,2025-05-19 07:00,21186.5,21213.25,21161.0,21204.25,8180,21300.56,21355.25,20800.02,39.2,66.03,21.239999771118164
2025-05-19 12:00,2025-05-19 21:00,2025-05-19 08:00,21204.0,21220.0,21164.5,21212.25,12148,21290.55,21354.31,20806.85,40.4,65.28,21.239999771118164
2025-05-19 13:00,2025-05-19 22:00,2025-05-19 09:00,21212.5,21375.0,21153.25,21356.25,73015,21286.99,21356.44,20813.24,56.7,76.45,21.239999771118164
2025-05-19 14:00,2025-05-19 23:00,2025-05-19 10:00,21356.0,21462.25,21347.75,21394.0,68523,21284.44,21358.81,20819.87,59.8,79.17,22.760000228881836
2025-05-19 15:00,2025-05-20 00:00,2025-05-19 11:00,21394.0,21476.25,21379.75,21433.75,41938,21282.3,21361.72,20826.62,62.8,80.41,22.540000915527344
2025-05-19 16:00,2025-05-20 01:00,2025-05-19 12:00,21434.0,21503.5,21428.25,21498.5,34777,21281.99,21365.72,20833.85,67.2,80.04,22.219999313354492
2025-05-19 17:00,2025-05-20 02:00,2025-05-19 13:00,21498.25,21544.5,21493.5,21499.25,43212,21286.94,21368.99,20841.37,67.2,77.97,22.020000457763672
2025-05-19 18:00,2025-05-20 03:00,2025-05-19 14:00,21499.25,21505.75,21449.75,21495.75,38110,21293.22,21370.33,20848.82,66.7,76.4,22.200000762939453
2025-05-19 19:00,2025-05-20 04:00,2025-05-19 15:00,21496.25,21533.5,21443.5,21523.25,58982,21300.33,21370.96,20856.38,68.6,77.37,22.190000534057617
2025-05-19 20:00,2025-05-20 05:00,2025-05-19 16:00,21523.25,21527.25,21478.25,21517.0,14536,21311.04,21371.78,20864.07,67.7,75.34,21.920000076293945
2025-05-19 22:00,2025-05-20 07:00,2025-05-19 18:00,21513.0,21515.0,21493.0,21500.0,0,21322.3,21373.94,20871.66,65.0,71.68,21.920000076293945
2025-05-19 23:00,2025-05-20 08:00,2025-05-19 19:00,21499.75,21562.0,21497.75,21539.25,7136,21336.08,21376.35,20879.29,68.1,71.14,21.920000076293945
2025-05-20 00:00,2025-05-20 09:00,2025-05-19 20:00,21539.0,21562.25,21513.25,21514.0,5519,21351.17,21378.72,20886.82,64.2,69.56,21.920000076293945
2025-05-20 01:00,2025-05-20 10:00,2025-05-19 21:00,21513.25,21514.0,21436.25,21458.0,8263,21363.03,21379.95,20894.16,56.4,70.15,21.920000076293945
2025-05-20 02:00,2025-05-20 11:00,2025-05-19 22:00,21458.5,21466.75,21434.5,21454.5,4271,21373.4,21381.37,20901.45,55.9,67.44,21.920000076293945
2025-05-20 03:00,2025-05-20 12:00,2025-05-19 23:00,21453.5,21454.75,21427.75,21436.25,3354,21385.85,21381.81,20908.65,53.5,64.55,21.920000076293945
2025-05-20 04:00,2025-05-20 13:00,2025-05-20 00:00,21434.75,21452.0,21420.0,21447.5,3078,21398.5,21383.54,20916.23,54.8,62.23,21.920000076293945
2025-05-20 05:00,2025-05-20 14:00,2025-05-20 01:00,21446.25,21487.0,21415.75,21419.0,5953,21412.69,21384.51,20923.64,50.9,62.87,21.920000076293945
2025-05-20 06:00,2025-05-20 15:00,2025-05-20 02:00,21419.0,21431.75,21393.75,21422.75,6466,21425.59,21384.94,20931.54,51.4,61.09,21.920000076293945
2025-05-20 07:00,2025-05-20 16:00,2025-05-20 03:00,21422.25,21481.0,21408.0,21446.5,8582,21438.6,21385.75,20939.52,54.5,61.95,21.920000076293945
2025-05-20 08:00,2025-05-20 17:00,2025-05-20 04:00,21444.25,21461.25,21410.0,21434.5,6787,21450.11,21386.39,20947.2,52.7,61.18,21.920000076293945
2025-05-20 09:00,2025-05-20 18:00,2025-05-20 05:00,21434.25,21452.5,21415.25,21425.5,4693,21460.78,21387.16,20955.23,51.3,59.47,21.920000076293945
2025-05-20 10:00,2025-05-20 19:00,2025-05-20 06:00,21427.75,21464.75,21419.75,21462.75,5572,21466.1,21389.03,20963.12,56.4,58.44,21.920000076293945
2025-05-20 11:00,2025-05-20 20:00,2025-05-20 07:00,21463.0,21483.75,21456.5,21463.75,6937,21469.59,21389.46,20970.69,56.5,56.21,21.920000076293945
2025-05-20 12:00,2025-05-20 21:00,2025-05-20 08:00,21462.75,21474.25,21418.5,21435.25,9150,21469.66,21388.96,20978.08,51.7,56.18,21.920000076293945
2025-05-20 13:00,2025-05-20 22:00,2025-05-20 09:00,21435.5,21458.25,21355.0,21394.75,61314,21464.47,21388.04,20985.33,45.7,59.54,21.920000076293945
2025-05-20 14:00,2025-05-20 23:00,2025-05-20 10:00,21394.75,21451.0,21363.0,21408.0,56540,21459.91,21387.05,20992.61,47.9,61.57,22.350000381469727
2025-05-20 15:00,2025-05-21 00:00,2025-05-20 11:00,21407.25,21445.75,21387.5,21435.5,37547,21456.9,21386.13,20999.65,52.0,61.34,22.059999465942383
2025-05-20 16:00,2025-05-21 01:00,2025-05-20 12:00,21435.5,21472.0,21402.75,21458.75,31466,21453.67,21386.53,21006.61,55.3,61.9,21.90999984741211
2025-05-20 17:00,2025-05-21 02:00,2025-05-20 13:00,21459.25,21474.25,21408.0,21431.5,30641,21449.4,21386.4,21013.28,50.9,62.21,21.760000228881836
2025-05-20 18:00,2025-05-21 03:00,2025-05-20 14:00,21430.5,21441.5,21340.75,21348.75,45946,21441.84,21385.56,21019.19,40.5,64.96,22.260000228881836
2025-05-20 19:00,2025-05-21 04:00,2025-05-20 15:00,21348.75,21452.0,21298.0,21447.0,64739,21437.22,21386.25,21025.51,52.9,71.32,22.200000762939453
2025-05-20 20:00,2025-05-21 05:00,2025-05-20 16:00,21447.25,21452.0,21398.5,21420.0,14329,21432.53,21386.1,21031.82,49.8,70.05,21.829999923706055
2025-05-20 22:00,2025-05-21 07:00,2025-05-20 18:00,21414.75,21417.25,21342.0,21400.25,0,21429.64,21385.21,21038.09,47.6,70.62,21.829999923706055
2025-05-20 23:00,2025-05-21 08:00,2025-05-20 19:00,21400.25,21431.5,21397.25,21431.5,3357,21428.49,21384.31,21044.37,51.2,68.02,21.829999923706055
2025-05-21 00:00,2025-05-21 09:00,2025-05-20 20:00,21431.75,21444.0,21403.0,21423.25,4671,21427.84,21382.67,21050.35,50.3,66.09,21.829999923706055
2025-05-21 01:00,2025-05-21 10:00,2025-05-20 21:00,21423.25,21435.0,21388.75,21401.5,4869,21425.54,21382.7,21056.13,47.6,64.67,21.829999923706055
2025-05-21 02:00,2025-05-21 11:00,2025-05-20 22:00,21402.0,21405.75,21373.25,21378.75,4395,21423.53,21382.88,21061.76,45.0,62.38,21.829999923706055
2025-05-21 03:00,2025-05-21 12:00,2025-05-20 23:00,21377.75,21397.75,21369.25,21381.5,2933,21421.46,21382.88,21067.68,45.4,59.96,21.829999923706055
2025-05-21 04:00,2025-05-21 13:00,2025-05-21 00:00,21371.75,21377.75,21349.75,21357.75,2900,21417.03,21383.98,21073.59,42.6,57.94,21.829999923706055
2025-05-21 05:00,2025-05-21 14:00,2025-05-21 01:00,21358.25,21384.25,21327.0,21331.25,4381,21411.86,21385.11,21079.8,39.6,57.89,21.829999923706055
2025-05-21 06:00,2025-05-21 15:00,2025-05-21 02:00,21330.5,21340.5,21286.5,21294.5,9416,21405.31,21385.72,21086.19,35.9,57.61,21.829999923706055
2025-05-21 07:00,2025-05-21 16:00,2025-05-21 03:00,21294.0,21348.75,21293.25,21343.25,5485,21399.34,21388.35,21091.54,43.5,57.46,21.829999923706055
2025-05-21 08:00,2025-05-21 17:00,2025-05-21 04:00,21343.25,21348.25,21289.25,21322.5,5621,21392.28,21390.38,21096.49,41.2,57.57,21.829999923706055
2025-05-21 09:00,2025-05-21 18:00,2025-05-21 05:00,21323.0,21336.0,21261.25,21269.75,7219,21384.0,21390.83,21101.59,36.1,58.8,21.829999923706055
2025-05-21 10:00,2025-05-21 19:00,2025-05-21 06:00,21269.5,21302.5,21229.75,21300.25,8452,21379.28,21393.1,21106.67,40.7,59.8,21.829999923706055
2025-05-21 11:00,2025-05-21 20:00,2025-05-21 07:00,21300.0,21355.75,21296.0,21340.0,9161,21375.88,21396.01,21112.61,46.1,59.79,21.829999923706055
2025-05-21 12:00,2025-05-21 21:00,2025-05-21 08:00,21339.75,21342.5,21284.0,21311.75,12420,21369.69,21399.53,21118.38,43.1,59.7,21.829999923706055
2025-05-21 13:00,2025-05-21 22:00,2025-05-21 09:00,21312.75,21404.75,21262.5,21373.75,57617,21365.44,21403.72,21124.45,50.7,65.6,21.829999923706055
2025-05-21 14:00,2025-05-21 23:00,2025-05-21 10:00,21374.25,21459.0,21363.0,21456.25,64560,21366.67,21409.12,21131.03,58.6,67.77,22.329999923706055
2025-05-21 15:00,2025-05-22 00:00,2025-05-21 11:00,21456.5,21535.0,21447.0,21515.75,57284,21375.03,21415.35,21138.0,63.2,69.21,22.0
2025-05-21 16:00,2025-05-22 01:00,2025-05-21 12:00,21515.0,21558.5,21508.5,21515.25,34769,21378.44,21421.4,21144.79,63.2,67.84,21.93000030517578
2025-05-21 17:00,2025-05-22 02:00,2025-05-21 13:00,21515.25,21523.25,21159.5,21271.25,126208,21371.0,21419.71,21150.38,41.4,88.98,23.719999313354492
2025-05-21 18:00,2025-05-22 03:00,2025-05-21 14:00,21271.5,21282.5,21167.0,21176.5,60812,21359.81,21415.35,21155.32,36.1,90.87,23.559999465942383
2025-05-21 19:00,2025-05-22 04:00,2025-05-21 15:00,21178.0,21221.0,21072.75,21149.0,86139,21345.69,21409.66,21160.15,34.8,94.97,24.489999771118164
2025-05-21 20:00,2025-05-22 05:00,2025-05-21 16:00,21148.75,21155.5,21111.5,21145.5,17865,21331.8,21402.6,21164.91,34.6,91.33,23.950000762939453
2025-05-21 22:00,2025-05-22 07:00,2025-05-21 18:00,21145.0,21177.0,21113.75,21143.5,0,21318.9,21395.49,21169.67,34.5,89.32,23.950000762939453
2025-05-21 23:00,2025-05-22 08:00,2025-05-21 19:00,21144.25,21175.75,21133.5,21145.75,4792,21307.25,21388.49,21174.44,34.7,85.96,23.950000762939453
2025-05-22 00:00,2025-05-22 09:00,2025-05-21 20:00,21147.5,21201.0,21135.25,21197.25,6575,21298.04,21381.97,21179.55,40.4,84.52,23.950000762939453
2025-05-22 01:00,2025-05-22 10:00,2025-05-21 21:00,21197.25,21208.5,21150.25,21155.25,4898,21287.91,21374.73,21184.34,37.5,82.64,23.950000762939453
2025-05-22 02:00,2025-05-22 11:00,2025-05-21 22:00,21154.75,21182.25,21145.5,21156.75,4379,21279.19,21367.87,21188.97,37.7,79.36,23.950000762939453
2025-05-22 03:00,2025-05-22 12:00,2025-05-21 23:00,21157.25,21180.25,21157.0,21169.0,3070,21272.91,21360.46,21193.78,39.1,75.37,23.950000762939453
2025-05-22 04:00,2025-05-22 13:00,2025-05-22 00:00,21163.25,21173.0,21160.75,21165.0,1775,21264.0,21353.48,21198.45,38.8,70.86,23.950000762939453
2025-05-22 05:00,2025-05-22 14:00,2025-05-22 01:00,21164.75,21202.75,21154.75,21196.75,3769,21257.71,21348.26,21203.16,42.8,69.23,23.950000762939453
2025-05-22 06:00,2025-05-22 15:00,2025-05-22 02:00,21198.25,21205.0,21164.25,21192.5,4345,21253.85,21343.01,21208.41,42.4,67.2,23.950000762939453
2025-05-22 07:00,2025-05-22 16:00,2025-05-22 03:00,21192.0,21226.75,21170.75,21197.5,8252,21248.71,21338.24,21213.55,43.0,66.4,23.950000762939453
2025-05-22 08:00,2025-05-22 17:00,2025-05-22 04:00,21196.5,21223.0,21185.75,21198.25,5808,21241.62,21333.26,21219.1,43.1,64.32,23.950000762939453
2025-05-22 09:00,2025-05-22 18:00,2025-05-22 05:00,21197.25,21212.75,21178.25,21204.5,4807,21236.26,21328.97,21224.35,44.1,62.19,23.950000762939453
2025-05-22 10:00,2025-05-22 19:00,2025-05-22 06:00,21204.25,21210.5,21170.5,21189.25,6043,21227.04,21324.29,21229.58,42.3,60.6,23.950000762939453
2025-05-22 11:00,2025-05-22 20:00,2025-05-22 07:00,21189.5,21243.5,21075.25,21080.0,15715,21208.22,21316.97,21234.3,32.0,68.29,23.950000762939453
2025-05-22 12:00,2025-05-22 21:00,2025-05-22 08:00,21080.25,21197.5,21040.0,21190.75,25931,21191.97,21312.09,21239.53,46.2,74.66,23.950000762939453
2025-05-22 13:00,2025-05-22 22:00,2025-05-22 09:00,21191.25,21292.25,21113.75,21285.5,77298,21180.49,21309.29,21243.92,54.9,82.08,23.950000762939453
2025-05-22 14:00,2025-05-22 23:00,2025-05-22 10:00,21285.75,21330.25,21166.5,21231.25,81592,21178.49,21304.66,21247.81,50.0,87.91,24.149999618530273
2025-05-22 15:00,2025-05-23 00:00,2025-05-22 11:00,21231.75,21281.25,21198.75,21271.75,50400,21183.25,21300.82,21251.7,53.4,87.53,24.200000762939453
2025-05-22 16:00,2025-05-23 01:00,2025-05-22 12:00,21272.25,21324.5,21208.75,21218.0,45214,21186.7,21296.47,21255.21,48.6,89.54,23.59000015258789
2025-05-22 17:00,2025-05-23 02:00,2025-05-22 13:00,21217.75,21310.25,21196.5,21292.5,41136,21194.05,21294.43,21259.02,54.6,91.27,23.479999542236328
2025-05-22 18:00,2025-05-23 03:00,2025-05-22 14:00,21292.25,21317.75,21268.25,21305.25,31150,21202.14,21292.38,21262.92,55.6,88.29,23.270000457763672
2025-05-22 19:00,2025-05-23 04:00,2025-05-22 15:00,21305.25,21337.5,21166.0,21184.25,60147,21204.06,21287.35,21266.19,45.7,94.23,23.06999969482422
2025-05-22 20:00,2025-05-23 05:00,2025-05-22 16:00,21184.0,21215.0,21174.75,21214.5,15779,21204.92,21282.47,21269.5,48.2,90.38,23.68000030517578
2025-05-22 22:00,2025-05-23 07:00,2025-05-22 18:00,21223.75,21236.0,21139.0,21146.75,0,21204.5,21276.77,21272.41,43.4,90.85,23.68000030517578
2025-05-22 23:00,2025-05-23 08:00,2025-05-22 19:00,21145.75,21182.75,21134.0,21178.75,4312,21205.6,21273.37,21274.25,46.1,87.84,23.68000030517578
2025-05-23 00:00,2025-05-23 09:00,2025-05-22 20:00,21179.25,21204.0,21177.0,21201.0,5096,21207.2,21268.45,21275.88,48.0,83.5,23.68000030517578
2025-05-23 01:00,2025-05-23 10:00,2025-05-22 21:00,21201.25,21201.25,21152.5,21162.25,4892,21207.06,21263.29,21277.16,45.1,81.01,23.68000030517578
2025-05-23 02:00,2025-05-23 11:00,2025-05-22 22:00,21163.5,21200.5,21159.0,21183.75,3220,21206.41,21258.97,21278.22,47.0,78.19,23.68000030517578
2025-05-23 03:00,2025-05-23 12:00,2025-05-22 23:00,21184.25,21208.5,21175.0,21190.25,3766,21206.3,21254.14,21279.6,47.6,75.0,23.68000030517578
2025-05-23 04:00,2025-05-23 13:00,2025-05-23 00:00,21178.5,21179.25,21141.0,21153.25,3168,21204.09,21248.74,21280.78,44.5,73.16,23.68000030517578
2025-05-23 05:00,2025-05-23 14:00,2025-05-23 01:00,21154.25,21181.5,21136.75,21153.25,3788,21201.84,21243.78,21282.62,44.5,71.13,23.68000030517578
2025-05-23 06:00,2025-05-23 15:00,2025-05-23 02:00,21152.0,21154.75,21092.25,21133.25,7113,21198.28,21238.87,21284.43,42.8,70.51,23.68000030517578
2025-05-23 07:00,2025-05-23 16:00,2025-05-23 03:00,21134.0,21218.75,21130.75,21207.25,8260,21199.17,21235.38,21286.64,50.5,71.76,23.68000030517578
2025-05-23 08:00,2025-05-23 17:00,2025-05-23 04:00,21207.25,21231.0,21180.5,21188.0,6050,21204.58,21231.99,21288.19,48.7,70.24,23.68000030517578
2025-05-23 09:00,2025-05-23 18:00,2025-05-23 05:00,21186.75,21192.0,21118.0,21181.25,7585,21204.1,21228.99,21289.53,48.0,70.51,23.68000030517578
2025-05-23 10:00,2025-05-23 19:00,2025-05-23 06:00,21181.75,21191.25,21147.75,21177.0,4937,21198.67,21226.63,21290.93,47.6,68.58,23.68000030517578
2025-05-23 11:00,2025-05-23 20:00,2025-05-23 07:00,21176.75,21183.25,20803.0,20833.75,41659,21178.8,21216.44,21290.35,26.5,90.85,23.68000030517578
2025-05-23 12:00,2025-05-23 21:00,2025-05-23 08:00,20835.0,20840.0,20727.25,20800.75,42638,21155.25,21206.01,21289.57,25.4,92.41,23.68000030517578
2025-05-23 13:00,2025-05-23 22:00,2025-05-23 09:00,20801.75,20953.75,20756.75,20884.75,78650,21138.59,21198.31,21289.4,33.4,99.88,23.68000030517578
2025-05-23 14:00,2025-05-23 23:00,2025-05-23 10:00,20888.25,20994.25,20882.0,20911.25,62290,21119.53,21190.53,21289.41,35.7,100.76,25.729999542236328
2025-05-23 15:00,2025-05-24 00:00,2025-05-23 11:00,20911.25,21008.75,20885.25,20935.25,46516,21101.03,21182.44,21289.71,37.8,102.39,25.309999465942383
2025-05-23 16:00,2025-05-24 01:00,2025-05-23 12:00,20935.75,21006.0,20917.75,20983.0,36643,21090.96,21175.86,21290.25,42.0,101.38,25.030000686645508
2025-05-23 17:00,2025-05-24 02:00,2025-05-23 13:00,20983.5,21074.25,20971.75,21052.0,39575,21082.84,21169.42,21291.15,47.4,101.46,24.5
2025-05-23 18:00,2025-05-24 03:00,2025-05-23 14:00,21051.75,21083.0,21006.25,21039.0,36163,21077.45,21161.08,21292.1,46.5,99.69,24.809999465942383
2025-05-23 19:00,2025-05-24 04:00,2025-05-23 15:00,21038.75,21069.75,20958.75,20978.5,53528,21067.44,21150.33,21292.8,42.5,100.5,25.31999969482422
2025-05-23 20:00,2025-05-24 05:00,2025-05-23 16:00,20979.5,20980.5,20930.75,20953.25,15392,21055.05,21139.1,21293.26,41.0,96.88,25.389999389648438
2025-05-25 22:00,2025-05-26 07:00,2025-05-25 18:00,20978.0,21229.25,20954.25,21164.75,11268,21055.17,21136.97,21294.84,55.7,109.67,25.389999389648438
2025-05-25 23:00,2025-05-26 08:00,2025-05-25 19:00,21164.0,21213.0,21162.5,21188.75,5421,21055.42,21137.21,21296.55,57.0,105.44,25.389999389648438
2025-05-26 00:00,2025-05-26 09:00,2025-05-25 20:00,21187.5,21212.0,21168.0,21186.5,5746,21055.24,21137.96,21298.31,56.9,101.06,25.389999389648438
2025-05-26 01:00,2025-05-26 10:00,2025-05-25 21:00,21185.25,21209.0,21168.25,21205.75,4810,21057.86,21139.17,21299.93,58.0,96.75,25.389999389648438
2025-05-26 02:00,2025-05-26 11:00,2025-05-25 22:00,21206.75,21233.25,21189.75,21193.5,4613,21059.88,21140.17,21301.45,57.0,92.94,25.389999389648438
2025-05-26 03:00,2025-05-26 12:00,2025-05-25 23:00,21194.25,21222.75,21193.5,21210.5,2394,21063.74,21141.46,21302.79,58.1,88.39,25.389999389648438
2025-05-26 04:00,2025-05-26 13:00,2025-05-26 00:00,21212.5,21227.75,21203.25,21220.0,1833,21064.38,21141.92,21303.85,58.7,83.83,25.389999389648438
2025-05-26 05:00,2025-05-26 14:00,2025-05-26 01:00,21219.5,21221.75,21195.0,21202.25,2671,21065.09,21142.85,21304.24,57.0,79.75,25.389999389648438
2025-05-26 06:00,2025-05-26 15:00,2025-05-26 02:00,21202.0,21262.5,21189.75,21251.25,5761,21068.59,21144.74,21304.24,60.5,79.25,25.389999389648438
2025-05-26 07:00,2025-05-26 16:00,2025-05-26 03:00,21251.75,21279.5,21231.0,21274.25,4470,21073.45,21146.85,21304.19,62.1,77.06,25.389999389648438
2025-05-26 08:00,2025-05-26 17:00,2025-05-26 04:00,21274.25,21286.0,21238.25,21246.75,3535,21094.1,21148.49,21303.82,59.1,74.96,25.389999389648438
2025-05-26 09:00,2025-05-26 18:00,2025-05-26 05:00,21246.75,21263.0,21243.75,21250.25,1528,21116.58,21149.56,21303.59,59.3,70.98,25.389999389648438
2025-05-26 10:00,2025-05-26 19:00,2025-05-26 06:00,21251.0,21277.75,21246.25,21262.25,1661,21135.45,21150.95,21303.27,60.3,68.16,25.389999389648438
2025-05-26 11:00,2025-05-26 20:00,2025-05-26 07:00,21262.25,21280.5,21255.0,21274.75,1937,21153.62,21152.49,21303.18,61.3,65.12,25.389999389648438
2025-05-26 12:00,2025-05-26 21:00,2025-05-26 08:00,21275.0,21289.0,21259.5,21262.0,2796,21169.96,21153.77,21303.22,59.6,62.57,25.389999389648438
2025-05-26 13:00,2025-05-26 22:00,2025-05-26 09:00,21263.0,21307.75,21248.5,21279.25,8263,21184.78,21155.26,21303.31,61.2,62.33,25.389999389648438
2025-05-26 14:00,2025-05-26 23:00,2025-05-26 10:00,21280.5,21282.0,21224.75,21230.25,7393,21193.69,21156.08,21303.0,54.6,61.97,25.389999389648438
2025-05-26 15:00,2025-05-27 00:00,2025-05-26 11:00,21231.25,21276.25,21215.5,21273.5,6196,21205.41,21159.96,21303.03,58.8,61.88,25.389999389648438
2025-05-26 16:00,2025-05-27 01:00,2025-05-26 12:00,21274.0,21294.0,21268.0,21283.5,4795,21220.66,21161.81,21303.03,59.8,59.32,25.389999389648438
2025-05-26 22:00,2025-05-27 07:00,2025-05-26 18:00,21281.25,21292.0,21224.0,21228.5,5170,21234.42,21160.67,21302.8,52.7,59.94,25.389999389648438
2025-05-26 23:00,2025-05-27 08:00,2025-05-26 19:00,21229.25,21246.5,21218.25,21235.25,4135,21237.95,21160.75,21302.53,53.5,57.68,25.389999389648438
2025-05-27 00:00,2025-05-27 09:00,2025-05-26 20:00,21236.25,21242.5,21202.5,21240.5,5183,21240.54,21160.12,21302.2,54.0,56.41,25.389999389648438
2025-05-27 01:00,2025-05-27 10:00,2025-05-26 21:00,21240.5,21240.5,21173.75,21176.0,7036,21240.01,21159.28,21301.49,46.3,57.15,25.389999389648438
2025-05-27 02:00,2025-05-27 11:00,2025-05-26 22:00,21175.25,21183.75,21162.0,21181.5,4491,21238.8,21157.06,21300.66,47.0,54.62,25.389999389648438
2025-05-27 03:00,2025-05-27 12:00,2025-05-26 23:00,21180.0,21189.0,21141.5,21150.5,4311,21236.65,21153.97,21299.88,43.5,54.12,25.389999389648438
2025-05-27 04:00,2025-05-27 13:00,2025-05-27 00:00,21166.25,21177.0,21161.5,21176.0,2848,21234.92,21153.81,21299.39,47.0,52.14,25.389999389648438
2025-05-27 05:00,2025-05-27 14:00,2025-05-27 01:00,21175.5,21217.5,21159.75,21208.0,4973,21234.33,21153.67,21299.13,51.0,52.54,25.389999389648438
2025-05-27 06:00,2025-05-27 15:00,2025-05-27 02:00,21207.75,21255.0,21204.75,21242.75,4798,21236.35,21155.6,21298.87,55.0,52.38,25.389999389648438
2025-05-27 07:00,2025-05-27 16:00,2025-05-27 03:00,21243.0,21359.75,21235.5,21333.75,13020,21240.47,21158.69,21298.82,63.4,57.51,25.389999389648438
2025-05-27 08:00,2025-05-27 17:00,2025-05-27 04:00,21331.75,21346.75,21298.5,21313.25,7771,21242.42,21160.94,21298.76,60.7,56.85,25.389999389648438
2025-05-27 09:00,2025-05-27 18:00,2025-05-27 05:00,21313.25,21353.0,21310.0,21333.0,6936,21246.74,21164.35,21298.77,62.4,55.86,25.389999389648438
2025-05-27 10:00,2025-05-27 19:00,2025-05-27 06:00,21333.0,21351.25,21300.75,21303.0,5580,21249.38,21166.74,21298.5,58.3,55.48,25.389999389648438
2025-05-27 11:00,2025-05-27 20:00,2025-05-27 07:00,21302.25,21310.5,21272.25,21296.5,7709,21251.09,21168.87,21298.1,57.4,54.25,25.389999389648438
2025-05-27 12:00,2025-05-27 21:00,2025-05-27 08:00,21295.5,21305.0,21253.75,21275.75,11722,21251.14,21171.31,21297.65,54.5,54.03,25.389999389648438
2025-05-27 13:00,2025-05-27 22:00,2025-05-27 09:00,21276.75,21315.25,21192.75,21293.75,59486,21252.72,21174.12,21297.29,56.6,58.92,25.389999389648438
2025-05-27 14:00,2025-05-27 23:00,2025-05-27 10:00,21292.5,21389.5,21292.25,21355.25,61271,21256.53,21178.56,21297.22,62.6,61.66,22.920000076293945
2025-05-27 15:00,2025-05-28 00:00,2025-05-27 11:00,21355.5,21406.5,21353.0,21399.5,39160,21264.99,21182.41,21297.23,66.3,61.08,22.860000610351562
2025-05-27 16:00,2025-05-28 01:00,2025-05-27 12:00,21400.0,21459.25,21395.5,21430.25,39142,21272.83,21187.26,21297.38,68.6,61.27,22.829999923706055
2025-05-27 17:00,2025-05-28 02:00,2025-05-27 13:00,21430.5,21480.25,21430.0,21476.75,31738,21282.49,21193.17,21297.87,71.7,60.48,22.65999984741211
2025-05-27 18:00,2025-05-28 03:00,2025-05-27 14:00,21476.5,21488.5,21440.75,21442.75,32453,21293.2,21198.48,21298.21,66.5,59.57,22.649999618530273
2025-05-27 19:00,2025-05-28 04:00,2025-05-27 15:00,21442.5,21469.5,21414.25,21466.5,61255,21304.76,21211.13,21298.63,68.2,59.26,22.540000915527344
2025-05-27 20:00,2025-05-28 05:00,2025-05-27 16:00,21465.5,21479.5,21443.5,21477.0,17524,21316.59,21224.66,21299.15,69.0,57.6,22.399999618530273
2025-05-27 22:00,2025-05-28 07:00,2025-05-27 18:00,21480.0,21480.0,21453.5,21470.75,0,21331.33,21236.38,21299.47,67.9,55.38,22.399999618530273
2025-05-27 23:00,2025-05-28 08:00,2025-05-27 19:00,21470.25,21484.75,21467.0,21470.75,3669,21345.79,21247.57,21299.92,67.9,52.69,22.399999618530273
2025-05-28 00:00,2025-05-28 09:00,2025-05-27 20:00,21470.25,21472.5,21456.75,21469.75,3220,21361.75,21258.26,21300.35,67.8,50.05,22.399999618530273
2025-05-28 01:00,2025-05-28 10:00,2025-05-27 21:00,21469.75,21484.0,21460.25,21463.0,3141,21376.1,21267.86,21301.01,66.4,48.18,22.399999618530273
2025-05-28 02:00,2025-05-28 11:00,2025-05-27 22:00,21463.25,21474.75,21461.0,21465.5,1883,21388.97,21276.13,21301.61,66.7,45.72,22.399999618530273
2025-05-28 03:00,2025-05-28 12:00,2025-05-27 23:00,21465.5,21477.25,21438.5,21442.75,3024,21398.97,21284.21,21302.47,61.8,45.22,22.399999618530273
2025-05-28 04:00,2025-05-28 13:00,2025-05-28 00:00,21445.5,21447.25,21435.0,21439.0,2092,21404.24,21293.42,21303.59,61.1,42.86,22.399999618530273
2025-05-28 05:00,2025-05-28 14:00,2025-05-28 01:00,21438.5,21461.75,21435.5,21452.25,3637,21411.19,21303.4,21304.55,62.8,41.68,22.399999618530273
2025-05-28 06:00,2025-05-28 15:00,2025-05-28 02:00,21452.75,21462.25,21433.25,21436.0,3325,21416.34,21308.82,21305.48,59.2,40.77,22.399999618530273
2025-05-28 07:00,2025-05-28 16:00,2025-05-28 03:00,21436.75,21458.5,21428.0,21433.5,5657,21422.86,21313.72,21306.27,58.7,40.04,22.399999618530273
2025-05-28 08:00,2025-05-28 17:00,2025-05-28 04:00,21433.0,21443.25,21416.5,21419.5,4463,21429.01,21318.38,21306.93,55.5,39.09,22.399999618530273
2025-05-28 09:00,2025-05-28 18:00,2025-05-28 05:00,21419.75,21431.25,21407.0,21430.0,4850,21436.72,21322.86,21307.58,57.4,38.03,22.399999618530273
2025-05-28 10:00,2025-05-28 19:00,2025-05-28 06:00,21429.5,21518.75,21424.0,21516.5,10033,21447.86,21329.32,21308.49,68.9,42.08,22.399999618530273
2025-05-28 11:00,2025-05-28 20:00,2025-05-28 07:00,21516.5,21523.75,21486.25,21504.0,8536,21455.3,21335.19,21308.87,66.1,41.75,22.399999618530273
2025-05-28 12:00,2025-05-28 21:00,2025-05-28 08:00,21504.0,21537.5,21500.25,21507.0,10941,21460.67,21340.93,21308.94,66.4,41.43,22.399999618530273
2025-05-28 13:00,2025-05-28 22:00,2025-05-28 09:00,21507.0,21567.5,21451.5,21472.25,63195,21462.78,21346.33,21308.92,58.9,46.76,22.399999618530273
2025-05-28 14:00,2025-05-28 23:00,2025-05-28 10:00,21477.5,21486.5,21426.0,21432.5,55121,21460.56,21349.96,21309.12,51.6,47.74,22.649999618530273
2025-05-28 15:00,2025-05-29 00:00,2025-05-28 11:00,21432.0,21477.5,21428.5,21437.0,39964,21460.28,21353.21,21309.22,52.4,47.83,22.729999542236328
2025-05-28 16:00,2025-05-29 01:00,2025-05-28 12:00,21437.25,21481.0,21436.5,21465.25,27560,21460.21,21357.58,21309.57,56.7,47.59,22.639999389648438
2025-05-28 17:00,2025-05-29 02:00,2025-05-28 13:00,21465.5,21490.5,21456.25,21470.5,25199,21459.89,21361.99,21309.94,57.5,46.64,22.360000610351562
2025-05-28 18:00,2025-05-29 03:00,2025-05-28 14:00,21469.75,21502.25,21401.5,21469.0,35532,21459.8,21366.12,21310.36,57.1,50.5,22.280000686645508
2025-05-28 19:00,2025-05-29 04:00,2025-05-28 15:00,21468.25,21514.25,21349.0,21372.5,65929,21454.89,21368.08,21310.15,41.5,58.7,22.540000915527344
2025-05-28 20:00,2025-05-29 05:00,2025-05-28 16:00,21372.0,21528.75,21321.25,21379.75,31220,21450.39,21370.43,21310.25,42.7,69.33,22.760000228881836
2025-05-28 22:00,2025-05-29 07:00,2025-05-28 18:00,21513.0,21597.0,21489.0,21587.75,0,21456.62,21376.6,21311.34,65.7,79.89,22.760000228881836
2025-05-28 23:00,2025-05-29 08:00,2025-05-28 19:00,21589.0,21777.0,21587.75,21766.25,26969,21471.66,21387.32,21313.16,75.0,87.71,22.760000228881836
2025-05-29 00:00,2025-05-29 09:00,2025-05-28 20:00,21766.5,21833.5,21709.75,21820.5,16624,21490.55,21398.26,21315.23,77.0,90.28,22.760000228881836
2025-05-29 01:00,2025-05-29 10:00,2025-05-28 21:00,21820.75,21822.25,21753.0,21794.25,9954,21508.31,21408.47,21317.19,73.9,88.78,22.760000228881836
2025-05-29 02:00,2025-05-29 11:00,2025-05-28 22:00,21795.0,21823.5,21782.0,21791.0,7477,21525.25,21419.72,21319.21,73.5,85.4,22.760000228881836
2025-05-29 03:00,2025-05-29 12:00,2025-05-28 23:00,21791.0,21817.0,21778.0,21783.25,4977,21542.61,21430.69,21321.28,72.5,82.09,22.760000228881836
2025-05-29 04:00,2025-05-29 13:00,2025-05-29 00:00,21795.25,21807.25,21775.25,21796.0,4220,21560.74,21441.79,21323.05,73.2,78.51,22.760000228881836
2025-05-29 05:00,2025-05-29 14:00,2025-05-29 01:00,21796.5,21824.0,21791.0,21805.25,5377,21580.03,21454.38,21324.77,73.6,75.26,22.760000228881836
2025-05-29 06:00,2025-05-29 15:00,2025-05-29 02:00,21804.75,21806.0,21766.75,21770.5,5497,21597.05,21466.16,21326.42,68.6,72.69,22.760000228881836
2025-05-29 07:00,2025-05-29 16:00,2025-05-29 03:00,21771.0,21849.5,21746.5,21849.5,9345,21613.7,21480.14,21328.38,73.1,74.85,22.760000228881836
2025-05-29 08:00,2025-05-29 17:00,2025-05-29 04:00,21849.5,21858.75,21775.0,21782.75,9584,21627.64,21492.28,21329.89,64.7,75.49,22.760000228881836
2025-05-29 09:00,2025-05-29 18:00,2025-05-29 05:00,21782.75,21818.5,21775.0,21785.0,7308,21641.54,21503.81,21331.62,64.8,73.2,22.760000228881836
2025-05-29 10:00,2025-05-29 19:00,2025-05-29 06:00,21786.25,21787.75,21710.0,21735.5,10703,21654.7,21513.67,21333.11,59.0,73.53,22.760000228881836
2025-05-29 11:00,2025-05-29 20:00,2025-05-29 07:00,21735.5,21739.5,21648.25,21654.5,12110,21665.8,21520.08,21334.43,50.9,74.79,22.760000228881836
2025-05-29 12:00,2025-05-29 21:00,2025-05-29 08:00,21654.75,21689.25,21620.5,21644.75,21394,21676.19,21526.72,21335.59,50.0,74.36,22.760000228881836
2025-05-29 13:00,2025-05-29 22:00,2025-05-29 09:00,21645.5,21692.75,21485.25,21518.75,72999,21678.86,21530.43,21336.04,40.3,83.87,22.760000228881836
2025-05-29 14:00,2025-05-29 23:00,2025-05-29 10:00,21517.5,21533.25,21380.5,21516.0,76188,21681.14,21534.69,21336.4,40.1,88.79,22.100000381469727
2025-05-29 15:00,2025-05-30 00:00,2025-05-29 11:00,21515.0,21519.5,21325.5,21348.75,55818,21675.12,21535.74,21335.76,30.9,96.31,21.90999984741211
2025-05-29 16:00,2025-05-30 01:00,2025-05-29 12:00,21348.0,21471.5,21301.0,21456.25,47971,21679.31,21539.35,21335.52,40.4,101.61,22.219999313354492
2025-05-29 17:00,2025-05-30 02:00,2025-05-29 13:00,21455.25,21485.0,21368.0,21372.25,37592,21678.94,21540.92,21335.38,36.2,102.71,22.020000457763672
2025-05-29 18:00,2025-05-30 03:00,2025-05-29 14:00,21373.0,21405.0,21317.25,21362.75,39479,21667.69,21541.06,21335.34,35.7,101.64,22.1299991607666
2025-05-29 19:00,2025-05-30 04:00,2025-05-29 15:00,21363.0,21447.25,21338.5,21411.75,54225,21649.96,21541.31,21335.49,39.9,102.15,21.90999984741211
2025-05-29 20:00,2025-05-30 05:00,2025-05-29 16:00,21411.5,21427.5,21367.5,21385.0,14941,21628.19,21540.4,21335.91,38.4,99.13,21.829999923706055
2025-05-29 22:00,2025-05-30 07:00,2025-05-29 18:00,21371.25,21391.75,21335.25,21353.75,0,21606.16,21537.94,21336.3,36.7,96.09,21.829999923706055
2025-05-29 23:00,2025-05-30 08:00,2025-05-29 19:00,21352.25,21369.5,21313.75,21317.0,4958,21582.46,21535.43,21336.57,34.8,93.21,21.829999923706055
2025-05-30 00:00,2025-05-30 09:00,2025-05-29 20:00,21317.25,21356.5,21315.0,21342.25,5256,21560.41,21532.94,21337.22,37.2,89.51,21.829999923706055
2025-05-30 01:00,2025-05-30 10:00,2025-05-29 21:00,21340.75,21348.25,21269.0,21343.0,7689,21537.76,21530.26,21337.83,37.3,88.78,21.829999923706055
2025-05-30 02:00,2025-05-30 11:00,2025-05-29 22:00,21343.5,21362.75,21333.5,21358.75,3497,21515.44,21528.03,21338.39,39.0,84.53,21.829999923706055
2025-05-30 03:00,2025-05-30 12:00,2025-05-29 23:00,21360.0,21365.0,21334.25,21344.25,2479,21494.12,21525.49,21339.17,38.0,80.69,21.829999923706055
2025-05-30 04:00,2025-05-30 13:00,2025-05-30 00:00,21349.0,21356.25,21330.5,21349.25,1806,21469.11,21523.08,21339.95,38.6,76.76,21.829999923706055
2025-05-30 05:00,2025-05-30 14:00,2025-05-30 01:00,21349.75,21412.25,21347.75,21387.25,5165,21449.34,21521.57,21341.21,43.0,75.89,21.829999923706055
2025-05-30 06:00,2025-05-30 15:00,2025-05-30 02:00,21386.5,21398.0,21333.75,21336.25,5509,21426.9,21518.99,21342.06,38.9,75.06,21.829999923706055
2025-05-30 07:00,2025-05-30 16:00,2025-05-30 03:00,21336.25,21382.5,21318.25,21363.0,6965,21408.28,21517.39,21342.95,42.0,74.28,21.829999923706055
2025-05-30 08:00,2025-05-30 17:00,2025-05-30 04:00,21362.5,21395.0,21352.75,21359.75,5663,21393.54,21515.81,21343.72,41.7,72.0,21.829999923706055
2025-05-30 09:00,2025-05-30 18:00,2025-05-30 05:00,21359.5,21392.25,21357.25,21363.25,4312,21379.46,21514.03,21344.48,42.2,69.35,21.829999923706055
2025-05-30 10:00,2025-05-30 19:00,2025-05-30 06:00,21363.5,21390.0,21349.5,21384.5,4321,21372.75,21512.99,21344.62,44.9,67.29,21.829999923706055
2025-05-30 11:00,2025-05-30 20:00,2025-05-30 07:00,21384.25,21421.0,21376.5,21387.5,5647,21366.33,21512.08,21344.59,45.3,65.66,21.829999923706055
2025-05-30 12:00,2025-05-30 21:00,2025-05-30 08:00,21388.5,21420.0,21226.25,21335.0,29781,21365.64,21510.38,21344.1,39.9,74.81,21.829999923706055
2025-05-30 13:00,2025-05-30 22:00,2025-05-30 09:00,21338.0,21390.5,21234.75,21257.5,59966,21355.7,21506.94,21342.89,33.6,80.59,21.829999923706055
2025-05-30 14:00,2025-05-30 23:00,2025-05-30 10:00,21257.25,21399.5,21254.0,21354.5,61106,21354.81,21503.69,21342.17,45.3,85.23,21.40999984741211
2025-05-30 15:00,2025-05-31 00:00,2025-05-30 11:00,21356.5,21378.75,21288.25,21323.5,49716,21352.85,21500.08,21341.31,42.7,85.61,21.34000015258789
2025-05-30 16:00,2025-05-31 01:00,2025-05-30 12:00,21323.75,21337.0,21071.5,21109.0,79837,21337.71,21492.12,21339.23,30.0,98.46,22.200000762939453
2025-05-30 17:00,2025-05-31 02:00,2025-05-30 13:00,21109.25,21214.75,21089.0,21176.0,48107,21327.26,21486.2,21337.53,36.4,100.41,21.93000030517578
2025-05-30 18:00,2025-05-31 03:00,2025-05-30 14:00,21176.5,21307.25,21174.75,21300.75,44856,21324.61,21483.56,21336.53,46.2,102.7,21.40999984741211
2025-05-30 19:00,2025-05-31 04:00,2025-05-30 15:00,21300.5,21433.5,21295.75,21369.25,78383,21327.22,21482.21,21335.68,50.7,105.2,21.100000381469727
2025-05-30 20:00,2025-05-31 05:00,2025-05-30 16:00,21369.75,21406.0,21330.0,21369.0,21790,21328.56,21480.28,21334.96,50.7,103.12,20.959999084472656
2025-06-01 22:00,2025-06-02 07:00,2025-06-01 18:00,21303.75,21348.5,21295.25,21313.75,5238,21327.1,21477.15,21334.24,47.0,101.02,20.959999084472656
2025-06-01 23:00,2025-06-02 08:00,2025-06-01 19:00,21314.0,21315.0,21277.0,21304.75,4853,21324.4,21473.87,21333.49,46.4,96.52,20.959999084472656
2025-06-02 00:00,2025-06-02 09:00,2025-06-01 20:00,21304.75,21326.0,21285.0,21294.0,4710,21321.89,21472.29,21332.78,45.7,92.55,20.959999084472656
2025-06-02 01:00,2025-06-02 10:00,2025-06-01 21:00,21294.5,21313.5,21267.25,21277.75,4277,21318.31,21470.26,21331.93,44.5,89.24,20.959999084472656
2025-06-02 02:00,2025-06-02 11:00,2025-06-01 22:00,21279.5,21284.75,21256.25,21265.25,4167,21312.21,21463.81,21331.16,43.6,84.91,20.959999084472656
2025-06-02 03:00,2025-06-02 12:00,2025-06-01 23:00,21264.0,21265.0,21226.75,21236.25,4912,21307.21,21453.21,21330.23,41.5,81.59,20.959999084472656
2025-06-02 04:00,2025-06-02 13:00,2025-06-02 00:00,21231.5,21254.5,21218.75,21236.0,2857,21300.86,21441.51,21329.17,41.5,78.32,20.959999084472656
2025-06-02 05:00,2025-06-02 14:00,2025-06-02 01:00,21236.25,21250.75,21213.75,21230.25,3465,21294.39,21430.24,21328.15,41.0,75.37,20.959999084472656
2025-06-02 06:00,2025-06-02 15:00,2025-06-02 02:00,21230.25,21248.5,21198.0,21228.5,5456,21287.65,21418.99,21327.17,40.9,73.59,20.959999084472656
2025-06-02 07:00,2025-06-02 16:00,2025-06-02 03:00,21227.5,21267.5,21163.25,21211.5,10965,21279.0,21407.55,21325.91,39.4,75.78,20.959999084472656
2025-06-02 08:00,2025-06-02 17:00,2025-06-02 04:00,21210.75,21263.5,21206.5,21235.75,7449,21271.41,21396.35,21324.77,42.6,74.44,20.959999084472656
2025-06-02 09:00,2025-06-02 18:00,2025-06-02 05:00,21234.0,21242.5,21201.25,21226.0,6528,21265.96,21384.76,21323.72,41.6,72.07,20.959999084472656
2025-06-02 10:00,2025-06-02 19:00,2025-06-02 06:00,21225.25,21253.5,21214.25,21250.25,5941,21265.6,21374.35,21323.0,44.9,69.72,20.959999084472656
2025-06-02 11:00,2025-06-02 20:00,2025-06-02 07:00,21250.25,21291.5,21238.75,21255.25,7132,21260.64,21362.47,21322.24,45.6,68.51,20.959999084472656
2025-06-02 12:00,2025-06-02 21:00,2025-06-02 08:00,21256.0,21294.5,21239.75,21284.75,9972,21258.7,21352.51,21321.49,49.6,67.53,20.959999084472656
2025-06-02 13:00,2025-06-02 22:00,2025-06-02 09:00,21285.0,21458.0,21257.75,21317.25,66237,21269.11,21343.15,21320.78,53.6,77.01,20.959999084472656
2025-06-02 14:00,2025-06-02 23:00,2025-06-02 10:00,21311.0,21418.75,21235.0,21397.25,72715,21280.17,21336.39,21320.61,61.7,84.63,19.860000610351562
2025-06-02 15:00,2025-06-03 00:00,2025-06-02 11:00,21396.75,21444.75,21355.25,21434.25,45806,21286.85,21331.99,21321.03,64.8,84.98,19.989999771118164
2025-06-02 16:00,2025-06-03 01:00,2025-06-02 12:00,21434.0,21454.5,21401.25,21445.5,29424,21290.66,21328.0,21321.03,65.7,82.71,19.850000381469727
2025-06-02 17:00,2025-06-03 02:00,2025-06-02 13:00,21445.75,21474.25,21425.25,21445.5,28590,21294.49,21326.53,21321.15,65.7,80.31,19.799999237060547
2025-06-02 18:00,2025-06-03 03:00,2025-06-02 14:00,21445.5,21525.75,21426.75,21517.75,37263,21304.69,21326.57,21321.74,71.2,81.64,19.670000076293945
2025-06-02 19:00,2025-06-03 04:00,2025-06-02 15:00,21517.75,21543.75,21495.25,21534.0,43390,21316.15,21330.28,21322.25,72.3,79.27,19.540000915527344
2025-06-02 20:00,2025-06-03 05:00,2025-06-02 16:00,21534.25,21576.25,21527.75,21554.5,17281,21329.17,21332.24,21322.91,73.6,77.08,19.600000381469727
2025-06-02 22:00,2025-06-03 07:00,2025-06-02 18:00,21555.0,21555.25,21515.0,21519.5,0,21341.26,21335.19,21323.5,67.6,74.45,19.600000381469727
2025-06-02 23:00,2025-06-03 08:00,2025-06-02 19:00,21518.75,21544.25,21465.75,21494.25,8181,21352.71,21337.81,21324.08,63.6,74.73,19.600000381469727
2025-06-03 00:00,2025-06-03 09:00,2025-06-02 20:00,21495.0,21502.5,21474.0,21483.5,3306,21365.08,21339.25,21324.59,61.9,71.43,19.600000381469727
2025-06-03 01:00,2025-06-03 10:00,2025-06-02 21:00,21483.75,21500.0,21476.5,21487.25,3482,21377.64,21341.29,21325.24,62.3,68.01,19.600000381469727
2025-06-03 02:00,2025-06-03 11:00,2025-06-02 22:00,21488.25,21490.25,21445.25,21468.25,4741,21389.54,21343.58,21325.92,59.1,66.37,19.600000381469727
2025-06-03 03:00,2025-06-03 12:00,2025-06-02 23:00,21467.0,21467.75,21437.0,21460.5,3447,21401.14,21346.46,21326.75,57.8,63.86,19.600000381469727
2025-06-03 04:00,2025-06-03 13:00,2025-06-03 00:00,21456.5,21460.25,21444.75,21453.75,1910,21413.25,21348.69,21327.3,56.6,60.42,19.600000381469727
2025-06-03 05:00,2025-06-03 14:00,2025-06-03 01:00,21452.5,21471.75,21451.75,21464.5,2595,21424.69,21351.12,21328.01,58.1,57.53,19.600000381469727
2025-06-03 06:00,2025-06-03 15:00,2025-06-03 02:00,21464.25,21477.0,21438.25,21470.0,4287,21436.89,21353.34,21329.01,58.8,56.19,19.600000381469727
2025-06-03 07:00,2025-06-03 16:00,2025-06-03 03:00,21469.0,21481.5,21404.5,21438.75,8883,21446.31,21355.23,21329.71,53.0,57.68,19.600000381469727
2025-06-03 08:00,2025-06-03 17:00,2025-06-03 04:00,21439.75,21448.5,21399.25,21443.5,6670,21455.72,21357.12,21330.22,53.7,57.08,19.600000381469727
2025-06-03 09:00,2025-06-03 18:00,2025-06-03 05:00,21443.25,21465.0,21431.0,21451.0,5114,21464.04,21358.39,21330.92,54.9,55.43,19.600000381469727
2025-06-03 10:00,2025-06-03 19:00,2025-06-03 06:00,21451.0,21494.25,21436.25,21494.0,6187,21472.88,21361.54,21331.52,61.3,55.61,19.600000381469727
2025-06-03 11:00,2025-06-03 20:00,2025-06-03 07:00,21495.0,21535.75,21484.0,21527.25,8151,21479.38,21364.83,21331.88,65.4,55.34,19.600000381469727
2025-06-03 12:00,2025-06-03 21:00,2025-06-03 08:00,21527.75,21543.5,21503.0,21534.5,10512,21484.39,21368.33,21331.97,66.2,54.28,19.600000381469727
2025-06-03 13:00,2025-06-03 22:00,2025-06-03 09:00,21535.0,21606.0,21509.75,21594.75,53829,21491.85,21372.96,21332.37,72.2,57.27,19.600000381469727
2025-06-03 14:00,2025-06-03 23:00,2025-06-03 10:00,21594.75,21664.0,21557.5,21661.0,62230,21502.62,21378.49,21334.32,77.0,60.79,19.0
2025-06-03 15:00,2025-06-04 00:00,2025-06-03 11:00,21661.0,21688.25,21652.5,21684.5,44496,21510.96,21384.42,21336.86,78.4,59.0,18.8799991607666
2025-06-03 16:00,2025-06-04 01:00,2025-06-03 12:00,21684.5,21747.75,21675.25,21737.75,35421,21521.15,21392.48,21339.8,81.3,59.97,19.1299991607666
2025-06-03 17:00,2025-06-04 02:00,2025-06-03 13:00,21738.25,21759.75,21715.75,21717.75,31566,21529.31,21401.69,21342.66,77.2,58.83,19.020000457763672
2025-06-03 18:00,2025-06-04 03:00,2025-06-03 14:00,21718.25,21721.75,21635.75,21710.75,45951,21538.88,21408.81,21345.5,75.7,60.77,18.8700008392334
2025-06-03 19:00,2025-06-04 04:00,2025-06-03 15:00,21710.75,21725.75,21673.5,21704.25,50570,21549.38,21416.42,21348.29,74.3,60.16,18.81999969482422
2025-06-03 20:00,2025-06-04 05:00,2025-06-03 16:00,21704.25,21706.25,21666.25,21688.0,15338,21559.6,21428.01,21350.74,70.8,58.72,18.850000381469727
2025-06-03 22:00,2025-06-04 07:00,2025-06-03 18:00,21688.25,21721.5,21684.0,21709.5,0,21570.71,21438.67,21353.51,72.7,57.2,18.850000381469727
2025-06-03 23:00,2025-06-04 08:00,2025-06-03 19:00,21709.75,21719.25,21690.25,21705.0,3640,21582.55,21446.76,21356.26,71.7,55.19,18.850000381469727
2025-06-04 00:00,2025-06-04 09:00,2025-06-03 20:00,21705.25,21727.0,21691.75,21698.5,4133,21594.45,21453.35,21358.9,70.1,53.76,18.850000381469727
2025-06-04 01:00,2025-06-04 10:00,2025-06-03 21:00,21700.0,21710.75,21672.0,21681.25,4288,21605.83,21459.59,21361.49,66.1,52.69,18.850000381469727
2025-06-04 02:00,2025-06-04 11:00,2025-06-03 22:00,21682.5,21686.0,21667.0,21673.25,3771,21616.26,21466.78,21363.87,64.3,50.29,18.850000381469727
2025-06-04 03:00,2025-06-04 12:00,2025-06-03 23:00,21673.25,21683.25,21670.0,21680.0,1807,21626.76,21474.28,21366.31,65.1,47.64,18.850000381469727
2025-06-04 04:00,2025-06-04 13:00,2025-06-04 00:00,21677.75,21696.25,21676.0,21678.0,2062,21638.72,21481.97,21368.71,64.6,45.68,18.850000381469727
2025-06-04 05:00,2025-06-04 14:00,2025-06-04 01:00,21678.0,21695.5,21673.5,21695.0,1937,21651.3,21490.31,21371.19,67.0,43.99,18.850000381469727
2025-06-04 06:00,2025-06-04 15:00,2025-06-04 02:00,21695.25,21715.25,21680.25,21691.0,4539,21663.3,21498.83,21373.62,65.9,43.35,18.850000381469727
2025-06-04 07:00,2025-06-04 16:00,2025-06-04 03:00,21691.75,21722.25,21674.5,21720.75,5042,21674.64,21508.51,21376.28,69.9,43.66,18.850000381469727
2025-06-04 08:00,2025-06-04 17:00,2025-06-04 04:00,21720.5,21748.75,21713.75,21718.0,7200,21684.17,21518.15,21379.47,69.1,43.04,18.850000381469727
2025-06-04 09:00,2025-06-04 18:00,2025-06-04 05:00,21718.0,21745.75,21717.5,21736.25,4761,21694.26,21528.28,21382.2,71.4,41.99,18.850000381469727
2025-06-04 10:00,2025-06-04 19:00,2025-06-04 06:00,21736.5,21763.0,21719.75,21750.25,6184,21702.04,21538.71,21384.52,73.1,42.08,18.850000381469727
2025-06-04 11:00,2025-06-04 20:00,2025-06-04 07:00,21749.25,21756.0,21727.25,21747.0,5043,21706.34,21549.42,21387.1,72.1,41.13,18.850000381469727
2025-06-04 12:00,2025-06-04 21:00,2025-06-04 08:00,21748.0,21767.0,21655.5,21708.5,21284,21707.54,21558.88,21389.28,60.7,46.15,18.850000381469727
2025-06-04 13:00,2025-06-04 22:00,2025-06-04 09:00,21709.5,21790.5,21699.5,21754.0,51589,21708.35,21569.44,21391.97,67.3,49.36,18.850000381469727
2025-06-04 14:00,2025-06-04 23:00,2025-06-04 10:00,21746.0,21764.25,21641.0,21761.0,73463,21710.51,21579.65,21394.31,68.2,54.63,19.030000686645508
2025-06-04 15:00,2025-06-05 00:00,2025-06-04 11:00,21761.25,21784.5,21731.75,21754.25,43105,21712.69,21589.63,21396.55,66.3,54.5,19.15999984741211
2025-06-04 16:00,2025-06-05 01:00,2025-06-04 12:00,21753.75,21758.0,21707.25,21754.25,35025,21715.19,21599.02,21399.4,66.3,54.23,19.219999313354492
2025-06-04 17:00,2025-06-05 02:00,2025-06-04 13:00,21754.25,21787.0,21752.75,21786.0,26771,21720.09,21608.4,21402.26,70.7,52.8,19.059999465942383
2025-06-04 18:00,2025-06-05 03:00,2025-06-04 14:00,21785.75,21803.0,21771.75,21782.75,30587,21723.75,21616.1,21405.44,69.7,51.27,19.049999237060547
2025-06-04 19:00,2025-06-05 04:00,2025-06-04 15:00,21783.0,21798.25,21748.25,21757.5,43425,21726.38,21622.57,21408.33,62.4,51.17,19.059999465942383
2025-06-04 20:00,2025-06-05 05:00,2025-06-04 16:00,21757.5,21764.75,21740.25,21748.0,14541,21728.85,21628.62,21411.07,59.8,49.27,18.940000534057617
2025-06-04 22:00,2025-06-05 07:00,2025-06-04 18:00,21744.75,21772.5,21731.75,21750.75,0,21732.33,21634.72,21414.01,60.3,48.66,18.940000534057617
2025-06-04 23:00,2025-06-05 08:00,2025-06-04 19:00,21751.0,21759.0,21737.0,21741.0,2438,21735.71,21639.19,21416.8,57.6,46.76,18.940000534057617
2025-06-05 00:00,2025-06-05 09:00,2025-06-04 20:00,21742.0,21766.75,21738.25,21744.5,3092,21738.94,21643.4,21419.57,58.3,45.45,18.940000534057617
2025-06-05 01:00,2025-06-05 10:00,2025-06-04 21:00,21746.0,21757.25,21730.75,21756.75,3237,21742.88,21647.44,21422.59,60.9,44.1,18.940000534057617
2025-06-05 02:00,2025-06-05 11:00,2025-06-04 22:00,21757.0,21758.75,21736.75,21745.25,3492,21745.39,21651.96,21425.55,57.3,42.52,18.940000534057617
2025-06-05 03:00,2025-06-05 12:00,2025-06-04 23:00,21745.75,21754.5,21741.75,21749.75,2527,21748.33,21657.07,21428.63,58.3,40.39,18.940000534057617
2025-06-05 04:00,2025-06-05 13:00,2025-06-05 00:00,21747.5,21759.25,21745.25,21748.5,2466,21749.71,21662.37,21431.33,57.9,38.51,18.940000534057617
2025-06-05 05:00,2025-06-05 14:00,2025-06-05 01:00,21748.5,21749.0,21724.75,21734.25,3074,21750.53,21667.31,21434.07,53.2,37.49,18.940000534057617
2025-06-05 06:00,2025-06-05 15:00,2025-06-05 02:00,21734.0,21744.25,21723.0,21737.25,3249,21750.58,21672.69,21436.85,54.1,36.33,18.940000534057617
2025-06-05 07:00,2025-06-05 16:00,2025-06-05 03:00,21741.0,21840.0,21741.0,21812.5,11638,21753.69,21679.73,21440.02,69.1,41.07,18.940000534057617
2025-06-05 08:00,2025-06-05 17:00,2025-06-05 04:00,21813.0,21842.5,21773.5,21790.0,8135,21755.84,21686.46,21444.81,62.5,43.07,18.940000534057617
2025-06-05 09:00,2025-06-05 18:00,2025-06-05 05:00,21790.5,21791.5,21764.0,21775.75,5288,21759.2,21692.68,21449.68,58.7,41.96,18.940000534057617
2025-06-05 10:00,2025-06-05 19:00,2025-06-05 06:00,21775.75,21804.75,21753.75,21777.0,5728,21760.35,21698.82,21454.14,58.9,42.6,18.940000534057617
2025-06-05 11:00,2025-06-05 20:00,2025-06-05 07:00,21776.5,21780.0,21745.75,21769.75,6378,21760.79,21705.44,21458.43,56.9,42.01,18.940000534057617
2025-06-05 12:00,2025-06-05 21:00,2025-06-05 08:00,21767.25,21898.0,21712.5,21826.25,22076,21764.39,21713.1,21462.89,66.6,52.26,18.940000534057617
2025-06-05 13:00,2025-06-05 22:00,2025-06-05 09:00,21802.5,21840.5,21691.5,21723.5,71360,21762.85,21718.54,21466.59,46.2,59.17,18.940000534057617
2025-06-05 14:00,2025-06-05 23:00,2025-06-05 10:00,21724.75,21878.75,21704.0,21858.25,88677,21766.46,21725.83,21470.62,62.4,67.42,20.56999969482422
2025-06-05 15:00,2025-06-06 00:00,2025-06-05 11:00,21858.25,21935.0,21844.5,21920.0,50002,21773.33,21733.69,21475.03,67.3,69.07,19.979999542236328
2025-06-05 16:00,2025-06-06 01:00,2025-06-05 12:00,21920.25,21923.0,21670.25,21687.25,73911,21769.81,21736.74,21478.57,44.1,82.19,20.030000686645508
2025-06-05 17:00,2025-06-06 02:00,2025-06-05 13:00,21687.0,21789.75,21659.5,21729.0,44275,21768.86,21739.42,21482.45,47.6,85.62,20.350000381469727
2025-06-05 18:00,2025-06-06 03:00,2025-06-05 14:00,21730.0,21740.0,21606.5,21686.75,58996,21765.66,21739.94,21485.06,44.6,89.04,20.639999389648438
2025-06-05 19:00,2025-06-06 04:00,2025-06-05 15:00,21686.5,21698.0,21503.5,21587.0,90318,21757.96,21737.99,21487.05,38.4,96.58,21.479999542236328
2025-06-05 20:00,2025-06-06 05:00,2025-06-05 16:00,21587.25,21619.25,21510.75,21515.0,18338,21746.49,21733.53,21488.69,34.6,97.43,21.600000381469727
2025-06-05 22:00,2025-06-06 07:00,2025-06-05 18:00,21471.0,21560.5,21471.0,21558.0,0,21736.55,21730.34,21490.46,38.5,96.86,21.600000381469727
2025-06-05 23:00,2025-06-06 08:00,2025-06-05 19:00,21558.5,21571.25,21540.0,21545.5,5322,21726.56,21727.03,21492.22,37.8,92.17,21.600000381469727
2025-06-06 00:00,2025-06-06 09:00,2025-06-05 20:00,21545.25,21588.25,21544.0,21571.75,5817,21717.66,21724.38,21494.02,40.2,88.75,21.600000381469727
2025-06-06 01:00,2025-06-06 10:00,2025-06-05 21:00,21571.25,21600.5,21563.0,21585.0,4739,21709.49,21722.33,21495.85,41.5,85.09,21.600000381469727
2025-06-06 02:00,2025-06-06 11:00,2025-06-05 22:00,21584.5,21591.0,21572.5,21588.25,2824,21702.19,21719.9,21497.78,41.8,80.33,21.600000381469727
2025-06-06 03:00,2025-06-06 12:00,2025-06-05 23:00,21589.0,21617.75,21579.75,21610.5,3864,21695.85,21718.01,21499.57,44.1,77.31,21.600000381469727
2025-06-06 04:00,2025-06-06 13:00,2025-06-06 00:00,21606.75,21651.0,21602.25,21649.5,4904,21687.7,21717.03,21501.45,47.9,75.27,21.600000381469727
2025-06-06 05:00,2025-06-06 14:00,2025-06-06 01:00,21649.0,21669.75,21647.75,21656.75,4346,21681.04,21716.54,21503.5,48.6,71.47,21.600000381469727
2025-06-06 06:00,2025-06-06 15:00,2025-06-06 02:00,21657.75,21686.0,21629.5,21667.25,6755,21675.61,21716.42,21505.58,49.7,70.4,21.600000381469727
2025-06-06 07:00,2025-06-06 16:00,2025-06-06 03:00,21667.75,21681.0,21647.75,21660.25,5974,21669.78,21716.03,21507.57,49.0,67.74,21.600000381469727
2025-06-06 08:00,2025-06-06 17:00,2025-06-06 04:00,21660.75,21672.0,21637.75,21661.0,5539,21664.34,21715.69,21509.51,49.1,65.35,21.600000381469727
2025-06-06 09:00,2025-06-06 18:00,2025-06-06 05:00,21661.75,21690.5,21651.25,21685.25,4718,21657.29,21715.49,21511.62,51.9,63.49,21.600000381469727
2025-06-06 10:00,2025-06-06 19:00,2025-06-06 06:00,21685.75,21694.5,21655.5,21656.75,4510,21653.95,21714.81,21513.51,48.5,61.74,21.600000381469727
2025-06-06 11:00,2025-06-06 20:00,2025-06-06 07:00,21657.25,21684.5,21642.75,21670.75,7793,21644.58,21713.81,21515.71,50.2,60.31,21.600000381469727
2025-06-06 12:00,2025-06-06 21:00,2025-06-06 08:00,21670.75,21785.5,21662.25,21761.25,23845,21636.64,21714.67,21518.15,59.6,64.81,21.600000381469727
2025-06-06 13:00,2025-06-06 22:00,2025-06-06 09:00,21761.0,21864.25,21746.75,21840.25,69480,21644.29,21716.75,21520.93,65.8,68.57,21.600000381469727
2025-06-06 14:00,2025-06-06 23:00,2025-06-06 10:00,21840.25,21852.25,21762.75,21820.0,60117,21648.84,21718.15,21523.89,63.1,70.06,20.489999771118164
2025-06-06 15:00,2025-06-07 00:00,2025-06-06 11:00,21819.75,21870.0,21736.5,21806.0,60079,21654.8,21719.33,21526.74,61.3,74.6,20.280000686645508
2025-06-06 16:00,2025-06-07 01:00,2025-06-06 12:00,21806.5,21834.5,21722.0,21755.25,37321,21663.21,21720.26,21529.32,55.1,77.3,20.100000381469727
2025-06-06 17:00,2025-06-07 02:00,2025-06-06 13:00,21755.25,21826.75,21737.0,21821.5,31827,21678.54,21721.61,21532.55,60.7,78.19,20.010000228881836
2025-06-06 18:00,2025-06-07 03:00,2025-06-06 14:00,21822.25,21873.5,21821.5,21835.0,42398,21692.39,21723.09,21535.81,61.7,76.32,19.81999969482422
2025-06-06 19:00,2025-06-07 04:00,2025-06-06 15:00,21834.5,21847.5,21784.75,21789.0,49424,21704.56,21723.78,21539.01,56.2,75.35,19.979999542236328
2025-06-06 20:00,2025-06-07 05:00,2025-06-06 16:00,21789.5,21819.0,21780.25,21809.5,13507,21716.45,21724.89,21542.17,58.0,72.74,19.860000610351562
2025-06-08 22:00,2025-06-09 07:00,2025-06-08 18:00,21799.25,21820.75,21730.25,21741.5,5549,21724.28,21724.0,21544.84,50.6,74.01,19.860000610351562
2025-06-08 23:00,2025-06-09 08:00,2025-06-08 19:00,21742.0,21773.0,21726.0,21762.0,4614,21732.96,21723.58,21547.44,52.6,72.08,19.860000610351562
2025-06-09 00:00,2025-06-09 09:00,2025-06-08 20:00,21763.5,21783.5,21745.0,21749.0,5158,21739.89,21723.42,21549.51,51.2,69.68,19.860000610351562
2025-06-09 01:00,2025-06-09 10:00,2025-06-08 21:00,21749.0,21751.75,21731.5,21742.0,3021,21744.51,21723.29,21551.66,50.4,66.15,19.860000610351562
2025-06-09 02:00,2025-06-09 11:00,2025-06-08 22:00,21742.25,21756.0,21716.0,21741.25,3847,21748.74,21723.1,21553.7,50.3,64.28,19.860000610351562
2025-06-09 03:00,2025-06-09 12:00,2025-06-08 23:00,21741.0,21746.75,21726.0,21744.75,1941,21752.61,21723.18,21555.91,50.7,61.17,19.860000610351562
2025-06-09 04:00,2025-06-09 13:00,2025-06-09 00:00,21744.0,21752.5,21731.25,21747.0,2507,21756.95,21723.23,21558.16,51.0,58.32,19.860000610351562
2025-06-09 05:00,2025-06-09 14:00,2025-06-09 01:00,21746.0,21748.75,21729.0,21746.25,2536,21761.21,21723.02,21560.51,50.9,55.56,19.860000610351562
2025-06-09 06:00,2025-06-09 15:00,2025-06-09 02:00,21746.75,21768.0,21732.0,21766.25,3436,21765.26,21723.44,21562.88,53.8,54.17,19.860000610351562
2025-06-09 07:00,2025-06-09 16:00,2025-06-09 03:00,21766.75,21797.25,21750.0,21794.5,5741,21772.15,21724.33,21565.07,57.5,53.67,19.860000610351562
2025-06-09 08:00,2025-06-09 17:00,2025-06-09 04:00,21793.25,21800.0,21757.5,21792.25,6744,21778.22,21725.21,21567.03,57.1,52.87,19.860000610351562
2025-06-09 09:00,2025-06-09 18:00,2025-06-09 05:00,21792.25,21794.0,21773.25,21779.75,2918,21779.15,21726.12,21568.78,54.9,50.58,19.860000610351562
2025-06-09 10:00,2025-06-09 19:00,2025-06-09 06:00,21779.5,21791.0,21763.25,21775.25,3259,21775.9,21726.88,21570.28,54.0,48.95,19.860000610351562
2025-06-09 11:00,2025-06-09 20:00,2025-06-09 07:00,21774.5,21824.25,21774.0,21810.75,8187,21775.44,21726.85,21572.12,59.3,49.04,19.860000610351562
2025-06-09 12:00,2025-06-09 21:00,2025-06-09 08:00,21812.0,21818.0,21791.0,21797.0,7265,21774.99,21726.99,21573.77,56.6,47.47,19.860000610351562
2025-06-09 13:00,2025-06-09 22:00,2025-06-09 09:00,21797.5,21817.75,21750.75,21787.0,49638,21776.58,21727.21,21575.32,54.6,48.86,19.860000610351562
2025-06-09 14:00,2025-06-09 23:00,2025-06-09 10:00,21787.0,21880.5,21787.0,21842.5,55719,21777.62,21728.52,21577.18,62.4,52.05,20.34000015258789
2025-06-09 15:00,2025-06-10 00:00,2025-06-09 11:00,21842.5,21867.25,21816.5,21838.5,34311,21777.8,21729.9,21579.01,61.5,51.96,20.399999618530273
2025-06-09 16:00,2025-06-10 01:00,2025-06-09 12:00,21839.25,21885.0,21815.5,21870.25,28725,21781.86,21730.78,21581.02,65.4,53.21,20.260000228881836
2025-06-09 17:00,2025-06-10 02:00,2025-06-09 13:00,21870.25,21881.75,21834.25,21867.25,30127,21784.75,21733.65,21583.04,64.7,52.8,20.040000915527344
2025-06-09 18:00,2025-06-10 03:00,2025-06-09 14:00,21867.5,21879.25,21845.25,21869.25,23641,21791.14,21733.87,21585.06,65.0,51.46,19.93000030517578
2025-06-09 19:00,2025-06-10 04:00,2025-06-09 15:00,21869.75,21875.25,21814.0,21818.5,49317,21793.96,21731.84,21586.94,54.3,52.16,19.940000534057617
2025-06-09 20:00,2025-06-10 05:00,2025-06-09 16:00,21818.25,21825.0,21797.0,21822.25,0,21797.62,21734.54,21588.85,54.9,50.43,20.059999465942383
2025-06-09 22:00,2025-06-10 07:00,2025-06-09 18:00,21824.0,21847.75,21823.25,21825.5,2476,21801.8,21736.47,21590.72,55.4,48.65,20.059999465942383
2025-06-09 23:00,2025-06-10 08:00,2025-06-09 19:00,21829.75,21838.25,21821.5,21832.5,1794,21806.36,21739.38,21592.7,56.6,46.37,20.059999465942383
2025-06-10 00:00,2025-06-10 09:00,2025-06-09 20:00,21833.0,21873.0,21815.25,21864.0,4547,21812.33,21744.92,21594.85,61.6,47.19,20.059999465942383
2025-06-10 01:00,2025-06-10 10:00,2025-06-09 21:00,21863.75,21973.25,21862.75,21966.25,10233,21823.29,21753.95,21597.59,72.6,51.71,20.059999465942383
2025-06-10 02:00,2025-06-10 11:00,2025-06-09 22:00,21965.75,21968.0,21944.25,21948.5,4245,21833.4,21761.76,21600.18,68.9,49.71,20.059999465942383
2025-06-10 03:00,2025-06-10 12:00,2025-06-09 23:00,21947.25,21952.5,21932.75,21937.0,2505,21841.94,21769.59,21602.28,66.6,47.57,20.059999465942383
2025-06-10 04:00,2025-06-10 13:00,2025-06-10 00:00,21930.75,21932.75,21911.75,21917.25,2743,21848.08,21776.5,21604.35,62.6,45.98,20.059999465942383
2025-06-10 05:00,2025-06-10 14:00,2025-06-10 01:00,21918.0,21931.0,21756.5,21829.0,15771,21849.91,21781.38,21605.96,48.6,55.16,20.059999465942383
2025-06-10 06:00,2025-06-10 15:00,2025-06-10 02:00,21829.0,21840.0,21801.0,21808.0,5869,21851.33,21785.78,21607.64,46.0,54.0,20.059999465942383
2025-06-10 07:00,2025-06-10 16:00,2025-06-10 03:00,21808.75,21826.0,21732.25,21796.25,10434,21852.38,21789.49,21609.46,44.5,56.84,20.059999465942383
2025-06-10 08:00,2025-06-10 17:00,2025-06-10 04:00,21799.75,21821.75,21760.75,21812.25,7189,21852.45,21792.74,21611.33,47.0,57.14,20.059999465942383
2025-06-10 09:00,2025-06-10 18:00,2025-06-10 05:00,21812.25,21841.75,21805.75,21829.0,3886,21854.05,21796.19,21613.15,49.5,55.63,20.059999465942383
2025-06-10 10:00,2025-06-10 19:00,2025-06-10 06:00,21828.5,21857.5,21828.5,21840.75,4643,21856.74,21799.66,21615.0,51.3,53.73,20.059999465942383
2025-06-10 11:00,2025-06-10 20:00,2025-06-10 07:00,21841.75,21858.5,21803.0,21857.75,7056,21857.5,21803.61,21616.95,53.8,53.85,20.059999465942383
2025-06-10 12:00,2025-06-10 21:00,2025-06-10 08:00,21858.25,21868.0,21847.0,21854.0,7230,21858.28,21807.47,21619.35,53.1,51.51,20.059999465942383
2025-06-10 13:00,2025-06-10 22:00,2025-06-10 09:00,21854.75,21893.25,21818.0,21857.0,50568,21857.61,21810.9,21621.74,53.6,53.2,20.059999465942383
2025-06-10 14:00,2025-06-10 23:00,2025-06-10 10:00,21857.25,21890.75,21847.5,21865.25,38355,21857.51,21815.08,21623.13,55.0,52.49,20.0
2025-06-10 15:00,2025-06-11 00:00,2025-06-10 11:00,21873.25,21878.5,21743.25,21874.5,59829,21857.78,21819.15,21623.67,56.5,58.4,20.040000915527344
2025-06-10 16:00,2025-06-11 01:00,2025-06-10 12:00,21874.25,21918.0,21871.75,21909.75,34025,21862.34,21822.12,21624.12,61.9,57.54,19.84000015258789
2025-06-10 17:00,2025-06-11 02:00,2025-06-10 13:00,21905.5,21931.0,21867.0,21873.0,31805,21864.88,21822.78,21624.51,54.3,58.0,19.90999984741211
2025-06-10 18:00,2025-06-11 03:00,2025-06-10 14:00,21873.5,21967.25,21820.75,21948.5,49136,21871.03,21825.35,21625.3,64.0,64.32,19.829999923706055
2025-06-10 19:00,2025-06-11 04:00,2025-06-10 15:00,21949.0,21992.25,21910.75,21964.75,62350,21877.64,21828.52,21626.2,65.7,65.55,19.709999084472656
2025-06-10 20:00,2025-06-11 05:00,2025-06-10 16:00,21965.0,21969.25,21936.0,21951.0,14715,21881.99,21832.44,21626.98,63.0,63.24,19.68000030517578
2025-06-10 22:00,2025-06-11 07:00,2025-06-10 18:00,21945.75,21983.75,21937.0,21972.75,0,21882.31,21835.46,21627.82,65.4,62.06,19.68000030517578
2025-06-10 23:00,2025-06-11 08:00,2025-06-10 19:00,21974.25,22002.75,21916.5,21953.75,5882,21882.58,21837.83,21628.73,61.7,63.79,19.68000030517578
2025-06-11 00:00,2025-06-11 09:00,2025-06-10 20:00,21954.0,21965.75,21911.0,21914.0,4742,21881.42,21840.33,21629.06,54.6,63.14,19.68000030517578
2025-06-11 01:00,2025-06-11 10:00,2025-06-10 21:00,21914.0,21923.75,21881.25,21908.0,5304,21880.96,21842.31,21629.68,53.5,61.67,19.68000030517578
2025-06-11 02:00,2025-06-11 11:00,2025-06-10 22:00,21908.5,21911.5,21891.75,21895.25,2186,21884.28,21845.38,21630.23,51.4,58.67,19.68000030517578
2025-06-11 03:00,2025-06-11 12:00,2025-06-10 23:00,21894.5,21910.0,21886.25,21907.5,2283,21889.25,21848.29,21631.09,53.3,56.18,19.68000030517578
2025-06-11 04:00,2025-06-11 13:00,2025-06-11 00:00,21903.0,21915.25,21872.75,21876.5,2855,21893.26,21850.84,21632.2,48.1,55.2,19.68000030517578
2025-06-11 05:00,2025-06-11 14:00,2025-06-11 01:00,21878.0,21900.25,21866.0,21881.25,3327,21896.71,21853.62,21633.38,48.9,53.71,19.68000030517578
2025-06-11 06:00,2025-06-11 15:00,2025-06-11 02:00,21881.75,21906.0,21878.25,21896.0,3514,21900.06,21856.72,21635.27,51.5,51.85,19.68000030517578
2025-06-11 07:00,2025-06-11 16:00,2025-06-11 03:00,21896.75,21934.75,21891.5,21929.0,5845,21904.47,21860.4,21637.34,56.8,51.24,19.68000030517578
2025-06-11 08:00,2025-06-11 17:00,2025-06-11 04:00,21929.25,21959.5,21919.5,21942.75,5106,21908.72,21864.32,21640.31,58.8,50.44,19.68000030517578
2025-06-11 09:00,2025-06-11 18:00,2025-06-11 05:00,21943.0,21949.0,21914.5,21916.75,3363,21911.86,21867.73,21642.61,53.7,49.3,19.68000030517578
2025-06-11 10:00,2025-06-11 19:00,2025-06-11 06:00,21917.75,21937.75,21909.0,21929.25,3774,21915.47,21870.99,21645.39,55.7,47.83,19.68000030517578
2025-06-11 11:00,2025-06-11 20:00,2025-06-11 07:00,21929.0,21940.25,21882.0,21930.0,6145,21918.71,21873.7,21648.23,55.8,48.57,19.68000030517578
2025-06-11 12:00,2025-06-11 21:00,2025-06-11 08:00,21931.0,22106.0,21888.5,22028.75,36586,21926.42,21878.43,21651.31,68.3,60.64,19.68000030517578
2025-06-11 13:00,2025-06-11 22:00,2025-06-11 09:00,22029.75,22041.0,21915.75,21980.75,65720,21929.97,21882.45,21654.29,59.5,65.25,19.68000030517578
2025-06-11 14:00,2025-06-11 23:00,2025-06-11 10:00,21981.0,22062.0,21973.75,22059.25,54270,21939.29,21888.13,21657.82,67.0,66.9,19.290000915527344
2025-06-11 15:00,2025-06-12 00:00,2025-06-11 11:00,22058.75,22066.25,21986.25,21993.5,55242,21941.54,21891.78,21661.2,57.4,67.83,19.43000030517578
2025-06-11 16:00,2025-06-12 01:00,2025-06-11 12:00,21994.25,22006.75,21908.0,21977.5,49808,21942.17,21895.4,21664.38,55.3,70.04,19.56999969482422
2025-06-11 17:00,2025-06-12 02:00,2025-06-11 13:00,21978.25,22018.5,21910.75,21916.5,39023,21940.45,21897.99,21667.25,48.2,72.74,19.229999542236328
2025-06-11 18:00,2025-06-12 03:00,2025-06-11 14:00,21917.25,21931.0,21790.75,21861.0,86916,21934.86,21898.35,21669.76,42.8,77.56,20.360000610351562
2025-06-11 19:00,2025-06-12 04:00,2025-06-11 15:00,21862.25,21892.5,21824.25,21887.5,58781,21931.55,21899.33,21672.47,45.9,76.89,20.6200008392334
2025-06-11 20:00,2025-06-12 05:00,2025-06-11 16:00,21887.5,21910.75,21870.25,21883.25,12245,21930.01,21899.6,21675.15,45.5,74.29,20.399999618530273
2025-06-11 22:00,2025-06-12 07:00,2025-06-11 18:00,21871.0,21894.25,21827.25,21836.25,0,21926.42,21898.97,21677.39,40.9,73.77,20.399999618530273
2025-06-11 23:00,2025-06-12 08:00,2025-06-11 19:00,21834.75,21866.0,21818.0,21837.75,3238,21923.55,21898.35,21679.9,41.1,71.93,20.399999618530273
2025-06-12 00:00,2025-06-12 09:00,2025-06-11 20:00,21838.75,21849.0,21782.5,21801.75,5910,21918.26,21898.01,21682.09,37.8,71.54,20.399999618530273
2025-06-12 01:00,2025-06-12 10:00,2025-06-11 21:00,21800.75,21813.5,21754.25,21786.0,5386,21913.74,21897.28,21684.22,36.4,70.67,20.399999618530273
2025-06-12 02:00,2025-06-12 11:00,2025-06-11 22:00,21787.0,21794.75,21772.0,21785.75,2867,21908.96,21896.49,21686.33,36.4,67.24,20.399999618530273
2025-06-12 03:00,2025-06-12 12:00,2025-06-11 23:00,21787.0,21824.75,21784.25,21807.25,2294,21904.53,21895.99,21688.45,39.9,65.33,20.399999618530273
2025-06-12 04:00,2025-06-12 13:00,2025-06-12 00:00,21816.75,21831.25,21802.25,21830.0,1900,21899.58,21895.31,21690.66,43.4,62.74,20.399999618530273
2025-06-12 05:00,2025-06-12 14:00,2025-06-12 01:00,21829.75,21840.0,21805.75,21828.5,2425,21893.86,21892.55,21693.13,43.3,60.7,20.399999618530273
2025-06-12 06:00,2025-06-12 15:00,2025-06-12 02:00,21825.0,21847.75,21809.5,21838.5,2546,21889.95,21890.35,21696.03,44.9,59.1,20.399999618530273
2025-06-12 07:00,2025-06-12 16:00,2025-06-12 03:00,21839.75,21863.25,21751.0,21775.25,7036,21882.25,21887.12,21698.14,37.5,62.9,20.399999618530273
2025-06-12 08:00,2025-06-12 17:00,2025-06-12 04:00,21775.25,21805.25,21713.25,21799.25,8857,21875.71,21884.76,21700.52,41.4,64.97,20.399999618530273
2025-06-12 09:00,2025-06-12 18:00,2025-06-12 05:00,21799.5,21843.25,21791.0,21811.25,5744,21864.84,21884.4,21704.03,43.4,64.07,20.399999618530273
2025-06-12 10:00,2025-06-12 19:00,2025-06-12 06:00,21810.0,21826.0,21759.25,21805.5,6636,21856.08,21884.35,21707.17,42.6,64.26,20.399999618530273
2025-06-12 11:00,2025-06-12 20:00,2025-06-12 07:00,21804.0,21806.0,21732.0,21739.0,6641,21840.06,21883.21,21709.37,35.3,64.95,20.399999618530273
2025-06-12 12:00,2025-06-12 21:00,2025-06-12 08:00,21739.0,21847.75,21714.0,21835.5,15429,21832.16,21883.67,21711.7,49.0,69.87,20.399999618530273
2025-06-12 13:00,2025-06-12 22:00,2025-06-12 09:00,21836.25,21892.5,21818.5,21858.0,45398,21826.19,21884.25,21714.14,51.6,70.16,20.399999618530273
2025-06-12 14:00,2025-06-12 23:00,2025-06-12 10:00,21857.25,21948.25,21840.5,21934.75,53289,21827.1,21886.13,21717.25,59.2,72.85,20.450000762939453
2025-06-12 15:00,2025-06-13 00:00,2025-06-12 11:00,21934.5,21977.25,21881.0,21922.5,52642,21830.17,21887.42,21720.34,57.7,74.52,20.84000015258789
2025-06-12 16:00,2025-06-13 01:00,2025-06-12 12:00,21922.25,21969.75,21901.5,21923.5,46016,21831.97,21888.81,21723.48,57.7,74.07,20.68000030517578
2025-06-12 17:00,2025-06-13 02:00,2025-06-12 13:00,21924.25,21967.5,21917.0,21937.0,30913,21834.66,21890.42,21726.78,59.1,72.39,20.59000015258789
2025-06-12 18:00,2025-06-13 03:00,2025-06-12 14:00,21937.75,21950.0,21903.75,21937.25,31128,21839.71,21891.85,21730.14,59.1,70.52,20.6299991607666
2025-06-12 19:00,2025-06-13 04:00,2025-06-12 15:00,21937.0,21953.0,21893.5,21936.75,40736,21844.66,21893.1,21733.64,59.1,69.73,20.68000030517578
2025-06-12 20:00,2025-06-13 05:00,2025-06-12 16:00,21938.5,21947.75,21906.25,21909.0,13541,21850.03,21893.08,21737.01,54.5,67.72,20.6299991607666
2025-06-12 22:00,2025-06-13 07:00,2025-06-12 18:00,21909.0,21915.75,21861.75,21881.0,0,21854.78,21893.24,21740.26,50.3,66.74,20.6299991607666
2025-06-12 23:00,2025-06-13 08:00,2025-06-12 19:00,21880.5,21889.0,21782.75,21786.75,4620,21854.83,21890.01,21743.05,39.4,69.56,20.6299991607666
2025-06-13 00:00,2025-06-13 09:00,2025-06-12 20:00,21786.0,21793.5,21524.0,21566.5,25674,21842.79,21882.04,21744.83,25.4,83.84,20.6299991607666
2025-06-13 01:00,2025-06-13 10:00,2025-06-12 21:00,21566.0,21619.25,21489.0,21612.5,13237,21831.91,21875.28,21746.71,30.9,87.16,20.6299991607666
2025-06-13 02:00,2025-06-13 11:00,2025-06-12 22:00,21613.25,21614.25,21471.0,21530.25,10096,21817.0,21866.42,21748.23,27.1,91.16,20.6299991607666
2025-06-13 03:00,2025-06-13 12:00,2025-06-12 23:00,21532.5,21583.0,21525.0,21573.75,6394,21803.76,21858.83,21749.85,31.9,88.79,20.6299991607666
2025-06-13 04:00,2025-06-13 13:00,2025-06-13 00:00,21542.75,21569.75,21514.0,21543.5,3533,21792.17,21851.42,21751.29,30.4,86.72,20.6299991607666
2025-06-13 05:00,2025-06-13 14:00,2025-06-13 01:00,21543.75,21570.25,21520.0,21570.25,3205,21780.72,21844.66,21752.72,33.4,84.11,20.6299991607666
2025-06-13 06:00,2025-06-13 15:00,2025-06-13 02:00,21570.5,21613.25,21565.0,21605.75,6461,21770.45,21838.87,21754.16,37.3,81.55,20.6299991607666
2025-06-13 07:00,2025-06-13 16:00,2025-06-13 03:00,21607.25,21652.0,21587.25,21636.75,9263,21762.01,21833.46,21755.36,40.5,80.35,20.6299991607666
2025-06-13 08:00,2025-06-13 17:00,2025-06-13 04:00,21637.5,21664.0,21582.75,21600.25,8419,21755.08,21827.93,21756.19,38.0,80.42,20.6299991607666
2025-06-13 09:00,2025-06-13 18:00,2025-06-13 05:00,21598.75,21644.0,21577.25,21623.0,8024,21744.45,21822.76,21757.08,40.5,79.44,20.6299991607666
2025-06-13 10:00,2025-06-13 19:00,2025-06-13 06:00,21622.75,21657.75,21594.5,21652.75,6448,21734.19,21817.9,21758.11,43.6,78.28,20.6299991607666
2025-06-13 11:00,2025-06-13 20:00,2025-06-13 07:00,21652.5,21702.75,21642.5,21683.75,9583,21721.64,21812.99,21758.94,46.8,77.0,20.6299991607666
2025-06-13 12:00,2025-06-13 21:00,2025-06-13 08:00,21684.25,21701.25,21643.25,21658.25,12609,21708.42,21807.31,21759.56,44.6,75.64,20.6299991607666
2025-06-13 13:00,2025-06-13 22:00,2025-06-13 09:00,21659.0,21794.5,21626.0,21729.0,60368,21698.7,21803.55,21760.44,51.4,82.27,20.6299991607666
2025-06-13 14:00,2025-06-13 23:00,2025-06-13 10:00,21727.0,21751.75,21617.0,21743.5,75402,21689.03,21799.83,21761.56,52.7,86.02,23.209999084472656
2025-06-13 15:00,2025-06-14 00:00,2025-06-13 11:00,21743.75,21843.0,21735.5,21833.75,53126,21683.85,21797.91,21763.25,59.9,87.55,21.56999969482422
2025-06-13 16:00,2025-06-14 01:00,2025-06-13 12:00,21833.25,21853.75,21798.75,21827.5,37815,21678.39,21793.88,21764.97,59.2,85.23,21.510000228881836
2025-06-13 17:00,2025-06-14 02:00,2025-06-13 13:00,21827.25,21834.75,21749.75,21787.75,42728,21672.33,21790.03,21766.48,55.0,85.21,22.040000915527344
2025-06-13 18:00,2025-06-14 03:00,2025-06-13 14:00,21788.25,21805.25,21601.5,21668.25,66063,21661.69,21782.21,21767.48,44.7,93.68,22.81999969482422
2025-06-13 19:00,2025-06-14 04:00,2025-06-13 15:00,21668.0,21693.0,21600.25,21652.25,66672,21654.96,21775.38,21768.44,43.5,93.61,23.219999313354492
2025-06-13 20:00,2025-06-14 05:00,2025-06-13 16:00,21661.75,21679.0,21643.25,21652.0,15859,21659.24,21768.87,21769.43,43.5,89.48,22.739999771118164
2025-06-15 22:00,2025-06-16 07:00,2025-06-15 18:00,21554.0,21690.0,21501.75,21648.5,6969,21661.04,21763.51,21770.35,43.2,96.54,22.739999771118164
2025-06-15 23:00,2025-06-16 08:00,2025-06-15 19:00,21649.75,21710.0,21612.25,21689.5,3600,21669.0,21760.08,21771.44,47.6,96.62,22.739999771118164
2025-06-16 00:00,2025-06-16 09:00,2025-06-15 20:00,21687.25,21704.5,21660.25,21694.5,3112,21675.04,21756.22,21772.72,48.1,92.88,22.739999771118164
2025-06-16 01:00,2025-06-16 10:00,2025-06-15 21:00,21695.25,21700.0,21666.5,21688.0,1747,21682.26,21752.31,21773.94,47.5,88.64,22.739999771118164
2025-06-16 02:00,2025-06-16 11:00,2025-06-15 22:00,21688.5,21727.5,21680.25,21705.0,1675,21689.0,21749.69,21775.22,49.4,85.68,22.739999771118164
2025-06-16 03:00,2025-06-16 12:00,2025-06-15 23:00,21702.25,21707.25,21680.0,21691.0,866,21693.26,21746.76,21776.2,47.8,81.51,22.739999771118164
2025-06-16 04:00,2025-06-16 13:00,2025-06-16 00:00,21691.0,21703.0,21670.0,21681.25,1256,21695.49,21744.35,21776.97,46.7,78.04,22.739999771118164
2025-06-16 05:00,2025-06-16 14:00,2025-06-16 01:00,21683.0,21740.0,21680.5,21716.75,2026,21701.31,21742.96,21777.88,51.2,76.72,22.739999771118164
2025-06-16 06:00,2025-06-16 15:00,2025-06-16 02:00,21715.0,21757.5,21707.0,21744.5,2901,21707.39,21742.13,21778.63,54.5,74.85,22.739999771118164
2025-06-16 07:00,2025-06-16 16:00,2025-06-16 03:00,21745.0,21787.0,21740.75,21784.75,4778,21713.99,21741.69,21779.25,58.7,72.8,22.739999771118164
2025-06-16 08:00,2025-06-16 17:00,2025-06-16 04:00,21783.25,21791.5,21751.0,21782.0,3349,21718.9,21740.72,21779.74,58.3,70.5,22.739999771118164
2025-06-16 09:00,2025-06-16 18:00,2025-06-16 05:00,21784.0,21787.25,21731.5,21748.0,3658,21723.39,21739.12,21779.79,53.4,69.44,22.739999771118164
2025-06-16 10:00,2025-06-16 19:00,2025-06-16 06:00,21746.75,21781.5,21741.0,21781.5,2492,21726.01,21737.97,21780.11,57.3,67.38,22.739999771118164
2025-06-16 11:00,2025-06-16 20:00,2025-06-16 07:00,21781.5,21811.75,21752.0,21809.75,4468,21729.33,21738.67,21780.6,60.2,66.83,22.739999771118164
2025-06-16 12:00,2025-06-16 21:00,2025-06-16 08:00,21809.5,21841.75,21799.75,21816.75,12036,21728.47,21739.01,21781.16,60.9,65.06,22.739999771118164
2025-06-16 13:00,2025-06-16 22:00,2025-06-16 09:00,21816.0,21931.5,21790.0,21928.25,51800,21733.51,21741.35,21782.37,70.2,70.52,22.739999771118164
2025-06-16 14:00,2025-06-16 23:00,2025-06-16 10:00,21928.0,21981.25,21921.75,21958.25,54464,21742.04,21744.41,21783.61,72.1,69.73,20.739999771118164
2025-06-16 15:00,2025-06-17 00:00,2025-06-16 11:00,21958.75,21999.25,21930.5,21945.75,42003,21755.91,21748.54,21784.81,70.1,69.66,20.84000015258789
2025-06-16 16:00,2025-06-17 01:00,2025-06-16 12:00,21946.25,21969.75,21918.0,21938.75,28356,21770.24,21750.61,21786.01,68.9,68.38,20.950000762939453
2025-06-16 17:00,2025-06-17 02:00,2025-06-16 13:00,21944.0,21983.0,21923.5,21938.25,25806,21784.55,21752.22,21787.3,68.8,67.75,20.84000015258789
2025-06-16 18:00,2025-06-17 03:00,2025-06-16 14:00,21938.75,21956.5,21910.75,21940.75,23830,21799.16,21752.33,21788.64,69.0,66.18,20.940000534057617
2025-06-16 19:00,2025-06-17 04:00,2025-06-16 15:00,21940.0,21957.0,21914.25,21948.5,35462,21812.11,21752.85,21789.98,69.7,64.5,21.110000610351562
2025-06-16 20:00,2025-06-17 05:00,2025-06-16 16:00,21949.0,21964.5,21929.75,21936.0,8762,21824.19,21753.1,21791.27,67.1,62.38,21.100000381469727
2025-06-16 22:00,2025-06-17 07:00,2025-06-16 18:00,21950.0,21952.0,21840.25,21859.75,0,21832.78,21751.56,21792.09,53.9,65.9,21.100000381469727
2025-06-16 23:00,2025-06-17 08:00,2025-06-16 19:00,21860.25,21892.75,21790.25,21790.75,4462,21837.06,21748.63,21792.59,45.3,68.52,21.100000381469727
2025-06-17 00:00,2025-06-17 09:00,2025-06-16 20:00,21793.25,21863.0,21782.0,21859.5,4345,21845.49,21747.08,21793.28,53.3,69.41,21.100000381469727
2025-06-17 01:00,2025-06-17 10:00,2025-06-16 21:00,21861.25,21875.75,21816.5,21853.0,2635,21854.08,21745.97,21793.96,52.5,68.68,21.100000381469727
2025-06-17 02:00,2025-06-17 11:00,2025-06-16 22:00,21853.75,21888.5,21794.5,21884.5,2877,21862.46,21746.03,21794.7,55.9,70.49,21.100000381469727
2025-06-17 03:00,2025-06-17 12:00,2025-06-16 23:00,21884.0,21886.0,21831.75,21852.75,2076,21867.88,21747.35,21795.21,51.9,69.33,21.100000381469727
2025-06-17 04:00,2025-06-17 13:00,2025-06-17 00:00,21863.5,21865.0,21827.25,21842.25,1393,21870.75,21752.87,21795.69,50.6,67.08,21.100000381469727
2025-06-17 05:00,2025-06-17 14:00,2025-06-17 01:00,21841.5,21869.5,21830.25,21857.25,1323,21874.51,21757.76,21796.43,52.4,65.09,21.100000381469727
2025-06-17 06:00,2025-06-17 15:00,2025-06-17 02:00,21858.25,21897.5,21833.25,21841.25,3063,21879.17,21763.99,21796.87,50.3,65.03,21.100000381469727
2025-06-17 07:00,2025-06-17 16:00,2025-06-17 03:00,21839.0,21863.25,21781.0,21815.0,4248,21880.85,21768.81,21797.14,46.9,66.26,21.100000381469727
2025-06-17 08:00,2025-06-17 17:00,2025-06-17 04:00,21813.25,21857.0,21798.5,21838.0,2609,21882.26,21774.7,21797.56,50.1,65.7,21.100000381469727
2025-06-17 09:00,2025-06-17 18:00,2025-06-17 05:00,21839.25,21857.0,21796.0,21806.75,3058,21881.76,21779.43,21797.82,46.0,65.37,21.100000381469727
2025-06-17 10:00,2025-06-17 19:00,2025-06-17 06:00,21806.5,21828.25,21771.5,21813.25,2803,21876.01,21783.58,21797.96,47.0,64.75,21.100000381469727
2025-06-17 11:00,2025-06-17 20:00,2025-06-17 07:00,21812.5,21849.25,21804.0,21845.5,4918,21870.38,21787.76,21798.27,51.6,63.36,21.100000381469727
2025-06-17 12:00,2025-06-17 21:00,2025-06-17 08:00,21846.75,21870.25,21806.75,21827.0,8496,21864.44,21792.29,21798.62,49.0,63.37,21.100000381469727
2025-06-17 13:00,2025-06-17 22:00,2025-06-17 09:00,21827.0,21885.5,21802.25,21867.75,25611,21860.89,21797.19,21799.22,54.4,64.79,21.100000381469727
2025-06-17 14:00,2025-06-17 23:00,2025-06-17 10:00,21871.5,21907.5,21845.0,21850.25,20132,21856.49,21801.13,21799.72,51.9,64.63,21.690000534057617
2025-06-17 15:00,2025-06-18 00:00,2025-06-17 11:00,21849.25,21910.0,21847.75,21872.0,13406,21853.05,21804.9,21800.37,54.7,64.46,21.920000076293945
2025-06-17 16:00,2025-06-18 01:00,2025-06-17 12:00,21874.75,21905.75,21801.25,21812.0,13024,21846.22,21807.97,21800.71,46.5,67.32,21.81999969482422
2025-06-17 17:00,2025-06-18 02:00,2025-06-17 13:00,21809.5,21832.5,21718.5,21738.0,13541,21836.33,21808.15,21800.61,38.8,70.65,22.739999771118164
2025-06-17 18:00,2025-06-18 03:00,2025-06-17 14:00,21736.5,21753.5,21685.0,21751.5,11859,21830.91,21808.31,21800.65,40.7,70.5,23.350000381469727
2025-06-17 19:00,2025-06-18 04:00,2025-06-17 15:00,21752.25,21779.5,21720.5,21730.25,12449,21827.89,21806.24,21800.55,38.6,69.68,22.93000030517578
2025-06-17 20:00,2025-06-18 05:00,2025-06-17 16:00,21730.25,21758.0,21704.25,21722.5,5320,21821.04,21804.15,21800.42,37.9,68.54,23.15999984741211
2025-06-17 22:00,2025-06-18 07:00,2025-06-17 18:00,21705.0,21730.5,21641.0,21648.75,0,21810.83,21801.37,21799.99,31.5,70.04,23.15999984741211
2025-06-17 23:00,2025-06-18 08:00,2025-06-17 19:00,21650.0,21701.75,21640.5,21681.0,2062,21800.65,21801.62,21799.71,36.5,69.41,23.15999984741211
2025-06-18 00:00,2025-06-18 09:00,2025-06-17 20:00,21681.0,21761.75,21678.5,21751.5,2297,21795.59,21803.6,21799.4,45.9,70.4,23.15999984741211
2025-06-18 01:00,2025-06-18 10:00,2025-06-17 21:00,21755.25,21785.25,21738.75,21747.25,1652,21790.84,21805.51,21799.19,45.4,68.69,23.15999984741211
2025-06-18 02:00,2025-06-18 11:00,2025-06-17 22:00,21748.25,21777.0,21740.5,21753.0,779,21785.62,21807.6,21799.08,46.2,66.39,23.15999984741211
2025-06-18 03:00,2025-06-18 12:00,2025-06-17 23:00,21751.75,21761.0,21743.75,21749.0,956,21781.01,21808.79,21798.94,45.7,62.88,23.15999984741211
2025-06-18 04:00,2025-06-18 13:00,2025-06-18 00:00,21756.5,21762.25,21722.75,21757.0,512,21778.11,21810.04,21798.87,46.8,61.21,23.15999984741211
2025-06-18 05:00,2025-06-18 14:00,2025-06-18 01:00,21757.0,21773.0,21755.75,21764.0,401,21774.41,21811.56,21798.56,47.9,58.07,23.15999984741211
2025-06-18 06:00,2025-06-18 15:00,2025-06-18 02:00,21763.0,21806.0,21760.25,21778.0,1312,21772.97,21813.02,21798.83,50.0,57.19,23.15999984741211
2025-06-18 07:00,2025-06-18 16:00,2025-06-18 03:00,21779.75,21806.25,21774.25,21788.25,1623,21771.72,21814.97,21798.48,51.5,55.39,23.15999984741211
2025-06-18 08:00,2025-06-18 17:00,2025-06-18 04:00,21789.25,21812.25,21782.0,21807.75,1486,21769.84,21817.49,21797.92,54.4,53.6,23.15999984741211
2025-06-18 09:00,2025-06-18 18:00,2025-06-18 05:00,21810.0,21839.25,21805.75,21806.5,2090,21768.81,21819.29,21798.52,54.2,52.16,23.15999984741211
2025-06-18 10:00,2025-06-18 19:00,2025-06-18 06:00,21806.5,21809.5,21730.0,21735.75,2227,21762.21,21819.12,21798.55,43.4,54.11,23.15999984741211
2025-06-18 11:00,2025-06-18 20:00,2025-06-18 07:00,21732.75,21806.5,21729.75,21783.25,2176,21758.86,21819.08,21799.03,50.5,55.73,23.15999984741211
2025-06-18 12:00,2025-06-18 21:00,2025-06-18 08:00,21782.75,21795.5,21756.75,21763.0,2572,21753.41,21818.71,21799.92,47.8,54.52,23.15999984741211
2025-06-18 13:00,2025-06-18 22:00,2025-06-18 09:00,21763.25,21801.25,21704.5,21778.75,13370,21751.75,21819.32,21801.23,50.0,57.53,23.15999984741211
2025-06-18 14:00,2025-06-18 23:00,2025-06-18 10:00,21761.75,21871.25,21761.75,21854.0,14992,21757.55,21820.77,21802.71,59.2,61.25,21.899999618530273
2025-06-18 15:00,2025-06-19 00:00,2025-06-18 11:00,21846.5,21854.25,21810.0,21815.0,6840,21760.72,21820.88,21804.06,53.7,60.03,22.020000457763672
2025-06-18 16:00,2025-06-19 01:00,2025-06-18 12:00,21813.75,21840.75,21797.75,21804.5,5949,21764.44,21820.63,21805.22,52.3,58.82,22.170000076293945
2025-06-18 17:00,2025-06-19 02:00,2025-06-18 13:00,21801.75,21815.25,21716.25,21808.75,6013,21768.75,21818.24,21806.34,52.9,61.69,22.559999465942383
2025-06-18 18:00,2025-06-19 03:00,2025-06-18 14:00,21836.25,21846.25,21667.75,21692.75,16179,21770.95,21812.93,21806.87,39.6,70.03,22.290000915527344
2025-06-18 19:00,2025-06-19 04:00,2025-06-18 15:00,21692.5,21787.75,21660.0,21718.75,18664,21772.84,21808.39,21807.41,43.1,74.15,22.479999542236328
2025-06-18 20:00,2025-06-19 05:00,2025-06-18 16:00,21737.5,21752.5,21723.25,21732.0,5492,21771.86,21804.26,21807.82,44.8,71.27,22.31999969482422
2025-06-18 22:00,2025-06-19 07:00,2025-06-18 18:00,21726.75,21732.25,21686.75,21713.0,0,21770.15,21799.75,21808.1,42.8,69.43,22.31999969482422
2025-06-18 23:00,2025-06-19 08:00,2025-06-18 19:00,21710.0,21729.0,21698.75,21723.0,383,21768.65,21795.4,21808.38,44.2,66.63,22.31999969482422
2025-06-19 00:00,2025-06-19 09:00,2025-06-18 20:00,21725.0,21727.0,21627.25,21666.5,1440,21764.53,21789.76,21808.41,38.4,68.99,22.31999969482422
2025-06-19 01:00,2025-06-19 10:00,2025-06-18 21:00,21668.0,21670.0,21568.0,21617.5,1352,21757.55,21783.38,21808.19,34.3,71.35,22.31999969482422
2025-06-19 02:00,2025-06-19 11:00,2025-06-18 22:00,21619.5,21646.0,21599.75,21620.25,567,21750.36,21778.6,21807.87,34.7,69.56,22.31999969482422
2025-06-19 03:00,2025-06-19 12:00,2025-06-18 23:00,21628.5,21669.0,21626.25,21665.25,266,21744.72,21776.08,21807.91,41.4,68.07,22.31999969482422
2025-06-19 04:00,2025-06-19 13:00,2025-06-19 00:00,21663.5,21681.5,21658.0,21677.25,202,21739.17,21772.44,21807.94,43.1,64.89,22.31999969482422
2025-06-19 05:00,2025-06-19 14:00,2025-06-19 01:00,21680.0,21680.0,21631.0,21632.25,344,21730.4,21768.03,21807.3,38.6,63.75,22.31999969482422
2025-06-19 06:00,2025-06-19 15:00,2025-06-19 02:00,21631.0,21655.75,21601.0,21629.5,760,21721.55,21762.92,21806.24,38.4,63.11,22.31999969482422
2025-06-19 07:00,2025-06-19 16:00,2025-06-19 03:00,21639.25,21650.25,21567.5,21577.75,734,21713.65,21757.42,21805.03,33.7,64.51,22.31999969482422
2025-06-19 08:00,2025-06-19 17:00,2025-06-19 04:00,21580.5,21621.5,21580.5,21614.5,677,21705.21,21752.87,21804.08,39.3,63.03,22.31999969482422
2025-06-19 09:00,2025-06-19 18:00,2025-06-19 05:00,21620.0,21632.0,21607.5,21612.5,369,21697.69,21747.97,21803.36,39.1,60.28,22.31999969482422
2025-06-19 10:00,2025-06-19 19:00,2025-06-19 06:00,21616.25,21637.75,21595.75,21629.5,300,21690.22,21743.74,21802.4,41.8,58.97,22.31999969482422
2025-06-19 11:00,2025-06-19 20:00,2025-06-19 07:00,21621.25,21625.25,21572.5,21601.0,322,21677.58,21739.46,21801.23,38.7,58.83,22.31999969482422
2025-06-19 12:00,2025-06-19 21:00,2025-06-19 08:00,21596.25,21601.0,21530.0,21547.75,522,21664.21,21733.65,21800.03,33.8,59.7,22.31999969482422
2025-06-19 13:00,2025-06-19 22:00,2025-06-19 09:00,21553.0,21571.0,21443.75,21469.5,1811,21647.46,21726.91,21798.33,28.1,64.53,22.31999969482422
2025-06-19 14:00,2025-06-19 23:00,2025-06-19 10:00,21467.25,21516.25,21457.0,21509.25,2486,21632.49,21720.83,21797.17,34.2,64.15,22.31999969482422
2025-06-19 15:00,2025-06-20 00:00,2025-06-19 11:00,21509.5,21522.5,21459.25,21463.75,3049,21621.04,21713.19,21795.67,31.0,64.08,22.31999969482422
2025-06-19 16:00,2025-06-20 01:00,2025-06-19 12:00,21461.75,21524.75,21461.75,21484.75,0,21609.34,21706.35,21794.35,34.0,64.01,22.31999969482422
2025-06-19 22:00,2025-06-20 07:00,2025-06-19 18:00,21524.0,21705.25,21524.0,21676.0,17781,21606.54,21702.51,21794.02,54.1,75.19,22.31999969482422
2025-06-19 23:00,2025-06-20 08:00,2025-06-19 19:00,21674.75,21681.25,21651.5,21665.0,154,21604.14,21698.81,21793.64,53.1,71.94,22.31999969482422
2025-06-20 00:00,2025-06-20 09:00,2025-06-19 20:00,21672.0,21705.5,21665.0,21665.75,375,21601.28,21694.69,21793.25,53.2,69.69,22.31999969482422
2025-06-20 01:00,2025-06-20 10:00,2025-06-19 21:00,21666.5,21673.25,21629.75,21659.0,311,21600.9,21691.62,21792.81,52.5,67.82,22.31999969482422
2025-06-20 02:00,2025-06-20 11:00,2025-06-19 22:00,21653.75,21679.5,21653.75,21672.5,189,21603.65,21690.31,21792.44,53.8,64.82,22.31999969482422
2025-06-20 03:00,2025-06-20 12:00,2025-06-19 23:00,21670.75,21692.0,21664.0,21680.25,196,21606.65,21688.89,21792.01,54.5,62.19,22.31999969482422
2025-06-20 04:00,2025-06-20 13:00,2025-06-20 00:00,21678.5,21700.0,21678.5,21687.0,55,21607.74,21688.03,21791.47,55.2,59.28,22.31999969482422
2025-06-20 05:00,2025-06-20 14:00,2025-06-20 01:00,21682.0,21702.5,21668.5,21699.25,166,21608.84,21687.56,21791.01,56.5,57.48,22.31999969482422
2025-06-20 06:00,2025-06-20 15:00,2025-06-20 02:00,21702.75,21724.5,21690.75,21690.75,393,21611.76,21688.4,21790.56,55.3,55.78,22.31999969482422
2025-06-20 07:00,2025-06-20 16:00,2025-06-20 03:00,21687.5,21718.5,21675.5,21710.0,220,21615.79,21688.98,21790.23,57.5,54.87,22.31999969482422
2025-06-20 08:00,2025-06-20 17:00,2025-06-20 04:00,21706.75,21731.5,21644.5,21644.5,386,21619.12,21686.84,21789.4,48.8,57.16,22.31999969482422
2025-06-20 09:00,2025-06-20 18:00,2025-06-20 05:00,21652.5,21688.25,21652.5,21683.75,403,21622.59,21685.57,21788.84,53.3,56.21,22.31999969482422
2025-06-20 10:00,2025-06-20 19:00,2025-06-20 06:00,21691.75,21692.5,21668.0,21684.5,470,21626.19,21684.2,21788.32,53.4,53.94,22.31999969482422
2025-06-20 11:00,2025-06-20 20:00,2025-06-20 07:00,21680.5,21782.25,21680.5,21746.5,966,21632.04,21684.15,21787.84,60.0,57.36,22.31999969482422
2025-06-20 12:00,2025-06-20 21:00,2025-06-20 08:00,21754.5,21817.0,21748.75,21805.0,1544,21642.24,21685.11,21787.68,65.0,58.29,22.31999969482422
2025-06-20 13:00,2025-06-20 22:00,2025-06-20 09:00,21806.5,21888.0,21803.5,21865.25,0,21658.11,21687.13,21787.65,69.3,60.17,22.31999969482422
2025-06-22 22:00,2025-06-23 07:00,2025-06-22 18:00,21648.25,21787.0,21566.75,21759.25,14490,21672.6,21686.76,21787.11,56.3,77.19,22.239999771118164
2025-06-22 23:00,2025-06-23 08:00,2025-06-22 19:00,21758.25,21771.25,21727.0,21760.5,5371,21685.16,21686.21,21786.57,56.4,74.84,22.239999771118164
2025-06-23 00:00,2025-06-23 09:00,2025-06-22 20:00,21761.0,21761.25,21708.0,21730.5,6671,21698.5,21684.66,21786.13,53.1,73.3,22.239999771118164
2025-06-23 01:00,2025-06-23 10:00,2025-06-22 21:00,21730.5,21753.0,21711.0,21740.0,4256,21711.26,21683.33,21785.72,54.0,71.06,22.239999771118164
2025-06-23 02:00,2025-06-23 11:00,2025-06-22 22:00,21740.0,21771.5,21737.5,21759.25,3838,21715.42,21683.8,21785.38,55.9,68.41,22.239999771118164
2025-06-23 03:00,2025-06-23 12:00,2025-06-22 23:00,21758.25,21774.0,21755.75,21761.75,2117,21720.26,21683.37,21785.03,56.1,64.83,22.239999771118164
2025-06-23 04:00,2025-06-23 13:00,2025-06-23 00:00,21766.75,21774.0,21757.5,21765.0,1944,21725.22,21683.41,21784.54,56.5,61.38,22.239999771118164
2025-06-23 05:00,2025-06-23 14:00,2025-06-23 01:00,21765.0,21816.0,21764.25,21809.75,4830,21732.76,21684.03,21783.75,61.0,60.69,22.239999771118164
2025-06-23 06:00,2025-06-23 15:00,2025-06-23 02:00,21809.25,21832.0,21797.75,21819.25,5080,21740.1,21683.33,21783.11,61.9,58.8,22.239999771118164
2025-06-23 07:00,2025-06-23 16:00,2025-06-23 03:00,21820.0,21904.75,21819.0,21895.5,10136,21750.86,21684.94,21782.9,68.3,60.73,22.239999771118164
2025-06-23 08:00,2025-06-23 17:00,2025-06-23 04:00,21896.0,21944.25,21879.0,21905.75,8402,21761.8,21686.97,21782.84,69.0,61.05,22.239999771118164
2025-06-23 09:00,2025-06-23 18:00,2025-06-23 05:00,21906.5,21934.25,21881.5,21883.5,5909,21771.01,21688.47,21783.12,65.4,60.46,22.239999771118164
2025-06-23 10:00,2025-06-23 19:00,2025-06-23 06:00,21883.75,21924.75,21846.25,21857.75,8209,21779.36,21691.76,21783.36,61.4,61.75,22.239999771118164
2025-06-23 11:00,2025-06-23 20:00,2025-06-23 07:00,21858.25,21864.25,21775.0,21827.5,10991,21785.24,21693.94,21783.52,57.0,63.71,22.239999771118164
2025-06-23 12:00,2025-06-23 21:00,2025-06-23 08:00,21831.0,21886.5,21817.25,21883.5,9790,21797.19,21696.97,21783.88,62.4,64.11,22.239999771118164
2025-06-23 13:00,2025-06-23 22:00,2025-06-23 09:00,21883.5,21928.5,21758.5,21925.25,62631,21809.26,21701.22,21784.36,65.8,71.67,22.239999771118164
2025-06-23 14:00,2025-06-23 23:00,2025-06-23 10:00,21925.75,22016.0,21925.75,21952.75,67287,21822.67,21705.81,21784.92,67.9,73.03,21.65999984741211
2025-06-23 15:00,2025-06-24 00:00,2025-06-23 11:00,21988.5,22004.0,21922.25,21938.5,43280,21832.28,21711.25,21785.32,65.7,73.66,21.829999923706055
2025-06-23 16:00,2025-06-24 01:00,2025-06-23 12:00,21938.5,21945.25,21738.25,21840.75,89997,21834.06,21715.72,21785.26,52.8,83.18,22.610000610351562
2025-06-23 17:00,2025-06-24 02:00,2025-06-23 13:00,21841.25,22088.0,21821.75,22052.0,78428,21843.4,21724.35,21786.23,67.6,96.26,21.540000915527344
2025-06-23 18:00,2025-06-24 03:00,2025-06-23 14:00,22052.0,22085.5,22021.25,22036.0,34293,21857.24,21731.76,21787.08,65.9,93.97,21.469999313354492
2025-06-23 19:00,2025-06-24 04:00,2025-06-23 15:00,22036.0,22093.0,22024.0,22073.0,49801,21872.86,21739.68,21788.08,67.9,92.19,21.309999465942383
2025-06-23 20:00,2025-06-24 05:00,2025-06-23 16:00,22073.0,22086.0,22052.75,22072.25,14864,21889.95,21748.48,21788.89,67.8,87.98,21.15999984741211
2025-06-23 22:00,2025-06-24 07:00,2025-06-23 18:00,22079.0,22217.0,22065.75,22203.5,0,21913.12,21759.96,21790.54,74.0,92.5,21.15999984741211
2025-06-23 23:00,2025-06-24 08:00,2025-06-23 19:00,22204.5,22255.0,22200.5,22237.25,8019,21937.03,21773.15,21791.99,75.3,89.78,21.15999984741211
2025-06-24 00:00,2025-06-24 09:00,2025-06-23 20:00,22237.25,22248.75,22194.0,22226.75,7080,21960.28,21785.4,21793.29,74.1,87.28,21.15999984741211
2025-06-24 01:00,2025-06-24 10:00,2025-06-23 21:00,22227.0,22271.5,22214.75,22265.75,5773,21985.31,21798.46,21794.87,75.7,85.1,21.15999984741211
2025-06-24 02:00,2025-06-24 11:00,2025-06-23 22:00,22265.5,22268.25,22215.25,22235.0,7011,22006.58,21810.57,21796.18,71.9,82.81,21.15999984741211
2025-06-24 03:00,2025-06-24 12:00,2025-06-23 23:00,22234.25,22252.0,22229.0,22248.0,2604,22028.01,21823.51,21797.65,72.5,78.53,21.15999984741211
2025-06-24 04:00,2025-06-24 13:00,2025-06-24 00:00,22244.5,22249.25,22220.25,22243.0,2788,22045.39,21837.42,21799.3,71.8,75.0,21.15999984741211
2025-06-24 05:00,2025-06-24 14:00,2025-06-24 01:00,22243.5,22302.75,22241.75,22294.5,5661,22064.83,21853.92,21801.23,74.5,74.0,21.15999984741211
2025-06-24 06:00,2025-06-24 15:00,2025-06-24 02:00,22294.5,22370.75,22294.5,22359.25,10798,22088.61,21870.92,21803.55,77.3,74.16,21.15999984741211
2025-06-24 07:00,2025-06-24 16:00,2025-06-24 03:00,22359.25,22377.0,22262.0,22306.25,15244,22111.04,21887.76,21805.54,70.4,77.07,21.15999984741211
2025-06-24 08:00,2025-06-24 17:00,2025-06-24 04:00,22306.75,22333.5,22289.5,22303.75,8763,22134.85,21904.15,21807.68,70.1,74.71,21.15999984741211
2025-06-24 09:00,2025-06-24 18:00,2025-06-24 05:00,22303.75,22352.25,22303.75,22314.5,6041,22156.4,21916.92,21809.85,70.7,72.84,21.15999984741211
2025-06-24 10:00,2025-06-24 19:00,2025-06-24 06:00,22314.25,22322.25,22280.0,22285.0,7236,22174.39,21929.31,21811.79,66.6,70.66,21.15999984741211
2025-06-24 11:00,2025-06-24 20:00,2025-06-24 07:00,22285.0,22311.0,22251.75,22306.5,11209,22192.08,21942.13,21813.68,68.1,69.84,21.15999984741211
2025-06-24 12:00,2025-06-24 21:00,2025-06-24 08:00,22305.75,22314.25,22258.5,22285.75,10803,22209.44,21954.67,21815.39,65.1,68.83,21.15999984741211
2025-06-24 13:00,2025-06-24 22:00,2025-06-24 09:00,22286.25,22333.25,22260.0,22291.25,55970,22231.96,21967.04,21817.26,65.6,69.15,21.15999984741211
2025-06-24 14:00,2025-06-24 23:00,2025-06-24 10:00,22292.0,22340.25,22282.0,22314.75,57040,22245.1,21979.73,21819.19,67.4,68.37,19.739999771118164
2025-06-24 15:00,2025-06-25 00:00,2025-06-24 11:00,22345.25,22388.0,22335.75,22362.25,47020,22261.41,21993.24,21821.35,70.7,68.72,19.5
2025-06-24 16:00,2025-06-25 01:00,2025-06-24 12:00,22362.5,22417.75,22357.25,22400.0,36662,22277.76,22007.25,21823.21,73.1,68.13,19.459999084472656
2025-06-24 17:00,2025-06-25 02:00,2025-06-24 13:00,22400.0,22426.0,22379.75,22417.5,31169,22295.03,22021.78,21825.39,74.1,66.57,19.59000015258789
2025-06-24 18:00,2025-06-25 03:00,2025-06-24 14:00,22417.5,22432.0,22408.0,22426.0,24667,22306.15,22036.1,21827.23,74.7,63.53,19.5
2025-06-24 19:00,2025-06-25 04:00,2025-06-24 15:00,22425.5,22448.25,22405.25,22405.75,53036,22314.58,22051.33,21829.29,71.0,62.06,19.440000534057617
2025-06-24 20:00,2025-06-25 05:00,2025-06-24 16:00,22406.0,22419.0,22395.25,22407.75,14321,22323.62,22065.81,21831.44,71.2,59.33,19.479999542236328
2025-06-24 22:00,2025-06-25 07:00,2025-06-24 18:00,22412.0,22412.0,22384.5,22396.25,0,22330.15,22080.04,21833.84,69.0,57.05,19.479999542236328
2025-06-24 23:00,2025-06-25 08:00,2025-06-24 19:00,22397.5,22430.25,22387.5,22424.5,3504,22339.62,22093.6,21836.66,71.3,56.03,19.479999542236328
2025-06-25 00:00,2025-06-25 09:00,2025-06-24 20:00,22425.25,22434.75,22410.25,22424.75,4253,22348.46,22106.0,21839.34,71.3,53.78,19.479999542236328
2025-06-25 01:00,2025-06-25 10:00,2025-06-24 21:00,22423.75,22424.5,22393.25,22400.0,3310,22356.31,22116.69,21841.93,66.3,52.19,19.479999542236328
2025-06-25 02:00,2025-06-25 11:00,2025-06-24 22:00,22400.25,22407.0,22394.25,22405.0,1804,22361.84,22129.61,21844.77,66.8,49.37,19.479999542236328
2025-06-25 03:00,2025-06-25 12:00,2025-06-24 23:00,22405.5,22422.75,22405.5,22406.5,1984,22364.2,22142.53,21847.61,66.9,47.11,19.479999542236328
2025-06-25 04:00,2025-06-25 13:00,2025-06-25 00:00,22411.5,22427.0,22411.5,22425.0,1045,22370.14,22156.42,21850.73,69.0,45.21,19.479999542236328
2025-06-25 05:00,2025-06-25 14:00,2025-06-25 01:00,22426.0,22436.75,22420.0,22426.5,2179,22376.28,22170.15,21853.93,69.1,43.18,19.479999542236328
2025-06-25 06:00,2025-06-25 15:00,2025-06-25 02:00,22426.0,22434.0,22419.5,22420.0,2655,22381.55,22183.37,21857.1,67.5,41.13,19.479999542236328
2025-06-25 07:00,2025-06-25 16:00,2025-06-25 03:00,22419.75,22433.0,22406.0,22423.5,5152,22388.47,22196.6,21860.19,67.9,40.12,19.479999542236328
2025-06-25 08:00,2025-06-25 17:00,2025-06-25 04:00,22423.5,22435.0,22407.0,22434.25,4819,22394.86,22209.99,21863.21,69.3,39.25,19.479999542236328
2025-06-25 09:00,2025-06-25 18:00,2025-06-25 05:00,22434.75,22454.25,22422.0,22425.0,4947,22401.83,22222.29,21866.19,66.6,38.75,19.479999542236328
2025-06-25 10:00,2025-06-25 19:00,2025-06-25 06:00,22425.75,22458.0,22413.5,22448.5,5533,22409.69,22234.88,21869.24,69.8,39.16,19.479999542236328
2025-06-25 11:00,2025-06-25 20:00,2025-06-25 07:00,22448.75,22492.5,22443.75,22491.0,7686,22418.5,22246.78,21872.82,74.6,39.85,19.479999542236328
2025-06-25 12:00,2025-06-25 21:00,2025-06-25 08:00,22490.25,22509.5,22480.5,22508.0,9254,22425.79,22258.83,21876.36,76.2,39.07,19.479999542236328
2025-06-25 13:00,2025-06-25 22:00,2025-06-25 09:00,22508.0,22548.25,22485.75,22522.25,60629,22431.9,22271.6,21879.92,77.5,40.75,19.479999542236328
2025-06-25 14:00,2025-06-25 23:00,2025-06-25 10:00,22523.0,22530.0,22463.75,22497.0,61290,22435.88,22284.39,21883.37,70.2,42.57,19.389999389648438
2025-06-25 15:00,2025-06-26 00:00,2025-06-25 11:00,22491.25,22492.25,22429.0,22444.0,47107,22436.78,22296.72,21886.9,57.9,44.39,19.3700008392334
2025-06-25 16:00,2025-06-26 01:00,2025-06-25 12:00,22444.0,22458.0,22410.0,22442.75,33620,22438.62,22307.9,21889.94,57.7,44.64,19.389999389648438
2025-06-25 17:00,2025-06-26 02:00,2025-06-25 13:00,22442.75,22462.75,22388.75,22412.25,40072,22438.85,22317.65,21892.71,51.6,46.74,19.350000381469727
2025-06-25 18:00,2025-06-26 03:00,2025-06-25 14:00,22413.0,22434.75,22402.0,22420.0,23393,22440.04,22326.99,21895.13,53.0,45.74,19.219999313354492
2025-06-25 19:00,2025-06-26 04:00,2025-06-25 15:00,22420.5,22465.75,22418.75,22462.75,47522,22441.95,22337.47,21897.83,59.6,45.83,19.06999969482422
2025-06-25 20:00,2025-06-26 05:00,2025-06-25 16:00,22463.0,22484.75,22451.0,22472.5,14788,22444.34,22350.11,21900.58,61.0,44.97,19.0
2025-06-25 22:00,2025-06-26 07:00,2025-06-25 18:00,22461.25,22488.25,22450.25,22464.0,0,22447.54,22358.35,21903.21,59.1,44.47,19.0
2025-06-25 23:00,2025-06-26 08:00,2025-06-25 19:00,22464.0,22469.5,22437.75,22464.75,4274,22450.53,22366.92,21905.85,59.2,43.56,19.0
2025-06-26 00:00,2025-06-26 09:00,2025-06-25 20:00,22464.75,22482.0,22456.75,22475.75,2956,22453.99,22374.98,21908.55,61.0,42.25,19.0
2025-06-26 01:00,2025-06-26 10:00,2025-06-25 21:00,22476.5,22480.0,22461.25,22468.0,2661,22456.14,22382.9,21911.34,59.1,40.58,19.0
2025-06-26 02:00,2025-06-26 11:00,2025-06-25 22:00,22468.25,22485.5,22467.25,22477.25,2141,22458.67,22388.37,21914.32,60.7,38.98,19.0
2025-06-26 03:00,2025-06-26 12:00,2025-06-25 23:00,22478.25,22504.0,22478.25,22495.0,3164,22462.42,22393.53,21917.86,63.7,38.11,19.0
2025-06-26 04:00,2025-06-26 13:00,2025-06-26 00:00,22494.25,22508.0,22489.5,22505.0,1982,22466.5,22399.09,21922.56,65.3,36.71,19.0
2025-06-26 05:00,2025-06-26 14:00,2025-06-26 01:00,22504.5,22513.0,22494.0,22510.0,2318,22470.29,22403.97,21927.04,66.1,35.44,19.0
2025-06-26 06:00,2025-06-26 15:00,2025-06-26 02:00,22510.0,22545.0,22509.25,22532.75,5063,22475.67,22409.93,21932.06,69.5,35.46,19.0
2025-06-26 07:00,2025-06-26 16:00,2025-06-26 03:00,22533.0,22559.5,22523.75,22532.5,5883,22479.88,22415.62,21936.85,69.4,35.48,19.0
2025-06-26 08:00,2025-06-26 17:00,2025-06-26 04:00,22532.25,22576.75,22526.0,22561.5,6576,22483.4,22421.99,21941.94,73.4,36.57,19.0
2025-06-26 09:00,2025-06-26 18:00,2025-06-26 05:00,22560.75,22565.75,22545.25,22551.75,4467,22485.59,22427.13,21946.85,70.1,35.43,19.0
2025-06-26 10:00,2025-06-26 19:00,2025-06-26 06:00,22552.5,22581.25,22541.75,22558.25,5821,22487.39,22431.12,21951.61,71.1,35.72,19.0
2025-06-26 11:00,2025-06-26 20:00,2025-06-26 07:00,22557.5,22577.25,22554.5,22577.0,5912,22491.39,22436.53,21956.31,73.6,34.79,19.0
2025-06-26 12:00,2025-06-26 21:00,2025-06-26 08:00,22577.25,22585.0,22520.0,22551.5,12932,22496.76,22441.49,21961.07,65.1,36.95,19.0
2025-06-26 13:00,2025-06-26 22:00,2025-06-26 09:00,22555.0,22566.5,22476.0,22520.0,59891,22500.62,22445.6,21965.55,56.5,40.77,19.0
2025-06-26 14:00,2025-06-26 23:00,2025-06-26 10:00,22564.0,22597.0,22537.25,22571.25,58586,22508.58,22451.32,21970.15,64.7,43.36,18.889999389648438
2025-06-26 15:00,2025-06-27 00:00,2025-06-26 11:00,22570.0,22618.75,22550.0,22610.0,51493,22518.08,22457.39,21974.78,69.4,45.17,18.899999618530273
2025-06-26 16:00,2025-06-27 01:00,2025-06-26 12:00,22610.0,22632.75,22596.75,22607.25,30743,22525.3,22463.82,21979.52,68.7,44.52,18.84000015258789
2025-06-26 17:00,2025-06-27 02:00,2025-06-26 13:00,22607.25,22652.0,22597.5,22640.0,29967,22533.67,22470.79,21984.08,72.3,45.23,18.770000457763672
2025-06-26 18:00,2025-06-27 03:00,2025-06-26 14:00,22640.25,22687.0,22634.25,22667.0,36241,22543.83,22477.84,21988.69,74.8,45.77,18.829999923706055
2025-06-26 19:00,2025-06-27 04:00,2025-06-26 15:00,22667.25,22694.0,22652.5,22672.75,51775,22554.22,22484.05,21992.89,75.4,45.46,18.850000381469727
2025-06-26 20:00,2025-06-27 05:00,2025-06-26 16:00,22673.0,22677.25,22641.0,22672.5,16163,22564.06,22489.5,21997.11,75.3,44.81,18.90999984741211
2025-06-26 22:00,2025-06-27 07:00,2025-06-26 18:00,22676.25,22713.5,22669.25,22695.5,0,22575.44,22495.06,22001.65,77.5,44.77,18.90999984741211
2025-06-26 23:00,2025-06-27 08:00,2025-06-26 19:00,22695.5,22700.25,22670.25,22678.5,3349,22585.5,22500.11,22006.7,72.4,43.71,18.90999984741211
2025-06-27 00:00,2025-06-27 09:00,2025-06-26 20:00,22678.5,22692.0,22665.5,22667.75,3779,22594.14,22505.35,22011.78,69.3,42.48,18.90999984741211
2025-06-27 01:00,2025-06-27 10:00,2025-06-26 21:00,22665.75,22689.75,22660.25,22680.5,3078,22602.91,22510.81,22016.92,70.9,41.56,18.90999984741211
2025-06-27 02:00,2025-06-27 11:00,2025-06-26 22:00,22679.5,22696.25,22675.0,22695.25,2503,22612.17,22516.78,22022.16,72.7,40.1,18.90999984741211
2025-06-27 03:00,2025-06-27 12:00,2025-06-26 23:00,22695.5,22708.0,22690.5,22692.0,2893,22620.14,22522.13,22027.17,71.6,38.49,18.90999984741211
2025-06-27 04:00,2025-06-27 13:00,2025-06-27 00:00,22693.75,22698.5,22686.75,22688.5,1359,22627.94,22527.41,22032.14,70.5,36.58,18.90999984741211
2025-06-27 05:00,2025-06-27 14:00,2025-06-27 01:00,22688.0,22718.0,22687.75,22708.75,2781,22635.3,22533.58,22037.24,73.2,36.13,18.90999984741211
2025-06-27 06:00,2025-06-27 15:00,2025-06-27 02:00,22709.0,22747.5,22707.0,22735.75,5009,22644.5,22540.2,22042.4,76.3,36.44,18.90999984741211
2025-06-27 07:00,2025-06-27 16:00,2025-06-27 03:00,22735.0,22759.75,22724.25,22735.25,6140,22653.35,22546.78,22047.62,76.1,36.37,18.90999984741211
2025-06-27 08:00,2025-06-27 17:00,2025-06-27 04:00,22736.0,22750.5,22723.5,22747.25,4682,22661.86,22553.22,22052.95,77.4,35.7,18.90999984741211
2025-06-27 09:00,2025-06-27 18:00,2025-06-27 05:00,22748.25,22750.25,22729.75,22745.0,3173,22671.54,22559.59,22058.09,76.6,34.62,18.90999984741211
2025-06-27 10:00,2025-06-27 19:00,2025-06-27 06:00,22745.0,22748.75,22725.5,22734.75,3311,22682.28,22565.88,22063.04,72.6,33.81,18.90999984741211
2025-06-27 11:00,2025-06-27 20:00,2025-06-27 07:00,22734.75,22780.0,22732.75,22779.0,6519,22692.66,22572.99,22068.01,77.9,34.77,18.90999984741211
2025-06-27 12:00,2025-06-27 21:00,2025-06-27 08:00,22779.5,22788.0,22722.75,22731.0,15579,22698.71,22578.93,22072.76,63.5,36.94,18.90999984741211
2025-06-27 13:00,2025-06-27 22:00,2025-06-27 09:00,22731.0,22770.0,22685.25,22764.0,49646,22706.55,22585.71,22077.84,67.9,40.36,18.90999984741211
2025-06-27 14:00,2025-06-27 23:00,2025-06-27 10:00,22764.5,22825.5,22748.5,22759.0,69688,22712.5,22591.92,22082.72,66.6,42.98,19.06999969482422
2025-06-27 15:00,2025-06-28 00:00,2025-06-27 11:00,22760.5,22820.0,22745.0,22809.25,43125,22719.61,22598.28,22087.72,72.4,45.26,19.0
2025-06-27 16:00,2025-06-28 01:00,2025-06-27 12:00,22809.25,22810.0,22770.25,22795.0,34719,22725.72,22604.03,22092.61,68.7,44.87,18.959999084472656
2025-06-27 17:00,2025-06-28 02:00,2025-06-27 13:00,22794.75,22798.25,22696.0,22736.0,51287,22728.9,22608.3,22096.65,56.2,48.97,19.0
2025-06-27 18:00,2025-06-28 03:00,2025-06-27 14:00,22736.25,22742.5,22600.0,22609.75,65013,22724.61,22610.56,22099.91,39.5,55.65,19.440000534057617
2025-06-27 19:00,2025-06-28 04:00,2025-06-27 15:00,22611.0,22759.75,22605.25,22751.75,69934,22728.28,22616.71,22103.94,55.5,62.71,19.219999313354492
2025-06-27 20:00,2025-06-28 05:00,2025-06-27 16:00,22751.75,22752.5,22727.25,22740.25,18565,22731.9,22622.66,22107.95,54.2,60.03,18.829999923706055
2025-06-29 22:00,2025-06-30 07:00,2025-06-29 18:00,22751.5,22842.5,22751.5,22819.5,7264,22738.85,22630.81,22112.35,60.8,63.05,18.829999923706055
2025-06-29 23:00,2025-06-30 08:00,2025-06-29 19:00,22818.75,22847.0,22808.25,22817.75,5298,22744.97,22638.76,22116.74,60.6,61.31,18.829999923706055
2025-06-30 00:00,2025-06-30 09:00,2025-06-29 20:00,22817.25,22842.5,22804.5,22834.0,5035,22752.08,22646.19,22121.17,61.9,59.65,18.829999923706055
2025-06-30 01:00,2025-06-30 10:00,2025-06-29 21:00,22832.75,22836.25,22813.0,22822.25,3945,22758.76,22653.18,22125.6,60.3,57.05,18.829999923706055
2025-06-30 02:00,2025-06-30 11:00,2025-06-29 22:00,22822.5,22873.25,22818.75,22861.75,5897,22766.41,22661.13,22130.61,63.6,56.87,18.829999923706055
2025-06-30 03:00,2025-06-30 12:00,2025-06-29 23:00,22861.75,22880.25,22857.0,22872.5,3427,22773.25,22669.29,22136.02,64.5,54.47,18.829999923706055
2025-06-30 04:00,2025-06-30 13:00,2025-06-30 00:00,22873.25,22885.25,22871.0,22874.25,2333,22780.2,22677.26,22141.09,64.6,51.59,18.829999923706055
2025-06-30 05:00,2025-06-30 14:00,2025-06-30 01:00,22874.0,22883.5,22862.0,22875.5,2661,22786.61,22685.41,22146.2,64.7,49.44,18.829999923706055
2025-06-30 06:00,2025-06-30 15:00,2025-06-30 02:00,22876.5,22901.5,22874.25,22882.0,5099,22793.46,22693.51,22151.19,65.4,47.86,18.829999923706055
2025-06-30 07:00,2025-06-30 16:00,2025-06-30 03:00,22882.5,22882.5,22849.75,22868.5,6194,22800.15,22700.97,22156.27,62.9,46.78,18.829999923706055
2025-06-30 08:00,2025-06-30 17:00,2025-06-30 04:00,22870.0,22893.5,22857.0,22874.0,5077,22804.9,22708.35,22161.43,63.5,46.04,18.829999923706055
2025-06-30 09:00,2025-06-30 18:00,2025-06-30 05:00,22874.25,22915.0,22867.5,22881.5,5490,22812.42,22715.78,22166.55,64.4,46.15,18.829999923706055
2025-06-30 10:00,2025-06-30 19:00,2025-06-30 06:00,22881.25,22908.75,22879.25,22890.5,3972,22818.75,22722.94,22171.79,65.4,44.96,18.829999923706055
2025-06-30 11:00,2025-06-30 20:00,2025-06-30 07:00,22890.5,22905.75,22881.0,22894.5,5900,22825.53,22730.18,22177.19,65.9,43.52,18.829999923706055
2025-06-30 12:00,2025-06-30 21:00,2025-06-30 08:00,22893.75,22897.25,22853.75,22867.75,8653,22828.45,22736.31,22182.34,59.9,43.51,18.829999923706055
2025-06-30 13:00,2025-06-30 22:00,2025-06-30 09:00,22868.0,22889.5,22794.25,22826.75,55790,22830.04,22741.81,22187.44,52.2,47.21,18.829999923706055
2025-06-30 14:00,2025-06-30 23:00,2025-06-30 10:00,22837.0,22853.75,22807.5,22821.5,52923,22834.31,22747.07,22192.48,51.2,47.14,19.850000381469727
2025-06-30 15:00,2025-07-01 00:00,2025-06-30 11:00,22821.75,22858.5,22801.5,22843.25,39303,22845.99,22752.4,22197.47,54.8,47.85,19.84000015258789
2025-06-30 16:00,2025-07-01 01:00,2025-06-30 12:00,22843.5,22867.5,22832.25,22842.25,30321,22850.51,22758.21,22202.55,54.6,46.95,19.690000534057617
2025-06-30 17:00,2025-07-01 02:00,2025-06-30 13:00,22842.25,22849.5,22786.25,22821.0,33421,22854.55,22764.23,22207.31,50.4,48.11,19.65999984741211
2025-06-30 18:00,2025-07-01 03:00,2025-06-30 14:00,22821.0,22853.25,22781.0,22849.5,40474,22856.05,22769.79,22212.31,55.3,49.83,19.739999771118164
2025-06-30 19:00,2025-07-01 04:00,2025-06-30 15:00,22849.25,22934.75,22848.25,22885.25,79084,22859.42,22775.3,22217.38,60.6,52.45,19.450000762939453
2025-06-30 20:00,2025-07-01 05:00,2025-06-30 16:00,22885.0,22897.5,22852.5,22866.75,17020,22861.06,22780.49,22222.65,56.9,51.92,19.450000762939453
2025-06-30 22:00,2025-07-01 07:00,2025-06-30 18:00,22867.5,22886.75,22852.5,22857.5,0,22862.83,22784.84,22228.25,55.0,50.66,19.450000762939453
2025-06-30 23:00,2025-07-01 08:00,2025-06-30 19:00,22857.5,22887.25,22846.25,22880.75,2955,22863.78,22789.12,22233.89,58.6,49.97,19.450000762939453
