bar_start_utc,bar_start_kst,open,high,low,close,volume,ma20,ma50,ma200,rsi14,atr14,vol_index
2026-02-03 00:00,2026-02-03 09:00,157900.0,160200.0,157200.0,159500.0,9668117,,,,,,
2026-02-03 01:00,2026-02-03 10:00,159450.0,161600.0,159100.0,160700.0,4012567,,,,,,
2026-02-03 02:00,2026-02-03 11:00,160700.0,160750.0,159200.0,160400.0,2482472,,,,,,
2026-02-03 03:00,2026-02-03 12:00,160400.0,161200.0,160300.0,160900.0,2251195,,,,,,
2026-02-03 04:00,2026-02-03 13:00,161000.0,164900.0,160900.0,164500.0,5283958,,,,,,
2026-02-03 05:00,2026-02-03 14:00,164500.0,166600.0,164200.0,166200.0,6559112,,,,,,
2026-02-04 00:00,2026-02-04 09:00,163500.0,165300.0,163100.0,163500.0,8213066,,,,,,
2026-02-04 01:00,2026-02-04 10:00,163500.0,167800.0,163400.0,167500.0,4785794,,,,,,
2026-02-04 02:00,2026-02-04 11:00,167500.0,168500.0,166200.0,166500.0,4128945,,,,,,
2026-02-04 03:00,2026-02-04 12:00,166600.0,167900.0,166000.0,166900.0,2500738,,,,,,
2026-02-04 04:00,2026-02-04 13:00,166900.0,167900.0,166500.0,167600.0,2271219,,,,,,
2026-02-04 05:00,2026-02-04 14:00,167600.0,169400.0,167500.0,168700.0,4541550,,,,,,
2026-02-05 00:00,2026-02-05 09:00,162000.0,164000.0,162000.0,162700.0,10502630,,,,,,
2026-02-05 01:00,2026-02-05 10:00,162750.0,163700.0,162200.0,162300.0,4337477,,,,,,
2026-02-05 02:00,2026-02-05 11:00,162300.0,162300.0,160000.0,160200.0,5949436,,,,51.4,2632.14,
2026-02-05 03:00,2026-02-05 12:00,160100.0,160400.0,158500.0,158600.0,5723268,,,,48.1,2579.85,
2026-02-05 04:00,2026-02-05 13:00,158600.0,161600.0,158500.0,161200.0,4484416,,,,53.3,2617.0,
2026-02-05 05:00,2026-02-05 14:00,161200.0,161200.0,159300.0,159300.0,3570362,,,,49.4,2565.79,
2026-02-06 00:00,2026-02-06 09:00,154100.0,155400.0,151600.0,155300.0,12644448,,,,42.5,2932.52,
2026-02-06 01:00,2026-02-06 10:00,155300.0,156300.0,153000.0,156200.0,5401564,162435.0,,,44.4,2958.76,
2026-02-06 02:00,2026-02-06 11:00,156200.0,160300.0,156100.0,157700.0,5799736,162345.0,,,47.5,3047.42,
2026-02-06 03:00,2026-02-06 12:00,157600.0,158400.0,156600.0,158200.0,2521027,162220.0,,,48.5,2958.32,
2026-02-06 04:00,2026-02-06 13:00,158200.0,158400.0,155300.0,155800.0,2759486,161990.0,,,44.0,2968.44,
2026-02-06 05:00,2026-02-06 14:00,155700.0,159300.0,154800.0,159200.0,3941619,161905.0,,,50.9,3077.84,
2026-02-09 00:00,2026-02-09 09:00,168600.0,168700.0,166600.0,167450.0,0,162052.5,,,62.9,3536.57,
2026-02-09 01:00,2026-02-09 10:00,167450.0,167500.0,165000.0,166900.0,4213886,162087.5,,,61.8,3462.52,
2026-02-09 02:00,2026-02-09 11:00,166800.0,167500.0,166100.0,166300.0,2545208,162227.5,,,60.6,3315.2,
2026-02-09 03:00,2026-02-09 12:00,166300.0,167100.0,166200.0,166400.0,1658136,162172.5,,,60.7,3142.69,
2026-02-09 04:00,2026-02-09 13:00,166400.0,166900.0,165700.0,166500.0,1933395,162172.5,,,60.9,3003.92,
2026-02-09 05:00,2026-02-09 14:00,166500.0,167100.0,166300.0,166500.0,2298943,162152.5,,,60.9,2846.5,
2026-02-10 00:00,2026-02-10 09:00,167400.0,168100.0,166400.0,167100.0,6142533,162127.5,,,61.9,2764.61,
2026-02-10 01:00,2026-02-10 10:00,167200.0,167400.0,165500.0,166700.0,2704214,162027.5,,,60.8,2702.85,
2026-02-10 02:00,2026-02-10 11:00,166700.0,167000.0,166400.0,166800.0,1644633,162232.5,,,61.0,2552.65,
2026-02-10 03:00,2026-02-10 12:00,166800.0,167200.0,166500.0,166700.0,1809642,162452.5,,,60.6,2420.31,
2026-02-10 04:00,2026-02-10 13:00,166800.0,166900.0,165800.0,166900.0,2105448,162787.5,,,61.1,2326.01,
2026-02-10 05:00,2026-02-10 14:00,166900.0,167200.0,166500.0,166900.0,2382855,163202.5,,,61.1,2209.86,
2026-02-11 00:00,2026-02-11 09:00,164000.0,165400.0,162000.0,164400.0,6392928,163362.5,,,52.6,2402.02,
2026-02-11 01:00,2026-02-11 10:00,164400.0,166200.0,164300.0,166000.0,2962242,163697.5,,,56.7,2366.16,
2026-02-11 02:00,2026-02-11 11:00,166100.0,166600.0,165600.0,166500.0,1866012,164257.5,,,58.0,2268.57,
2026-02-11 03:00,2026-02-11 12:00,166500.0,167400.0,166500.0,167300.0,2389115,164812.5,,,59.9,2170.82,
2026-02-11 04:00,2026-02-11 13:00,167300.0,168000.0,167200.0,167600.0,2984663,165307.5,,,60.7,2072.9,
2026-02-11 05:00,2026-02-11 14:00,167500.0,168600.0,167000.0,167500.0,3271556,165772.5,,,60.3,2039.12,
2026-02-12 00:00,2026-02-12 09:00,171200.0,174900.0,170100.0,174600.0,10877532,166712.5,,,73.6,2422.04,
2026-02-12 01:00,2026-02-12 10:00,174500.0,179400.0,173950.0,179400.0,7523696,167722.5,,,78.8,2638.33,
2026-02-12 02:00,2026-02-12 11:00,179400.0,179600.0,177300.0,177300.0,5780034,168215.0,,,72.1,2614.16,
2026-02-12 03:00,2026-02-12 12:00,177300.0,178400.0,176900.0,178000.0,3058557,168770.0,,,73.0,2534.58,
2026-02-12 04:00,2026-02-12 13:00,178100.0,178100.0,176250.0,176400.0,3201516,169275.0,,,68.0,2485.68,
2026-02-12 05:00,2026-02-12 14:00,176400.0,178600.0,176400.0,178200.0,3923009,169865.0,,,70.4,2465.27,
2026-02-13 00:00,2026-02-13 09:00,179500.0,184400.0,178900.0,179800.0,13205781,170530.0,,,72.4,2732.04,
2026-02-13 01:00,2026-02-13 10:00,179800.0,181500.0,179100.0,180600.0,3959669,171235.0,166087.0,,73.4,2708.32,
2026-02-13 02:00,2026-02-13 11:00,180600.0,181600.0,179300.0,179900.0,2827344,171875.0,166495.0,,71.1,2679.16,
2026-02-13 03:00,2026-02-13 12:00,179900.0,181300.0,179700.0,180900.0,1667583,172585.0,166899.0,,72.4,2602.07,
2026-02-13 04:00,2026-02-13 13:00,180900.0,184400.0,180800.0,184350.0,4513790,173462.5,167378.0,,76.5,2673.35,
2026-02-13 05:00,2026-02-13 14:00,184350.0,184400.0,180900.0,181300.0,4486779,174192.5,167786.0,,67.0,2732.4,
2026-02-19 00:00,2026-02-19 09:00,188000.0,190900.0,187800.0,190200.0,0,175357.5,168300.0,,76.3,3222.94,
2026-02-19 01:00,2026-02-19 10:00,190300.0,190400.0,187100.0,188900.0,4106049,176457.5,168754.0,,73.1,3228.45,
2026-02-19 02:00,2026-02-19 11:00,188900.0,189700.0,188300.0,189000.0,2513234,177687.5,169264.0,,73.1,3097.84,
2026-02-19 03:00,2026-02-19 12:00,188900.0,189400.0,188000.0,189000.0,2100516,178837.5,169694.0,,73.1,2976.57,
2026-02-19 04:00,2026-02-19 13:00,188950.0,189200.0,187500.0,188400.0,2820558,179932.5,170132.0,,71.4,2885.39,
2026-02-19 05:00,2026-02-19 14:00,188300.0,189500.0,188050.0,188900.0,2955017,181012.5,170572.0,,72.0,2782.86,
2026-02-20 00:00,2026-02-20 09:00,190000.0,190300.0,188600.0,189700.0,4710405,182117.5,171014.0,,73.0,2705.51,
2026-02-20 01:00,2026-02-20 10:00,189600.0,190100.0,188700.0,190000.0,4837524,183242.5,171440.0,,73.4,2612.26,
2026-02-20 02:00,2026-02-20 11:00,190000.0,190200.0,189100.0,189500.0,2217611,183987.5,171976.0,,71.6,2504.24,
2026-02-20 03:00,2026-02-20 12:00,189500.0,189600.0,188700.0,189400.0,2719024,184487.5,172518.0,,71.2,2389.65,
2026-02-20 04:00,2026-02-20 13:00,189400.0,190200.0,189100.0,189500.0,2998206,185097.5,173104.0,,71.4,2297.54,
2026-02-20 05:00,2026-02-20 14:00,189400.0,190100.0,189300.0,190000.0,2733539,185697.5,173732.0,,72.2,2190.57,
2026-02-23 00:00,2026-02-23 09:00,194400.0,197600.0,194300.0,195550.0,0,186655.0,174419.0,,79.4,2576.96,
2026-02-23 01:00,2026-02-23 10:00,195550.0,195700.0,194000.0,194100.0,2887123,187450.0,175115.0,,74.0,2514.32,
2026-02-23 02:00,2026-02-23 11:00,194100.0,194700.0,192250.0,193900.0,2987949,188155.0,175887.0,,73.3,2509.72,
2026-02-23 03:00,2026-02-23 12:00,193800.0,194100.0,191200.0,192300.0,3258510,188740.0,176609.0,,67.5,2537.6,
2026-02-23 04:00,2026-02-23 13:00,192300.0,192900.0,191400.0,192000.0,2316734,189345.0,177295.0,,66.4,2463.49,
2026-02-23 05:00,2026-02-23 14:00,192000.0,193100.0,190500.0,192700.0,3487695,189935.0,177985.0,,67.7,2473.24,
2026-02-24 00:00,2026-02-24 09:00,193000.0,195000.0,192000.0,194100.0,6407480,190422.5,178751.0,,70.1,2510.86,
2026-02-24 01:00,2026-02-24 10:00,194100.0,197400.0,193800.0,196500.0,4402732,191182.5,179497.0,,73.8,2588.66,
2026-02-24 02:00,2026-02-24 11:00,196500.0,199000.0,196400.0,198300.0,4230199,191587.5,180114.0,,76.1,2589.47,
2026-02-24 03:00,2026-02-24 12:00,198400.0,200000.0,198200.0,199900.0,2766894,192137.5,180774.0,,78.0,2533.08,
2026-02-24 04:00,2026-02-24 13:00,200000.0,200000.0,199000.0,199700.0,2819431,192672.5,181442.0,,77.2,2423.57,
2026-02-24 05:00,2026-02-24 14:00,199700.0,199900.0,199100.0,199700.0,2149477,193207.5,182108.0,,77.2,2307.6,
2026-02-25 00:00,2026-02-25 09:00,202500.0,205000.0,201000.0,201500.0,7919356,193862.5,182808.0,,79.5,2521.35,
2026-02-25 01:00,2026-02-25 10:00,201500.0,204000.0,201000.0,203500.0,4130111,194592.5,183548.0,,81.6,2555.53,
2026-02-25 02:00,2026-02-25 11:00,203500.0,206000.0,203000.0,205500.0,2745357,195382.5,184316.0,,83.5,2587.28,
2026-02-25 03:00,2026-02-25 12:00,205500.0,206000.0,203000.0,204000.0,2176911,196082.5,185062.0,,77.1,2616.76,
2026-02-25 04:00,2026-02-25 13:00,204000.0,206000.0,203500.0,206000.0,2732804,196907.5,185846.0,,79.4,2608.42,
2026-02-25 05:00,2026-02-25 14:00,205750.0,206000.0,203000.0,203000.0,3333025,197587.5,186572.0,,68.5,2636.39,
2026-02-26 00:00,2026-02-26 09:00,206500.0,217500.0,206000.0,214750.0,9254514,198850.0,187529.0,,80.1,3483.79,
2026-02-26 01:00,2026-02-26 10:00,214750.0,215500.0,211500.0,214500.0,4408384,200075.0,188481.0,,79.4,3520.66,
2026-02-26 02:00,2026-02-26 11:00,214500.0,216000.0,213000.0,215750.0,2631048,201085.0,189508.0,,80.3,3483.47,
2026-02-26 03:00,2026-02-26 12:00,215500.0,216000.0,214000.0,214500.0,2212299,202105.0,190478.0,,76.7,3377.51,
2026-02-26 04:00,2026-02-26 13:00,214500.0,216000.0,214000.0,214000.0,2685346,203110.0,191428.0,,75.3,3279.12,
2026-02-26 05:00,2026-02-26 14:00,214500.0,217000.0,213500.0,216000.0,4081158,204295.0,192402.0,,77.1,3294.9,
2026-02-27 00:00,2026-02-27 09:00,210000.0,220000.0,210000.0,215000.0,12794794,205445.0,193350.0,,74.1,3773.83,
2026-02-27 01:00,2026-02-27 10:00,215000.0,215500.0,212000.0,212750.0,4765298,206447.5,194255.0,,67.8,3754.27,
2026-02-27 02:00,2026-02-27 11:00,212500.0,218500.0,212500.0,218500.0,4051090,207667.5,195133.0,,73.9,3914.68,
2026-02-27 03:00,2026-02-27 12:00,218500.0,218500.0,215500.0,217500.0,2974717,208717.5,195895.0,,71.4,3849.35,
2026-02-27 04:00,2026-02-27 13:00,217500.0,218000.0,215500.0,217250.0,2655216,209665.0,196694.0,,70.7,3752.96,
2026-02-27 05:00,2026-02-27 14:00,217000.0,223000.0,217000.0,218750.0,5633677,210607.5,197509.0,,72.4,3913.47,
2026-03-03 00:00,2026-03-03 09:00,209500.0,212500.0,207000.0,212000.0,0,211222.5,198221.0,,56.9,4473.22,
2026-03-03 01:00,2026-03-03 10:00,212000.0,212500.0,208000.0,208000.0,4343515,211637.5,198817.0,,50.1,4475.13,
2026-03-03 02:00,2026-03-03 11:00,208000.0,208250.0,203500.0,204000.0,6525617,211762.5,199301.0,,44.3,4494.77,
2026-03-03 03:00,2026-03-03 12:00,204000.0,204500.0,200000.0,202750.0,7114094,211725.0,199744.0,,42.7,4495.14,
2026-03-03 04:00,2026-03-03 13:00,202750.0,203000.0,196000.0,197500.0,8477147,211325.0,200096.0,,36.6,4674.06,
2026-03-03 05:00,2026-03-03 14:00,197500.0,201000.0,195500.0,196000.0,7998611,210925.0,200398.0,,35.0,4733.05,
2026-03-04 00:00,2026-03-04 09:00,184200.0,195900.0,179600.0,190000.0,29308091,210125.0,200511.0,,29.6,5566.41,
2026-03-04 01:00,2026-03-04 10:00,190000.0,190800.0,182400.0,184900.0,8919162,209220.0,200583.0,,25.9,5768.81,
2026-03-04 02:00,2026-03-04 11:00,184900.0,185700.0,176700.0,178400.0,9294584,207402.5,200347.0,,22.2,5999.61,
2026-03-04 03:00,2026-03-04 12:00,178400.0,181500.0,172100.0,181100.0,16067655,205732.5,200191.0,,26.9,6242.49,
2026-03-04 04:00,2026-03-04 13:00,181100.0,184100.0,175100.0,176200.0,9835072,203755.0,199935.0,,24.1,6439.46,
2026-03-04 05:00,2026-03-04 14:00,176200.0,178300.0,173400.0,176500.0,8254412,201855.0,199685.0,,24.6,6329.5,
2026-03-05 00:00,2026-03-05 09:00,195000.0,199700.0,192300.0,196700.0,20381011,200990.0,199851.0,,49.9,7534.53,
2026-03-05 01:00,2026-03-05 10:00,196700.0,198000.0,190100.0,191300.0,8367889,199755.0,199899.0,,45.5,7560.64,
2026-03-05 02:00,2026-03-05 11:00,191300.0,193900.0,191100.0,192500.0,4795206,198630.0,199955.0,,46.6,7220.59,
2026-03-05 03:00,2026-03-05 12:00,192500.0,193400.0,188200.0,189500.0,5255668,197467.5,199945.0,,44.2,7076.26,
2026-03-05 04:00,2026-03-05 13:00,189500.0,193700.0,188100.0,192900.0,4299598,196187.5,200013.0,,47.6,6970.82,
2026-03-05 05:00,2026-03-05 14:00,193000.0,195200.0,192200.0,193000.0,4659207,194962.5,200085.0,,47.7,6687.19,
2026-03-06 00:00,2026-03-06 09:00,186100.0,189500.0,185000.0,185700.0,9710557,193385.0,200009.0,,41.4,6780.96,
2026-03-06 01:00,2026-03-06 10:00,185750.0,186400.0,181000.0,185100.0,7165494,191702.5,199911.0,,41.0,6682.32,
2026-03-06 02:00,2026-03-06 11:00,185100.0,186200.0,184300.0,185100.0,2364746,190357.5,199702.0,,41.0,6340.72,
2026-03-06 03:00,2026-03-06 12:00,185100.0,186800.0,184200.0,186600.0,2184370,189287.5,199552.0,,42.9,6073.53,
2026-03-06 04:00,2026-03-06 13:00,186650.0,186800.0,185100.0,185700.0,2171978,188372.5,199388.0,,42.0,5761.13,
2026-03-06 05:00,2026-03-06 14:00,185800.0,188800.0,185700.0,188700.0,3136431,187670.0,199316.0,,45.9,5571.05,
2026-03-09 00:00,2026-03-09 09:00,173500.0,175500.0,170600.0,171100.0,0,186350.0,198898.0,,32.1,6465.98,
2026-03-09 01:00,2026-03-09 10:00,171100.0,172000.0,169200.0,169300.0,4940769,185015.0,198430.0,,31.1,6204.12,
2026-03-09 02:00,2026-03-09 11:00,169200.0,172800.0,168000.0,171000.0,7121172,184065.0,197968.0,,33.3,6103.83,
2026-03-09 03:00,2026-03-09 12:00,171100.0,171800.0,169300.0,169400.0,3805866,183290.0,197426.0,,32.2,5846.41,
2026-03-09 04:00,2026-03-09 13:00,169400.0,170100.0,167500.0,167600.0,3971480,182750.0,196812.0,,31.1,5614.53,
2026-03-09 05:00,2026-03-09 14:00,167600.0,173900.0,167300.0,172900.0,6954341,182340.0,196272.0,,38.2,5684.92,
2026-03-10 00:00,2026-03-10 09:00,187600.0,190800.0,185200.0,189500.0,11360876,183005.0,196068.0,,54.1,6557.42,
2026-03-10 01:00,2026-03-10 10:00,189600.0,191500.0,188500.0,190500.0,4705089,183705.0,195884.0,,54.9,6303.32,
2026-03-10 02:00,2026-03-10 11:00,190400.0,190700.0,186500.0,186900.0,3585032,183215.0,195592.0,,51.6,6153.08,
2026-03-10 03:00,2026-03-10 12:00,187000.0,188300.0,184300.0,185600.0,4203028,182930.0,195234.0,,50.4,5999.29,
2026-03-10 04:00,2026-03-10 13:00,185500.0,187600.0,184500.0,187200.0,3201241,182665.0,194868.0,,51.8,5792.2,
2026-03-10 05:00,2026-03-10 14:00,187200.0,188000.0,186300.0,188000.0,3008916,182590.0,194548.0,,52.6,5499.9,
2026-03-11 00:00,2026-03-11 09:00,193000.0,193600.0,190200.0,191250.0,7164508,182507.5,194253.0,,55.6,5507.05,
2026-03-11 01:00,2026-03-11 10:00,191200.0,193400.0,190700.0,192700.0,3106708,182492.5,194047.0,,56.9,5306.55,
2026-03-11 02:00,2026-03-11 11:00,192800.0,193200.0,192300.0,193000.0,1553313,182857.5,193612.0,,57.2,4991.79,
2026-03-11 03:00,2026-03-11 12:00,193100.0,193500.0,192300.0,193100.0,1688489,183257.5,193184.0,,57.3,4720.95,
2026-03-11 04:00,2026-03-11 13:00,193100.0,194800.0,192700.0,194300.0,2523444,183717.5,192755.0,,58.6,4533.74,
2026-03-11 05:00,2026-03-11 14:00,194200.0,194600.0,188200.0,188500.0,4861894,183812.5,192235.0,,50.8,4667.04,
2026-03-12 00:00,2026-03-12 09:00,186600.0,190000.0,186200.0,189200.0,5817314,183987.5,191739.0,,51.6,4605.11,
2026-03-12 01:00,2026-03-12 10:00,189200.0,189200.0,187500.0,187900.0,2506818,183947.5,191177.0,,49.9,4397.6,
2026-03-12 02:00,2026-03-12 11:00,187900.0,188500.0,186200.0,186600.0,2173081,184722.5,190609.0,,48.2,4247.78,
2026-03-12 03:00,2026-03-12 12:00,186500.0,187000.0,185900.0,186800.0,1752203,185597.5,190090.0,,48.5,4022.93,
2026-03-12 04:00,2026-03-12 13:00,186750.0,187600.0,186400.0,186700.0,1600180,186382.5,189454.0,,48.4,3821.3,
2026-03-12 05:00,2026-03-12 14:00,186600.0,188000.0,186500.0,187100.0,2014620,187267.5,188846.0,,49.0,3655.49,
2026-03-13 00:00,2026-03-13 09:00,180000.0,183500.0,179900.0,182600.0,5504076,188017.5,188153.0,,42.4,3908.67,
2026-03-13 01:00,2026-03-13 10:00,182600.0,185500.0,182500.0,185500.0,2556541,188647.5,187488.0,,47.3,3843.76,
2026-03-13 02:00,2026-03-13 11:00,185400.0,186200.0,184000.0,184200.0,2481299,188382.5,186932.0,,45.5,3726.35,
2026-03-13 03:00,2026-03-13 12:00,184100.0,184700.0,183200.0,184500.0,1631507,188082.5,186462.0,,46.0,3567.33,
2026-03-13 04:00,2026-03-13 13:00,184500.0,184600.0,182400.0,183200.0,1813583,187897.5,186046.0,,44.0,3469.66,
2026-03-13 05:00,2026-03-13 14:00,183100.0,184400.0,183000.0,184200.0,1651590,187827.5,185675.0,,45.9,3321.83,
2026-03-16 00:00,2026-03-16 09:00,184600.0,188300.0,184500.0,186600.0,0,187797.5,185457.0,,50.4,3377.41,
2026-03-16 01:00,2026-03-16 10:00,186600.0,187100.0,184400.0,185800.0,2867774,187687.5,185253.0,,49.0,3329.02,
2026-03-16 02:00,2026-03-16 11:00,185800.0,186000.0,183600.0,184650.0,2086344,187357.5,185146.0,,46.9,3262.67,
2026-03-16 03:00,2026-03-16 12:00,184650.0,186600.0,184300.0,186000.0,1494778,187022.5,185168.0,,49.6,3193.9,
2026-03-16 04:00,2026-03-16 13:00,186000.0,187700.0,185900.0,186100.0,2202833,186677.5,185322.0,,49.8,3094.34,
2026-03-16 05:00,2026-03-16 14:00,186150.0,189000.0,186100.0,188800.0,2639927,186462.5,185476.0,,55.1,3080.46,
2026-03-17 00:00,2026-03-17 09:00,198000.0,198000.0,195500.0,196000.0,6595873,186547.5,185872.0,,65.6,3517.57,
2026-03-17 01:00,2026-03-17 10:00,196100.0,197000.0,195600.0,196900.0,2290516,186967.5,186280.0,,66.6,3366.31,
2026-03-17 02:00,2026-03-17 11:00,196900.0,197400.0,196400.0,196600.0,1419309,187337.5,186278.0,,65.9,3197.29,
2026-03-17 03:00,2026-03-17 12:00,196600.0,197000.0,195800.0,196300.0,1401258,187757.5,186378.0,,65.1,3054.63,
2026-03-17 04:00,2026-03-17 13:00,196400.0,196600.0,195800.0,196300.0,1502396,188242.5,186454.0,,65.1,2893.58,
2026-03-17 05:00,2026-03-17 14:00,196300.0,197000.0,195300.0,195400.0,2235163,188672.5,186572.0,,62.6,2808.33,
2026-03-18 00:00,2026-03-18 09:00,200500.0,206000.0,199700.0,206000.0,8331458,189637.5,186834.0,,74.9,3364.87,
2026-03-18 01:00,2026-03-18 10:00,206000.0,206500.0,203000.0,205000.0,4009017,190532.5,187074.0,,72.5,3374.53,
2026-03-18 02:00,2026-03-18 11:00,205000.0,205500.0,204000.0,204500.0,1767502,191627.5,187450.0,,71.2,3240.63,
2026-03-18 03:00,2026-03-18 12:00,205000.0,205500.0,204500.0,205250.0,1781576,192615.0,187853.0,,72.0,3080.59,
2026-03-18 04:00,2026-03-18 13:00,205000.0,206000.0,205000.0,206000.0,1826980,193705.0,188271.0,,72.8,2931.97,
2026-03-18 05:00,2026-03-18 14:00,206000.0,208000.0,205500.0,208000.0,3339413,194880.0,188699.0,,74.8,2901.12,
2026-03-19 00:00,2026-03-19 09:00,199900.0,203000.0,199600.0,200250.0,6567450,195732.5,188990.0,,57.1,3293.9,
2026-03-19 01:00,2026-03-19 10:00,200250.0,202500.0,200000.0,202000.0,1810566,196622.5,189256.0,,59.4,3237.19,
2026-03-19 02:00,2026-03-19 11:00,202000.0,205000.0,201000.0,204500.0,2799343,197517.5,189924.0,,62.5,3291.68,
2026-03-19 03:00,2026-03-19 12:00,204500.0,205000.0,203000.0,203750.0,1590185,198415.0,190613.0,,61.0,3199.41,
2026-03-19 04:00,2026-03-19 13:00,203500.0,203750.0,200500.0,201250.0,1727232,199245.0,191218.0,,56.1,3203.03,
2026-03-19 05:00,2026-03-19 14:00,201500.0,201500.0,200000.0,200000.0,2383467,199945.0,191830.0,,53.8,3081.38,
2026-03-20 00:00,2026-03-20 09:00,202000.0,202500.0,199400.0,200000.0,6254515,200640.0,192478.0,,53.8,3082.71,
2026-03-20 01:00,2026-03-20 10:00,200250.0,202000.0,199800.0,200500.0,2380855,201225.0,193030.0,,54.6,3019.66,
2026-03-20 02:00,2026-03-20 11:00,200500.0,201000.0,200000.0,200500.0,1734202,201450.0,193250.0,,54.6,2875.4,
2026-03-20 03:00,2026-03-20 12:00,200250.0,201500.0,200000.0,200000.0,1340382,201605.0,193440.0,,53.5,2777.16,
2026-03-20 04:00,2026-03-20 13:00,200500.0,201000.0,199500.0,199600.0,2267426,201755.0,193694.0,,52.5,2685.93,
2026-03-20 05:00,2026-03-20 14:00,199600.0,200500.0,199000.0,199800.0,2567943,201930.0,193978.0,,53.0,2601.22,
2026-03-23 00:00,2026-03-23 09:00,190500.0,191200.0,186300.0,186700.0,0,201450.0,193968.0,,31.5,3379.71,
2026-03-23 01:00,2026-03-23 10:00,186700.0,190900.0,186400.0,190100.0,4732061,201185.0,194010.0,,38.4,3459.73,
2026-03-23 02:00,2026-03-23 11:00,190000.0,190500.0,187700.0,188400.0,3253730,200305.0,193953.0,,36.4,3412.6,
2026-03-23 03:00,2026-03-23 12:00,188400.0,188900.0,187400.0,187600.0,2517693,199435.0,193851.0,,35.5,3275.99,
2026-03-23 04:00,2026-03-23 13:00,187600.0,188500.0,187200.0,188000.0,2193318,198610.0,193751.0,,36.4,3134.85,
2026-03-23 05:00,2026-03-23 14:00,187900.0,189100.0,186700.0,187500.0,3468145,197722.5,193639.0,,35.7,3082.36,
2026-03-24 00:00,2026-03-24 09:00,195500.0,196000.0,188500.0,189100.0,7348566,196877.5,193535.0,,39.5,3469.33,
2026-03-24 01:00,2026-03-24 10:00,189100.0,190100.0,185500.0,186700.0,4709019,195812.5,193499.0,,36.1,3550.09,
2026-03-24 02:00,2026-03-24 11:00,186700.0,189700.0,186000.0,188200.0,2594694,195210.0,193479.0,,39.6,3560.8,
2026-03-24 03:00,2026-03-24 12:00,188200.0,190300.0,188000.0,189700.0,2306617,194595.0,193515.0,,43.0,3470.74,
2026-03-24 04:00,2026-03-24 13:00,189600.0,190400.0,188500.0,189850.0,2023859,193862.5,193580.0,,43.3,3358.55,
2026-03-24 05:00,2026-03-24 14:00,189850.0,190300.0,187700.0,189500.0,2901476,193150.0,193634.0,,42.7,3304.37,
2026-03-25 00:00,2026-03-25 09:00,193700.0,196400.0,193000.0,196100.0,6305045,192892.5,193822.0,,55.9,3561.2,
2026-03-25 01:00,2026-03-25 10:00,196100.0,196400.0,194800.0,194900.0,2693993,192637.5,193978.0,,53.5,3421.11,
2026-03-25 02:00,2026-03-25 11:00,194900.0,194900.0,192000.0,192050.0,2889096,192240.0,194167.0,,48.2,3383.89,
2026-03-25 03:00,2026-03-25 12:00,192050.0,193000.0,191300.0,191700.0,2299557,191800.0,194291.0,,47.5,3263.61,
2026-03-25 04:00,2026-03-25 13:00,191650.0,192300.0,191200.0,191800.0,2096544,191365.0,194443.0,,47.7,3109.07,
2026-03-25 05:00,2026-03-25 14:00,191800.0,191800.0,189800.0,190100.0,3548049,190870.0,194555.0,,44.5,3029.85,
2026-03-26 00:00,2026-03-26 09:00,185500.0,185900.0,183500.0,183800.0,8303938,190080.0,194567.0,,35.0,3284.86,
2026-03-26 01:00,2026-03-26 10:00,183800.0,184700.0,181300.0,182200.0,5649652,189200.0,194527.0,186508.25,33.1,3293.08,
2026-03-26 02:00,2026-03-26 11:00,182100.0,182400.0,178900.0,180000.0,5732010,188865.0,194395.0,186610.75,30.6,3307.86,
2026-03-26 03:00,2026-03-26 12:00,179900.0,183000.0,179800.0,182700.0,3220853,188495.0,194333.0,186720.75,36.9,3300.16,
2026-03-26 04:00,2026-03-26 13:00,182600.0,183600.0,181300.0,181600.0,2632689,188155.0,194272.0,186826.75,35.5,3228.72,
2026-03-26 05:00,2026-03-26 14:00,181600.0,182200.0,180000.0,180200.0,3154624,187785.0,194156.0,186923.25,33.7,3155.24,
2026-03-27 00:00,2026-03-27 09:00,172100.0,175400.0,172000.0,172100.0,8205346,186990.0,193876.0,186961.25,25.7,3515.58,
2026-03-27 01:00,2026-03-27 10:00,172100.0,174500.0,172000.0,174000.0,3963108,186315.0,193580.0,187000.25,29.9,3443.04,
2026-03-27 02:00,2026-03-27 11:00,174000.0,175000.0,172600.0,173500.0,2939804,185535.0,193130.0,187050.25,29.4,3368.54,
2026-03-27 03:00,2026-03-27 12:00,173500.0,176200.0,173000.0,176100.0,2933775,185005.0,192714.0,187093.25,35.2,3356.5,
2026-03-27 04:00,2026-03-27 13:00,176100.0,179700.0,175300.0,179600.0,3547522,184575.0,192374.0,187158.75,42.0,3431.03,
2026-03-27 05:00,2026-03-27 14:00,179700.0,181700.0,179000.0,179100.0,4220516,184045.0,192030.0,187219.75,41.3,3378.82,
2026-03-30 00:00,2026-03-30 09:00,171000.0,175200.0,170600.0,172700.0,0,183187.5,191558.0,187245.25,33.9,3744.62,
2026-03-30 01:00,2026-03-30 10:00,172700.0,175100.0,172200.0,174100.0,3112047,182417.5,191132.0,187272.25,36.6,3684.29,
2026-03-30 02:00,2026-03-30 11:00,174100.0,174600.0,172500.0,173900.0,2336158,181307.5,190490.0,187328.25,36.3,3571.12,
2026-03-30 03:00,2026-03-30 12:00,174000.0,175900.0,173700.0,175600.0,2490738,180342.5,189902.0,187394.75,39.8,3473.18,
2026-03-30 04:00,2026-03-30 13:00,175600.0,176300.0,174900.0,175900.0,2086351,179535.0,189330.0,187473.25,40.4,3325.1,
2026-03-30 05:00,2026-03-30 14:00,175900.0,176650.0,175000.0,175700.0,2543866,178735.0,188739.0,187558.75,40.1,3205.45,
2026-03-31 00:00,2026-03-31 09:00,170000.0,172000.0,167500.0,170700.0,10982077,177680.0,188033.0,187606.25,33.6,3562.2,
2026-03-31 01:00,2026-03-31 10:00,170800.0,174700.0,169000.0,173400.0,5771449,176845.0,187341.0,187676.75,39.3,3714.9,
2026-03-31 02:00,2026-03-31 11:00,173500.0,173500.0,171100.0,171400.0,2784222,176225.0,186764.0,187757.25,36.8,3620.98,
2026-03-31 03:00,2026-03-31 12:00,171400.0,172400.0,169000.0,169000.0,2844529,175565.0,186104.0,187821.25,33.9,3605.2,
2026-03-31 04:00,2026-03-31 13:00,169100.0,170000.0,168100.0,168500.0,3166659,174990.0,185384.0,187875.25,33.4,3483.4,
2026-03-31 05:00,2026-03-31 14:00,168500.0,169900.0,167700.0,168900.0,4341990,174300.0,184687.0,187928.75,34.3,3391.73,
2026-04-01 00:00,2026-04-01 09:00,179000.0,180900.0,178000.0,180300.0,7989224,174235.0,184268.0,188051.25,54.5,4006.6,
2026-04-01 01:00,2026-04-01 10:00,180250.0,182400.0,178400.0,182300.0,3836355,174340.0,183914.0,188166.75,57.0,4006.13,
2026-04-01 02:00,2026-04-01 11:00,182300.0,184400.0,182200.0,184200.0,3272783,174945.0,183598.0,188250.5,59.2,3877.12,
2026-04-01 03:00,2026-04-01 12:00,184300.0,186400.0,184100.0,184800.0,3158107,175485.0,183284.0,188340.0,60.0,3764.47,
2026-04-01 04:00,2026-04-01 13:00,184900.0,188900.0,184800.0,188100.0,3527008,176215.0,183036.0,188449.0,63.8,3788.44,
2026-04-01 05:00,2026-04-01 14:00,188000.0,190800.0,187700.0,189250.0,5832492,176872.5,182821.0,188563.25,65.0,3739.26,
2026-04-02 00:00,2026-04-02 09:00,192600.0,193600.0,188600.0,191700.0,7614689,177477.5,182663.0,188689.25,67.6,3829.32,
2026-04-02 01:00,2026-04-02 10:00,191700.0,191850.0,178800.0,181500.0,13200387,177597.5,182297.0,188764.25,50.9,4487.94,
2026-04-02 02:00,2026-04-02 11:00,181500.0,181500.0,177300.0,179600.0,4875288,177942.5,182155.0,188826.75,48.5,4467.37,
2026-04-02 03:00,2026-04-02 12:00,179600.0,180400.0,178000.0,178200.0,2515175,178147.5,181917.0,188884.25,46.7,4319.7,
2026-04-02 04:00,2026-04-02 13:00,178200.0,179900.0,177900.0,179100.0,2324356,178407.5,181731.0,188945.75,48.0,4154.01,
2026-04-02 05:00,2026-04-02 14:00,179200.0,179600.0,175000.0,175400.0,4347050,178397.5,181487.0,188989.25,43.3,4185.86,
2026-04-03 00:00,2026-04-03 09:00,184200.0,187200.0,183600.0,186800.0,7061605,178942.5,181463.0,189088.75,57.2,4729.73,
2026-04-03 01:00,2026-04-03 10:00,186900.0,186900.0,183500.0,183800.0,2341245,179347.5,181389.0,189173.25,53.5,4634.75,
2026-04-03 02:00,2026-04-03 11:00,183900.0,184700.0,182700.0,184100.0,2094058,180017.5,181289.0,189271.75,53.8,4446.55,
2026-04-03 03:00,2026-04-03 12:00,184200.0,185800.0,184000.0,185700.0,1724344,180632.5,181269.0,189370.25,55.6,4257.51,
2026-04-03 04:00,2026-04-03 13:00,185700.0,185900.0,184900.0,185800.0,1945796,181352.5,181221.0,189466.75,55.7,4024.83,
2026-04-03 05:00,2026-04-03 14:00,185800.0,187000.0,185100.0,186700.0,3096391,182237.5,181161.0,189563.75,56.8,3873.06,
2026-04-06 00:00,2026-04-06 09:00,190900.0,193600.0,190100.0,192200.0,0,183422.5,181208.0,189686.75,62.7,4089.27,
2026-04-06 01:00,2026-04-06 10:00,192100.0,192800.0,190900.0,191400.0,2386404,184547.5,181246.0,189806.25,61.4,3932.89,
2026-04-06 02:00,2026-04-06 11:00,191400.0,194600.0,191300.0,192900.0,4112513,185177.5,181182.0,189897.75,63.0,3887.69,
2026-04-06 03:00,2026-04-06 12:00,192800.0,193300.0,190900.0,191700.0,2174867,185647.5,181118.0,189959.25,60.8,3781.42,
2026-04-06 04:00,2026-04-06 13:00,191700.0,192500.0,191300.0,192100.0,1841669,186042.5,181119.0,190033.25,61.3,3597.04,
2026-04-06 05:00,2026-04-06 14:00,192100.0,192900.0,191700.0,192200.0,1929163,186412.5,181129.0,190104.25,61.4,3425.82,
2026-04-07 00:00,2026-04-07 09:00,202000.0,202500.0,196700.0,196800.0,9960059,186847.5,181229.0,190206.25,66.8,3916.83,
2026-04-07 01:00,2026-04-07 10:00,196800.0,197300.0,192900.0,193600.0,6434365,187065.0,181299.0,190283.25,60.5,3951.34,
2026-04-07 02:00,2026-04-07 11:00,193600.0,195200.0,192400.0,194600.0,3546490,187210.0,181515.0,190357.25,61.7,3869.11,
2026-04-07 03:00,2026-04-07 12:00,194600.0,195000.0,193300.0,193500.0,1643413,187810.0,181741.0,190421.75,59.5,3714.17,
2026-04-07 04:00,2026-04-07 13:00,193500.0,195150.0,192800.0,194300.0,2632769,188545.0,182027.0,190493.75,60.6,3616.73,
2026-04-07 05:00,2026-04-07 14:00,194400.0,196300.0,193700.0,195900.0,2456967,189430.0,182291.0,190568.75,62.8,3544.11,
2026-04-08 00:00,2026-04-08 09:00,214000.0,214500.0,207500.0,209250.0,12183685,190937.5,182844.0,190693.25,75.0,4619.53,
2026-04-08 01:00,2026-04-08 10:00,209500.0,211000.0,208500.0,209750.0,4321380,192655.0,183435.0,190835.5,75.3,4468.13,
2026-04-08 02:00,2026-04-08 11:00,209750.0,211000.0,209500.0,210000.0,3157078,193815.0,184193.0,190934.5,75.5,4256.12,
2026-04-08 03:00,2026-04-08 12:00,210250.0,211000.0,209500.0,211000.0,2442385,195175.0,184933.0,191045.0,76.2,4059.26,
2026-04-08 04:00,2026-04-08 13:00,211000.0,214500.0,210500.0,214000.0,5587190,196670.0,185743.0,191170.0,78.3,4055.02,
2026-04-08 05:00,2026-04-08 14:00,214000.0,214250.0,209500.0,210250.0,4957881,197897.5,186426.0,191276.25,70.1,4104.66,
2026-04-09 00:00,2026-04-09 09:00,207000.0,207500.0,204500.0,205000.0,6777801,198857.5,186934.0,191359.25,60.6,4222.19,
2026-04-09 01:00,2026-04-09 10:00,205250.0,206000.0,202500.0,204500.0,4658079,199747.5,187442.0,191437.25,59.8,4170.6,
2026-04-09 02:00,2026-04-09 11:00,204250.0,205500.0,204000.0,204500.0,2299150,200362.5,188078.0,191511.25,59.8,3979.85,
2026-04-09 03:00,2026-04-09 12:00,204500.0,205000.0,203000.0,203000.0,2288204,200942.5,188656.0,191576.25,57.1,3838.43,
2026-04-09 04:00,2026-04-09 13:00,203000.0,204000.0,202000.0,203000.0,2644247,201447.5,189238.0,191643.75,57.1,3707.11,
2026-04-09 05:00,2026-04-09 14:00,203000.0,205000.0,202500.0,204000.0,2974420,202062.5,189806.0,191716.75,58.5,3620.89,
2026-04-10 00:00,2026-04-10 09:00,208500.0,209500.0,206000.0,208750.0,4784877,202895.0,190463.0,191813.0,64.7,3755.11,
2026-04-10 01:00,2026-04-10 10:00,209000.0,211000.0,208500.0,209000.0,3403880,203735.0,191129.0,191908.0,65.0,3665.46,
2026-04-10 02:00,2026-04-10 11:00,208750.0,210000.0,207500.0,208000.0,1845486,204295.0,191875.0,191970.25,62.7,3582.21,
2026-04-10 03:00,2026-04-10 12:00,208000.0,208500.0,207500.0,207750.0,1455764,205002.5,192562.0,192038.5,62.1,3397.77,
2026-04-10 04:00,2026-04-10 13:00,207750.0,208500.0,207000.0,207000.0,1761195,205622.5,193274.0,192104.0,60.3,3262.22,
2026-04-10 05:00,2026-04-10 14:00,207500.0,208000.0,206000.0,206500.0,2079727,206272.5,194024.0,192175.0,59.1,3172.06,
2026-04-13 00:00,2026-04-13 09:00,198200.0,203000.0,198200.0,202500.0,0,206682.5,194704.0,192227.5,50.3,3538.34,
2026-04-13 01:00,2026-04-13 10:00,202250.0,203000.0,201000.0,202000.0,2052898,206987.5,195366.0,192274.0,49.3,3428.46,
2026-04-13 02:00,2026-04-13 11:00,201750.0,202000.0,200000.0,201000.0,1855864,206575.0,195780.0,192308.5,47.3,3326.42,
2026-04-13 03:00,2026-04-13 12:00,201250.0,201500.0,200000.0,200500.0,1456122,206112.5,196144.0,192328.5,46.3,3195.97,
2026-04-13 04:00,2026-04-13 13:00,200500.0,202500.0,200000.0,202500.0,2134852,205737.5,196510.0,192349.5,50.8,3146.25,
2026-04-13 05:00,2026-04-13 14:00,202000.0,202500.0,201000.0,201000.0,1871885,205237.5,196834.0,192355.0,47.6,3028.66,
2026-04-14 00:00,2026-04-14 09:00,208000.0,208500.0,205500.0,207000.0,6418183,204887.5,197212.0,192391.5,58.9,3348.05,
2026-04-14 01:00,2026-04-14 10:00,207250.0,209000.0,206500.0,208500.0,3721911,204800.0,197597.0,192435.5,61.1,3287.47,
2026-04-14 02:00,2026-04-14 11:00,208000.0,209000.0,207500.0,208750.0,2582477,204987.5,197938.0,192471.75,61.5,3159.79,
2026-04-14 03:00,2026-04-14 12:00,208750.0,210000.0,208500.0,208750.0,2691274,205200.0,198483.0,192498.0,61.5,3041.24,
2026-04-14 04:00,2026-04-14 13:00,208750.0,210000.0,208500.0,208500.0,2597201,205400.0,199061.0,192513.0,60.8,2931.15,
2026-04-14 05:00,2026-04-14 14:00,208750.0,209000.0,207000.0,207000.0,2394714,205600.0,199637.0,192528.0,56.7,2864.64,
2026-04-15 00:00,2026-04-15 09:00,215000.0,215000.0,213000.0,213750.0,6060414,206137.5,200330.0,192566.75,67.4,3231.45,
2026-04-15 01:00,2026-04-15 10:00,214000.0,215500.0,213500.0,214750.0,3648138,206675.0,201117.0,192625.5,68.6,3143.49,
2026-04-15 02:00,2026-04-15 11:00,214500.0,215000.0,213500.0,214750.0,2068807,206975.0,201676.0,192625.5,68.6,3026.1,
2026-04-15 03:00,2026-04-15 12:00,214750.0,215000.0,214000.0,214500.0,1762319,207250.0,202290.0,192625.5,67.9,2881.38,
2026-04-15 04:00,2026-04-15 13:00,214500.0,215000.0,213500.0,214000.0,2557688,207550.0,202888.0,192616.75,66.3,2782.71,
2026-04-15 05:00,2026-04-15 14:00,213750.0,214500.0,210000.0,212000.0,4801749,207762.5,203414.0,192604.25,60.4,2905.37,
2026-04-16 00:00,2026-04-16 09:00,212000.0,215000.0,210500.0,214750.0,4803536,208150.0,203993.0,192608.0,65.0,3019.27,
2026-04-16 01:00,2026-04-16 10:00,214750.0,217000.0,214000.0,216500.0,3779195,208650.0,204589.0,192610.5,67.6,3017.9,
2026-04-16 02:00,2026-04-16 11:00,216500.0,218000.0,216500.0,217000.0,3311669,209375.0,205085.0,192620.5,68.4,2909.47,
2026-04-16 03:00,2026-04-16 12:00,217500.0,217500.0,216000.0,216500.0,1892327,210100.0,205587.0,192639.25,66.7,2808.8,
2026-04-16 04:00,2026-04-16 13:00,216750.0,217000.0,215000.0,215750.0,2045270,210837.5,206044.0,192625.5,64.3,2751.03,
2026-04-16 05:00,2026-04-16 14:00,215750.0,217500.0,215000.0,217000.0,2588247,211662.5,206550.0,192623.0,66.5,2733.1,
2026-04-17 00:00,2026-04-17 09:00,217000.0,218000.0,215500.0,216750.0,3949587,212375.0,207043.0,192620.5,65.6,2716.45,
2026-04-17 01:00,2026-04-17 10:00,217000.0,218000.0,216500.0,217750.0,1680834,213212.5,207554.0,192615.5,67.5,2629.56,
2026-04-17 02:00,2026-04-17 11:00,217750.0,218000.0,216000.0,216500.0,1834421,213687.5,207948.0,192638.0,62.9,2584.59,
2026-04-17 03:00,2026-04-17 12:00,216500.0,217000.0,215000.0,215500.0,1932398,214037.5,208386.0,192675.5,59.5,2542.83,
2026-04-17 04:00,2026-04-17 13:00,215250.0,217250.0,215000.0,216500.0,2042538,214425.0,208824.0,192738.0,61.8,2521.92,
2026-04-17 05:00,2026-04-17 14:00,216750.0,217000.0,215500.0,216500.0,1988861,214812.5,209284.0,192806.75,61.8,2448.92,
2026-04-21 00:00,2026-04-21 09:00,218000.0,220000.0,217500.0,218500.0,4612473,215312.5,209768.0,192911.75,66.1,2524.0,
2026-04-21 01:00,2026-04-21 10:00,218750.0,219500.0,216000.0,216750.0,3047485,215800.0,210185.0,193015.5,59.7,2593.71,
2026-04-21 02:00,2026-04-21 11:00,216500.0,218000.0,216000.0,217750.0,1581785,216000.0,210355.0,193154.25,62.0,2551.31,
2026-04-21 03:00,2026-04-21 12:00,217750.0,218000.0,217000.0,218000.0,1502154,216162.5,210520.0,193319.75,62.5,2440.5,
2026-04-21 04:00,2026-04-21 13:00,218000.0,218500.0,217500.0,218250.0,1448067,216337.5,210685.0,193519.0,63.1,2337.61,
2026-04-21 05:00,2026-04-21 14:00,218000.0,219000.0,217500.0,218750.0,1949545,216550.0,210840.0,193707.25,64.4,2277.78,
2026-04-22 00:00,2026-04-22 09:00,218500.0,222500.0,217500.0,218000.0,5574370,216750.0,210920.0,193916.25,61.1,2472.22,
2026-04-22 01:00,2026-04-22 10:00,218000.0,218500.0,215500.0,217000.0,3184979,217000.0,211055.0,194118.75,57.0,2509.92,
2026-04-22 02:00,2026-04-22 11:00,217000.0,218000.0,216500.0,217000.0,1401097,217112.5,211295.0,194220.25,57.0,2437.78,
2026-04-22 03:00,2026-04-22 12:00,217250.0,218000.0,217000.0,217250.0,1047442,217150.0,211550.0,194350.0,57.8,2335.08,
2026-04-22 04:00,2026-04-22 13:00,217500.0,218000.0,216000.0,216000.0,1824792,217100.0,211780.0,194467.5,52.4,2311.15,
2026-04-22 05:00,2026-04-22 14:00,216000.0,218500.0,216000.0,218500.0,1963676,217200.0,212090.0,194612.5,60.4,2324.64,
2026-04-23 00:00,2026-04-23 09:00,223000.0,229000.0,222000.0,228750.0,11573939,217850.0,212605.0,194791.75,77.3,2908.59,
2026-04-23 01:00,2026-04-23 10:00,228750.0,229500.0,225000.0,225500.0,5202557,218275.0,213035.0,194954.25,67.5,3022.26,
2026-04-23 02:00,2026-04-23 11:00,225500.0,225750.0,221000.0,221000.0,3760818,218487.5,213280.0,195130.75,56.7,3145.67,
2026-04-23 03:00,2026-04-23 12:00,221250.0,221500.0,216000.0,219750.0,4724783,218587.5,213495.0,195304.0,54.1,3313.84,
2026-04-23 04:00,2026-04-23 13:00,220000.0,223000.0,218500.0,222500.0,2870036,218887.5,213785.0,195491.0,58.6,3398.57,
2026-04-23 05:00,2026-04-23 14:00,222500.0,225000.0,222000.0,224750.0,2810836,219350.0,214125.0,195681.75,61.9,3370.1,
2026-04-24 00:00,2026-04-24 09:00,224000.0,225000.0,220000.0,220750.0,5578280,219562.5,214400.0,195857.0,53.7,3486.52,
2026-04-24 01:00,2026-04-24 10:00,220500.0,221000.0,219000.0,220750.0,3564983,219775.0,214685.0,196017.25,53.7,3380.34,
2026-04-24 02:00,2026-04-24 11:00,220500.0,220500.0,219000.0,219500.0,2044358,219825.0,215025.0,196259.25,51.3,3263.89,
2026-04-24 03:00,2026-04-24 12:00,219500.0,220000.0,217000.0,217000.0,2112362,219837.5,215325.0,196497.75,46.7,3245.04,
2026-04-24 04:00,2026-04-24 13:00,217250.0,219500.0,216500.0,219000.0,2579930,219900.0,215685.0,196737.75,50.5,3227.53,
2026-04-24 05:00,2026-04-24 14:00,219000.0,219500.0,218500.0,219500.0,1602346,219975.0,216065.0,196988.25,51.5,3068.42,
2026-04-27 00:00,2026-04-27 09:00,220000.0,223000.0,218500.0,222500.0,0,220187.5,216465.0,197262.75,56.7,3170.68,
2026-04-27 01:00,2026-04-27 10:00,222750.0,224000.0,220500.0,223250.0,3357179,220412.5,216910.0,197514.5,57.9,3194.2,
2026-04-27 02:00,2026-04-27 11:00,223250.0,226000.0,223000.0,224500.0,3784306,220737.5,217260.0,197689.5,60.0,3180.33,
2026-04-27 03:00,2026-04-27 12:00,225000.0,225500.0,224000.0,225500.0,2002366,221162.5,217600.0,197864.5,61.6,3060.31,
2026-04-27 04:00,2026-04-27 13:00,225250.0,226000.0,224000.0,225000.0,2809534,221562.5,217925.0,198055.0,60.3,2984.57,
2026-04-27 05:00,2026-04-27 14:00,224750.0,225500.0,223000.0,223500.0,2627120,221875.0,218220.0,198244.5,56.4,2949.96,
2026-04-28 00:00,2026-04-28 09:00,224000.0,226000.0,221500.0,225250.0,5181865,222337.5,218555.0,198434.75,59.7,3060.68,
2026-04-28 01:00,2026-04-28 10:00,225500.0,226000.0,222500.0,222500.0,3172096,222537.5,218865.0,198607.25,53.0,3092.06,
2026-04-28 02:00,2026-04-28 11:00,222500.0,223500.0,221500.0,221750.0,2463572,222187.5,219025.0,198759.75,51.3,3014.05,
2026-04-28 03:00,2026-04-28 12:00,221750.0,224000.0,221500.0,223000.0,1537545,222062.5,219190.0,198911.25,53.9,2977.33,
2026-04-28 04:00,2026-04-28 13:00,223000.0,223500.0,222500.0,223250.0,1634927,222175.0,219360.0,199062.5,54.5,2836.1,
2026-04-28 05:00,2026-04-28 14:00,223000.0,223500.0,222000.0,223000.0,2090909,222337.5,219530.0,199212.0,53.8,2740.66,
2026-04-29 00:00,2026-04-29 09:00,219500.0,222000.0,218500.0,221000.0,3781990,222262.5,219670.0,199345.5,48.7,2866.33,
2026-04-29 01:00,2026-04-29 10:00,220500.0,221000.0,218500.0,221000.0,2217142,222075.0,219850.0,199508.0,48.7,2840.16,
2026-04-29 02:00,2026-04-29 11:00,220750.0,221000.0,219500.0,220000.0,1487274,222037.5,219955.0,199662.0,46.1,2744.44,
2026-04-29 03:00,2026-04-29 12:00,220000.0,222000.0,220000.0,221250.0,1640929,222062.5,220050.0,199828.75,49.7,2691.26,
2026-04-29 04:00,2026-04-29 13:00,221250.0,228000.0,221000.0,226500.0,5708725,222412.5,220240.0,200028.25,61.2,2999.03,
2026-04-29 05:00,2026-04-29 14:00,226500.0,227500.0,224500.0,226750.0,3165920,222900.0,220445.0,200228.0,61.7,2999.1,
2026-04-30 00:00,2026-04-30 09:00,228500.0,230000.0,225500.0,226500.0,6079412,223275.0,220660.0,200427.0,60.9,3106.31,
2026-04-30 01:00,2026-04-30 10:00,226250.0,227000.0,224500.0,226500.0,2156831,223625.0,220850.0,200624.0,60.9,3063.0,
2026-04-30 02:00,2026-04-30 11:00,226750.0,227000.0,224000.0,224500.0,1916674,223725.0,221005.0,200833.5,54.6,3058.5,
2026-04-30 03:00,2026-04-30 12:00,224500.0,225500.0,224000.0,224750.0,1149639,223800.0,221145.0,201029.75,55.3,2947.18,
2026-04-30 04:00,2026-04-30 13:00,225000.0,225000.0,221000.0,222000.0,2836252,223675.0,221255.0,201218.75,47.6,3022.38,
2026-04-30 05:00,2026-04-30 14:00,221750.0,224000.0,221750.0,223000.0,2053040,223550.0,221405.0,201411.25,50.3,2967.21,
2026-05-04 00:00,2026-05-04 09:00,228000.0,228000.0,224000.0,225250.0,0,223562.5,221580.0,201621.5,55.8,3112.41,
2026-05-04 01:00,2026-05-04 10:00,225250.0,229000.0,224500.0,228250.0,5120088,223800.0,221815.0,201841.75,61.9,3211.52,
2026-05-04 02:00,2026-05-04 11:00,228250.0,231000.0,227500.0,228500.0,6155532,223962.5,222015.0,202051.25,62.4,3232.13,
2026-05-04 03:00,2026-05-04 12:00,228750.0,230000.0,227500.0,230000.0,2800965,224337.5,222280.0,202272.25,65.1,3179.83,
2026-05-04 04:00,2026-05-04 13:00,230000.0,230500.0,229000.0,230500.0,3118647,224775.0,222535.0,202501.5,66.0,3059.84,
2026-05-04 05:00,2026-05-04 14:00,230250.0,232000.0,230000.0,231500.0,4762779,225200.0,222805.0,202729.0,67.8,2984.14,
2026-05-06 00:00,2026-05-06 09:00,254000.0,261500.0,251000.0,261000.0,0,227087.5,223660.0,203103.5,87.9,4913.85,
2026-05-06 01:00,2026-05-06 10:00,260750.0,261500.0,257000.0,260500.0,5068300,228962.5,224495.0,203462.0,86.9,4884.29,
2026-05-06 02:00,2026-05-06 11:00,260500.0,263000.0,259500.0,262500.0,4383479,231037.5,225385.0,203794.5,87.5,4785.41,
2026-05-06 03:00,2026-05-06 12:00,262500.0,270000.0,262000.0,266000.0,6388502,233287.5,226365.0,204140.0,88.5,5015.02,
2026-05-06 04:00,2026-05-06 13:00,266250.0,269000.0,265500.0,265500.0,3730312,235562.5,227335.0,204484.5,87.4,4906.81,
2026-05-06 05:00,2026-05-06 14:00,265500.0,268500.0,264000.0,268250.0,4599355,237912.5,228355.0,204844.25,88.3,4877.75,
2026-05-07 00:00,2026-05-07 09:00,272000.0,277000.0,260500.0,263500.0,16726770,239762.5,229305.0,205180.25,78.5,5707.91,
2026-05-07 01:00,2026-05-07 10:00,263500.0,268500.0,260000.0,267250.0,5080153,241787.5,230280.0,205539.5,80.3,5907.34,
2026-05-07 02:00,2026-05-07 11:00,267500.0,269500.0,264500.0,265750.0,3542181,243750.0,231020.0,205838.25,77.4,5842.53,
2026-05-07 03:00,2026-05-07 12:00,265500.0,267500.0,263000.0,266000.0,2696880,245725.0,231830.0,206143.25,77.6,5746.64,
2026-05-07 04:00,2026-05-07 13:00,266000.0,266500.0,264500.0,266000.0,3121087,247800.0,232730.0,206450.75,77.6,5479.02,
2026-05-07 05:00,2026-05-07 14:00,266000.0,274000.0,265750.0,271500.0,5147622,250137.5,233765.0,206782.0,80.7,5676.95,
2026-05-08 00:00,2026-05-08 09:00,260000.0,266000.0,260000.0,266000.0,8060336,252337.5,234635.0,207082.0,70.1,6092.88,
2026-05-08 01:00,2026-05-08 10:00,266000.0,268500.0,263000.0,263250.0,3958493,254350.0,235405.0,207358.25,65.5,6050.53,
2026-05-08 02:00,2026-05-08 11:00,263000.0,264500.0,262000.0,264000.0,3117073,256287.5,236270.0,207677.0,66.1,5796.92,
2026-05-08 03:00,2026-05-08 12:00,263750.0,266000.0,263000.0,265750.0,2275537,258162.5,237170.0,207995.75,67.7,5597.14,
2026-05-08 04:00,2026-05-08 13:00,265500.0,267000.0,264500.0,266000.0,2178904,260037.5,238100.0,208303.25,67.9,5375.92,
2026-05-08 05:00,2026-05-08 14:00,266000.0,270000.0,265500.0,268500.0,2930240,261962.5,239130.0,208627.0,70.2,5313.35,
2026-05-11 00:00,2026-05-11 09:00,284500.0,288500.0,282000.0,283500.0,0,264612.5,240420.0,209038.25,79.4,6362.4,
2026-05-11 01:00,2026-05-11 10:00,283500.0,288000.0,280000.0,287750.0,6463519,267425.0,241785.0,209477.0,81.2,6479.37,
2026-05-11 02:00,2026-05-11 11:00,287750.0,288000.0,282500.0,284500.0,3264377,268600.0,243025.0,209899.5,75.8,6409.42,
2026-05-11 03:00,2026-05-11 12:00,284500.0,286000.0,283000.0,286000.0,2381087,269875.0,244280.0,210327.0,76.6,6165.89,
2026-05-11 04:00,2026-05-11 13:00,285500.0,287500.0,284500.0,287250.0,2875587,271112.5,245535.0,210760.75,77.2,5939.75,
2026-05-11 05:00,2026-05-11 14:00,287250.0,288000.0,284000.0,284250.0,4317912,272025.0,246710.0,211182.0,72.0,5801.2,
2026-05-12 00:00,2026-05-12 09:00,290000.0,291500.0,284500.0,286500.0,8286695,273075.0,247940.0,211616.5,73.5,5904.68,
2026-05-12 01:00,2026-05-12 10:00,286500.0,287500.0,266000.0,272500.0,11574847,273287.5,248920.0,211980.0,54.6,7018.63,
2026-05-12 02:00,2026-05-12 11:00,272500.0,282500.0,271000.0,282500.0,4939104,274237.5,250065.0,212459.0,62.1,7338.73,
2026-05-12 03:00,2026-05-12 12:00,282500.0,283000.0,276500.0,276500.0,2413834,274700.0,251145.0,212891.0,56.1,7278.82,
2026-05-12 04:00,2026-05-12 13:00,276250.0,278000.0,272000.0,272750.0,3647294,275050.0,252165.0,213312.75,52.7,7187.48,
2026-05-12 05:00,2026-05-12 14:00,272750.0,279000.0,271500.0,278000.0,4594241,275650.0,253265.0,213764.75,56.7,7209.8,
2026-05-13 00:00,2026-05-13 09:00,264000.0,269500.0,262000.0,269000.0,10727283,275800.0,254180.0,214169.75,49.0,7837.67,
2026-05-13 01:00,2026-05-13 10:00,269250.0,282000.0,268500.0,278750.0,7180524,276162.5,255295.0,214626.0,56.0,8242.12,
2026-05-13 02:00,2026-05-13 11:00,278750.0,281000.0,276000.0,278000.0,2955802,276762.5,256435.0,215070.5,55.3,8010.54,
2026-05-13 03:00,2026-05-13 12:00,278000.0,282000.0,277000.0,281500.0,2369756,277675.0,257645.0,215544.5,57.7,7795.51,
2026-05-13 04:00,2026-05-13 13:00,281750.0,285000.0,281000.0,281750.0,4555839,278562.5,258880.0,216012.25,57.9,7524.4,
2026-05-13 05:00,2026-05-13 14:00,281500.0,285500.0,279500.0,284750.0,4175579,279512.5,260150.0,216487.5,60.0,7415.51,
2026-05-14 00:00,2026-05-14 09:00,282000.0,299500.0,282000.0,299500.0,13018332,281187.5,261610.0,217035.75,68.3,8135.83,
2026-05-14 01:00,2026-05-14 10:00,299500.0,299500.0,292500.0,292500.0,5381678,282387.5,262925.0,217550.75,61.7,8054.7,
2026-05-14 02:00,2026-05-14 11:00,292500.0,295000.0,288500.0,289000.0,4290525,282662.5,264175.0,218015.25,58.7,7943.65,
2026-05-14 03:00,2026-05-14 12:00,289250.0,293500.0,288500.0,290000.0,2701986,282775.0,265445.0,218490.75,59.3,7733.39,
2026-05-14 04:00,2026-05-14 13:00,290500.0,295000.0,289500.0,292500.0,2911198,283175.0,266805.0,218993.0,60.9,7573.86,
2026-05-14 05:00,2026-05-14 14:00,293000.0,294500.0,290000.0,294000.0,3633101,283575.0,268190.0,219504.5,61.8,7354.3,
2026-05-15 00:00,2026-05-15 09:00,291000.0,296500.0,290000.0,292750.0,6043979,283850.0,269605.0,220009.25,60.5,7293.28,
2026-05-15 01:00,2026-05-15 10:00,292750.0,293500.0,284000.0,284500.0,4996378,283862.5,270835.0,220481.25,52.5,7450.9,
2026-05-15 02:00,2026-05-15 11:00,284750.0,285500.0,278500.0,281750.0,6148397,283625.0,271965.0,220971.0,50.1,7418.7,
2026-05-15 03:00,2026-05-15 12:00,281750.0,282500.0,278500.0,280250.0,3314480,284012.5,273005.0,221461.25,48.8,7174.5,
2026-05-15 04:00,2026-05-15 13:00,280250.0,280250.0,273500.0,274250.0,4987947,283600.0,273920.0,221932.5,43.9,7144.18,
2026-05-15 05:00,2026-05-15 14:00,274250.0,277000.0,267000.0,268000.0,6627191,283175.0,274680.0,222359.0,39.5,7348.17,
2026-05-18 00:00,2026-05-18 09:00,269500.0,278500.0,262000.0,278500.0,0,283462.5,275640.0,222843.5,48.9,8001.87,
2026-05-18 01:00,2026-05-18 10:00,278500.0,285000.0,272500.0,282000.0,6937036,283662.5,276650.0,223352.5,51.5,8323.17,
2026-05-18 02:00,2026-05-18 11:00,282250.0,288500.0,280000.0,283000.0,5060173,284362.5,277090.0,223907.0,52.3,8335.8,
2026-05-18 03:00,2026-05-18 12:00,283000.0,285000.0,279750.0,283500.0,2653518,284600.0,277550.0,224454.5,52.7,8115.38,
2026-05-18 04:00,2026-05-18 13:00,284000.0,285500.0,280500.0,282000.0,2305369,284800.0,277940.0,224997.0,51.3,7892.86,
2026-05-18 05:00,2026-05-18 14:00,282000.0,285000.0,277500.0,283000.0,3176665,284875.0,278280.0,225531.5,52.2,7864.79,
2026-05-19 00:00,2026-05-19 09:00,274000.0,277000.0,271000.0,272000.0,6761417,284387.5,278410.0,225993.5,42.7,8160.17,
2026-05-19 01:00,2026-05-19 10:00,272000.0,274000.0,268500.0,268500.0,4638859,283575.0,278415.0,226440.5,40.2,7970.15,
2026-05-19 02:00,2026-05-19 11:00,269000.0,272500.0,266000.0,271750.0,4035762,282187.5,278580.0,226935.75,43.5,7865.14,
2026-05-19 03:00,2026-05-19 12:00,272000.0,278500.0,269500.0,276500.0,3124044,281387.5,278765.0,227447.75,48.1,7946.2,
2026-05-19 04:00,2026-05-19 13:00,276500.0,276500.0,271000.0,274750.0,2520325,280675.0,278945.0,227952.0,46.6,7771.48,
2026-05-19 05:00,2026-05-19 14:00,274500.0,281500.0,273000.0,279750.0,4364880,280162.5,279220.0,228472.75,51.2,7823.51,
2026-05-20 00:00,2026-05-20 09:00,278000.0,281000.0,271500.0,274500.0,7555470,279262.5,279390.0,228965.75,46.6,7943.26,
2026-05-20 01:00,2026-05-20 10:00,274000.0,279000.0,272500.0,279000.0,3607878,278512.5,279540.0,229482.25,50.7,7840.17,
2026-05-20 02:00,2026-05-20 11:00,279000.0,282500.0,263500.0,268000.0,9026568,277275.0,279580.0,229968.75,42.2,8637.3,
2026-05-20 03:00,2026-05-20 12:00,268000.0,270000.0,265000.0,269000.0,3187676,276500.0,279695.0,230446.75,43.2,8377.5,
2026-05-20 04:00,2026-05-20 13:00,268500.0,275000.0,268500.0,269500.0,3587720,275887.5,279805.0,230937.25,43.6,8243.39,
2026-05-20 05:00,2026-05-20 14:00,270000.0,274500.0,269000.0,273500.0,3189160,275550.0,279960.0,231459.75,47.5,8047.43,
2026-05-21 00:00,2026-05-21 09:00,291000.0,295000.0,287000.0,292000.0,9690227,276437.5,280480.0,232077.25,60.9,9008.33,
2026-05-21 01:00,2026-05-21 10:00,292000.0,297000.0,291000.0,292000.0,5787428,277637.5,280950.0,232692.75,60.9,8793.45,
2026-05-21 02:00,2026-05-21 11:00,292000.0,293500.0,291500.0,292500.0,3368227,278337.5,281130.0,233253.75,61.3,8308.2,
2026-05-21 03:00,2026-05-21 12:00,292500.0,298000.0,292500.0,297000.0,4113991,279087.5,281315.0,233827.25,64.0,8107.62,
2026-05-21 04:00,2026-05-21 13:00,296500.0,298000.0,295000.0,297000.0,3221617,279787.5,281565.0,234391.25,64.0,7742.79,
2026-05-21 05:00,2026-05-21 14:00,297000.0,299000.0,297000.0,298750.0,5091944,280550.0,281820.0,234961.0,65.2,7332.59,
2026-05-22 00:00,2026-05-22 09:00,300000.0,300500.0,292000.0,293000.0,6320614,281100.0,281935.0,235485.5,58.7,7415.97,
2026-05-22 01:00,2026-05-22 10:00,293500.0,296000.0,292000.0,294500.0,2294107,281675.0,282140.0,236011.75,59.8,7171.98,
2026-05-22 02:00,2026-05-22 11:00,294500.0,295000.0,293000.0,294000.0,1313466,282775.0,282290.0,236523.25,59.2,6802.55,
2026-05-22 03:00,2026-05-22 12:00,293500.0,294500.0,292000.0,292500.0,1403323,283975.0,282690.0,237078.25,57.4,6495.22,
2026-05-22 04:00,2026-05-22 13:00,292500.0,294500.0,292500.0,293000.0,1606382,285037.5,282900.0,237645.25,57.9,6174.14,
2026-05-22 05:00,2026-05-22 14:00,293500.0,295000.0,292500.0,292750.0,2492081,285850.0,283225.0,238218.0,57.5,5911.7,
2026-05-26 00:00,2026-05-26 09:00,298000.0,301500.0,297500.0,301250.0,0,287175.0,283795.0,238828.75,64.9,6114.43,
2026-05-26 01:00,2026-05-26 10:00,301250.0,302000.0,299000.0,300500.0,3705374,288212.5,284245.0,239454.25,63.9,5891.97,
2026-05-26 02:00,2026-05-26 11:00,300500.0,301000.0,299500.0,299750.0,1426234,289475.0,284860.0,240019.0,62.8,5578.26,
2026-05-26 03:00,2026-05-26 12:00,299750.0,301500.0,299500.0,300750.0,1888400,290562.5,285300.0,240603.75,63.7,5322.67,
2026-05-26 04:00,2026-05-26 13:00,301000.0,301500.0,300000.0,300250.0,1912141,292175.0,285745.0,241184.5,62.9,5049.62,
2026-05-26 05:00,2026-05-26 14:00,300250.0,301000.0,299000.0,300500.0,2751619,293750.0,286125.0,241758.5,63.1,4831.79,
2026-05-27 00:00,2026-05-27 09:00,321500.0,323000.0,313000.0,318500.0,10655530,296200.0,286860.0,242422.0,75.9,6093.81,
2026-05-27 01:00,2026-05-27 10:00,318500.0,320500.0,315000.0,319250.0,3691340,298487.5,287550.0,243084.75,76.3,6051.39,
2026-05-27 02:00,2026-05-27 11:00,319000.0,321500.0,317000.0,320500.0,3397606,299912.5,287970.0,243726.25,76.9,5940.58,
2026-05-27 03:00,2026-05-27 12:00,320500.0,321500.0,318000.0,318250.0,3082867,301225.0,288485.0,244360.5,73.1,5766.25,
2026-05-27 04:00,2026-05-27 13:00,318250.0,319500.0,314000.0,315000.0,3623703,302350.0,289005.0,244971.0,67.9,5747.23,
2026-05-27 05:00,2026-05-27 14:00,315250.0,316000.0,308500.0,309250.0,4795823,302962.5,289390.0,245558.75,59.8,5872.43,
2026-05-28 00:00,2026-05-28 09:00,305000.0,306500.0,299000.0,306000.0,6983253,303412.5,289660.0,246128.25,55.7,6185.12,
2026-05-28 01:00,2026-05-28 10:00,306000.0,306500.0,300500.0,303500.0,3284139,303650.0,289850.0,246684.75,52.8,6171.89,
2026-05-28 02:00,2026-05-28 11:00,303500.0,304000.0,299000.0,299500.0,2661407,303975.0,289985.0,247198.25,48.3,6088.19,
2026-05-28 03:00,2026-05-28 12:00,299500.0,300500.0,292500.0,294250.0,4230533,303962.5,290180.0,247701.5,43.2,6224.74,
2026-05-28 04:00,2026-05-28 13:00,294250.0,294250.0,287500.0,291000.0,5305145,303812.5,290365.0,248183.5,40.3,6262.26,
2026-05-28 05:00,2026-05-28 14:00,291000.0,299500.0,289500.0,298000.0,4204763,304087.5,290720.0,248706.0,48.3,6529.24,
2026-05-29 00:00,2026-05-29 09:00,309500.0,319000.0,308000.0,308500.0,9126087,304862.5,291405.0,249277.0,57.4,7562.87,
2026-05-29 01:00,2026-05-29 10:00,308500.0,314000.0,305500.0,313500.0,3297638,305900.0,292315.0,249865.0,61.0,7629.81,
2026-05-29 02:00,2026-05-29 11:00,314000.0,314500.0,309000.0,310250.0,2341497,306350.0,292950.0,250370.0,57.6,7477.68,
2026-05-29 03:00,2026-05-29 12:00,310500.0,313500.0,310000.0,312500.0,1823357,306950.0,293560.0,250883.75,59.3,7193.56,
2026-05-29 04:00,2026-05-29 13:00,312500.0,314500.0,312000.0,313750.0,2724597,307650.0,294175.0,251402.5,60.2,6858.3,
2026-05-29 05:00,2026-05-29 14:00,314000.0,318500.0,313500.0,317500.0,4370149,308487.5,294855.0,251935.0,63.0,6725.57,
2026-06-01 00:00,2026-06-01 09:00,319500.0,335500.0,319500.0,334500.0,0,310200.0,295905.0,252537.5,72.3,7530.88,
2026-06-01 01:00,2026-06-01 10:00,334750.0,349000.0,334500.0,346000.0,7934918,312475.0,297165.0,253216.25,76.6,8028.68,
2026-06-01 02:00,2026-06-01 11:00,346000.0,348500.0,343500.0,346750.0,4337141,313887.5,298660.0,253925.0,76.9,7812.34,
2026-06-01 03:00,2026-06-01 12:00,347000.0,349000.0,346000.0,347250.0,2699317,315287.5,300235.0,254638.75,77.1,7468.61,
2026-06-01 04:00,2026-06-01 13:00,347000.0,350000.0,346500.0,349500.0,2900988,316737.5,301790.0,255363.75,77.9,7185.13,
2026-06-01 05:00,2026-06-01 14:00,349500.0,351250.0,343500.0,351250.0,5004076,318387.5,303285.0,256105.0,78.5,7225.48,
2026-06-02 00:00,2026-06-02 09:00,360500.0,370000.0,342000.0,350000.0,18741727,320137.5,304790.0,256840.0,76.8,8709.38,
2026-06-02 01:00,2026-06-02 10:00,350000.0,361500.0,349500.0,350000.0,5277253,322175.0,306195.0,257570.0,76.8,8944.42,
2026-06-02 02:00,2026-06-02 11:00,350000.0,356000.0,347000.0,352500.0,4053931,324500.0,307755.0,258288.75,77.9,8948.39,
2026-06-02 03:00,2026-06-02 12:00,352500.0,353500.0,347500.0,351000.0,3120063,326875.0,309195.0,258998.75,75.6,8737.79,
2026-06-02 04:00,2026-06-02 13:00,350750.0,356500.0,349500.0,356500.0,3565585,329725.0,310965.0,259741.25,78.2,8613.66,
2026-06-02 05:00,2026-06-02 14:00,356250.0,366000.0,354500.0,361500.0,4358269,333087.5,312815.0,260510.0,80.2,8819.83,
2026-06-04 00:00,2026-06-04 09:00,349000.0,366000.0,348000.0,359500.0,0,336512.5,314615.0,261272.5,77.1,9475.56,
2026-06-04 01:00,2026-06-04 10:00,359500.0,362000.0,354500.0,354500.0,4558636,339337.5,316235.0,262012.5,69.7,9334.45,
2026-06-04 02:00,2026-06-04 11:00,354500.0,356000.0,350500.0,353750.0,3823506,341600.0,317470.0,262768.75,68.7,9060.56,
2026-06-04 03:00,2026-06-04 12:00,353750.0,360000.0,353500.0,358500.0,2642135,343850.0,318800.0,263551.25,71.6,8877.66,
2026-06-04 04:00,2026-06-04 13:00,358500.0,359000.0,356000.0,357750.0,2230981,346225.0,320105.0,264335.0,70.5,8457.83,
2026-06-04 05:00,2026-06-04 14:00,357500.0,359000.0,353500.0,355500.0,3445290,348375.0,321275.0,265110.0,67.1,8246.55,
2026-06-05 00:00,2026-06-05 09:00,333500.0,335000.0,325000.0,326500.0,10420498,349012.5,321865.0,265730.0,40.1,9836.09,
2026-06-05 01:00,2026-06-05 10:00,326500.0,338000.0,325500.0,337500.0,4585589,350012.5,322640.0,266412.5,48.6,10026.36,
2026-06-05 02:00,2026-06-05 11:00,337500.0,343000.0,335000.0,336500.0,3581752,350112.5,323510.0,267060.0,47.9,9881.62,
2026-06-05 03:00,2026-06-05 12:00,336500.0,338500.0,332500.0,334000.0,2179824,349512.5,324300.0,267687.5,46.2,9604.37,
2026-06-05 04:00,2026-06-05 13:00,334000.0,335500.0,330000.0,334500.0,2701860,348900.0,325110.0,268316.25,46.6,9311.2,
2026-06-05 05:00,2026-06-05 14:00,334500.0,336500.0,331000.0,331500.0,2903530,348112.5,325890.0,268930.0,44.4,9038.97,
2026-06-08 00:00,2026-06-08 09:00,293000.0,311500.0,292500.0,306000.0,0,345937.5,326150.0,269417.5,31.2,11179.04,
2026-06-08 01:00,2026-06-08 10:00,306000.0,308000.0,297500.0,307000.0,7127228,343725.0,326435.0,269917.5,32.0,11130.54,
2026-06-08 02:00,2026-06-08 11:00,307000.0,315500.0,306000.0,312000.0,5195055,341825.0,326650.0,270408.75,36.3,11014.07,
2026-06-08 03:00,2026-06-08 12:00,312000.0,314000.0,308500.0,310250.0,2567074,339837.5,326845.0,270886.25,35.5,10620.21,
2026-06-08 04:00,2026-06-08 13:00,310500.0,312000.0,302500.0,303000.0,2980400,337362.5,326910.0,271327.5,32.1,10540.19,
2026-06-08 05:00,2026-06-08 14:00,303000.0,306000.0,296500.0,297000.0,4806906,334662.5,326835.0,271740.0,29.7,10465.9,
2026-06-09 00:00,2026-06-09 09:00,310000.0,312000.0,303000.0,305500.0,6258173,332112.5,326940.0,272197.5,37.1,10789.76,
2026-06-09 01:00,2026-06-09 10:00,305500.0,307500.0,300000.0,307250.0,3820043,329400.0,327075.0,272673.75,38.5,10554.78,
2026-06-09 02:00,2026-06-09 11:00,307250.0,307500.0,303500.0,306750.0,2516263,326762.5,326840.0,273133.75,38.2,10086.58,
2026-06-09 03:00,2026-06-09 12:00,306750.0,313000.0,306000.0,313000.0,3355600,324687.5,326715.0,273616.25,43.5,9866.11,
2026-06-09 04:00,2026-06-09 13:00,313000.0,322500.0,312000.0,318250.0,5045556,322912.5,326670.0,274122.5,47.6,9911.39,
2026-06-09 05:00,2026-06-09 14:00,318250.0,324000.0,318000.0,320000.0,3363504,320987.5,326705.0,274640.0,48.9,9632.0,
2026-06-10 00:00,2026-06-10 09:00,311000.0,314500.0,305000.0,307000.0,6710039,318450.0,326545.0,275096.25,40.7,10015.43,
2026-06-10 01:00,2026-06-10 10:00,307000.0,310500.0,305500.0,306500.0,2675036,316000.0,326490.0,275543.75,40.4,9657.19,
2026-06-10 02:00,2026-06-10 11:00,307000.0,307500.0,303000.0,305000.0,2501075,314925.0,326470.0,275985.0,39.5,9288.81,
2026-06-10 03:00,2026-06-10 12:00,305000.0,308500.0,303000.0,303000.0,1954535,313200.0,326460.0,276411.25,38.3,9018.19,
2026-06-10 04:00,2026-06-10 13:00,303500.0,304000.0,296500.0,298750.0,4806392,311312.5,326445.0,276822.5,35.9,8909.74,
2026-06-10 05:00,2026-06-10 14:00,298500.0,301000.0,295250.0,298500.0,3925497,309537.5,326530.0,277237.5,35.7,8684.05,
2026-06-11 00:00,2026-06-11 09:00,290500.0,299500.0,287500.0,299000.0,7108738,307762.5,326690.0,277650.0,36.3,8920.9,
2026-06-11 01:00,2026-06-11 10:00,299000.0,306500.0,297000.0,300500.0,5064932,306212.5,326740.0,278070.0,38.0,8962.27,
2026-06-11 02:00,2026-06-11 11:00,300250.0,302000.0,294000.0,298000.0,2848804,305812.5,326530.0,278467.5,36.2,8893.53,
2026-06-11 03:00,2026-06-11 12:00,298000.0,300000.0,295000.0,299750.0,2258518,305450.0,326255.0,278882.5,38.4,8615.42,
2026-06-11 04:00,2026-06-11 13:00,299500.0,301500.0,297000.0,301000.0,2043073,304900.0,326070.0,279298.75,40.0,8321.46,
2026-06-11 05:00,2026-06-11 14:00,301000.0,301000.0,297000.0,299000.0,2097330,304337.5,325800.0,279703.75,38.3,8012.79,
2026-06-12 00:00,2026-06-12 09:00,326000.0,339000.0,325000.0,335000.0,10358167,305937.5,326225.0,280287.5,66.1,10297.59,
2026-06-12 01:00,2026-06-12 10:00,335500.0,337000.0,328000.0,332500.0,3957337,307712.5,326525.0,280856.25,64.0,10204.9,
2026-06-12 02:00,2026-06-12 11:00,332750.0,335000.0,331000.0,334750.0,2135867,309175.0,326530.0,281440.0,65.1,9761.7,
2026-06-12 03:00,2026-06-12 12:00,334750.0,337000.0,332500.0,335250.0,2282580,310575.0,326315.0,282031.25,65.3,9385.86,
2026-06-12 04:00,2026-06-12 13:00,335500.0,337000.0,334000.0,335000.0,2611131,311987.5,326080.0,282621.25,65.1,8929.73,
2026-06-12 05:00,2026-06-12 14:00,335000.0,335500.0,320000.0,321000.0,4604903,312387.5,325555.0,283140.0,52.7,9399.03,
2026-06-15 00:00,2026-06-15 09:00,342500.0,344500.0,335500.0,340000.0,0,313475.0,325365.0,283760.0,63.0,10406.25,
2026-06-15 01:00,2026-06-15 10:00,340000.0,340000.0,335500.0,336000.0,2784263,314275.0,325060.0,284347.5,60.0,9984.37,
2026-06-15 02:00,2026-06-15 11:00,335750.0,338500.0,335000.0,338500.0,1785043,315850.0,324830.0,284896.25,61.2,9521.2,
2026-06-15 03:00,2026-06-15 12:00,338000.0,340000.0,338000.0,338000.0,1551737,317425.0,324590.0,285458.75,60.8,8983.97,
2026-06-15 04:00,2026-06-15 13:00,338500.0,339000.0,336500.0,337500.0,1904581,319050.0,324290.0,286041.25,60.4,8520.83,
2026-06-15 05:00,2026-06-15 14:00,337500.0,338000.0,334000.0,335500.0,2623709,320675.0,323980.0,286620.0,58.6,8197.92,
2026-06-16 00:00,2026-06-16 09:00,343000.0,345500.0,335000.0,336750.0,5396510,322575.0,323585.0,287191.25,59.4,8362.35,
2026-06-16 01:00,2026-06-16 10:00,336500.0,339000.0,332500.0,338500.0,2977319,324575.0,323125.0,287760.0,60.6,8229.32,
2026-06-16 02:00,2026-06-16 11:00,338500.0,341500.0,337000.0,339750.0,1478795,326612.5,322730.0,288355.0,61.4,7962.94,
2026-06-16 03:00,2026-06-16 12:00,339750.0,344000.0,338500.0,342000.0,1498064,328687.5,322480.0,288961.25,63.0,7787.02,
2026-06-16 04:00,2026-06-16 13:00,341750.0,344000.0,340000.0,341000.0,1463058,330837.5,322225.0,289568.75,61.8,7516.52,
2026-06-16 05:00,2026-06-16 14:00,341250.0,342500.0,339000.0,339500.0,1604907,332825.0,321845.0,290181.25,60.0,7229.62,
2026-06-17 00:00,2026-06-17 09:00,332000.0,337000.0,331500.0,333250.0,4760606,334437.5,321355.0,290752.5,53.0,7284.65,
2026-06-17 01:00,2026-06-17 10:00,333500.0,337000.0,332500.0,335750.0,2237229,336275.0,320960.0,291333.75,55.2,7085.75,
2026-06-17 02:00,2026-06-17 11:00,336000.0,339500.0,335500.0,336500.0,1412590,336350.0,321160.0,291903.75,55.9,6865.34,
2026-06-17 03:00,2026-06-17 12:00,336500.0,338500.0,335500.0,337500.0,1208815,336600.0,321160.0,292475.0,56.9,6589.24,
2026-06-17 04:00,2026-06-17 13:00,337250.0,342500.0,337000.0,341500.0,2427310,336937.5,321260.0,293060.0,60.5,6511.44,
2026-06-17 05:00,2026-06-17 14:00,341500.0,348000.0,340500.0,345250.0,3415689,337437.5,321485.0,293658.75,63.6,6582.05,
2026-06-18 00:00,2026-06-18 09:00,345000.0,355000.0,344500.0,348750.0,9178929,338125.0,321770.0,294277.5,66.2,6861.9,
2026-06-18 01:00,2026-06-18 10:00,348750.0,351500.0,347000.0,348250.0,3581414,339487.5,322105.0,294901.25,65.5,6693.2,
2026-06-18 02:00,2026-06-18 11:00,348500.0,350500.0,347500.0,350500.0,1784211,340012.5,322995.0,295527.5,67.3,6429.4,
2026-06-18 03:00,2026-06-18 12:00,350500.0,356000.0,350000.0,354500.0,3344156,340937.5,323945.0,296187.5,70.2,6398.73,
2026-06-18 04:00,2026-06-18 13:00,354500.0,357000.0,351500.0,352250.0,3892493,341625.0,324750.0,296840.0,66.6,6334.53,
2026-06-18 05:00,2026-06-18 14:00,352250.0,359000.0,351000.0,358000.0,4263031,342625.0,325705.0,297515.0,70.7,6453.49,
2026-06-19 00:00,2026-06-19 09:00,372500.0,374500.0,363500.0,372500.0,9274016,344375.0,327095.0,298261.25,78.1,7171.1,
2026-06-19 01:00,2026-06-19 10:00,372500.0,374000.0,367000.0,367000.0,3693059,345950.0,328495.0,298981.25,70.8,7158.88,
2026-06-19 02:00,2026-06-19 11:00,367000.0,370500.0,365500.0,368000.0,2491247,347512.5,329745.0,299716.25,71.3,7004.67,
2026-06-19 03:00,2026-06-19 12:00,368000.0,369000.0,350500.0,353000.0,6854312,348237.5,330660.0,300376.25,55.3,7825.77,
2026-06-19 04:00,2026-06-19 13:00,353000.0,358000.0,350000.0,351500.0,4533249,348825.0,331555.0,301033.75,54.0,7838.21,
2026-06-19 05:00,2026-06-19 14:00,351500.0,357500.0,346250.0,357250.0,4843923,349587.5,332440.0,301713.75,58.1,8081.91,
2026-06-22 00:00,2026-06-22 09:00,343000.0,357500.0,342000.0,357500.0,0,350412.5,333225.0,302368.75,58.3,8611.78,
2026-06-22 01:00,2026-06-22 10:00,357250.0,363000.0,355500.0,356000.0,4537772,351237.5,333945.0,303015.0,56.8,8532.36,
2026-06-22 02:00,2026-06-22 11:00,356000.0,359500.0,355500.0,357000.0,1788368,352425.0,334945.0,303667.5,57.6,8208.62,
2026-06-22 03:00,2026-06-22 12:00,356500.0,359000.0,354000.0,355250.0,2073977,353400.0,335920.0,304311.25,55.6,7979.44,
2026-06-22 04:00,2026-06-22 13:00,355000.0,356500.0,347000.0,350000.0,3208059,354075.0,336820.0,304938.75,50.2,8088.05,
2026-06-22 05:00,2026-06-22 14:00,349500.0,355000.0,348000.0,352000.0,2064058,354800.0,337800.0,305575.0,52.1,8010.33,
2026-06-23 00:00,2026-06-23 09:00,347500.0,353000.0,338000.0,343250.0,10044739,354887.5,338690.0,306181.25,44.1,8509.59,
2026-06-23 01:00,2026-06-23 10:00,343000.0,346000.0,335000.0,335500.0,4742267,354400.0,339430.0,306743.75,38.5,8687.48,
2026-06-23 02:00,2026-06-23 11:00,335500.0,341000.0,333500.0,338500.0,3942487,353887.5,340220.0,307310.0,41.6,8602.66,
2026-06-23 03:00,2026-06-23 12:00,338000.0,339500.0,327000.0,334500.0,5299142,353200.0,340900.0,307841.25,38.8,8881.04,
2026-06-23 04:00,2026-06-23 13:00,334500.0,337500.0,328000.0,328250.0,3397703,352087.5,341505.0,308340.0,34.8,8925.25,
2026-06-23 05:00,2026-06-23 14:00,328250.0,330750.0,321500.0,322500.0,3147675,350487.5,341960.0,308802.5,31.6,8948.45,
2026-06-24 00:00,2026-06-24 09:00,314000.0,341000.0,314000.0,335000.0,13960516,349625.0,342640.0,309325.0,43.7,10237.84,
2026-06-24 01:00,2026-06-24 10:00,335000.0,336000.0,326500.0,333500.0,5424958,348400.0,343330.0,309835.0,42.8,10185.14,
2026-06-24 02:00,2026-06-24 11:00,333500.0,334500.0,316500.0,317000.0,4596721,345625.0,342970.0,310115.0,33.8,10743.35,
2026-06-24 03:00,2026-06-24 12:00,317500.0,328000.0,315500.0,326500.0,4737345,343600.0,342850.0,310445.0,41.4,10868.82,
2026-06-24 04:00,2026-06-24 13:00,326500.0,334500.0,320000.0,333500.0,4162437,341875.0,342825.0,310800.0,46.3,11128.19,
2026-06-24 05:00,2026-06-24 14:00,333250.0,340000.0,332000.0,336500.0,5417247,341050.0,342850.0,311152.5,48.3,10904.75,
2026-06-25 00:00,2026-06-25 09:00,359500.0,361500.0,352000.0,354500.0,10632783,341200.0,343240.0,311597.5,58.3,11911.55,
2026-06-25 01:00,2026-06-25 10:00,354500.0,362500.0,353000.0,359000.0,5597161,341287.5,344000.0,312051.25,60.4,11739.3,
2026-06-25 02:00,2026-06-25 11:00,359000.0,360000.0,354500.0,358750.0,2801640,341350.0,344375.0,312527.5,60.2,11293.63,
2026-06-25 03:00,2026-06-25 12:00,359000.0,359500.0,356000.0,358500.0,2307212,341475.0,344825.0,312983.75,60.0,10736.95,
2026-06-25 04:00,2026-06-25 13:00,358500.0,360000.0,357000.0,359000.0,2776455,341575.0,345235.0,313450.0,60.3,10184.31,
2026-06-25 05:00,2026-06-25 14:00,359500.0,362000.0,357500.0,358000.0,4565524,341712.5,345635.0,313910.0,59.4,9778.29,
2026-06-26 00:00,2026-06-26 09:00,354000.0,356500.0,342000.0,345500.0,7718146,341487.5,345795.0,314307.5,49.8,10222.69,
2026-06-26 01:00,2026-06-26 10:00,345500.0,350000.0,339000.0,340000.0,3974351,340887.5,345885.0,314650.0,46.2,10278.22,
2026-06-26 02:00,2026-06-26 11:00,340000.0,341500.0,327500.0,329500.0,5191233,340200.0,345740.0,314967.5,40.3,10544.06,
2026-06-26 03:00,2026-06-26 12:00,329500.0,332000.0,321500.0,331500.0,4536875,340000.0,345600.0,315308.75,41.8,10540.91,
2026-06-26 04:00,2026-06-26 13:00,331500.0,333500.0,325000.0,327000.0,4174457,339425.0,345345.0,315623.75,39.4,10395.13,
2026-06-26 05:00,2026-06-26 14:00,327000.0,338000.0,326500.0,331000.0,4920062,339250.0,345125.0,315950.0,42.6,10474.05,
2026-06-29 00:00,2026-06-29 09:00,331000.0,335500.0,320000.0,327000.0,0,339187.5,344845.0,316255.0,40.3,10833.05,
2026-06-29 01:00,2026-06-29 10:00,327000.0,328000.0,322000.0,323500.0,3902509,339237.5,344525.0,316530.0,38.3,10487.83,
2026-06-29 02:00,2026-06-29 11:00,323500.0,324000.0,320500.0,321250.0,2694154,338550.0,344285.0,316718.75,37.1,9988.7,
2026-06-29 03:00,2026-06-29 12:00,321250.0,324000.0,317000.0,323000.0,4011076,338025.0,344030.0,316895.0,38.8,9775.22,
2026-06-29 04:00,2026-06-29 13:00,323000.0,323500.0,316000.0,316500.0,3823111,338000.0,343630.0,317055.0,35.1,9612.7,
2026-06-29 05:00,2026-06-29 14:00,317000.0,332000.0,316500.0,331500.0,4958885,338250.0,343510.0,317282.5,47.5,10033.23,
2026-06-30 00:00,2026-06-30 09:00,323500.0,335500.0,321000.0,326500.0,7741305,337900.0,343210.0,317478.75,44.5,10352.28,
2026-06-30 01:00,2026-06-30 10:00,326500.0,331500.0,323500.0,330000.0,3329152,337575.0,342905.0,317707.5,47.0,10184.26,
2026-06-30 02:00,2026-06-30 11:00,330500.0,336000.0,327500.0,335250.0,2708876,336612.5,342635.0,317951.25,50.7,10063.96,
2026-06-30 03:00,2026-06-30 12:00,335250.0,336000.0,331500.0,332000.0,2283241,335262.5,342310.0,318248.75,48.5,9666.53,
2026-06-30 04:00,2026-06-30 13:00,331500.0,343000.0,331500.0,339500.0,3939482,334300.0,342090.0,318533.75,53.6,9797.49,
2026-06-30 05:00,2026-06-30 14:00,340000.0,342000.0,335500.0,337500.0,3124810,333250.0,341750.0,318838.75,52.1,9561.96,
2026-07-01 00:00,2026-07-01 09:00,334500.0,339000.0,322500.0,323000.0,5985426,331450.0,341165.0,319090.0,42.8,10057.53,
2026-07-01 01:00,2026-07-01 10:00,323000.0,325500.0,317500.0,317750.0,3549128,329437.5,340360.0,319288.75,40.0,9910.57,
2026-07-01 02:00,2026-07-01 11:00,317750.0,321000.0,311500.0,319000.0,4023882,328112.5,339290.0,319538.75,41.0,9881.24,
2026-07-01 03:00,2026-07-01 12:00,319000.0,323500.0,318500.0,322000.0,1617718,327212.5,338390.0,319755.0,43.4,9532.58,
2026-07-01 04:00,2026-07-01 13:00,321750.0,322000.0,319000.0,320000.0,2139475,326737.5,337430.0,319965.0,42.2,9065.97,
2026-07-01 05:00,2026-07-01 14:00,320000.0,321000.0,315000.0,316500.0,3554064,325987.5,336700.0,320140.0,40.1,8846.97,
2026-07-02 00:00,2026-07-02 09:00,290000.0,296000.0,288000.0,291500.0,11305960,324212.5,335500.0,320188.75,28.8,10250.76,
2026-07-02 01:00,2026-07-02 10:00,291500.0,302000.0,289000.0,301000.0,5521644,322712.5,334375.0,320270.0,36.2,10447.13,
2026-07-02 02:00,2026-07-02 11:00,300500.0,304000.0,296500.0,299000.0,2863738,321312.5,333205.0,320267.5,35.3,10236.62,
2026-07-02 03:00,2026-07-02 12:00,299250.0,300000.0,293500.0,294500.0,2693000,319862.5,331975.0,320277.5,33.5,9969.72,
2026-07-02 04:00,2026-07-02 13:00,294500.0,295000.0,290500.0,292500.0,3203296,318425.0,330685.0,320295.0,32.7,9579.03,
2026-07-02 05:00,2026-07-02 14:00,292500.0,295000.0,288000.0,288500.0,4706970,316700.0,329350.0,320287.5,31.0,9394.81,
2026-07-03 00:00,2026-07-03 09:00,288500.0,297500.0,283500.0,285500.0,10157913,315150.0,328060.0,320252.5,29.8,9723.75,
2026-07-03 01:00,2026-07-03 10:00,286000.0,303000.0,285000.0,302500.0,6244603,313700.0,327070.0,320295.0,43.3,10314.91,
2026-07-03 02:00,2026-07-03 11:00,302500.0,306000.0,299500.0,306000.0,3045207,312675.0,326325.0,320361.25,45.6,10042.42,
2026-07-03 03:00,2026-07-03 12:00,306000.0,307000.0,301000.0,307000.0,2113986,311525.0,325755.0,320473.75,46.3,9753.67,
2026-07-03 04:00,2026-07-03 13:00,306750.0,313000.0,306500.0,311250.0,3022971,310325.0,325210.0,320621.25,49.1,9521.27,
2026-07-03 05:00,2026-07-03 14:00,311250.0,312500.0,307500.0,309750.0,3442112,309212.5,324715.0,320768.75,48.2,9198.32,
2026-07-06 00:00,2026-07-06 09:00,320000.0,325000.0,312500.0,320000.0,0,308237.5,324550.0,320997.5,54.8,9630.58,
2026-07-06 01:00,2026-07-06 10:00,320000.0,321500.0,309500.0,313000.0,3100893,307012.5,324360.0,321222.5,50.1,9799.83,
2026-07-06 02:00,2026-07-06 11:00,312750.0,315000.0,303000.0,308000.0,3414373,306262.5,323820.0,321370.0,47.0,9956.98,
2026-07-06 03:00,2026-07-06 12:00,308000.0,312500.0,306500.0,310500.0,2263638,305900.0,323360.0,321512.5,48.7,9674.34,
2026-07-06 04:00,2026-07-06 13:00,310500.0,316250.0,308000.0,315000.0,2401077,305700.0,323320.0,321672.5,51.7,9572.6,
2026-07-06 05:00,2026-07-06 14:00,315000.0,317000.0,310000.0,314500.0,2485842,305325.0,323080.0,321827.5,51.4,9388.85,
2026-07-07 00:00,2026-07-07 09:00,307000.0,310000.0,296500.0,297750.0,7769895,304212.5,322365.0,321906.25,41.0,10003.93,
2026-07-07 01:00,2026-07-07 10:00,297750.0,301500.0,293000.0,296500.0,4786036,303212.5,321565.0,321973.75,40.3,9896.5,
2026-07-07 02:00,2026-07-07 11:00,296000.0,297500.0,290500.0,291500.0,3118008,303212.5,320305.0,322071.25,37.7,9689.61,
2026-07-07 03:00,2026-07-07 12:00,291500.0,294500.0,289000.0,290500.0,2961666,302687.5,318935.0,322181.25,37.2,9390.35,
2026-07-07 04:00,2026-07-07 13:00,290500.0,293000.0,286000.0,287000.0,3272260,302087.5,317500.0,322257.5,35.4,9219.61,
2026-07-07 05:00,2026-07-07 14:00,288000.0,300000.0,287000.0,298500.0,5327003,302287.5,316300.0,322367.5,44.9,9489.64,
2026-07-08 00:00,2026-07-08 09:00,285500.0,299500.0,283000.0,299000.0,9485423,302612.5,315100.0,322488.75,45.3,9990.38,
2026-07-08 01:00,2026-07-08 10:00,299000.0,300000.0,286000.0,287500.0,4500935,302562.5,313690.0,322527.5,38.7,10276.78,
2026-07-08 02:00,2026-07-08 11:00,287250.0,289000.0,283500.0,285500.0,2861938,302562.5,312490.0,322582.5,37.7,9935.58,
2026-07-08 03:00,2026-07-08 12:00,285750.0,291000.0,285500.0,286000.0,1683768,301737.5,311410.0,322617.5,38.1,9618.76,
2026-07-08 04:00,2026-07-08 13:00,286000.0,286000.0,273500.0,279250.0,5831023,300400.0,310405.0,322673.75,34.6,9824.56,
2026-07-08 05:00,2026-07-08 14:00,279250.0,281500.0,274500.0,280250.0,4823174,299062.5,309380.0,322730.0,35.5,9622.81,
2026-07-09 00:00,2026-07-09 09:00,288500.0,291500.0,284000.0,285500.0,6209934,297775.0,308550.0,322810.0,40.5,9739.03,
2026-07-09 01:00,2026-07-09 10:00,285500.0,289000.0,278500.0,279750.0,4078060,296275.0,307525.0,322841.25,37.1,9793.39,
2026-07-09 02:00,2026-07-09 11:00,279750.0,283500.0,270500.0,271750.0,3437111,293862.5,306420.0,322740.0,33.0,10022.43,
2026-07-09 03:00,2026-07-09 12:00,271750.0,278500.0,267500.0,276000.0,4015747,292012.5,305470.0,322660.0,37.0,10092.26,
2026-07-09 04:00,2026-07-09 13:00,276000.0,277500.0,272000.0,275250.0,2194823,290375.0,304550.0,322573.75,36.6,9764.24,
2026-07-09 05:00,2026-07-09 14:00,275250.0,279500.0,270000.0,279250.0,2898750,288812.5,303675.0,322485.0,40.4,9745.37,
2026-07-10 00:00,2026-07-10 09:00,291000.0,291000.0,282000.0,290500.0,6352120,287587.5,303155.0,322452.5,49.6,9888.55,
2026-07-10 01:00,2026-07-10 10:00,290500.0,293000.0,286500.0,291000.0,2951054,286412.5,302345.0,322413.75,50.0,9646.51,
2026-07-10 02:00,2026-07-10 11:00,291500.0,292000.0,286500.0,291750.0,1571420,286112.5,301650.0,322407.5,50.6,9350.33,
2026-07-10 03:00,2026-07-10 12:00,291750.0,296500.0,289500.0,296250.0,2057677,286100.0,300975.0,322416.25,54.1,9182.45,
2026-07-10 04:00,2026-07-10 13:00,296250.0,298000.0,294500.0,295000.0,2070493,286275.0,300170.0,322421.25,52.9,8776.56,
2026-07-10 05:00,2026-07-10 14:00,295000.0,296000.0,289500.0,290000.0,1972354,286250.0,299330.0,322408.75,48.6,8613.95,
2026-07-13 00:00,2026-07-13 09:00,285000.0,292500.0,274000.0,275000.0,0,285650.0,298040.0,322318.75,38.5,9320.1,
2026-07-13 01:00,2026-07-13 10:00,275000.0,279000.0,266500.0,267500.0,3995439,284100.0,296640.0,322192.5,34.6,9547.23,
2026-07-13 02:00,2026-07-13 11:00,267500.0,271500.0,265000.0,265750.0,3033353,282437.5,295495.0,322015.0,33.7,9329.57,
2026-07-13 03:00,2026-07-13 12:00,265750.0,266000.0,261000.0,261500.0,3577501,281137.5,294370.0,321820.0,31.7,9020.32,
2026-07-13 04:00,2026-07-13 13:00,261500.0,262000.0,257000.0,259500.0,2862444,279837.5,293180.0,321618.75,30.7,8733.15,
2026-07-13 05:00,2026-07-13 14:00,259500.0,262000.0,253000.0,259500.0,6747885,278512.5,291930.0,321412.5,30.7,8752.21,
2026-07-14 00:00,2026-07-14 09:00,255000.0,269000.0,249000.0,267500.0,12823389,277925.0,290880.0,321248.75,39.2,9555.63,
2026-07-14 01:00,2026-07-14 10:00,267500.0,270000.0,259500.0,260000.0,4318185,276912.5,289750.0,321046.25,34.9,9623.08,
2026-07-14 02:00,2026-07-14 11:00,260500.0,261500.0,251000.0,257750.0,4628604,275525.0,289075.0,320742.5,33.7,9685.72,
2026-07-14 03:00,2026-07-14 12:00,257750.0,258500.0,247000.0,257500.0,4850595,274412.5,288205.0,320433.75,33.6,9815.31,
2026-07-14 04:00,2026-07-14 13:00,258000.0,265500.0,254500.0,264000.0,3782818,274025.0,287505.0,320151.25,40.4,9899.93,
2026-07-14 05:00,2026-07-14 14:00,264500.0,267500.0,261000.0,261500.0,4771762,273300.0,286845.0,319867.5,38.7,9657.08,
2026-07-15 00:00,2026-07-15 09:00,283500.0,284000.0,276000.0,277000.0,6305912,273387.5,286535.0,319677.5,51.8,10574.43,
2026-07-15 01:00,2026-07-15 10:00,276500.0,278500.0,273000.0,278500.0,3823509,273350.0,286335.0,319523.75,52.8,10211.97,
2026-07-15 02:00,2026-07-15 11:00,278500.0,281500.0,278000.0,279500.0,2822892,272800.0,286215.0,319391.25,53.6,9732.55,
2026-07-15 03:00,2026-07-15 12:00,279000.0,284500.0,278500.0,284000.0,2368509,272450.0,285845.0,319293.75,56.8,9465.93,
2026-07-15 04:00,2026-07-15 13:00,284000.0,284500.0,282000.0,283250.0,2178904,272025.0,285390.0,319212.5,56.1,8968.37,
2026-07-15 05:00,2026-07-15 14:00,283250.0,284000.0,277000.0,280500.0,3463712,271237.5,284860.0,319143.75,53.5,8827.77,
2026-07-16 00:00,2026-07-16 09:00,264500.0,265500.0,255500.0,256500.0,6794807,269312.5,283765.0,318971.25,37.3,9982.93,
2026-07-16 01:00,2026-07-16 10:00,256500.0,258000.0,252500.0,254500.0,3502455,267537.5,282660.0,318753.75,36.3,9662.72,
2026-07-16 02:00,2026-07-16 11:00,254500.0,259500.0,253000.0,258000.0,2477396,266687.5,281420.0,318501.25,39.3,9436.81,
2026-07-16 03:00,2026-07-16 12:00,258000.0,260000.0,255000.0,258500.0,1696145,266237.5,280330.0,318226.25,39.8,9119.9,
2026-07-16 04:00,2026-07-16 13:00,258500.0,259000.0,254000.0,255500.0,1919560,265725.0,279280.0,317952.5,38.0,8825.62,
2026-07-16 05:00,2026-07-16 14:00,255500.0,279500.0,254500.0,256500.0,3732032,265475.0,278200.0,317672.5,39.0,9980.93,
2026-07-20 00:00,2026-07-20 09:00,241000.0,257500.0,240000.0,250500.0,0,265025.0,276910.0,317356.25,35.3,10518.01,
2026-07-20 01:00,2026-07-20 10:00,250500.0,252500.0,243500.0,245500.0,3476124,264325.0,275530.0,316996.25,32.6,10409.58,
2026-07-20 02:00,2026-07-20 11:00,245000.0,249000.0,242500.0,245500.0,2522181,263225.0,274485.0,316551.25,32.6,10130.32,
2026-07-20 03:00,2026-07-20 12:00,245750.0,246500.0,242500.0,243750.0,1653206,262412.5,273430.0,316040.0,31.6,9692.44,
2026-07-20 04:00,2026-07-20 13:00,243750.0,248500.0,241000.0,246000.0,2138889,261825.0,272520.0,315536.25,34.4,9535.84,
2026-07-20 05:00,2026-07-20 14:00,246000.0,246000.0,242000.0,244000.0,2527021,261150.0,271590.0,315020.0,33.1,9140.42,
2026-07-21 00:00,2026-07-21 09:00,247000.0,253500.0,243000.0,251000.0,4809391,260500.0,270870.0,314527.5,41.3,9237.54,
2026-07-21 01:00,2026-07-21 10:00,251000.0,259500.0,250000.0,256000.0,3691080,260225.0,270020.0,314051.25,46.4,9256.28,
2026-07-21 02:00,2026-07-21 11:00,256500.0,259000.0,253500.0,258500.0,2019764,259300.0,269210.0,313593.75,48.8,8987.98,
2026-07-21 03:00,2026-07-21 12:00,258500.0,262000.0,258000.0,261500.0,2463993,258450.0,268690.0,313151.25,51.5,8631.69,
2026-07-21 04:00,2026-07-21 13:00,261750.0,263500.0,259000.0,259750.0,2396313,257462.5,268175.0,312687.5,49.8,8336.57,
2026-07-21 05:00,2026-07-21 14:00,260000.0,261000.0,257000.0,258500.0,2026463,256187.5,267625.0,312225.0,48.6,8026.82,
2026-07-22 00:00,2026-07-22 09:00,276000.0,276000.0,271000.0,272500.0,6220276,255650.0,267490.0,311805.0,60.4,8703.47,
2026-07-22 01:00,2026-07-22 10:00,272500.0,275500.0,272000.0,274500.0,3097333,255350.0,267375.0,311370.0,61.8,8331.8,
2026-07-22 02:00,2026-07-22 11:00,274500.0,275000.0,271000.0,271500.0,1468963,256100.0,267095.0,310930.0,58.5,8022.38,
2026-07-22 03:00,2026-07-22 12:00,271500.0,273000.0,269500.0,272000.0,1727693,256975.0,266940.0,310517.5,58.9,7699.35,
2026-07-22 04:00,2026-07-22 13:00,272250.0,273500.0,268500.0,270250.0,1786880,257587.5,266910.0,310100.0,56.9,7506.54,
2026-07-22 05:00,2026-07-22 14:00,270500.0,270500.0,261500.0,264500.0,3771851,257887.5,266680.0,309630.0,50.8,7613.22,
2026-07-23 00:00,2026-07-23 09:00,269000.0,273000.0,267000.0,270250.0,4543309,258625.0,266580.0,309192.5,55.9,7676.56,
2026-07-23 01:00,2026-07-23 10:00,270250.0,272000.0,267000.0,267250.0,2239168,259162.5,266340.0,308751.25,52.8,7485.38,
2026-07-23 02:00,2026-07-23 11:00,267000.0,269000.0,263000.0,267500.0,1642711,260012.5,265880.0,308456.25,53.1,7379.28,
2026-07-23 03:00,2026-07-23 12:00,267500.0,269500.0,265500.0,269000.0,1192941,261187.5,265440.0,308113.75,54.5,7137.9,
2026-07-23 04:00,2026-07-23 13:00,269000.0,270500.0,267000.0,269000.0,1635098,262362.5,264985.0,307776.25,54.5,6878.05,
2026-07-23 05:00,2026-07-23 14:00,269000.0,271000.0,267000.0,268000.0,2228928,263575.0,264420.0,307446.25,53.3,6672.48,
2026-07-24 00:00,2026-07-24 09:00,266000.0,266500.0,257000.0,258500.0,4750507,264200.0,263690.0,307066.25,43.1,6981.59,
2026-07-24 01:00,2026-07-24 10:00,258500.0,261500.0,256500.0,256500.0,2843527,264825.0,263020.0,306691.25,41.3,6840.04,
2026-07-24 02:00,2026-07-24 11:00,256500.0,257000.0,247000.0,247500.0,5137169,264650.0,262470.0,306398.75,34.3,7065.76,
2026-07-24 03:00,2026-07-24 12:00,247500.0,251500.0,247000.0,248250.0,3338875,264262.5,262085.0,306105.0,35.3,6882.49,
2026-07-24 04:00,2026-07-24 13:00,248000.0,251500.0,247000.0,251000.0,2665747,263887.5,261790.0,305800.0,38.9,6712.31,
2026-07-24 05:00,2026-07-24 14:00,250500.0,253500.0,249000.0,251000.0,3162171,263362.5,261580.0,305503.75,38.9,6554.29,
2026-07-27 00:00,2026-07-27 09:00,257000.0,258500.0,250500.0,252000.0,0,262975.0,261430.0,305248.75,40.3,6657.55,
2026-07-27 01:00,2026-07-27 10:00,252000.0,253000.0,246000.0,249500.0,3843611,262525.0,261230.0,305011.25,38.0,6682.01,
2026-07-27 02:00,2026-07-27 11:00,249750.0,250000.0,246500.0,247750.0,2657894,261287.5,260835.0,304722.5,36.4,6454.73,
2026-07-27 03:00,2026-07-27 12:00,247500.0,252000.0,247500.0,248500.0,2352862,259987.5,260605.0,304428.75,37.6,6315.1,
2026-07-27 04:00,2026-07-27 13:00,248500.0,252000.0,248250.0,251000.0,2210306,258962.5,260470.0,304150.0,41.5,6131.88,
2026-07-27 05:00,2026-07-27 14:00,251000.0,254000.0,250500.0,252500.0,3351386,257987.5,260370.0,303847.5,43.9,5943.89,
2026-07-28 00:00,2026-07-28 09:00,238500.0,240000.0,230000.0,230500.0,7997620,256000.0,259700.0,303408.75,27.0,7126.47,
2026-07-28 01:00,2026-07-28 10:00,230750.0,233000.0,228000.0,228500.0,4591636,254200.0,259040.0,302951.25,26.0,6974.58,
2026-07-28 02:00,2026-07-28 11:00,228000.0,230000.0,223000.0,224000.0,6023493,251887.5,257980.0,302536.25,23.9,6976.39,
2026-07-28 03:00,2026-07-28 12:00,223500.0,225500.0,220000.0,224500.0,4969810,249750.0,256900.0,302126.25,24.7,6870.94,
2026-07-28 04:00,2026-07-28 13:00,225000.0,225000.0,221000.0,224000.0,4137351,247575.0,255790.0,301721.25,24.4,6665.87,
2026-07-28 05:00,2026-07-28 14:00,224000.0,225500.0,220000.0,221000.0,5196355,245175.0,254530.0,301311.25,22.9,6582.59,
2026-07-29 00:00,2026-07-29 09:00,226500.0,234000.0,224500.0,228000.0,11081448,243125.0,253425.0,300957.5,33.3,7040.98,
2026-07-29 01:00,2026-07-29 10:00,228000.0,229500.0,209500.0,210750.0,7942643,240262.5,252030.0,300518.75,24.5,7966.62,
2026-07-29 02:00,2026-07-29 11:00,210750.0,213500.0,204000.0,204500.0,7928841,237562.5,250990.0,300046.25,22.2,8076.15,
2026-07-29 03:00,2026-07-29 12:00,204500.0,209500.0,202000.0,202500.0,3177551,234862.5,249950.0,299556.25,21.5,8035.0,
2026-07-29 04:00,2026-07-29 13:00,201500.0,203000.0,189200.0,200500.0,15083792,232512.5,248800.0,299068.75,20.8,8446.78,
2026-07-29 05:00,2026-07-29 14:00,200500.0,208500.0,199600.0,207000.0,9101829,230450.0,247770.0,298605.0,28.9,8479.16,
2026-07-30 00:00,2026-07-30 09:00,214000.0,217000.0,202000.0,209500.0,10882024,228375.0,246850.0,298147.5,31.8,8944.93,
2026-07-30 01:00,2026-07-30 10:00,210000.0,226000.0,206500.0,221000.0,10505974,226875.0,246140.0,297757.5,43.2,9698.86,
2026-07-30 02:00,2026-07-30 11:00,221000.0,225000.0,212000.0,212500.0,6324048,224900.0,245380.0,297145.0,38.1,9934.66,
2026-07-30 03:00,2026-07-30 12:00,213000.0,214500.0,208500.0,210500.0,4193752,222950.0,244680.0,296535.0,37.0,9653.61,
2026-07-30 04:00,2026-07-30 13:00,210500.0,211500.0,206000.0,208250.0,3942623,220975.0,243935.0,295902.5,35.8,9356.93,
2026-07-30 05:00,2026-07-30 14:00,208250.0,213000.0,206000.0,209750.0,4474657,219037.5,243255.0,295275.0,37.3,9188.57,
2026-07-31 00:00,2026-07-31 09:00,257000.0,260000.0,243000.0,255500.0,18859039,219262.5,243445.0,294877.5,64.7,12121.53,
2026-07-31 01:00,2026-07-31 10:00,255500.0,261500.0,245000.0,247500.0,9501244,219012.5,243515.0,294510.0,59.8,12434.28,
2026-07-31 02:00,2026-07-31 11:00,247500.0,250500.0,243000.0,250000.0,3780748,219987.5,243495.0,294060.0,60.8,12081.83,
2026-07-31 03:00,2026-07-31 12:00,250500.0,252000.0,247500.0,250000.0,2855527,221062.5,243375.0,293630.0,60.8,11540.27,
2026-07-31 04:00,2026-07-31 13:00,250000.0,257500.0,248000.0,256750.0,4413611,222700.0,243340.0,293221.25,63.6,11394.54,
2026-07-31 05:00,2026-07-31 14:00,256500.0,266500.0,255500.0,266250.0,10272706,224787.5,243435.0,292862.5,67.2,11366.36,
2026-08-03 00:00,2026-08-03 09:00,248000.0,249500.0,239000.0,245500.0,0,225862.5,243150.0,292402.5,54.5,12500.9,
2026-08-03 01:00,2026-08-03 10:00,245000.0,247000.0,240000.0,243500.0,3378926,226987.5,242850.0,291942.5,53.5,12107.98,
2026-08-03 02:00,2026-08-03 11:00,244000.0,246500.0,242000.0,243000.0,2039785,227737.5,242260.0,291473.75,53.2,11564.55,
2026-08-03 03:00,2026-08-03 12:00,242500.0,243000.0,240500.0,241000.0,1970252,229250.0,241590.0,290986.25,52.1,10917.09,
2026-08-03 04:00,2026-08-03 13:00,240500.0,242000.0,239000.0,239000.0,2837127,230975.0,240940.0,290482.5,50.9,10351.58,
2026-08-03 05:00,2026-08-03 14:00,239250.0,241500.0,238500.0,240500.0,2487822,232875.0,240310.0,289975.0,51.8,9826.47,
2026-08-04 00:00,2026-08-04 09:00,244500.0,244500.0,228000.0,228500.0,9226701,234275.0,239475.0,289412.5,44.8,10303.15,
2026-08-04 01:00,2026-08-04 10:00,228500.0,240500.0,228000.0,239500.0,4900037,235900.0,238975.0,288912.5,51.3,10460.07,
2026-08-04 02:00,2026-08-04 11:00,239500.0,240000.0,233000.0,233000.0,2527735,237075.0,238230.0,288411.25,47.7,10212.92,
2026-08-04 03:00,2026-08-04 12:00,233000.0,234500.0,229000.0,231500.0,2673388,237600.0,237515.0,287890.0,46.9,9876.28,
2026-08-04 04:00,2026-08-04 13:00,231500.0,233000.0,229000.0,231500.0,2220199,238550.0,236795.0,287365.0,46.9,9456.55,
2026-08-04 05:00,2026-08-04 14:00,231500.0,239500.0,229000.0,238750.0,4285251,239962.5,236190.0,286871.25,51.5,9531.08,
2026-08-05 00:00,2026-08-05 09:00,254000.0,254500.0,245500.0,248000.0,7398611,241950.0,235770.0,286403.75,56.7,9975.29,
2026-08-05 01:00,2026-08-05 10:00,248000.0,249000.0,244000.0,248250.0,3457757,243875.0,235375.0,285918.75,56.8,9619.91,
2026-08-05 02:00,2026-08-05 11:00,248250.0,249500.0,245000.0,246500.0,1975069,243425.0,235135.0,285407.5,55.5,9254.2,
2026-08-05 03:00,2026-08-05 12:00,246500.0,250000.0,246500.0,248500.0,1898176,243475.0,234975.0,284908.75,56.7,8843.19,
2026-08-05 04:00,2026-08-05 13:00,248500.0,250000.0,246500.0,248500.0,2365204,243400.0,234995.0,284398.75,56.7,8461.53,
2026-08-05 05:00,2026-08-05 14:00,248000.0,250000.0,247000.0,248000.0,2789259,243300.0,234990.0,283866.25,56.3,8071.42,
2026-08-06 00:00,2026-08-06 09:00,241500.0,246000.0,233000.0,235000.0,7089367,242212.5,234670.0,283280.0,46.1,8566.32,
2026-08-06 01:00,2026-08-06 10:00,234750.0,235000.0,229500.0,231000.0,5197885,240450.0,234270.0,282645.0,43.5,8347.3,
2026-08-06 02:00,2026-08-06 11:00,231000.0,234000.0,230000.0,232000.0,2089045,239775.0,233870.0,281942.5,44.4,8036.78,
2026-08-06 03:00,2026-08-06 12:00,232000.0,233500.0,230500.0,231750.0,1616314,239187.5,233515.0,281266.25,44.2,7677.01,
2026-08-06 04:00,2026-08-06 13:00,231750.0,232500.0,230000.0,231250.0,2546826,238600.0,233185.0,280582.5,43.8,7307.22,
2026-08-06 05:00,2026-08-06 14:00,231250.0,232500.0,228000.0,230250.0,3820947,238062.5,232820.0,279968.75,43.0,7106.7,
2026-08-07 00:00,2026-08-07 09:00,235000.0,239500.0,232000.0,236500.0,6222147,237937.5,232530.0,279393.75,49.2,7259.8,
2026-08-07 01:00,2026-08-07 10:00,236500.0,237000.0,229000.0,231500.0,3264098,237487.5,232110.0,278765.0,45.0,7312.67,
2026-08-07 02:00,2026-08-07 11:00,231500.0,234500.0,231000.0,233000.0,1882771,237712.5,232160.0,278142.5,46.5,7040.34,
2026-08-07 03:00,2026-08-07 12:00,232500.0,234000.0,231000.0,231000.0,1520243,237287.5,232210.0,277517.5,44.8,6751.74,
2026-08-07 04:00,2026-08-07 13:00,231000.0,234500.0,230500.0,232000.0,2596119,237237.5,232370.0,276892.5,45.8,6555.19,
2026-08-07 05:00,2026-08-07 14:00,232000.0,234500.0,231000.0,231000.0,2238135,237212.5,232500.0,276271.25,44.9,6336.96,
2026-08-10 00:00,2026-08-10 09:00,236000.0,238500.0,231000.0,232500.0,0,237262.5,232670.0,275683.75,46.7,6420.03,
2026-08-10 01:00,2026-08-10 10:00,232500.0,234000.0,230500.0,232000.0,2253314,236925.0,232890.0,275083.75,46.1,6211.46,
2026-08-10 02:00,2026-08-10 11:00,232000.0,233000.0,229000.0,230750.0,2012911,236062.5,232945.0,274521.25,44.8,6053.5,
2026-08-10 03:00,2026-08-10 12:00,230750.0,232000.0,230000.0,231250.0,1303938,235212.5,233355.0,274000.0,45.5,5763.96,
2026-08-10 04:00,2026-08-10 13:00,231000.0,232000.0,228500.0,228500.0,1911035,234312.5,233835.0,273450.0,42.3,5602.25,
2026-08-10 05:00,2026-08-10 14:00,228500.0,232000.0,228500.0,230500.0,2174200,233412.5,234395.0,272930.0,45.3,5452.09,
2026-08-11 00:00,2026-08-11 09:00,229500.0,232500.0,227500.0,231000.0,3921230,232537.5,235005.0,272443.75,46.0,5419.8,
2026-08-11 01:00,2026-08-11 10:00,231000.0,241000.0,229500.0,239000.0,6608925,232087.5,235645.0,272026.25,56.4,5854.1,
2026-08-11 02:00,2026-08-11 11:00,239000.0,240000.0,236000.0,238750.0,1804727,232275.0,236230.0,271545.0,56.1,5721.66,
2026-08-11 03:00,2026-08-11 12:00,238500.0,242000.0,238500.0,241000.0,2865759,232775.0,236630.0,271082.5,58.7,5562.97,
2026-08-11 04:00,2026-08-11 13:00,241250.0,243000.0,241000.0,241000.0,2310275,233225.0,237200.0,270702.5,58.7,5308.47,
2026-08-11 05:00,2026-08-11 14:00,241000.0,242000.0,238000.0,239750.0,2799552,233625.0,237785.0,270268.75,56.5,5215.01,
2026-08-12 00:00,2026-08-12 09:00,243500.0,250500.0,241000.0,247500.0,6435179,234437.5,238570.0,269838.75,65.0,5610.37,
2026-08-12 01:00,2026-08-12 10:00,247000.0,255500.0,247000.0,254500.0,5009046,235650.0,239465.0,269428.75,70.6,5816.77,
2026-08-12 02:00,2026-08-12 11:00,254250.0,258000.0,253250.0,256750.0,2989080,236662.5,239490.0,268940.0,72.2,5740.57,
2026-08-12 03:00,2026-08-12 12:00,256750.0,260500.0,256500.0,256750.0,4005802,237925.0,239675.0,268428.75,72.2,5616.25,
2026-08-12 04:00,2026-08-12 13:00,256500.0,259000.0,255000.0,256250.0,2501698,239087.5,239800.0,267916.25,71.2,5500.8,
2026-08-12 05:00,2026-08-12 14:00,256500.0,257000.0,253500.0,255750.0,2725088,240325.0,239915.0,267402.5,70.2,5357.89,
2026-08-13 00:00,2026-08-13 09:00,267500.0,270000.0,262500.0,266000.0,6432174,242025.0,240100.0,266937.5,77.3,5993.04,
2026-08-13 01:00,2026-08-13 10:00,265500.0,269500.0,265500.0,269250.0,3389084,243937.5,240160.0,266493.75,79.0,5850.68,
2026-08-13 02:00,2026-08-13 11:00,269000.0,269500.0,267000.0,269000.0,2391693,245762.5,240630.0,266111.25,78.5,5611.34,
2026-08-13 03:00,2026-08-13 12:00,269000.0,269500.0,267000.0,269000.0,2929212,247612.5,241140.0,265756.25,78.5,5389.1,
2026-08-13 04:00,2026-08-13 13:00,269250.0,271000.0,266000.0,269000.0,4279329,249525.0,241660.0,265453.75,78.5,5361.31,
2026-08-13 05:00,2026-08-13 14:00,269000.0,270500.0,264500.0,265000.0,3693285,251212.5,242140.0,265121.25,69.9,5406.93,
2026-08-14 00:00,2026-08-14 09:00,275000.0,275500.0,267500.0,268500.0,5962787,253212.5,242730.0,264828.75,72.7,5770.72,
2026-08-14 01:00,2026-08-14 10:00,268500.0,269000.0,266000.0,268500.0,3001527,255112.5,243290.0,264516.25,72.7,5572.81,
2026-08-14 02:00,2026-08-14 11:00,268000.0,271000.0,268000.0,268500.0,1608564,256987.5,244090.0,264223.75,72.7,5389.04,
2026-08-14 03:00,2026-08-14 12:00,268250.0,270500.0,267500.0,269250.0,1938282,258500.0,244685.0,263952.5,73.4,5218.4,
2026-08-14 04:00,2026-08-14 13:00,269250.0,272500.0,268000.0,272000.0,2960758,260162.5,245465.0,263706.25,75.7,5167.08,
2026-08-14 05:00,2026-08-14 14:00,272000.0,273750.0,269000.0,273000.0,3152230,261762.5,246295.0,263456.25,76.5,5137.29,
2026-08-18 00:00,2026-08-18 09:00,283000.0,288000.0,281500.0,282500.0,0,263837.5,247315.0,263286.25,82.5,5841.77,
2026-08-18 01:00,2026-08-18 10:00,282500.0,283500.0,276500.0,278500.0,3438968,265775.0,248110.0,263021.25,74.0,5924.5,
2026-08-18 02:00,2026-08-18 11:00,278500.0,279500.0,268000.0,271500.0,3918926,266975.0,248580.0,262746.25,61.9,6322.75,
2026-08-18 03:00,2026-08-18 12:00,271250.0,273000.0,268500.0,271500.0,2159172,267825.0,249045.0,262453.75,61.9,6192.55,
2026-08-18 04:00,2026-08-18 13:00,272000.0,273500.0,269500.0,272000.0,2184767,268587.5,249555.0,262137.5,62.4,6035.94,
2026-08-18 05:00,2026-08-18 14:00,272250.0,272500.0,266500.0,266500.0,3004679,269075.0,249915.0,261810.0,53.9,6033.38,
2026-08-19 00:00,2026-08-19 09:00,251500.0,252500.0,247000.0,250000.0,6745048,268762.5,249945.0,261362.5,37.4,6995.28,
2026-08-19 01:00,2026-08-19 10:00,249500.0,254500.0,249000.0,251500.0,3878953,268550.0,250015.0,260932.5,39.2,6888.47,
2026-08-19 02:00,2026-08-19 11:00,251500.0,251500.0,249000.0,249500.0,1768472,267725.0,250305.0,260565.0,37.6,6575.01,
2026-08-19 03:00,2026-08-19 12:00,249250.0,250000.0,248000.0,248500.0,1957512,266687.5,250655.0,260218.75,36.8,6248.22,
2026-08-19 04:00,2026-08-19 13:00,248500.0,249500.0,247000.0,247750.0,2185752,265625.0,250970.0,259862.5,36.2,5980.49,
2026-08-19 05:00,2026-08-19 14:00,247750.0,249500.0,247000.0,248000.0,2137678,264575.0,251295.0,259492.5,36.6,5731.89,
2026-08-20 00:00,2026-08-20 09:00,257000.0,265000.0,252500.0,264500.0,6216171,264350.0,251960.0,259215.0,55.5,6536.75,
2026-08-20 01:00,2026-08-20 10:00,264500.0,271000.0,264000.0,269000.0,4716079,264550.0,252735.0,258977.5,59.1,6569.84,
2026-08-20 02:00,2026-08-20 11:00,269250.0,273000.0,267500.0,269500.0,3656015,264600.0,253395.0,258867.5,59.5,6493.42,
2026-08-20 03:00,2026-08-20 12:00,269000.0,270500.0,267500.0,269750.0,1916340,264662.5,254160.0,258711.25,59.7,6243.89,
2026-08-20 04:00,2026-08-20 13:00,269750.0,272000.0,268000.0,268500.0,2337370,264662.5,254870.0,258558.75,58.1,6083.62,
2026-08-20 05:00,2026-08-20 14:00,268250.0,270500.0,266500.0,267000.0,2605035,264550.0,255590.0,258421.25,56.2,5934.79,
2026-08-21 00:00,2026-08-21 09:00,267000.0,276000.0,266000.0,272000.0,6392878,264550.0,256390.0,258318.75,60.9,6225.16,
2026-08-21 01:00,2026-08-21 10:00,272000.0,281500.0,270000.0,279000.0,5625268,264850.0,257350.0,258271.25,66.3,6601.93,
2026-08-21 02:00,2026-08-21 11:00,279000.0,281000.0,277500.0,280000.0,2634195,264725.0,258300.0,258243.75,67.0,6380.37,
2026-08-21 03:00,2026-08-21 12:00,280500.0,281000.0,277500.0,278750.0,1812573,264737.5,259235.0,258125.0,65.2,6174.63,
2026-08-21 04:00,2026-08-21 13:00,278750.0,280500.0,277000.0,279500.0,3160493,265137.5,260210.0,257992.5,65.8,5983.58,
2026-08-21 05:00,2026-08-21 14:00,279500.0,285000.0,279500.0,281500.0,4849146,265637.5,261215.0,257865.0,67.4,5949.04,
2026-08-24 00:00,2026-08-24 09:00,271500.0,272000.0,261500.0,264750.0,0,265275.0,261940.0,257632.5,47.1,6952.68,
2026-08-24 01:00,2026-08-24 10:00,264750.0,265000.0,260000.0,260000.0,5107462,264950.0,262530.0,257383.75,43.2,6813.2,
2026-08-24 02:00,2026-08-24 11:00,260000.0,262000.0,259000.0,260500.0,3787764,265475.0,263120.0,257086.25,43.7,6540.83,
2026-08-24 03:00,2026-08-24 12:00,260500.0,260500.0,255000.0,256000.0,4233531,265700.0,263460.0,256801.25,40.0,6466.49,
2026-08-24 04:00,2026-08-24 13:00,255500.0,258000.0,255000.0,257000.0,3737663,266075.0,263825.0,256546.25,41.2,6218.88,
2026-08-24 05:00,2026-08-24 14:00,257000.0,259500.0,256000.0,257000.0,3443776,266500.0,264145.0,256278.75,41.2,6024.67,
2026-08-25 00:00,2026-08-25 09:00,249000.0,251000.0,245000.0,250500.0,6586941,266637.5,264335.0,255956.25,35.9,6451.48,
2026-08-25 01:00,2026-08-25 10:00,250500.0,254000.0,247500.0,251500.0,3231162,266812.5,264570.0,255641.25,37.2,6454.95,
2026-08-25 02:00,2026-08-25 11:00,251000.0,252500.0,249000.0,249500.0,1975691,266062.5,264610.0,255400.0,35.6,6243.88,
2026-08-25 03:00,2026-08-25 12:00,249750.0,254000.0,249500.0,252500.0,1685649,265237.5,264570.0,255180.0,39.8,6119.32,
2026-08-25 04:00,2026-08-25 13:00,252500.0,256000.0,252000.0,254000.0,2897511,264462.5,264515.0,254992.5,41.9,5967.94,
2026-08-25 05:00,2026-08-25 14:00,254000.0,258000.0,254000.0,256000.0,2643777,263775.0,264500.0,254820.0,44.6,5827.37,
2026-08-26 00:00,2026-08-26 09:00,256500.0,263500.0,255500.0,255750.0,4581961,263137.5,264490.0,254663.75,44.3,5982.56,
2026-08-26 01:00,2026-08-26 10:00,255750.0,259500.0,255500.0,258500.0,2104033,262712.5,264545.0,254463.75,48.1,5840.95,
2026-08-26 02:00,2026-08-26 11:00,258500.0,264500.0,257500.0,263500.0,2757865,262287.5,264495.0,254286.25,54.3,5923.74,
2026-08-26 03:00,2026-08-26 12:00,263500.0,266500.0,262500.0,265500.0,2826332,261612.5,264420.0,254176.25,56.5,5786.33,
2026-08-26 04:00,2026-08-26 13:00,265500.0,266000.0,263500.0,263750.0,2608817,260800.0,264315.0,254067.5,54.0,5551.59,
2026-08-26 05:00,2026-08-26 14:00,263500.0,264500.0,260500.0,263000.0,2249888,260012.5,264195.0,253952.5,52.9,5440.76,
2026-08-27 00:00,2026-08-27 09:00,270000.0,271000.0,262500.0,263750.0,5269586,259225.0,264090.0,253875.0,53.9,5659.28,
2026-08-27 01:00,2026-08-27 10:00,263500.0,267500.0,262500.0,266750.0,2555696,258487.5,264125.0,253807.5,57.7,5612.19,
2026-08-27 02:00,2026-08-27 11:00,266750.0,269500.0,266000.0,268250.0,1816595,258662.5,264120.0,253721.25,59.5,5461.32,
2026-08-27 03:00,2026-08-27 12:00,268250.0,269000.0,266500.0,267000.0,1286298,259012.5,264090.0,253657.5,57.3,5249.79,
2026-08-27 04:00,2026-08-27 13:00,267500.0,268000.0,265000.0,265750.0,1527621,259275.0,264035.0,253627.5,55.1,5089.09,
2026-08-27 05:00,2026-08-27 14:00,265750.0,266500.0,264500.0,264750.0,2498485,259712.5,263945.0,253571.25,53.4,4868.44,
2026-08-28 00:00,2026-08-28 09:00,262500.0,266000.0,258500.0,262000.0,4149946,259962.5,263745.0,253505.0,48.8,5056.41,
2026-08-28 01:00,2026-08-28 10:00,262000.0,263000.0,259500.0,260250.0,1906431,260125.0,263490.0,253410.0,46.1,4945.24,
2026-08-28 02:00,2026-08-28 11:00,260250.0,261500.0,259500.0,260000.0,1251349,260600.0,263040.0,253257.5,45.7,4734.87,
2026-08-28 03:00,2026-08-28 12:00,260500.0,260750.0,258000.0,260000.0,1495282,261025.0,262670.0,253102.5,45.7,4593.09,
2026-08-28 04:00,2026-08-28 13:00,259500.0,260000.0,258000.0,258250.0,1683733,261462.5,262405.0,252935.0,42.8,4407.87,
2026-08-28 05:00,2026-08-28 14:00,258250.0,259000.0,256500.0,256500.0,1981826,261662.5,262105.0,252736.25,40.0,4271.59,
2026-08-31 00:00,2026-08-31 09:00,249000.0,253000.0,246000.0,250250.0,0,261475.0,261670.0,252512.5,32.0,4716.48,
2026-08-31 01:00,2026-08-31 10:00,250250.0,252250.0,249000.0,251000.0,2319679,261225.0,261360.0,252317.5,33.7,4611.73,
2026-08-31 02:00,2026-08-31 11:00,250500.0,252500.0,250000.0,252500.0,1235736,261062.5,261410.0,252205.0,37.1,4460.89,
2026-08-31 03:00,2026-08-31 12:00,252250.0,255000.0,251500.0,252000.0,1306671,260737.5,261420.0,252127.5,36.4,4392.26,
2026-08-31 04:00,2026-08-31 13:00,252000.0,256500.0,251000.0,255500.0,1529735,260337.5,261540.0,252076.25,44.1,4471.38,
2026-08-31 05:00,2026-08-31 14:00,255500.0,259000.0,255500.0,256250.0,2211159,259875.0,261695.0,252050.0,45.6,4402.0,
2026-09-01 00:00,2026-09-01 09:00,256500.0,261000.0,254000.0,260250.0,3465007,259700.0,261945.0,252053.75,52.9,4587.57,
2026-09-01 01:00,2026-09-01 10:00,260250.0,262500.0,257500.0,258250.0,2096133,259462.5,262150.0,252047.5,49.3,4617.03,
2026-09-01 02:00,2026-09-01 11:00,258250.0,260000.0,258000.0,260000.0,1047354,259275.0,262060.0,252010.0,52.4,4430.1,
2026-09-01 03:00,2026-09-01 12:00,259500.0,260500.0,258500.0,260000.0,890302,258937.5,261880.0,252010.0,52.4,4256.52,
2026-09-01 04:00,2026-09-01 13:00,260250.0,261500.0,259000.0,259500.0,1740463,258500.0,261680.0,252018.75,51.3,4131.05,
2026-09-01 05:00,2026-09-01 14:00,259500.0,261500.0,258500.0,260500.0,1978627,258175.0,261495.0,252033.75,53.3,4050.26,
2026-09-02 00:00,2026-09-02 09:00,252000.0,255000.0,251000.0,254000.0,3120059,257587.5,261205.0,251983.75,41.6,4439.53,
2026-09-02 01:00,2026-09-02 10:00,254000.0,255500.0,252000.0,253000.0,2340309,257000.0,260925.0,251941.25,40.1,4372.42,
2026-09-02 02:00,2026-09-02 11:00,252750.0,253500.0,251500.0,252500.0,1280280,256525.0,260535.0,251818.75,39.4,4202.96,
2026-09-02 03:00,2026-09-02 12:00,252000.0,253000.0,250500.0,250500.0,1264857,256037.5,259965.0,251678.75,36.5,4081.32,
2026-09-02 04:00,2026-09-02 13:00,250500.0,251500.0,250000.0,250000.0,2209057,255537.5,259365.0,251531.25,35.8,3896.94,
2026-09-02 05:00,2026-09-02 14:00,250000.0,253000.0,249500.0,251000.0,2788223,255087.5,258810.0,251366.25,38.4,3868.59,
2026-09-03 00:00,2026-09-03 09:00,254000.0,255000.0,251000.0,251750.0,2730823,254762.5,258255.0,251208.75,40.3,3877.98,
2026-09-03 01:00,2026-09-03 10:00,251750.0,255000.0,251750.0,252250.0,1570084,254550.0,257670.0,251067.5,41.6,3833.12,
2026-09-03 02:00,2026-09-03 11:00,252250.0,255000.0,252000.0,253500.0,1173731,254712.5,257445.0,251052.5,44.9,3773.61,
2026-09-03 03:00,2026-09-03 12:00,253750.0,254000.0,253000.0,253500.0,844160,254837.5,257315.0,251047.5,44.9,3575.5,
2026-09-03 04:00,2026-09-03 13:00,253500.0,254500.0,251500.0,252000.0,1210063,254812.5,257145.0,251017.5,41.7,3534.39,
2026-09-03 05:00,2026-09-03 14:00,252000.0,252250.0,243000.0,250500.0,4491582,254737.5,257035.0,250977.5,38.6,3942.65,
2026-09-04 00:00,2026-09-04 09:00,254000.0,256000.0,253000.0,254000.0,3119632,254662.5,256975.0,250970.0,48.1,4053.89,
2026-09-04 01:00,2026-09-04 10:00,253750.0,255000.0,252500.0,254000.0,1331176,254550.0,256915.0,250957.5,48.1,3942.9,
2026-09-04 02:00,2026-09-04 11:00,253750.0,255500.0,253000.0,254500.0,1266605,254262.5,256995.0,250977.5,49.4,3839.83,
2026-09-04 03:00,2026-09-04 12:00,254750.0,255500.0,254500.0,255000.0,1073259,254100.0,257065.0,251025.0,50.7,3636.99,
2026-09-04 04:00,2026-09-04 13:00,255000.0,257500.0,255000.0,256750.0,2145891,253937.5,257210.0,251081.25,55.1,3555.77,
2026-09-04 05:00,2026-09-04 14:00,256750.0,259000.0,256000.0,256500.0,2774093,253762.5,257290.0,251145.0,54.4,3516.07,
2026-09-04 06:00,2026-09-04 15:00,255500.0,255500.0,255500.0,255500.0,0,253562.5,257320.0,251192.5,51.4,3336.36,
